[
  {
    "identifier": "urn:jy:English:SB0102:OB02,OB03:LanguageSkills:01",
    "type": "LanguageSkills",
    "title": "语言技能内容要求（一级、一级+）",
    "description": "",
    "subject": "SB0102",
    "applicableLevel": ["OB02", "OB03"],
    "contentJson": {
      "skills": [
        {
          "LanguageSkill": "理解性技能",
          "contentRequirement": "1. 理解课堂中的简单指令并作出反应；\n2. 根据图片和标题，推测语篇的主题、语境及主要信息；\n3. 在听、读、看的过程中有目的地提取、梳理所需信息；\n4. 推断多模态语篇（如动画、图书及其他印刷品的封面和封底、邀请卡及贺卡）中的画面、图像、声音、色彩等传达的意义；\n5. 借助语气、语调、手势和表情等推断说话者的情绪、情感、态度和意图；\n6. 课外视听活动每周不少于30分钟；\n7. 课外阅读量累计达到1500～2000词。"
        },
        {
          "LanguageSkill": "表达性技能",
          "contentRequirement": "1. 在语境中与他人互致简单的问候或道别；\n2. 演唱所学的简单英语歌曲；\n3. 大声跟读音视频材料，正确朗读学过的对话、故事和文段；\n4. 交流简单的个人和家庭信息，如姓名、家庭情况等；\n5. 表达简单的情感和喜好，如喜欢或不喜欢、想要或不想要；\n6. 简单介绍自己的日常起居和生活，如作息时间、一日三餐、体育活动、兴趣爱好等；\n7. 简单介绍自己的学校和学校生活，如学校设施、课程、活动，以及同学、老师等；\n8. 简单介绍自己喜欢的动物，如外形特征和生活环境等；\n9. 用简单的语句描述图片或事物；\n10. 在教师指导下进行简单的角色扮演；\n11. 正确书写字母、单词和句子；\n12. 根据图片或语境，仿写简单的句子；\n+1. 在画面的提示下，为所学对话、故事或动画片段配音；\n+2. 口头描述事件或讲述小故事。"
        }
      ]
    }
  },
  {
    "identifier": "urn:jy:English:SB0102:OB02,OB03:LanguageSkills:02",
    "type": "LanguageSkills",
    "title": "语言技能内容要求（二级、二级+）",
    "description": "",
    "subject": "SB0102",
    "applicableLevel": ["OB02", "OB03"],
    "contentJson": {
      "skills": [
        {
          "LanguageSkill": "理解性技能",
          "contentRequirement": "1. 理解日常学习和生活中的简单指令，完成任务；\n2. 借助图片、图像等，理解常见主题的语篇，提取、梳理、归纳主要信息；\n3. 在听和读的过程中，根据上下文线索和非文字信息猜测语篇中词汇的意思，推测未知信息；\n4. 归纳故事类语篇中主要情节的发生、发展与结局；\n5. 对语篇中的信息进行分类；\n6. 比较语篇中人物、事物或观点间的相似性和差异性，尝试从不同视角观察、认识世界；\n7. 概括语篇的主要内容，体会主要信息之间的关联；\n8. 理解多模态语篇（如动画、海报、图书及其他印刷品的封面和封底等）传达的意义，提取关键信息；\n9. 课外视听活动每周不少于30分钟；\n10. 课外阅读量累计达到4000～5000词；\n+阅读有配图的简单章节书，理解大意，对所读内容进行简单的口头概括与描述。"
        },
        {
          "LanguageSkill": "表达性技能",
          "contentRequirement": "1. 运用所学的日常用语与他人进行简单的交流，如询问个人基本信息；\n2. 完整、连贯地朗读所学语篇，在教师指导下或借助语言支架，简单复述语篇大意；\n3. 围绕相关主题和所读内容进行简短叙述或简单交流，表达个人的情感、态度和观点；\n4. 在教师帮助下表演小故事或短剧；\n5. 简单描述事件或讲述简单的小故事；\n6. 围绕图片内容，写出几句意思基本连贯的描述；\n7. 模仿范文的结构和内容写出几个意思基本连贯的句子，并尝试使用描述性词语添加细节，使内容丰富、生动；\n8. 正确使用大小写字母和常见标点符号，单词拼写基本正确；\n9. 根据需要，运用图表、海报、自制绘本等方式创造性地表达意义；\n+1. 结合相关主题进行简短的主题演讲，做到观点基本明确、逻辑比较清楚、语音正确、语调自然；\n+2. 结合主题图或连环画，口头创编故事，有一定的情节，语言基本准确。"
        }
      ]
    }
  },
  {
    "identifier": "urn:jy:English:SB0102:OB02,OB03:LanguageSkills:03",
    "type": "LanguageSkills",
    "title": "语言技能内容要求（三级——7年级）",
    "description": "",
    "subject": "SB0102",
    "applicableLevel": ["OB02", "OB03"],
    "contentJson": {
      "skills": [
        {
          "LanguageSkill": "理解性技能",
          "contentRequirement": "1. 根据连续指令和问题，作出适当反应，给予恰当回应；\n2. 识别口语语篇（如故事、介绍、描述、通知等）的主题、大意和要点；\n3. 识别口语语篇的情境，判定说话者的身份；\n4. 识别口语语篇中说话者的语调变化，判断意义的变化；\n5. 借助图片、影像等视觉信息理解收听和观看的内容；\n6. 理解书面语篇的整体意义和主要内容；\n7. 根据标题或图片预测书面语篇的大概内容、故事的情节发展或结局；\n8. 提取、梳理、分析和整合书面语篇的主要或关键信息；\n9. 识别和判断书面语篇中句子之间的逻辑关系；\n10. 根据书面语篇的上下文推断生词意义；\n11. 阅读故事，整体理解主要内容，对所读内容进行简要的概括、描述与评价；\n12. 课外视听活动每周不少于30分钟；\n13. 课外阅读量累计达到4万词以上。"
        },
        {
          "LanguageSkill": "表达性技能",
          "contentRequirement": "1. 演唱英语歌曲，诵读英语诗歌；\n2. 完整、连贯地朗读短文，简单复述短文大意；\n3. 在教师指导下进行简单的角色扮演；\n4. 围绕相关主题，用简短的表达方式进行口头交流，完成交际任务；\n5. 在口头表达中使用较为准确的词语和表达法，语音、语调基本正确；\n6. 自选主题，围绕特定语境，独立写出几个意义连贯、表意清楚的语句；\n7. 利用所给提示（如图片、图表、海报、实物、文字等），写出简单文段传达信息，编写情节较为完整的小故事，语言基本准确；\n8. 用简单的书面语篇介绍个人情况和个人经历；\n9. 写出或者回复简单的问候和邀请；\n10. 在书面表达中正确使用常用标点符号，用词基本准确，表达基本通顺。"
        }
      ]
    }
  },
  {
    "identifier": "urn:jy:English:SB0102:OB02,OB03:LanguageSkills:04",
    "type": "LanguageSkills",
    "title": "语言技能内容要求（三级——8年级）",
    "description": "",
    "subject": "SB0102",
    "applicableLevel": ["OB02", "OB03"],
    "contentJson": {
      "skills": [
        {
          "LanguageSkill": "理解性技能",
          "contentRequirement": "1. 获取和梳理口语语篇的主旨要义和关键细节；\n2. 识别说话者的措辞、语气等，推断对话者之间的关系；\n3. 根据说话者语音、语调的变化，判断其情感和态度的变化；\n4. 识别用语较正式的简短对话中谈话内容的递进和转换；\n5. 在收听或观看主题相关、语速较慢的广播、电视、网络节目时，识别主题，理解大意，获取主要信息；\n6. 梳理书面语篇的脉络、梗概和发展变化，提取关键信息，归纳内容要点；\n7. 区分书面语篇中的事实性信息和非事实性信息（观点和意图）；\n8. 理解并解释书面语篇中图表提供的信息；\n9. 识别和判断书面语篇中上下文之间的逻辑关系；\n10. 理解和推测书面语篇中隐含的信息和意义；\n11. 阅读短篇小说和简单的报刊文章，整体理解主要内容，对所读内容进行简要的概括、描述与评价；\n12. 课外视听活动每周不少于30分钟；\n13. 课外阅读量累计达到10万词以上。"
        },
        {
          "LanguageSkill": "表达性技能",
          "contentRequirement": "1. 正确、流利地朗读短文，有逻辑地讲述短文主要内容；\n2. 独立或者小组合作完成角色扮演等活动；\n3. 在特定的情境中引出主题，并用所学语言与他人进行口头交流，有效询问，恰当表达，完成交际任务；\n4. 在口头表达中结合主题使用正确的词汇、句式和语法，表意准确、得体；\n5. 以口语或书面的形式简单转述语篇的主要内容和观点；\n6. 用简单的书面语篇描写他人的经历或熟悉的事物等；\n7. 结合相关主题进行主题演讲，观点基本明确，逻辑比较清楚；\n8. 在教师指导下起草和修改作文；\n9. 在书面表达中正确使用标点符号，用词准确，表达通顺，格式较为规范。"
        }
      ]
    }
  },
  {
    "identifier": "urn:jy:English:SB0102:OB02,OB03:LanguageSkills:05",
    "type": "LanguageSkills",
    "title": "语言技能内容要求（三级——9年级、三级+）",
    "description": "",
    "subject": "SB0102",
    "applicableLevel": ["OB02", "OB03"],
    "contentJson": {
      "skills": [
        {
          "LanguageSkill": "理解性技能",
          "contentRequirement": "1. 理解和推断日常生活中说话者的意图，如请求、计划、建议、邀请、道歉、拒绝、询问、告知等；\n2. 借助语境克服生词障碍，理解口语语篇的信息和意义；\n3. 获取和梳理口语语篇中一系列事件的主题和因果关系，预测故事情节的发展和可能的结局；\n4. 分析和梳理常见书面语篇的基本结构特征和内容的主次关系；\n5. 从书面语篇中判断和归纳作者的观点及语篇的主旨要义；\n6. 辨别语篇中的衔接手段，判断语篇中句子之间、段落之间的逻辑关系；\n7. 根据上下文和构词法推断书面语篇中生词的含义；\n8. 在听、读、看的过程中，针对语篇的内容有选择地记录信息和要点；\n9. 根据不同目的，运用各种阅读策略有效获取语篇信息；\n10. 阅读名人传记和报刊文章时，整体理解和简要概括所读内容；\n11. 建立语篇与语篇、语篇与个人、语篇与世界的关联，探究和发现语篇的现实意义；\n12. 课外视听活动每周不少于30分钟；\n13. 课外阅读量累计达到15万词以上；\n+1. 理解语篇中显性或隐性的逻辑关系；\n+2. 根据话语中的重复、解释、停顿等现象，理解话语的意义；\n+3. 理解多模态语篇中非文字资源传达的意义。"
        },
        {
          "LanguageSkill": "表达性技能",
          "contentRequirement": "1. 沟通信息，参与讨论，恰当运用一般社交场合的礼貌用语；\n2. 口头概括所读故事或短文的大意，转述他人简单的谈话；\n3. 围绕相关主题口头表达个人的观点和态度，并说明理由；\n4. 就口语或书面语篇的内容、观点和态度作出简单的口头评价，并说明理由；\n5. 借助语调和重音突出需要强调的意义；\n6. 根据所读语篇内容和所给条件，进行简单的口头或书面改编、创编；\n7. 根据写作要求，收集、准备素材，独立起草、修改和完成语篇；\n8. 为所给图表或自己创作的图片写出简单的说明；\n9. 围绕相关主题，用所学语言，以书面语篇的形式描述和介绍身边的人和事物，表达情感、态度和观点；\n10. 在口头和书面表达中使用常见的连接词表示顺序和逻辑关系，连接信息，做到意义连贯；\n11. 在口头和书面表达中进行适当的自我修正，用语得当，沟通与交流得体、有效；\n+1. 根据交际需要发起谈话并维持交谈；\n+2. 使用文字和非文字手段描述个人经历、事件和事物特征；\n+3. 恰当质疑语篇的内容、观点，解释不合理之处。"
        }
      ]
    }
  }
]