[
  {
    "identifier": "urn:jy:biology:SB0403:OB03:Conception:l1",
    "title": "生物体具有一定的结构层次，能够完成各项生命活动",
    "description": "认识生物体具有一定的结构层次。知道细胞是生物体结构和功能的基本单位，一些生物由单细胞构成，一些生物由多细胞组成；知道动物细胞和植物细胞都具有细胞膜、细胞质、细胞核等结构，植物细胞还具有叶绿体和细胞壁等结构；知道细胞不同结构的功能各不相同，细胞核是遗传信息库，各结构共同完成细胞的生命活动。认识生物体的各部分在结构上相互联系，在功能上相互配合，细胞能够通过分裂和分化形成不同的组织；知道绿色开花植物体和高等动物体具有不同的结构层次，生物体在结构和功能上是一个有机整体。",
    "subject": "SB0403",
    "type": "Conception",
    "applicableLevel": "OB03",
    "contentJson": {
      "LearningTheme": "urn:jy:biology:SB0403:OB03:LearningTheme:l1"
    }
  },
  {
    "identifier": "urn:jy:biology:SB0403:OB03:Conception:l2",
    "title": "生物可以分为不同的类群，保护生物的多样性具有重要意义",
    "description": "认识对生物进行科学分类需要以生物的特征为依据，知道根据生物之间的相似程度将生物划分为界、门、纲、目、科、属、种等分类等级，“种”是最基本的生物分类单位。知道依据生物的形态结构、生理功能以及繁殖方式等，可以将生物分为不同的类群，了解藻类、苔藓植物、蕨类植物、种子植物以及无脊椎动物和脊椎动物的主要特征，认识不同动植物类群可能对人类生活产生积极或负面的影响。知道微生物包括病毒、细菌和真菌，了解它们在结构特点和生活方式上的差异及其对人类的影响。认识我国拥有丰富的动植物资源，了解保护生物多样性的意义及常见保护方式，知道外来物种入侵可能威胁生态安全。",
    "subject": "SB0403",
    "type": "Conception",
    "applicableLevel": "OB03",
    "contentJson": {
      "LearningTheme": "urn:jy:biology:SB0403:OB03:LearningTheme:l2"
    }
  },
  {
    "identifier": "urn:jy:biology:SB0403:OB03:Conception:l3",
    "title": "生物与环境相互依赖、相互影响，形成多种多样的生态系统",
    "description": "认识生态系统中的生物与非生物环境相互作用，知道水、温度、空气、光等是生物生存的环境条件，生态因素能够影响生物的生活和分布，生物能够适应和影响环境。知道生态系统是由生产者、消费者、分解者与非生物环境构成的有机整体，不同生物之间通过捕食关系形成食物链和食物网，生态系统中的物质和能量通过食物链在生物之间传递，生物圈是包含多种类型生态系统的最大生态系统。认识生态系统具有一定的自我调节能力，理解人类活动可能对生态环境产生影响，知道通过防止环境污染、合理利用自然资源等措施保障生态安全。",
    "subject": "SB0403",
    "type": "Conception",
    "applicableLevel": "OB03",
    "contentJson": {
      "LearningTheme": "urn:jy:biology:SB0403:OB03:LearningTheme:l3"
    }
  },
  {
    "identifier": "urn:jy:biology:SB0403:OB03:Conception:l4",
    "title": "植物有自己的生命周期，可以制造有机物，参与生物圈中的物质循环并维持碳氧平衡",
    "description": "认识绿色开花植物具有完整的生命周期，包括种子萌发、生长、开花、结果和死亡等阶段，知道种子由种皮和胚等结构组成，种子萌发需要完整而有活力的胚以及适宜的环境条件；了解根和叶芽在生长发育过程中通过细胞分裂和分化形成不同器官，知道花的主要结构及传粉、受精后形成果实和种子的过程，认识植物可以通过扦插、嫁接、组织培养等无性生殖方式繁殖后代。认识植物通过根吸收生活所需的水和无机盐，通过导管向上运输，供植物利用，其中大部分水通过蒸腾作用散失；叶片产生的有机物通过筛管运输，供植物其他器官利用，植物通过对水的吸收和散失参与生物圈中的水循环。认识植物能利用太阳能将二氧化碳和水合成为贮存能量的有机物并释放氧气，细胞能通过分解糖类获得能量并生成二氧化碳和水，了解光合作用和呼吸作用原理在生产生活中有广泛应用，认识植物可以为其他生物提供有机物和氧气，并在维持生物圈碳氧平衡方面具有重要作用。",
    "subject": "SB0403",
    "type": "Conception",
    "applicableLevel": "OB03",
    "contentJson": {
      "LearningTheme": "urn:jy:biology:SB0403:OB03:LearningTheme:l4"
    }
  },
  {
    "identifier": "urn:jy:biology:SB0403:OB03:Conception:l5",
    "title": "人体的结构与功能相适应，各系统协调统一，共同完成复杂的生命活动",
    "description": "认识人体通过消化系统从外界获取生命活动所需的营养物质，知道水、无机盐、糖类、蛋白质、脂质和维生素是人体生命活动所需的主要营养物质，了解消化系统由消化道和消化腺组成，能够将食物消化并通过吸收将营养物质转运到血液中，认识不合理的饮食习惯和饮食结构可能导致营养不良或肥胖，知道食品安全对人体健康至关重要。认识人体通过循环系统进行体内的物质运输，了解血液循环系统包括心脏、血管和血液，血液循环包括体循环和肺循环，能够运输氧气、二氧化碳、营养物质、代谢废物和激素等。认识人体通过呼吸系统与外界进行气体交换，了解呼吸系统由呼吸道和肺构成及其功能，知道呼吸运动可以实现肺与外界的气体交换以及肺泡与毛细血管、血液与组织细胞之间的气体交换。认识人体主要通过泌尿系统排出代谢废物和多余的水，了解泌尿系统的组成及尿液形成过程，知道人体可通过汗腺排出部分尿素、无机盐和水。认识人体各系统在神经系统和内分泌系统调节下相互联系和协调，了解神经系统的组成、反射及反射弧、人体运动与感觉器官的作用，认识甲状腺激素、胰岛素等激素及性激素在生命活动调节中的作用，了解青春期的主要生理变化及卫生保健与心理健康要求。",
    "subject": "SB0403",
    "type": "Conception",
    "applicableLevel": "OB03",
    "contentJson": {
      "LearningTheme": "urn:jy:biology:SB0403:OB03:LearningTheme:l5"
    }
  },
  {
    "identifier": "urn:jy:biology:SB0403:OB03:Conception:l6",
    "title": "人体健康受多种因素威胁，良好的生活习惯和医疗措施是健康的重要保障",
    "description": "认识人体具有免疫功能，知道人体能够通过特异性免疫和非特异性免疫抵抗病原微生物的侵染，了解常见的寄生虫病、细菌性传染病和病毒性传染病对人体健康的威胁，认识传染病可通过空气、食物、血液、接触等多种途径传播，知道控制传染源、切断传播途径和保护易感人群等措施可以控制传染病的流行，认识接种疫苗能够提高人体对特定传染病的免疫力，了解某些传染病会对社会、经济和科技发展产生严重影响。认识生活习惯与行为选择能够影响人体健康，了解心血管疾病、癌症等疾病严重危害人体健康，认识酗酒、吸烟等不良嗜好和吸毒等违法行为对人体健康具有危害作用，知道药物可分为处方药和非处方药，遵从医嘱、按照药物使用说明合理用药，避免药物误用和滥用，了解在特定情况下人工呼吸、心肺复苏、包扎止血等急救方法能减少伤害或挽救生命。",
    "subject": "SB0403",
    "type": "Conception",
    "applicableLevel": "OB03",
    "contentJson": {
      "LearningTheme": "urn:jy:biology:SB0403:OB03:LearningTheme:l5"
    }
  },
  {
    "identifier": "urn:jy:biology:SB0403:OB03:Conception:l7",
    "title": "遗传信息控制生物性状，并由亲代传递给子代",
    "description": "认识生物通过有性生殖或无性生殖产生后代，知道睾丸和卵巢可分别产生精子和卵细胞，卵细胞受精后形成的受精卵能够发育成新个体，知道生物可以通过有性生殖或无性生殖繁殖后代。认识生物体的性状主要由基因控制，知道 DNA 是主要的遗传物质，基因是包含遗传信息的 DNA 片段，随配子由亲代传给子代，了解基因位于染色体上，人的性别由性染色体的组成决定，认识生物的性状由基因组成和环境共同决定，遗传信息发生改变可以引起生物变异，了解杂交育种、转基因等技术促进了农业发展。",
    "subject": "SB0403",
    "type": "Conception",
    "applicableLevel": "OB03",
    "contentJson": {
      "LearningTheme": "urn:jy:biology:SB0403:OB03:LearningTheme:l6"
    }
  },
  {
    "identifier": "urn:jy:biology:SB0403:OB03:Conception:l8",
    "title": "地球上现存的生物来自共同祖先，是长期进化的结果",
    "description": "认识地球上现存的生物具有共同祖先，了解生命最有可能是在原始海洋中形成的，知道化石记录是生物进化的直接证据。认识多种多样的生物是经过自然选择长期进化的结果，知道遗传变异和环境因素的共同作用导致了生物的进化，理解生物的进化总体上呈现出由简单到复杂、由水生到陆生的趋势，知道人类和现代类人猿都是由古猿进化而来的。",
    "subject": "SB0403",
    "type": "Conception",
    "applicableLevel": "OB03",
    "contentJson": {
      "LearningTheme": "urn:jy:biology:SB0403:OB03:LearningTheme:l6"
    }
  },
  {
    "identifier": "urn:jy:biology:SB0403:OB03:Conception:l9",
    "title": "真实情境中的问题解决需要综合运用多学科知识开展跨学科实践活动",
    "description": "真实情境中的问题解决，通常需要综合运用科学、技术、工程学和数学等学科的概念、方法和思想，设计方案并付诸实施，以寻求科学问题的答案或制造相关产品。了解模型制作类跨学科实践活动的基本要求：针对特定生物学内容，运用生物学、物理、技术、工程学等学科概念，以及结构与功能、尺度、比例和数量、系统与模型等跨学科概念，选择材料并设计制作模型以表征结构与功能；了解可选项目包括制作可调节的眼球成像模型并提出保护眼健康的方法、制作实验装置模拟吸烟危害健康、设计并制作能较长时间维持平衡的生态瓶。了解植物栽培和动物饲养类跨学科实践活动的基本要求：综合运用多学科知识方法，考虑结构与功能、物质与能量、因果关系等跨学科概念，设计装置满足生物生长需要；了解可选项目包括探究栽培植物所需环境条件、探究无土栽培条件控制、探究影响扦插成活因素、饲养家蚕并收集养蚕史料、制作水族箱饲养鱼类并观察记录。了解发酵食品制作类跨学科实践活动的基本要求：运用传统发酵技术并在条件控制、装置改进和食材选择等方面不断尝试；了解可选项目包括收集酵母菌种比较发酵效果、设计装置制作酸奶并测定分析酸度甜度、制作泡菜并探究影响亚硝酸盐浓度的因素。",
    "subject": "SB0403",
    "type": "Conception",
    "applicableLevel": "OB03",
    "contentJson": {
      "LearningTheme": "urn:jy:biology:SB0403:OB03:LearningTheme:l7"
    }
  }
]
