[
    {
      "type": "CoreLiteracy",
      "title": "生命观念",
      "description": "生命观念是从生物学视角，对生命的物质和结构基础、生命活动的过程和规律、生物界的组成和发展变化、生物与环境关系等方面的总体认识和基本观点，是生物学概念、原理、规律的提炼和升华，是理解或解释生物学相关现象、分析和解决生物学实际问题的意识和思想方法。\n\n生命观念主要包括生物学的结构与功能观、物质与能量观、进化与适应观、生态观等。\n\n生命观念对认识生命世界具有指导作用，是科学自然观和世界观的有机组成和重要基础。",
      "subject": "SB0403",
      "applicableLevel": "OB03",
      "contentJson": {},
      "identifier": "urn:jy:biology:SB0403:OB03:CoreLiteracy:l1"
    },
    {
      "type": "CoreLiteracy",
      "title": "科学思维",
      "description": "科学思维是指在认识事物、解决实际问题的过程中，尊重事实证据，崇尚严谨求实，基于证据和逻辑，运用比较、分类、归纳、演绎、分析、综合、建模等方法，进行独立思考和判断，多角度、辩证地分析问题，对既有观点和结论进行批判审视、质疑包容，乃至提出创造性见解的能力与品格。\n\n发展科学思维是培育学生理性思维，批判质疑、勇于探究等科学精神的重要途径。",
      "subject": "SB0403",
      "applicableLevel": "OB03",
      "contentJson": {},
      "identifier": "urn:jy:biology:SB0403:OB03:CoreLiteracy:l2"
    },
    {
      "type": "CoreLiteracy",
      "title": "探究实践",
      "description": "探究实践是源于对自然界的好奇心、求知欲和现实需求，解决真实情境中的问题或完成实践项目的能力与品格。探究实践活动主要包括科学探究和跨学科实践。\n\n探究实践的主要环节包括：发现问题或提出任务，制订方案，实施方案，获得证据或形成初步产品，分析证据或改进设计，得出结论或物化成果，进行表达、交流或展示等。\n\n科学探究是学习生物学的重要方式，跨学科实践是扩展视野、增强本领的重要途径，探究实践是创新型人才的重要标志。",
      "subject": "SB0403",
      "applicableLevel": "OB03",
      "contentJson": {},
      "identifier": "urn:jy:biology:SB0403:OB03:CoreLiteracy:l3"
    },
    {
      "type": "CoreLiteracy",
      "title": "态度责任",
      "description": "态度责任是指在科学态度、健康意识和社会责任等方面的自我要求和责任担当。其中，科学态度是指乐于探索自然界的奥秘，具有严谨求实、勇于质疑、理性包容的心理倾向；健康意识是指在掌握人体生理和卫生保健知识的基础上，关注身体内外各种因素对健康的影响，形成健康生活的态度和行为习惯；社会责任是指基于对生物学的认识及对科学、技术、社会、环境相互关系的理解，参与个人和社会事务的讨论，作出理性解释和判断，解决生产生活问题的责任担当和能力。\n\n态度责任关系到知识和能力的正确运用，是生物学课程育人价值的重要体现。",
      "subject": "SB0403",
      "applicableLevel": "OB03",
      "contentJson": {},
      "identifier": "urn:jy:biology:SB0403:OB03:CoreLiteracy:l4"
    }
  ]
  