[
    {
      "identifier": "urn:jy:biology:SB0403:OB03:SubConception:l1",
      "title": "细胞是生物体结构和功能的基本单位",
      "description": "一些生物由单细胞构成，一些生物由多细胞组成；动物细胞、植物细胞都具有细胞膜、细胞质、细胞核等结构；植物细胞具有不同于动物细胞的结构，如叶绿体和细胞壁；细胞不同结构的功能各不相同，共同完成细胞的各项生命活动；细胞核是遗传信息库。",
      "subject": "SB0403",
      "type": "SubConception",
      "applicableLevel": "OB03",
      "contentJson": {
        "LearningTheme": "urn:jy:biology:SB0403:OB03:LearningTheme:l1",
        "Conception": "urn:jy:biology:SB0403:OB03:Conception:l1"
      }
    },
    {
      "identifier": "urn:jy:biology:SB0403:OB03:SubConception:l2",
      "title": "生物体的各部分在结构上相互联系，在功能上相互配合，共同完成各项生命活动",
      "description": "细胞能通过分裂和分化形成不同的组织；绿色开花植物体的结构层次包括细胞、组织、器官和个体，高等动物体的结构层次包括细胞、组织、器官、系统和个体；生物体在结构和功能上是一个有机整体。",
      "subject": "SB0403",
      "type": "SubConception",
      "applicableLevel": "OB03",
      "contentJson": {
        "LearningTheme": "urn:jy:biology:SB0403:OB03:LearningTheme:l1",
        "Conception": "urn:jy:biology:SB0403:OB03:Conception:l1"
      }
    },
    {
      "identifier": "urn:jy:biology:SB0403:OB03:SubConception:l3",
      "title": "对生物进行科学分类需要以生物的特征为依据",
      "description": "根据生物之间的相似程度将生物划分为界、门、纲、目、科、属、种等分类等级；“种”是最基本的生物分类单位。",
      "subject": "SB0403",
      "type": "SubConception",
      "applicableLevel": "OB03",
      "contentJson": {
        "LearningTheme": "urn:jy:biology:SB0403:OB03:LearningTheme:l2",
        "Conception": "urn:jy:biology:SB0403:OB03:Conception:l2"
      }
    },
    {
      "identifier": "urn:jy:biology:SB0403:OB03:SubConception:l4",
      "title": "根据生物的形态结构、生理功能以及繁殖方式等，可以将生物分为不同的类群",
      "description": "藻类是能够进行光合作用的结构简单的生物；从苔藓植物、蕨类植物，到种子植物，逐渐出现根、茎、叶等器官的分化，植物繁殖过程逐渐摆脱了对水环境的依赖；无脊椎动物与人类关系密切，如线虫动物(蛔虫)、环节动物(蚯蚓)、节肢动物(蝗虫、蜜蜂)等；脊椎动物(鱼类、两栖类、爬行类、鸟类、哺乳类)都具有适应其生活方式和环境的主要特征；动植物类群可能对人类生活产生积极的或负面的影响。",
      "subject": "SB0403",
      "type": "SubConception",
      "applicableLevel": "OB03",
      "contentJson": {
        "LearningTheme": "urn:jy:biology:SB0403:OB03:LearningTheme:l2",
        "Conception": "urn:jy:biology:SB0403:OB03:Conception:l2"
      }
    },
    {
      "identifier": "urn:jy:biology:SB0403:OB03:SubConception:l5",
      "title": "微生物一般是指个体微小、结构简单的生物，主要包括病毒、细菌和真菌",
      "description": "病毒无细胞结构，需要在活细胞内完成增殖；细菌是单细胞生物，无成形的细胞核；真菌是单细胞或多细胞生物，有成形的细胞核；有些微生物会使人患病，有些微生物在食品生产、医药工业等方面得到广泛应用。",
      "subject": "SB0403",
      "type": "SubConception",
      "applicableLevel": "OB03",
      "contentJson": {
        "LearningTheme": "urn:jy:biology:SB0403:OB03:LearningTheme:l2",
        "Conception": "urn:jy:biology:SB0403:OB03:Conception:l2"
      }
    },
    {
      "identifier": "urn:jy:biology:SB0403:OB03:SubConception:l6",
      "title": "我国拥有丰富的动植物资源，保护生物的多样性是每个人应有的责任",
      "description": "我国拥有大熊猫、朱鹦、江豚、银杉、珙桐等珍稀动植物资源；可通过就地保护、迁地保护等多种方式保护生物资源；有关野生动植物资源保护的法律法规是保护生物资源的基本遵循；外来物种入侵会与本地的物种竞争空间、营养等资源，进而威胁生态安全。",
      "subject": "SB0403",
      "type": "SubConception",
      "applicableLevel": "OB03",
      "contentJson": {
        "LearningTheme": "urn:jy:biology:SB0403:OB03:LearningTheme:l2",
        "Conception": "urn:jy:biology:SB0403:OB03:Conception:l2"
      }
    },
        {
          "identifier": "urn:jy:biology:SB0403:OB03:SubConception:l7",
          "title": "生态系统中的生物与非生物环境相互作用，实现了物质循环和能量流动",
          "description": "水、温度、空气、光等是生物生存的环境条件；生态因素能够影响生物的生活和分布，生物能够适应和影响环境；生态系统是由生产者、消费者、分解者与非生物环境构成的有机整体；生态系统中不同生物之间通过捕食关系形成了食物链和食物网；生态系统中的物质和能量通过食物链在生物之间传递；生物圈是包含多种类型生态系统的最大生态系统。",
          "subject": "SB0403",
          "type": "SubConception",
          "applicableLevel": "OB03",
          "contentJson": {
            "LearningTheme": "urn:jy:biology:SB0403:OB03:LearningTheme:l3",
            "Conception": "urn:jy:biology:SB0403:OB03:Conception:l3"
          }
        },
        {
          "identifier": "urn:jy:biology:SB0403:OB03:SubConception:l8",
          "title": "生态系统的自我调节能力有一定限度，保护生物圈就是保护生态安全",
          "description": "生态系统具有一定的自我调节能力；人类活动可能对生态环境产生影响，可以通过防止环境污染、合理利用自然资源等措施保障生态安全。",
          "subject": "SB0403",
          "type": "SubConception",
          "applicableLevel": "OB03",
          "contentJson": {
            "LearningTheme": "urn:jy:biology:SB0403:OB03:LearningTheme:l3",
            "Conception": "urn:jy:biology:SB0403:OB03:Conception:l3"
          }
        },
        {
          "identifier": "urn:jy:biology:SB0403:OB03:SubConception:l9",
          "title": "绿色开花植物的生命周期包括种子萌发、生长、开花、结果与死亡等阶段",
          "description": "种子包括种皮和胚等结构；种子萌发需要完整、有活力的胚，需要充足的空气、适宜的温度、适量的水等环境条件；根的生长主要包括根尖分生区细胞的分裂和伸长区细胞的生长；叶芽通过细胞的分裂和分化发育成茎和叶；花中最重要的结构是雄蕊和雌蕊，雄蕊产生的精子与雌蕊产生的卵细胞相结合形成受精卵, 花经过传粉和受精后形成果实和种子；植物可以通过扦插、嫁接、组织培养等无性生殖的方式繁殖后代。",
          "subject": "SB0403",
          "type": "SubConception",
          "applicableLevel": "OB03",
          "contentJson": {
            "LearningTheme": "urn:jy:biology:SB0403:OB03:LearningTheme:l4",
            "Conception": "urn:jy:biology:SB0403:OB03:Conception:l4"
          }
        },
        {
          "identifier": "urn:jy:biology:SB0403:OB03:SubConception:l10",
          "title": "植物通过吸收、运输和蒸腾作用等生理活动，获取养分，进行物质运输，参与生物圈中的水循环",
          "description": "植物根部吸收生活所需的水和无机盐，通过导管向上运输，供植物利用，其中大部分水通过蒸腾作用散失；叶片产生的有机物通过筛管运输，供植物其他器官利用；植物通过对水的吸收和散失参与生物圈中的水循环。",
          "subject": "SB0403",
          "type": "SubConception",
          "applicableLevel": "OB03",
          "contentJson": {
            "LearningTheme": "urn:jy:biology:SB0403:OB03:LearningTheme:l4",
            "Conception": "urn:jy:biology:SB0403:OB03:Conception:l4"
          }
        },
        {
          "identifier": "urn:jy:biology:SB0403:OB03:SubConception:l11",
          "title": "植物通过光合作用和呼吸作用获得生命活动必需的物质和能量，有助于维持生物圈中的碳氧平衡",
          "description": "植物能利用太阳能(光能),将二氧化碳和水合成为贮存了能量的有机物，同时释放氧气；细胞能通过分解糖类获得生命活动所需的能量，同时生成二氧化碳和水；光合作用和呼吸作用原理在生产生活中有广泛的应用；植物可以为生物圈中的其他生物提供有机物和氧气；植物在维持生物圈中碳氧平衡方面具有重要作用。",
          "subject": "SB0403",
          "type": "SubConception",
          "applicableLevel": "OB03",
          "contentJson": {
            "LearningTheme": "urn:jy:biology:SB0403:OB03:LearningTheme:l4",
            "Conception": "urn:jy:biology:SB0403:OB03:Conception:l4"
          }
        },
        {
          "identifier": "urn:jy:biology:SB0403:OB03:SubConception:l12",
          "title": "人体通过消化系统从外界获取生命活动所需的营养物质",
          "description": "水、无机盐、糖类、蛋白质、脂质和维生素是人体生命活动所需的主要营养物质；消化系统由消化道和消化腺组成；消化系统能够将食物消化，并通过吸收将营养物质转运到血液中；不合理的饮食习惯和饮食结构可能导致营养不良或肥胖；食品安全对人体健康至关重要，良好的饮食、卫生等习惯对人体健康有积极的影响。",
          "subject": "SB0403",
          "type": "SubConception",
          "applicableLevel": "OB03",
          "contentJson": {
            "LearningTheme": "urn:jy:biology:SB0403:OB03:LearningTheme:l5",
            "Conception": "urn:jy:biology:SB0403:OB03:Conception:l5"
          }
        },
        {
          "identifier": "urn:jy:biology:SB0403:OB03:SubConception:l13",
          "title": "人体通过循环系统进行体内的物质运输",
          "description": "血液循环系统包括心脏、血管和血液；血液循环包括体循环和肺循环，其功能是运输氧气、二氧化碳、营养物质、代谢废物和激素等物质。",
          "subject": "SB0403",
          "type": "SubConception",
          "applicableLevel": "OB03",
          "contentJson": {
            "LearningTheme": "urn:jy:biology:SB0403:OB03:LearningTheme:l5",
            "Conception": "urn:jy:biology:SB0403:OB03:Conception:l5"
          }
        },
        {
          "identifier": "urn:jy:biology:SB0403:OB03:SubConception:l14",
          "title": "人体通过呼吸系统与外界进行气体交换",
          "description": "呼吸系统由呼吸道和肺构成，其主要功能是从大气中摄取代谢所需要的氧气，排出代谢产生的二氧化碳；呼吸运动可以实现肺与外界的气体交换；肺泡与周围毛细血管内的血液、毛细血管内的血液与组织细胞进行气体交换。",
          "subject": "SB0403",
          "type": "SubConception",
          "applicableLevel": "OB03",
          "contentJson": {
            "LearningTheme": "urn:jy:biology:SB0403:OB03:LearningTheme:l5",
            "Conception": "urn:jy:biology:SB0403:OB03:Conception:l5"
          }
        },
        {
          "identifier": "urn:jy:biology:SB0403:OB03:SubConception:l15",
          "title": "人体主要通过泌尿系统排出代谢废物和多余的水",
          "description": "泌尿系统包括肾脏、输尿管、膀胱和尿道等结构；血液经过肾小球和肾小囊的滤过作用及肾小管的重吸收作用形成尿液；人体可以通过汗腺排出部分尿素、无机盐和水等物质。",
          "subject": "SB0403",
          "type": "SubConception",
          "applicableLevel": "OB03",
          "contentJson": {
            "LearningTheme": "urn:jy:biology:SB0403:OB03:LearningTheme:l5",
            "Conception": "urn:jy:biology:SB0403:OB03:Conception:l5"
          }
        },
        {
          "identifier": "urn:jy:biology:SB0403:OB03:SubConception:l16",
          "title": "人体各系统在神经系统和内分泌系统的调节下，相互联系和协调，共同完成各项生命活动，以适应机体内外环境的变化",
          "description": "神经系统由脑、脊髓及与它们相连的神经构成；反射是神经调节的基本方式，反射弧是反射的结构基础；人体的运动是在神经系统支配下，由肌肉牵拉着骨围绕关节进行的；人体通过眼、耳等感觉器官获取外界信息，科学用眼和用耳能够保护眼和耳的健康；甲状腺激素、胰岛素等激素参与人体生命活动的调节；性激素能促进生殖器官的发育，对第二性征的发育和维持具有重要作用；人在青春期会出现一些显著的生理变化，如身高和体重迅速增加、出现第二性征、各项生理功能增强等；青春期的卫生保健和良好的心理状态有利于青少年顺利地度过青春期。",
          "subject": "SB0403",
          "type": "SubConception",
          "applicableLevel": "OB03",
          "contentJson": {
            "LearningTheme": "urn:jy:biology:SB0403:OB03:LearningTheme:l5",
            "Conception": "urn:jy:biology:SB0403:OB03:Conception:l5"
          }
        },
        {
          "identifier": "urn:jy:biology:SB0403:OB03:SubConception:l17",
          "title": "人体具有免疫功能，通过计划免疫等措施能够预防传染病",
          "description": "人体能够通过特异性免疫和非特异性免疫抵抗病原微生物的侵染；常见的寄生虫病(如血吸虫病、肠道蠕虫病等)、细菌性传染病(如淋病)、病毒性传染病(如严重急性呼吸综合征、新型冠状病毒感染、艾滋病、乙型肝炎、丙型肝炎等)是人体健康的威胁；传染病可通过空气、食物、血液、接触等多种途径传播；控制传染源、切断传播途径和保护易感人群等措施可以控制传染病的流行；接种疫苗能够提高人体对特定传染病的免疫力；某些传染病，如新型冠状病毒感染，会对社会、经济和科技发展产生严重影响。",
          "subject": "SB0403",
          "type": "SubConception",
          "applicableLevel": "OB03",
          "contentJson": {
            "LearningTheme": "urn:jy:biology:SB0403:OB03:LearningTheme:l5",
            "Conception": "urn:jy:biology:SB0403:OB03:Conception:l6"
          }
        },
        {
          "identifier": "urn:jy:biology:SB0403:OB03:SubConception:l18",
          "title": "生活习惯与行为选择能够影响人体健康",
          "description": "心血管疾病、癌症等疾病严重危害人体健康；酗酒、吸烟等不良嗜好和吸毒等违法行为对人体健康具有危害作用；药物可分为处方药和非处方药，遵从医嘱、按照药物使用说明合理用药，避免药物误用和滥用；在特定的情况下，人工呼吸、心肺复苏、包扎止血等一些急救方法能减少伤害或挽救生命。",
          "subject": "SB0403",
          "type": "SubConception",
          "applicableLevel": "OB03",
          "contentJson": {
            "LearningTheme": "urn:jy:biology:SB0403:OB03:LearningTheme:l5",
            "Conception": "urn:jy:biology:SB0403:OB03:Conception:l6"
          }
        },
            {
              "identifier": "urn:jy:biology:SB0403:OB03:SubConception:l19",
              "title": "生物通过有性生殖或无性生殖产生后代",
              "description": "睾丸和卵巢可分别产生精子和卵细胞，卵细胞受精后形成的受精卵能够发育成新个体；生物可以通过有性生殖或无性生殖繁殖后代。",
              "subject": "SB0403",
              "type": "SubConception",
              "applicableLevel": "OB03",
              "contentJson": {
                "LearningTheme": "urn:jy:biology:SB0403:OB03:LearningTheme:l6",
                "Conception": "urn:jy:biology:SB0403:OB03:Conception:l7"
              }
            },
            {
              "identifier": "urn:jy:biology:SB0403:OB03:SubConception:l20",
              "title": "生物体的性状主要由基因控制",
              "description": "DNA是主要的遗传物质；基因是包含遗传信息的 DNA 片段，随配子由亲代传给子代；基因位于染色体上，人的性别是由性染色体的组成决定的；生物的性状是由基因组成和环境共同决定的；遗传信息发生改变可以引起生物变异；杂交育种、转基因等技术促进了农业发展。",
              "subject": "SB0403",
              "type": "SubConception",
              "applicableLevel": "OB03",
              "contentJson": {
                "LearningTheme": "urn:jy:biology:SB0403:OB03:LearningTheme:l6",
                "Conception": "urn:jy:biology:SB0403:OB03:Conception:l7"
              }
            },
            {
              "identifier": "urn:jy:biology:SB0403:OB03:SubConception:l21",
              "title": "地球上现存的生物具有共同祖先",
              "description": "生命最有可能是在原始海洋中形成的；化石记录是生物进化的直接证据。",
              "subject": "SB0403",
              "type": "SubConception",
              "applicableLevel": "OB03",
              "contentJson": {
                "LearningTheme": "urn:jy:biology:SB0403:OB03:LearningTheme:l6",
                "Conception": "urn:jy:biology:SB0403:OB03:Conception:l8"
              }
            },
            {
              "identifier": "urn:jy:biology:SB0403:OB03:SubConception:l22",
              "title": "多种多样的生物是经过自然选择长期进化的结果",
              "description": "遗传变异和环境因素的共同作用导致了生物的进化；生物的进化总体上呈现出由简单到复杂、由水生到陆生的趋势；人类和现代类人猿都是由古猿进化而来的。",
              "subject": "SB0403",
              "type": "SubConception",
              "applicableLevel": "OB03",
              "contentJson": {
                "LearningTheme": "urn:jy:biology:SB0403:OB03:LearningTheme:l6",
                "Conception": "urn:jy:biology:SB0403:OB03:Conception:l8"
              }
            },
            {
              "identifier": "urn:jy:biology:SB0403:OB03:SubConception:l23",
              "title": "模型制作类跨学科实践活动：针对特定的生物学内容，运用生物学、物理、技术、工程学等学科概念，以及“结构与功能”“尺度、比例和数量”“系统与模型”等跨学科概念，选择恰当的材料，设计并制作模型，直观地表征相应的结构与功能，提升探究实践能力",
              "description": "在这类跨学科实践活动中，可供选择的项目如下。(1)制作可调节的眼球成像模型，提出保护眼健康的方法。根据眼球的结构和成像原理，运用相关学科的知识和方法，选择适当的材料和工艺，制作眼球结构模型和成像模型。模型可用于演示正常眼的成像，展现近视眼、远视眼的成因以及矫正方法。调查班级学生的近视率，撰写调查报告，结合眼球结构和成像原理提出保护眼健康的方法。(2)制作实验装置，模拟吸烟有害健康。运用多学科的知识和方法自制实验装置，模拟香烟烟雾对呼吸道黏膜的危害；形成吸烟有害健康的观念，自觉拒绝吸烟；学会用科学证据向公众宣讲吸烟有害健康。(3)设计并制作能较长时间维持平衡的生态瓶。根据水生生态系统的组成，以及“尺度、比例和数量”“稳定与变化”“系统与模型”等跨学科概念，利用生活中简单易得的透明材料制作装置，装入水、塘泥和不同的水生生物，制作能够维持较长时间的生态瓶。",
              "subject": "SB0403",
              "type": "SubConception",
              "applicableLevel": "OB03",
              "contentJson": {
                "LearningTheme": "urn:jy:biology:SB0403:OB03:LearningTheme:l7",
                "Conception": "urn:jy:biology:SB0403:OB03:Conception:l9"
              }
            },
            {
              "identifier": "urn:jy:biology:SB0403:OB03:SubConception:l24",
              "title": "植物栽培和动物饲养类跨学科实践活动：植物栽培和动物饲养可以综合运用多学科的知识和方法，考虑“结构与功能”“物质与能量”“因果关系”等跨学科概念，设计恰当的装置，以满足生物生长的需要",
              "description": "在这类跨学科实践活动中，可供选择的项目如下。(1)探究栽培一种植物所需的物理和化学环境条件。根据植物生长发育所需的环境条件，选择适宜的土壤，在土壤中栽培一种植物(如番茄)，定期浇水，适时施肥、松土。观察植物在生长发育过程中的变化，设计表格，记录和交流株高、叶片数量、叶片大小、开花结果的时间和数量等信息。探究栽培一种植物所需的物理和化学环境条件。(2)探究植物无土栽培条件的控制。根据植物生长发育所需的环境条件，选择或设计恰当的装置，利用营养液无土栽培一种植物(如番茄)，定期补水、更换营养液、通气。观察植物在生长发育过程中的变化，设计表格，记录和交流株高、叶片数量、叶片大小、开花结果的时间和数量等信息。探究植物无土栽培条件的控制。(3)探究影响扦插植物成活的生物和非生物因素。根据植物生长发育所需的条件，扦插繁殖、芽的结构与功能等相关概念，选择适于扦插的植物枝条(如月季)和扦插培养基，按照扦插的技术要领和操作规范进行扦插繁殖。定期观察、记录和交流扦插枝条的生长发育情况。探究影响扦插植物成活的生物和非生物因素。(4)饲养家蚕，收集我国养蚕的历史资料。根据家蚕的生活史、生活习性、食性、生活所需的环境条件(如温度、湿度)等，利用生活中简单易得的材料设计并制作恰当的装置，饲养家蚕。观察和记录家蚕的生长发育过程，收集我国养蚕的历史资料。(5)制作水族箱，饲养热带鱼或当地小型淡水鱼。选择某种鱼，根据其生活史、生活习性、食性、生活所需的环境条件(如温度、溶解氧含量)等，利用生活中简单易得的材料设计并制作水族箱，饲养和繁殖该种鱼，观察并记录其生长、发育和繁殖过程。",
              "subject": "SB0403",
              "type": "SubConception",
              "applicableLevel": "OB03",
              "contentJson": {
                "LearningTheme": "urn:jy:biology:SB0403:OB03:LearningTheme:l7",
                "Conception": "urn:jy:biology:SB0403:OB03:Conception:l9"
              }
            },
            {
              "identifier": "urn:jy:biology:SB0403:OB03:SubConception:l25",
              "title": "发酵食品制作类跨学科实践活动：发酵食品的制作可以运用传统的发酵技术来完成；发酵食品的改良需要好的创意，运用多学科的知识和方法，从发酵的条件控制、装置的改进、食材的选择等方面不断尝试",
              "description": "在这类跨学科实践活动中，可供选择的项目如下。(1)收集当地面包酵母菌种，比较发酵效果。依据酵母菌代谢所需的环境条件、营养来源、产物等相关知识，以面粉、酵母粉为材料，选择特定的厨具，按照发酵技术的操作程序制作馒头或面包。比较不同酵母菌种的发酵效果。(2)设计简单装置，制作酸奶。依据乳酸菌代谢所需的环境条件、营养来源、产物，以及蛋白质在不同酸度环境中的状态不同等相关概念，以牛奶、乳酸菌(或酸奶)为材料，选择恰当的容器，按照乳酸发酵技术的操作规范和程序制作酸奶，测定并分析酸奶的酸度和甜度，确定适宜的酸度和甜度范围。(3)制作泡菜，探究影响泡菜亚硝酸盐浓度的因素。依据乳酸菌的分布、代谢所需的环境条件、营养来源和产物等相关知识，选择或设计便于消毒和密封的恰当容器，依据个人对食品的喜好选择相应的蔬菜(如白萝卜、胡萝卜、芹菜、甘蓝)和配料(如辣椒、花椒),按照发酵技术的操作规范和程序制作泡菜,测定泡菜的亚硝酸盐浓度,分析亚硝酸盐浓度与原料、腌制方式、时间等因素的关系。",
              "subject": "SB0403",
              "type": "SubConception",
              "applicableLevel": "OB03",
              "contentJson": {
                "LearningTheme": "urn:jy:biology:SB0403:OB03:LearningTheme:l7",
                "Conception": "urn:jy:biology:SB0403:OB03:Conception:l9"
              }
            }
  ]
  