{
    "relations": [
      {
        "relationName": "themeHasConception",
        "label": "学习主题包含重要概念 / hasConception",
        "source": "urn:jy:biology:SB0403:OB03:LearningTheme:l1",
        "target": "urn:jy:biology:SB0403:OB03:Conception:l1"
      },
      {
        "relationName": "themeHasConception",
        "label": "学习主题包含重要概念 / hasConception",
        "source": "urn:jy:biology:SB0403:OB03:LearningTheme:l2",
        "target": "urn:jy:biology:SB0403:OB03:Conception:l2"
      },
      {
        "relationName": "themeHasConception",
        "label": "学习主题包含重要概念 / hasConception",
        "source": "urn:jy:biology:SB0403:OB03:LearningTheme:l3",
        "target": "urn:jy:biology:SB0403:OB03:Conception:l3"
      },
      {
        "relationName": "themeHasConception",
        "label": "学习主题包含重要概念 / hasConception",
        "source": "urn:jy:biology:SB0403:OB03:LearningTheme:l4",
        "target": "urn:jy:biology:SB0403:OB03:Conception:l4"
      },
      {
        "relationName": "themeHasConception",
        "label": "学习主题包含重要概念 / hasConception",
        "source": "urn:jy:biology:SB0403:OB03:LearningTheme:l5",
        "target": "urn:jy:biology:SB0403:OB03:Conception:l5"
      },
      {
        "relationName": "themeHasConception",
        "label": "学习主题包含重要概念 / hasConception",
        "source": "urn:jy:biology:SB0403:OB03:LearningTheme:l5",
        "target": "urn:jy:biology:SB0403:OB03:Conception:l6"
      },
      {
        "relationName": "themeHasConception",
        "label": "学习主题包含重要概念 / hasConception",
        "source": "urn:jy:biology:SB0403:OB03:LearningTheme:l6",
        "target": "urn:jy:biology:SB0403:OB03:Conception:l7"
      },
      {
        "relationName": "themeHasConception",
        "label": "学习主题包含重要概念 / hasConception",
        "source": "urn:jy:biology:SB0403:OB03:LearningTheme:l6",
        "target": "urn:jy:biology:SB0403:OB03:Conception:l8"
      },
      {
        "relationName": "themeHasConception",
        "label": "学习主题包含重要概念 / hasConception",
        "source": "urn:jy:biology:SB0403:OB03:LearningTheme:l7",
        "target": "urn:jy:biology:SB0403:OB03:Conception:l9"
      }
    ]
  }
  