{
    "relations": [
      {
        "relationName": "unit_contains_chapter",
        "label": "包含",
        "source": "urn:jy:biology:SB0403:OB03:Unit:l1",
        "target": "urn:jy:biology:SB0403:OB03:Chapter:l1"
      },
      {
        "relationName": "unit_contains_chapter",
        "label": "包含",
        "source": "urn:jy:biology:SB0403:OB03:Unit:l1",
        "target": "urn:jy:biology:SB0403:OB03:Chapter:l2"
      },
      {
        "relationName": "unit_contains_chapter",
        "label": "包含",
        "source": "urn:jy:biology:SB0403:OB03:Unit:l1",
        "target": "urn:jy:biology:SB0403:OB03:Chapter:l3"
      },
  
      {
        "relationName": "unit_contains_chapter",
        "label": "包含",
        "source": "urn:jy:biology:SB0403:OB03:Unit:l2",
        "target": "urn:jy:biology:SB0403:OB03:Chapter:l4"
      },
      {
        "relationName": "unit_contains_chapter",
        "label": "包含",
        "source": "urn:jy:biology:SB0403:OB03:Unit:l2",
        "target": "urn:jy:biology:SB0403:OB03:Chapter:l5"
      },
      {
        "relationName": "unit_contains_chapter",
        "label": "包含",
        "source": "urn:jy:biology:SB0403:OB03:Unit:l2",
        "target": "urn:jy:biology:SB0403:OB03:Chapter:l6"
      },
      {
        "relationName": "unit_contains_chapter",
        "label": "包含",
        "source": "urn:jy:biology:SB0403:OB03:Unit:l2",
        "target": "urn:jy:biology:SB0403:OB03:Chapter:l7"
      },
  
      {
        "relationName": "unit_contains_chapter",
        "label": "包含",
        "source": "urn:jy:biology:SB0403:OB03:Unit:l3",
        "target": "urn:jy:biology:SB0403:OB03:Chapter:l8"
      },
      {
        "relationName": "unit_contains_chapter",
        "label": "包含",
        "source": "urn:jy:biology:SB0403:OB03:Unit:l3",
        "target": "urn:jy:biology:SB0403:OB03:Chapter:l9"
      },
      {
        "relationName": "unit_contains_chapter",
        "label": "包含",
        "source": "urn:jy:biology:SB0403:OB03:Unit:l3",
        "target": "urn:jy:biology:SB0403:OB03:Chapter:l10"
      },
  
      {
        "relationName": "unit_contains_chapter",
        "label": "包含",
        "source": "urn:jy:biology:SB0403:OB03:Unit:l4",
        "target": "urn:jy:biology:SB0403:OB03:Chapter:l11"
      },
      {
        "relationName": "unit_contains_chapter",
        "label": "包含",
        "source": "urn:jy:biology:SB0403:OB03:Unit:l4",
        "target": "urn:jy:biology:SB0403:OB03:Chapter:l12"
      },
      {
        "relationName": "unit_contains_chapter",
        "label": "包含",
        "source": "urn:jy:biology:SB0403:OB03:Unit:l4",
        "target": "urn:jy:biology:SB0403:OB03:Chapter:l13"
      },
      {
        "relationName": "unit_contains_chapter",
        "label": "包含",
        "source": "urn:jy:biology:SB0403:OB03:Unit:l4",
        "target": "urn:jy:biology:SB0403:OB03:Chapter:l14"
      },
      {
        "relationName": "unit_contains_chapter",
        "label": "包含",
        "source": "urn:jy:biology:SB0403:OB03:Unit:l4",
        "target": "urn:jy:biology:SB0403:OB03:Chapter:l15"
      },
      {
        "relationName": "unit_contains_chapter",
        "label": "包含",
        "source": "urn:jy:biology:SB0403:OB03:Unit:l4",
        "target": "urn:jy:biology:SB0403:OB03:Chapter:l16"
      },
  
      {
        "relationName": "unit_contains_chapter",
        "label": "包含",
        "source": "urn:jy:biology:SB0403:OB03:Unit:l5",
        "target": "urn:jy:biology:SB0403:OB03:Chapter:l17"
      },
      {
        "relationName": "unit_contains_chapter",
        "label": "包含",
        "source": "urn:jy:biology:SB0403:OB03:Unit:l5",
        "target": "urn:jy:biology:SB0403:OB03:Chapter:l18"
      },
      {
        "relationName": "unit_contains_chapter",
        "label": "包含",
        "source": "urn:jy:biology:SB0403:OB03:Unit:l5",
        "target": "urn:jy:biology:SB0403:OB03:Chapter:l19"
      },
      {
        "relationName": "unit_contains_chapter",
        "label": "包含",
        "source": "urn:jy:biology:SB0403:OB03:Unit:l5",
        "target": "urn:jy:biology:SB0403:OB03:Chapter:l20"
      },
      {
        "relationName": "unit_contains_chapter",
        "label": "包含",
        "source": "urn:jy:biology:SB0403:OB03:Unit:l5",
        "target": "urn:jy:biology:SB0403:OB03:Chapter:l21"
      },
  
      {
        "relationName": "unit_contains_chapter",
        "label": "包含",
        "source": "urn:jy:biology:SB0403:OB03:Unit:l6",
        "target": "urn:jy:biology:SB0403:OB03:Chapter:l22"
      },
      {
        "relationName": "unit_contains_chapter",
        "label": "包含",
        "source": "urn:jy:biology:SB0403:OB03:Unit:l6",
        "target": "urn:jy:biology:SB0403:OB03:Chapter:l23"
      },
      {
        "relationName": "unit_contains_chapter",
        "label": "包含",
        "source": "urn:jy:biology:SB0403:OB03:Unit:l6",
        "target": "urn:jy:biology:SB0403:OB03:Chapter:l24"
      },
  
      {
        "relationName": "unit_contains_chapter",
        "label": "包含",
        "source": "urn:jy:biology:SB0403:OB03:Unit:l7",
        "target": "urn:jy:biology:SB0403:OB03:Chapter:l25"
      },
      {
        "relationName": "unit_contains_chapter",
        "label": "包含",
        "source": "urn:jy:biology:SB0403:OB03:Unit:l7",
        "target": "urn:jy:biology:SB0403:OB03:Chapter:l26"
      },
      {
        "relationName": "unit_contains_chapter",
        "label": "包含",
        "source": "urn:jy:biology:SB0403:OB03:Unit:l7",
        "target": "urn:jy:biology:SB0403:OB03:Chapter:l27"
      },
  
      {
        "relationName": "unit_contains_chapter",
        "label": "包含",
        "source": "urn:jy:biology:SB0403:OB03:Unit:l8",
        "target": "urn:jy:biology:SB0403:OB03:Chapter:l28"
      },
      {
        "relationName": "unit_contains_chapter",
        "label": "包含",
        "source": "urn:jy:biology:SB0403:OB03:Unit:l8",
        "target": "urn:jy:biology:SB0403:OB03:Chapter:l29"
      },
      {
        "relationName": "unit_contains_chapter",
        "label": "包含",
        "source": "urn:jy:biology:SB0403:OB03:Unit:l8",
        "target": "urn:jy:biology:SB0403:OB03:Chapter:l30"
      },
  
      {
        "relationName": "unit_contains_chapter",
        "label": "包含",
        "source": "urn:jy:biology:SB0403:OB03:Unit:l9",
        "target": "urn:jy:biology:SB0403:OB03:Chapter:l31"
      },
      {
        "relationName": "unit_contains_chapter",
        "label": "包含",
        "source": "urn:jy:biology:SB0403:OB03:Unit:l9",
        "target": "urn:jy:biology:SB0403:OB03:Chapter:l32"
      },
      {
        "relationName": "unit_contains_chapter",
        "label": "包含",
        "source": "urn:jy:biology:SB0403:OB03:Unit:l9",
        "target": "urn:jy:biology:SB0403:OB03:Chapter:l33"
      },
      {
        "relationName": "unit_contains_chapter",
        "label": "包含",
        "source": "urn:jy:biology:SB0403:OB03:Unit:l9",
        "target": "urn:jy:biology:SB0403:OB03:Chapter:l34"
      },
      {
        "relationName": "unit_contains_chapter",
        "label": "包含",
        "source": "urn:jy:biology:SB0403:OB03:Unit:l9",
        "target": "urn:jy:biology:SB0403:OB03:Chapter:l35"
      },
      {
        "relationName": "unit_contains_chapter",
        "label": "包含",
        "source": "urn:jy:biology:SB0403:OB03:Unit:l9",
        "target": "urn:jy:biology:SB0403:OB03:Chapter:l36"
      },
      {
        "relationName": "unit_contains_chapter",
        "label": "包含",
        "source": "urn:jy:biology:SB0403:OB03:Unit:l9",
        "target": "urn:jy:biology:SB0403:OB03:Chapter:l37"
      },
      {
        "relationName": "unit_contains_chapter",
        "label": "包含",
        "source": "urn:jy:biology:SB0403:OB03:Unit:l9",
        "target": "urn:jy:biology:SB0403:OB03:Chapter:l38"
      },
      {
        "relationName": "unit_contains_chapter",
        "label": "包含",
        "source": "urn:jy:biology:SB0403:OB03:Unit:l9",
        "target": "urn:jy:biology:SB0403:OB03:Chapter:l39"
      }
    ]
  }
  