[
  {
    "relationName": "activitySuggestionRequiresSection",
    "label": "活动建议需要节知识点 / requiresSectionKnowledge",
    "source": "urn:jy:physics:OB05:ActivitySuggestion:1_2:01",
    "target": "urn:jy:physics:SB0401:OB06:Section:58",
    "evidence": {
      "matchScore": 0.0362,
      "fromActivitySuggestion": {
        "activityTitle": "锅具导热性能比较实验设计",
        "activityText": "设计实验方案，比较砂锅、铁锅的导热性能。",
        "themeCode": "1.2",
        "themeL2": "urn:jy:physics:OB05:ThemeL2:2"
      },
      "fromSection": {
        "sectionTitle": "三、不同物质的导电性能",
        "chapter": "第九章 简单电路",
        "grade": "九年级",
        "volume": "全一册",
        "edition": "北师大版（主编：郭玉英）"
      },
      "keywordOverlapBigrams": [
        "性能",
        "的导"
      ],
      "requiredKnowledgePoints": [
        "三、不同物质的导电性能",
        "第九章 简单电路"
      ]
    }
  },
  {
    "relationName": "sectionSupportsActivitySuggestion",
    "label": "节支撑活动建议 / supportsActivitySuggestion",
    "source": "urn:jy:physics:SB0401:OB06:Section:58",
    "target": "urn:jy:physics:OB05:ActivitySuggestion:1_2:01",
    "evidence": {
      "matchScore": 0.0362,
      "fromActivitySuggestion": {
        "activityTitle": "锅具导热性能比较实验设计",
        "activityText": "设计实验方案，比较砂锅、铁锅的导热性能。",
        "themeCode": "1.2",
        "themeL2": "urn:jy:physics:OB05:ThemeL2:2"
      },
      "fromSection": {
        "sectionTitle": "三、不同物质的导电性能",
        "chapter": "第九章 简单电路",
        "grade": "九年级",
        "volume": "全一册",
        "edition": "北师大版（主编：郭玉英）"
      },
      "keywordOverlapBigrams": [
        "性能",
        "的导"
      ],
      "requiredKnowledgePoints": [
        "三、不同物质的导电性能",
        "第九章 简单电路"
      ]
    }
  },
  {
    "relationName": "activitySuggestionRequiresSection",
    "label": "活动建议需要节知识点 / requiresSectionKnowledge",
    "source": "urn:jy:physics:OB05:ActivitySuggestion:1_2:02",
    "target": "urn:jy:physics:SB0401:OB06:Section:50",
    "evidence": {
      "matchScore": 0.0629,
      "fromActivitySuggestion": {
        "activityTitle": "日用品物理属性调查",
        "activityText": "观察生活中的一些日常用品，了解它们分别应用了物质的哪些物理属性。",
        "themeCode": "1.2",
        "themeL2": "urn:jy:physics:OB05:ThemeL2:2"
      },
      "fromSection": {
        "sectionTitle": "七、生活中的透镜",
        "chapter": "第八章 光现象",
        "grade": "八年级",
        "volume": "全一册",
        "edition": "北师大版（主编：郭玉英）"
      },
      "keywordOverlapBigrams": [
        "活中",
        "生活",
        "中的"
      ],
      "requiredKnowledgePoints": [
        "七、生活中的透镜",
        "第八章 光现象"
      ]
    }
  },
  {
    "relationName": "sectionSupportsActivitySuggestion",
    "label": "节支撑活动建议 / supportsActivitySuggestion",
    "source": "urn:jy:physics:SB0401:OB06:Section:50",
    "target": "urn:jy:physics:OB05:ActivitySuggestion:1_2:02",
    "evidence": {
      "matchScore": 0.0629,
      "fromActivitySuggestion": {
        "activityTitle": "日用品物理属性调查",
        "activityText": "观察生活中的一些日常用品，了解它们分别应用了物质的哪些物理属性。",
        "themeCode": "1.2",
        "themeL2": "urn:jy:physics:OB05:ThemeL2:2"
      },
      "fromSection": {
        "sectionTitle": "七、生活中的透镜",
        "chapter": "第八章 光现象",
        "grade": "八年级",
        "volume": "全一册",
        "edition": "北师大版（主编：郭玉英）"
      },
      "keywordOverlapBigrams": [
        "活中",
        "生活",
        "中的"
      ],
      "requiredKnowledgePoints": [
        "七、生活中的透镜",
        "第八章 光现象"
      ]
    }
  },
  {
    "relationName": "activitySuggestionRequiresSection",
    "label": "活动建议需要节知识点 / requiresSectionKnowledge",
    "source": "urn:jy:physics:OB05:ActivitySuggestion:1_2:02",
    "target": "urn:jy:physics:SB0401:OB06:Section:11",
    "evidence": {
      "matchScore": 0.0308,
      "fromActivitySuggestion": {
        "activityTitle": "日用品物理属性调查",
        "activityText": "观察生活中的一些日常用品，了解它们分别应用了物质的哪些物理属性。",
        "themeCode": "1.2",
        "themeL2": "urn:jy:physics:OB05:ThemeL2:2"
      },
      "fromSection": {
        "sectionTitle": "三、物质的密度及其应用",
        "chapter": "第二章 质量和密度",
        "grade": "八年级",
        "volume": "全一册",
        "edition": "北师大版（主编：郭玉英）"
      },
      "keywordOverlapBigrams": [
        "物质",
        "质的",
        "应用"
      ],
      "requiredKnowledgePoints": [
        "三、物质的密度及其应用",
        "第二章 质量和密度"
      ]
    }
  },
  {
    "relationName": "sectionSupportsActivitySuggestion",
    "label": "节支撑活动建议 / supportsActivitySuggestion",
    "source": "urn:jy:physics:SB0401:OB06:Section:11",
    "target": "urn:jy:physics:OB05:ActivitySuggestion:1_2:02",
    "evidence": {
      "matchScore": 0.0308,
      "fromActivitySuggestion": {
        "activityTitle": "日用品物理属性调查",
        "activityText": "观察生活中的一些日常用品，了解它们分别应用了物质的哪些物理属性。",
        "themeCode": "1.2",
        "themeL2": "urn:jy:physics:OB05:ThemeL2:2"
      },
      "fromSection": {
        "sectionTitle": "三、物质的密度及其应用",
        "chapter": "第二章 质量和密度",
        "grade": "八年级",
        "volume": "全一册",
        "edition": "北师大版（主编：郭玉英）"
      },
      "keywordOverlapBigrams": [
        "物质",
        "质的",
        "应用"
      ],
      "requiredKnowledgePoints": [
        "三、物质的密度及其应用",
        "第二章 质量和密度"
      ]
    }
  },
  {
    "relationName": "activitySuggestionRequiresSection",
    "label": "活动建议需要节知识点 / requiresSectionKnowledge",
    "source": "urn:jy:physics:OB05:ActivitySuggestion:1_2:03",
    "target": "urn:jy:physics:SB0401:OB06:Section:85",
    "evidence": {
      "matchScore": 0.0339,
      "fromActivitySuggestion": {
        "activityTitle": "古代青铜器铁器制造技术查阅",
        "activityText": "查阅资料，了解我国古代青铜器、铁器的制造技术及其对社会进步的推动作用。",
        "themeCode": "1.2",
        "themeL2": "urn:jy:physics:OB05:ThemeL2:2"
      },
      "fromSection": {
        "sectionTitle": "四、现代通信技术及发展前景",
        "chapter": "第十三章 通信技术简介",
        "grade": "九年级",
        "volume": "全一册",
        "edition": "北师大版（主编：郭玉英）"
      },
      "keywordOverlapBigrams": [
        "术及",
        "技术"
      ],
      "requiredKnowledgePoints": [
        "四、现代通信技术及发展前景",
        "第十三章 通信技术简介"
      ]
    }
  },
  {
    "relationName": "sectionSupportsActivitySuggestion",
    "label": "节支撑活动建议 / supportsActivitySuggestion",
    "source": "urn:jy:physics:SB0401:OB06:Section:85",
    "target": "urn:jy:physics:OB05:ActivitySuggestion:1_2:03",
    "evidence": {
      "matchScore": 0.0339,
      "fromActivitySuggestion": {
        "activityTitle": "古代青铜器铁器制造技术查阅",
        "activityText": "查阅资料，了解我国古代青铜器、铁器的制造技术及其对社会进步的推动作用。",
        "themeCode": "1.2",
        "themeL2": "urn:jy:physics:OB05:ThemeL2:2"
      },
      "fromSection": {
        "sectionTitle": "四、现代通信技术及发展前景",
        "chapter": "第十三章 通信技术简介",
        "grade": "九年级",
        "volume": "全一册",
        "edition": "北师大版（主编：郭玉英）"
      },
      "keywordOverlapBigrams": [
        "术及",
        "技术"
      ],
      "requiredKnowledgePoints": [
        "四、现代通信技术及发展前景",
        "第十三章 通信技术简介"
      ]
    }
  },
  {
    "relationName": "activitySuggestionRequiresSection",
    "label": "活动建议需要节知识点 / requiresSectionKnowledge",
    "source": "urn:jy:physics:OB05:ActivitySuggestion:2_1:01",
    "target": "urn:jy:physics:SB0401:OB06:Section:2",
    "evidence": {
      "matchScore": 0.1949,
      "fromActivitySuggestion": {
        "activityTitle": "机械运动相对性观察",
        "activityText": "观察生活中的机械运动现象，说明机械运动的相对性。",
        "themeCode": "2.1",
        "themeL2": "urn:jy:physics:OB05:ThemeL2:4"
      },
      "fromSection": {
        "sectionTitle": "二、机械运动",
        "chapter": "第一章 常见的运动",
        "grade": "八年级",
        "volume": "全一册",
        "edition": "北师大版（主编：郭玉英）"
      },
      "keywordOverlapBigrams": [
        "机械",
        "运动",
        "械运"
      ],
      "requiredKnowledgePoints": [
        "二、机械运动",
        "第一章 常见的运动"
      ]
    }
  },
  {
    "relationName": "sectionSupportsActivitySuggestion",
    "label": "节支撑活动建议 / supportsActivitySuggestion",
    "source": "urn:jy:physics:SB0401:OB06:Section:2",
    "target": "urn:jy:physics:OB05:ActivitySuggestion:2_1:01",
    "evidence": {
      "matchScore": 0.1949,
      "fromActivitySuggestion": {
        "activityTitle": "机械运动相对性观察",
        "activityText": "观察生活中的机械运动现象，说明机械运动的相对性。",
        "themeCode": "2.1",
        "themeL2": "urn:jy:physics:OB05:ThemeL2:4"
      },
      "fromSection": {
        "sectionTitle": "二、机械运动",
        "chapter": "第一章 常见的运动",
        "grade": "八年级",
        "volume": "全一册",
        "edition": "北师大版（主编：郭玉英）"
      },
      "keywordOverlapBigrams": [
        "机械",
        "运动",
        "械运"
      ],
      "requiredKnowledgePoints": [
        "二、机械运动",
        "第一章 常见的运动"
      ]
    }
  },
  {
    "relationName": "activitySuggestionRequiresSection",
    "label": "活动建议需要节知识点 / requiresSectionKnowledge",
    "source": "urn:jy:physics:OB05:ActivitySuggestion:2_1:01",
    "target": "urn:jy:physics:SB0401:OB06:Section:50",
    "evidence": {
      "matchScore": 0.0703,
      "fromActivitySuggestion": {
        "activityTitle": "机械运动相对性观察",
        "activityText": "观察生活中的机械运动现象，说明机械运动的相对性。",
        "themeCode": "2.1",
        "themeL2": "urn:jy:physics:OB05:ThemeL2:4"
      },
      "fromSection": {
        "sectionTitle": "七、生活中的透镜",
        "chapter": "第八章 光现象",
        "grade": "八年级",
        "volume": "全一册",
        "edition": "北师大版（主编：郭玉英）"
      },
      "keywordOverlapBigrams": [
        "活中",
        "现象",
        "生活",
        "中的"
      ],
      "requiredKnowledgePoints": [
        "七、生活中的透镜",
        "第八章 光现象"
      ]
    }
  },
  {
    "relationName": "sectionSupportsActivitySuggestion",
    "label": "节支撑活动建议 / supportsActivitySuggestion",
    "source": "urn:jy:physics:SB0401:OB06:Section:50",
    "target": "urn:jy:physics:OB05:ActivitySuggestion:2_1:01",
    "evidence": {
      "matchScore": 0.0703,
      "fromActivitySuggestion": {
        "activityTitle": "机械运动相对性观察",
        "activityText": "观察生活中的机械运动现象，说明机械运动的相对性。",
        "themeCode": "2.1",
        "themeL2": "urn:jy:physics:OB05:ThemeL2:4"
      },
      "fromSection": {
        "sectionTitle": "七、生活中的透镜",
        "chapter": "第八章 光现象",
        "grade": "八年级",
        "volume": "全一册",
        "edition": "北师大版（主编：郭玉英）"
      },
      "keywordOverlapBigrams": [
        "活中",
        "现象",
        "生活",
        "中的"
      ],
      "requiredKnowledgePoints": [
        "七、生活中的透镜",
        "第八章 光现象"
      ]
    }
  },
  {
    "relationName": "activitySuggestionRequiresSection",
    "label": "活动建议需要节知识点 / requiresSectionKnowledge",
    "source": "urn:jy:physics:OB05:ActivitySuggestion:2_1:03",
    "target": "urn:jy:physics:SB0401:OB06:Section:2",
    "evidence": {
      "matchScore": 0.0492,
      "fromActivitySuggestion": {
        "activityTitle": "神舟九号与天宫一号交会对接案例讨论",
        "activityText": "以神舟九号载人飞船与天宫一号目标飞行器成功交会对接为例，讨论机械运动的相对性。",
        "themeCode": "2.1",
        "themeL2": "urn:jy:physics:OB05:ThemeL2:4"
      },
      "fromSection": {
        "sectionTitle": "二、机械运动",
        "chapter": "第一章 常见的运动",
        "grade": "八年级",
        "volume": "全一册",
        "edition": "北师大版（主编：郭玉英）"
      },
      "keywordOverlapBigrams": [
        "机械",
        "运动",
        "械运"
      ],
      "requiredKnowledgePoints": [
        "二、机械运动",
        "第一章 常见的运动"
      ]
    }
  },
  {
    "relationName": "sectionSupportsActivitySuggestion",
    "label": "节支撑活动建议 / supportsActivitySuggestion",
    "source": "urn:jy:physics:SB0401:OB06:Section:2",
    "target": "urn:jy:physics:OB05:ActivitySuggestion:2_1:03",
    "evidence": {
      "matchScore": 0.0492,
      "fromActivitySuggestion": {
        "activityTitle": "神舟九号与天宫一号交会对接案例讨论",
        "activityText": "以神舟九号载人飞船与天宫一号目标飞行器成功交会对接为例，讨论机械运动的相对性。",
        "themeCode": "2.1",
        "themeL2": "urn:jy:physics:OB05:ThemeL2:4"
      },
      "fromSection": {
        "sectionTitle": "二、机械运动",
        "chapter": "第一章 常见的运动",
        "grade": "八年级",
        "volume": "全一册",
        "edition": "北师大版（主编：郭玉英）"
      },
      "keywordOverlapBigrams": [
        "机械",
        "运动",
        "械运"
      ],
      "requiredKnowledgePoints": [
        "二、机械运动",
        "第一章 常见的运动"
      ]
    }
  },
  {
    "relationName": "activitySuggestionRequiresSection",
    "label": "活动建议需要节知识点 / requiresSectionKnowledge",
    "source": "urn:jy:physics:OB05:ActivitySuggestion:2_2:03",
    "target": "urn:jy:physics:SB0401:OB06:Section:21",
    "evidence": {
      "matchScore": 0.0887,
      "fromActivitySuggestion": {
        "activityTitle": "奋斗者号深潜与压强浮力因素讨论",
        "activityText": "查阅资料，了解我国“奋斗者”号载人潜水器的深潜信息，讨论影响其所受液体压强和浮力大小的因素。",
        "themeCode": "2.2",
        "themeL2": "urn:jy:physics:OB05:ThemeL2:5"
      },
      "fromSection": {
        "sectionTitle": "二、探究液体压强",
        "chapter": "第四章 压强与浮力",
        "grade": "八年级",
        "volume": "全一册",
        "edition": "北师大版（主编：郭玉英）"
      },
      "keywordOverlapBigrams": [
        "浮力",
        "体压",
        "压强",
        "液体"
      ],
      "requiredKnowledgePoints": [
        "二、探究液体压强",
        "第四章 压强与浮力"
      ]
    }
  },
  {
    "relationName": "sectionSupportsActivitySuggestion",
    "label": "节支撑活动建议 / supportsActivitySuggestion",
    "source": "urn:jy:physics:SB0401:OB06:Section:21",
    "target": "urn:jy:physics:OB05:ActivitySuggestion:2_2:03",
    "evidence": {
      "matchScore": 0.0887,
      "fromActivitySuggestion": {
        "activityTitle": "奋斗者号深潜与压强浮力因素讨论",
        "activityText": "查阅资料，了解我国“奋斗者”号载人潜水器的深潜信息，讨论影响其所受液体压强和浮力大小的因素。",
        "themeCode": "2.2",
        "themeL2": "urn:jy:physics:OB05:ThemeL2:5"
      },
      "fromSection": {
        "sectionTitle": "二、探究液体压强",
        "chapter": "第四章 压强与浮力",
        "grade": "八年级",
        "volume": "全一册",
        "edition": "北师大版（主编：郭玉英）"
      },
      "keywordOverlapBigrams": [
        "浮力",
        "体压",
        "压强",
        "液体"
      ],
      "requiredKnowledgePoints": [
        "二、探究液体压强",
        "第四章 压强与浮力"
      ]
    }
  },
  {
    "relationName": "activitySuggestionRequiresSection",
    "label": "活动建议需要节知识点 / requiresSectionKnowledge",
    "source": "urn:jy:physics:OB05:ActivitySuggestion:2_2:03",
    "target": "urn:jy:physics:SB0401:OB06:Section:25",
    "evidence": {
      "matchScore": 0.0419,
      "fromActivitySuggestion": {
        "activityTitle": "奋斗者号深潜与压强浮力因素讨论",
        "activityText": "查阅资料，了解我国“奋斗者”号载人潜水器的深潜信息，讨论影响其所受液体压强和浮力大小的因素。",
        "themeCode": "2.2",
        "themeL2": "urn:jy:physics:OB05:ThemeL2:5"
      },
      "fromSection": {
        "sectionTitle": "六、浮力",
        "chapter": "第四章 压强与浮力",
        "grade": "八年级",
        "volume": "全一册",
        "edition": "北师大版（主编：郭玉英）"
      },
      "keywordOverlapBigrams": [
        "浮力",
        "压强"
      ],
      "requiredKnowledgePoints": [
        "六、浮力",
        "第四章 压强与浮力"
      ]
    }
  },
  {
    "relationName": "sectionSupportsActivitySuggestion",
    "label": "节支撑活动建议 / supportsActivitySuggestion",
    "source": "urn:jy:physics:SB0401:OB06:Section:25",
    "target": "urn:jy:physics:OB05:ActivitySuggestion:2_2:03",
    "evidence": {
      "matchScore": 0.0419,
      "fromActivitySuggestion": {
        "activityTitle": "奋斗者号深潜与压强浮力因素讨论",
        "activityText": "查阅资料，了解我国“奋斗者”号载人潜水器的深潜信息，讨论影响其所受液体压强和浮力大小的因素。",
        "themeCode": "2.2",
        "themeL2": "urn:jy:physics:OB05:ThemeL2:5"
      },
      "fromSection": {
        "sectionTitle": "六、浮力",
        "chapter": "第四章 压强与浮力",
        "grade": "八年级",
        "volume": "全一册",
        "edition": "北师大版（主编：郭玉英）"
      },
      "keywordOverlapBigrams": [
        "浮力",
        "压强"
      ],
      "requiredKnowledgePoints": [
        "六、浮力",
        "第四章 压强与浮力"
      ]
    }
  },
  {
    "relationName": "activitySuggestionRequiresSection",
    "label": "活动建议需要节知识点 / requiresSectionKnowledge",
    "source": "urn:jy:physics:OB05:ActivitySuggestion:2_2:04",
    "target": "urn:jy:physics:SB0401:OB06:Section:22",
    "evidence": {
      "matchScore": 0.0759,
      "fromActivitySuggestion": {
        "activityTitle": "三峡船闸连通器原理查阅",
        "activityText": "查阅资料，了解我国长江三峡水利枢纽工程中船闸是怎样利用连通器特点让轮船通行的。",
        "themeCode": "2.2",
        "themeL2": "urn:jy:physics:OB05:ThemeL2:5"
      },
      "fromSection": {
        "sectionTitle": "三、连通器",
        "chapter": "第四章 压强与浮力",
        "grade": "八年级",
        "volume": "全一册",
        "edition": "北师大版（主编：郭玉英）"
      },
      "keywordOverlapBigrams": [
        "通器",
        "连通"
      ],
      "requiredKnowledgePoints": [
        "三、连通器",
        "第四章 压强与浮力"
      ]
    }
  },
  {
    "relationName": "sectionSupportsActivitySuggestion",
    "label": "节支撑活动建议 / supportsActivitySuggestion",
    "source": "urn:jy:physics:SB0401:OB06:Section:22",
    "target": "urn:jy:physics:OB05:ActivitySuggestion:2_2:04",
    "evidence": {
      "matchScore": 0.0759,
      "fromActivitySuggestion": {
        "activityTitle": "三峡船闸连通器原理查阅",
        "activityText": "查阅资料，了解我国长江三峡水利枢纽工程中船闸是怎样利用连通器特点让轮船通行的。",
        "themeCode": "2.2",
        "themeL2": "urn:jy:physics:OB05:ThemeL2:5"
      },
      "fromSection": {
        "sectionTitle": "三、连通器",
        "chapter": "第四章 压强与浮力",
        "grade": "八年级",
        "volume": "全一册",
        "edition": "北师大版（主编：郭玉英）"
      },
      "keywordOverlapBigrams": [
        "通器",
        "连通"
      ],
      "requiredKnowledgePoints": [
        "三、连通器",
        "第四章 压强与浮力"
      ]
    }
  },
  {
    "relationName": "activitySuggestionRequiresSection",
    "label": "活动建议需要节知识点 / requiresSectionKnowledge",
    "source": "urn:jy:physics:OB05:ActivitySuggestion:2_3:02",
    "target": "urn:jy:physics:SB0401:OB06:Section:6",
    "evidence": {
      "matchScore": 0.0329,
      "fromActivitySuggestion": {
        "activityTitle": "噪声污染调查与控制建议",
        "activityText": "调查社区或工地噪声污染的情况和已采取的控制措施，提出进一步控制噪声的建议。",
        "themeCode": "2.3",
        "themeL2": "urn:jy:physics:OB05:ThemeL2:6"
      },
      "fromSection": {
        "sectionTitle": "六、乐音和噪声",
        "chapter": "第一章 常见的运动",
        "grade": "八年级",
        "volume": "全一册",
        "edition": "北师大版（主编：郭玉英）"
      },
      "keywordOverlapBigrams": [
        "噪声"
      ],
      "requiredKnowledgePoints": [
        "六、乐音和噪声",
        "第一章 常见的运动"
      ]
    }
  },
  {
    "relationName": "sectionSupportsActivitySuggestion",
    "label": "节支撑活动建议 / supportsActivitySuggestion",
    "source": "urn:jy:physics:SB0401:OB06:Section:6",
    "target": "urn:jy:physics:OB05:ActivitySuggestion:2_3:02",
    "evidence": {
      "matchScore": 0.0329,
      "fromActivitySuggestion": {
        "activityTitle": "噪声污染调查与控制建议",
        "activityText": "调查社区或工地噪声污染的情况和已采取的控制措施，提出进一步控制噪声的建议。",
        "themeCode": "2.3",
        "themeL2": "urn:jy:physics:OB05:ThemeL2:6"
      },
      "fromSection": {
        "sectionTitle": "六、乐音和噪声",
        "chapter": "第一章 常见的运动",
        "grade": "八年级",
        "volume": "全一册",
        "edition": "北师大版（主编：郭玉英）"
      },
      "keywordOverlapBigrams": [
        "噪声"
      ],
      "requiredKnowledgePoints": [
        "六、乐音和噪声",
        "第一章 常见的运动"
      ]
    }
  },
  {
    "relationName": "activitySuggestionRequiresSection",
    "label": "活动建议需要节知识点 / requiresSectionKnowledge",
    "source": "urn:jy:physics:OB05:ActivitySuggestion:2_3:02",
    "target": "urn:jy:physics:SB0401:OB06:Section:96",
    "evidence": {
      "matchScore": 0.032,
      "fromActivitySuggestion": {
        "activityTitle": "噪声污染调查与控制建议",
        "activityText": "调查社区或工地噪声污染的情况和已采取的控制措施，提出进一步控制噪声的建议。",
        "themeCode": "2.3",
        "themeL2": "urn:jy:physics:OB05:ThemeL2:6"
      },
      "fromSection": {
        "sectionTitle": "科学探究中怎样控制变量",
        "chapter": "科学探究",
        "grade": "九年级",
        "volume": "全一册",
        "edition": "北师大版（主编：郭玉英）"
      },
      "keywordOverlapBigrams": [
        "控制"
      ],
      "requiredKnowledgePoints": [
        "科学探究中怎样控制变量",
        "科学探究"
      ]
    }
  },
  {
    "relationName": "sectionSupportsActivitySuggestion",
    "label": "节支撑活动建议 / supportsActivitySuggestion",
    "source": "urn:jy:physics:SB0401:OB06:Section:96",
    "target": "urn:jy:physics:OB05:ActivitySuggestion:2_3:02",
    "evidence": {
      "matchScore": 0.032,
      "fromActivitySuggestion": {
        "activityTitle": "噪声污染调查与控制建议",
        "activityText": "调查社区或工地噪声污染的情况和已采取的控制措施，提出进一步控制噪声的建议。",
        "themeCode": "2.3",
        "themeL2": "urn:jy:physics:OB05:ThemeL2:6"
      },
      "fromSection": {
        "sectionTitle": "科学探究中怎样控制变量",
        "chapter": "科学探究",
        "grade": "九年级",
        "volume": "全一册",
        "edition": "北师大版（主编：郭玉英）"
      },
      "keywordOverlapBigrams": [
        "控制"
      ],
      "requiredKnowledgePoints": [
        "科学探究中怎样控制变量",
        "科学探究"
      ]
    }
  },
  {
    "relationName": "activitySuggestionRequiresSection",
    "label": "活动建议需要节知识点 / requiresSectionKnowledge",
    "source": "urn:jy:physics:OB05:ActivitySuggestion:2_3:03",
    "target": "urn:jy:physics:SB0401:OB06:Section:49",
    "evidence": {
      "matchScore": 0.0327,
      "fromActivitySuggestion": {
        "activityTitle": "简易望远镜制作与观察",
        "activityText": "用凸透镜制作简易望远镜，用其观察远处的景物。",
        "themeCode": "2.3",
        "themeL2": "urn:jy:physics:OB05:ThemeL2:6"
      },
      "fromSection": {
        "sectionTitle": "六、学生实验：探究凸透镜成像",
        "chapter": "第八章 光现象",
        "grade": "八年级",
        "volume": "全一册",
        "edition": "北师大版（主编：郭玉英）"
      },
      "keywordOverlapBigrams": [
        "凸透",
        "透镜"
      ],
      "requiredKnowledgePoints": [
        "六、学生实验：探究凸透镜成像",
        "第八章 光现象"
      ]
    }
  },
  {
    "relationName": "sectionSupportsActivitySuggestion",
    "label": "节支撑活动建议 / supportsActivitySuggestion",
    "source": "urn:jy:physics:SB0401:OB06:Section:49",
    "target": "urn:jy:physics:OB05:ActivitySuggestion:2_3:03",
    "evidence": {
      "matchScore": 0.0327,
      "fromActivitySuggestion": {
        "activityTitle": "简易望远镜制作与观察",
        "activityText": "用凸透镜制作简易望远镜，用其观察远处的景物。",
        "themeCode": "2.3",
        "themeL2": "urn:jy:physics:OB05:ThemeL2:6"
      },
      "fromSection": {
        "sectionTitle": "六、学生实验：探究凸透镜成像",
        "chapter": "第八章 光现象",
        "grade": "八年级",
        "volume": "全一册",
        "edition": "北师大版（主编：郭玉英）"
      },
      "keywordOverlapBigrams": [
        "凸透",
        "透镜"
      ],
      "requiredKnowledgePoints": [
        "六、学生实验：探究凸透镜成像",
        "第八章 光现象"
      ]
    }
  },
  {
    "relationName": "activitySuggestionRequiresSection",
    "label": "活动建议需要节知识点 / requiresSectionKnowledge",
    "source": "urn:jy:physics:OB05:ActivitySuggestion:2_4:02",
    "target": "urn:jy:physics:SB0401:OB06:Section:83",
    "evidence": {
      "matchScore": 0.0944,
      "fromActivitySuggestion": {
        "activityTitle": "北斗卫星导航系统与卫星通信电磁波应用查阅",
        "activityText": "查阅资料，了解我国北斗卫星导航系统的作用和优势，讨论电磁波在卫星通信技术中的应用。",
        "themeCode": "2.4",
        "themeL2": "urn:jy:physics:OB05:ThemeL2:7"
      },
      "fromSection": {
        "sectionTitle": "二、电磁波",
        "chapter": "第十三章 通信技术简介",
        "grade": "九年级",
        "volume": "全一册",
        "edition": "北师大版（主编：郭玉英）"
      },
      "keywordOverlapBigrams": [
        "技术",
        "电磁",
        "通信",
        "信技",
        "磁波"
      ],
      "requiredKnowledgePoints": [
        "二、电磁波",
        "第十三章 通信技术简介"
      ]
    }
  },
  {
    "relationName": "sectionSupportsActivitySuggestion",
    "label": "节支撑活动建议 / supportsActivitySuggestion",
    "source": "urn:jy:physics:SB0401:OB06:Section:83",
    "target": "urn:jy:physics:OB05:ActivitySuggestion:2_4:02",
    "evidence": {
      "matchScore": 0.0944,
      "fromActivitySuggestion": {
        "activityTitle": "北斗卫星导航系统与卫星通信电磁波应用查阅",
        "activityText": "查阅资料，了解我国北斗卫星导航系统的作用和优势，讨论电磁波在卫星通信技术中的应用。",
        "themeCode": "2.4",
        "themeL2": "urn:jy:physics:OB05:ThemeL2:7"
      },
      "fromSection": {
        "sectionTitle": "二、电磁波",
        "chapter": "第十三章 通信技术简介",
        "grade": "九年级",
        "volume": "全一册",
        "edition": "北师大版（主编：郭玉英）"
      },
      "keywordOverlapBigrams": [
        "技术",
        "电磁",
        "通信",
        "信技",
        "磁波"
      ],
      "requiredKnowledgePoints": [
        "二、电磁波",
        "第十三章 通信技术简介"
      ]
    }
  },
  {
    "relationName": "activitySuggestionRequiresSection",
    "label": "活动建议需要节知识点 / requiresSectionKnowledge",
    "source": "urn:jy:physics:OB05:ActivitySuggestion:2_4:02",
    "target": "urn:jy:physics:SB0401:OB06:Section:85",
    "evidence": {
      "matchScore": 0.0629,
      "fromActivitySuggestion": {
        "activityTitle": "北斗卫星导航系统与卫星通信电磁波应用查阅",
        "activityText": "查阅资料，了解我国北斗卫星导航系统的作用和优势，讨论电磁波在卫星通信技术中的应用。",
        "themeCode": "2.4",
        "themeL2": "urn:jy:physics:OB05:ThemeL2:7"
      },
      "fromSection": {
        "sectionTitle": "四、现代通信技术及发展前景",
        "chapter": "第十三章 通信技术简介",
        "grade": "九年级",
        "volume": "全一册",
        "edition": "北师大版（主编：郭玉英）"
      },
      "keywordOverlapBigrams": [
        "信技",
        "技术",
        "通信"
      ],
      "requiredKnowledgePoints": [
        "四、现代通信技术及发展前景",
        "第十三章 通信技术简介"
      ]
    }
  },
  {
    "relationName": "sectionSupportsActivitySuggestion",
    "label": "节支撑活动建议 / supportsActivitySuggestion",
    "source": "urn:jy:physics:SB0401:OB06:Section:85",
    "target": "urn:jy:physics:OB05:ActivitySuggestion:2_4:02",
    "evidence": {
      "matchScore": 0.0629,
      "fromActivitySuggestion": {
        "activityTitle": "北斗卫星导航系统与卫星通信电磁波应用查阅",
        "activityText": "查阅资料，了解我国北斗卫星导航系统的作用和优势，讨论电磁波在卫星通信技术中的应用。",
        "themeCode": "2.4",
        "themeL2": "urn:jy:physics:OB05:ThemeL2:7"
      },
      "fromSection": {
        "sectionTitle": "四、现代通信技术及发展前景",
        "chapter": "第十三章 通信技术简介",
        "grade": "九年级",
        "volume": "全一册",
        "edition": "北师大版（主编：郭玉英）"
      },
      "keywordOverlapBigrams": [
        "信技",
        "技术",
        "通信"
      ],
      "requiredKnowledgePoints": [
        "四、现代通信技术及发展前景",
        "第十三章 通信技术简介"
      ]
    }
  },
  {
    "relationName": "activitySuggestionRequiresSection",
    "label": "活动建议需要节知识点 / requiresSectionKnowledge",
    "source": "urn:jy:physics:OB05:ActivitySuggestion:3_1:01",
    "target": "urn:jy:physics:SB0401:OB06:Section:40",
    "evidence": {
      "matchScore": 0.0346,
      "fromActivitySuggestion": {
        "activityTitle": "太阳能转化实例列举",
        "activityText": "列举太阳能在地球上转化为其他形式能量的实例。",
        "themeCode": "3.1",
        "themeL2": "urn:jy:physics:OB05:ThemeL2:8"
      },
      "fromSection": {
        "sectionTitle": "六、内能 能量转化",
        "chapter": "第七章 热现象",
        "grade": "八年级",
        "volume": "全一册",
        "edition": "北师大版（主编：郭玉英）"
      },
      "keywordOverlapBigrams": [
        "能量",
        "转化"
      ],
      "requiredKnowledgePoints": [
        "六、内能 能量转化",
        "第七章 热现象"
      ]
    }
  },
  {
    "relationName": "sectionSupportsActivitySuggestion",
    "label": "节支撑活动建议 / supportsActivitySuggestion",
    "source": "urn:jy:physics:SB0401:OB06:Section:40",
    "target": "urn:jy:physics:OB05:ActivitySuggestion:3_1:01",
    "evidence": {
      "matchScore": 0.0346,
      "fromActivitySuggestion": {
        "activityTitle": "太阳能转化实例列举",
        "activityText": "列举太阳能在地球上转化为其他形式能量的实例。",
        "themeCode": "3.1",
        "themeL2": "urn:jy:physics:OB05:ThemeL2:8"
      },
      "fromSection": {
        "sectionTitle": "六、内能 能量转化",
        "chapter": "第七章 热现象",
        "grade": "八年级",
        "volume": "全一册",
        "edition": "北师大版（主编：郭玉英）"
      },
      "keywordOverlapBigrams": [
        "能量",
        "转化"
      ],
      "requiredKnowledgePoints": [
        "六、内能 能量转化",
        "第七章 热现象"
      ]
    }
  },
  {
    "relationName": "activitySuggestionRequiresSection",
    "label": "活动建议需要节知识点 / requiresSectionKnowledge",
    "source": "urn:jy:physics:OB05:ActivitySuggestion:3_1:02",
    "target": "urn:jy:physics:SB0401:OB06:Section:40",
    "evidence": {
      "matchScore": 0.1611,
      "fromActivitySuggestion": {
        "activityTitle": "滑滑梯能量转化讨论",
        "activityText": "讨论人在滑滑梯过程中能量转化的情况。",
        "themeCode": "3.1",
        "themeL2": "urn:jy:physics:OB05:ThemeL2:8"
      },
      "fromSection": {
        "sectionTitle": "六、内能 能量转化",
        "chapter": "第七章 热现象",
        "grade": "八年级",
        "volume": "全一册",
        "edition": "北师大版（主编：郭玉英）"
      },
      "keywordOverlapBigrams": [
        "转化",
        "能量",
        "量转"
      ],
      "requiredKnowledgePoints": [
        "六、内能 能量转化",
        "第七章 热现象"
      ]
    }
  },
  {
    "relationName": "sectionSupportsActivitySuggestion",
    "label": "节支撑活动建议 / supportsActivitySuggestion",
    "source": "urn:jy:physics:SB0401:OB06:Section:40",
    "target": "urn:jy:physics:OB05:ActivitySuggestion:3_1:02",
    "evidence": {
      "matchScore": 0.1611,
      "fromActivitySuggestion": {
        "activityTitle": "滑滑梯能量转化讨论",
        "activityText": "讨论人在滑滑梯过程中能量转化的情况。",
        "themeCode": "3.1",
        "themeL2": "urn:jy:physics:OB05:ThemeL2:8"
      },
      "fromSection": {
        "sectionTitle": "六、内能 能量转化",
        "chapter": "第七章 热现象",
        "grade": "八年级",
        "volume": "全一册",
        "edition": "北师大版（主编：郭玉英）"
      },
      "keywordOverlapBigrams": [
        "转化",
        "能量",
        "量转"
      ],
      "requiredKnowledgePoints": [
        "六、内能 能量转化",
        "第七章 热现象"
      ]
    }
  },
  {
    "relationName": "activitySuggestionRequiresSection",
    "label": "活动建议需要节知识点 / requiresSectionKnowledge",
    "source": "urn:jy:physics:OB05:ActivitySuggestion:3_3:01",
    "target": "urn:jy:physics:SB0401:OB06:Section:42",
    "evidence": {
      "matchScore": 0.0483,
      "fromActivitySuggestion": {
        "activityTitle": "燃料结构变化调查讨论",
        "activityText": "调查当地近年采矿、取暖、交通等方面燃料结构的变化，从经济与环保的角度开展讨论。",
        "themeCode": "3.3",
        "themeL2": "urn:jy:physics:OB05:ThemeL2:10"
      },
      "fromSection": {
        "sectionTitle": "八、燃料 能源与环保",
        "chapter": "第七章 热现象",
        "grade": "八年级",
        "volume": "全一册",
        "edition": "北师大版（主编：郭玉英）"
      },
      "keywordOverlapBigrams": [
        "燃料",
        "与环",
        "环保"
      ],
      "requiredKnowledgePoints": [
        "八、燃料 能源与环保",
        "第七章 热现象"
      ]
    }
  },
  {
    "relationName": "sectionSupportsActivitySuggestion",
    "label": "节支撑活动建议 / supportsActivitySuggestion",
    "source": "urn:jy:physics:SB0401:OB06:Section:42",
    "target": "urn:jy:physics:OB05:ActivitySuggestion:3_3:01",
    "evidence": {
      "matchScore": 0.0483,
      "fromActivitySuggestion": {
        "activityTitle": "燃料结构变化调查讨论",
        "activityText": "调查当地近年采矿、取暖、交通等方面燃料结构的变化，从经济与环保的角度开展讨论。",
        "themeCode": "3.3",
        "themeL2": "urn:jy:physics:OB05:ThemeL2:10"
      },
      "fromSection": {
        "sectionTitle": "八、燃料 能源与环保",
        "chapter": "第七章 热现象",
        "grade": "八年级",
        "volume": "全一册",
        "edition": "北师大版（主编：郭玉英）"
      },
      "keywordOverlapBigrams": [
        "燃料",
        "与环",
        "环保"
      ],
      "requiredKnowledgePoints": [
        "八、燃料 能源与环保",
        "第七章 热现象"
      ]
    }
  },
  {
    "relationName": "activitySuggestionRequiresSection",
    "label": "活动建议需要节知识点 / requiresSectionKnowledge",
    "source": "urn:jy:physics:OB05:ActivitySuggestion:3_3:01",
    "target": "urn:jy:physics:SB0401:OB06:Section:39",
    "evidence": {
      "matchScore": 0.0389,
      "fromActivitySuggestion": {
        "activityTitle": "燃料结构变化调查讨论",
        "activityText": "调查当地近年采矿、取暖、交通等方面燃料结构的变化，从经济与环保的角度开展讨论。",
        "themeCode": "3.3",
        "themeL2": "urn:jy:physics:OB05:ThemeL2:10"
      },
      "fromSection": {
        "sectionTitle": "五、物质结构的微观模型",
        "chapter": "第七章 热现象",
        "grade": "八年级",
        "volume": "全一册",
        "edition": "北师大版（主编：郭玉英）"
      },
      "keywordOverlapBigrams": [
        "构的",
        "结构"
      ],
      "requiredKnowledgePoints": [
        "五、物质结构的微观模型",
        "第七章 热现象"
      ]
    }
  },
  {
    "relationName": "sectionSupportsActivitySuggestion",
    "label": "节支撑活动建议 / supportsActivitySuggestion",
    "source": "urn:jy:physics:SB0401:OB06:Section:39",
    "target": "urn:jy:physics:OB05:ActivitySuggestion:3_3:01",
    "evidence": {
      "matchScore": 0.0389,
      "fromActivitySuggestion": {
        "activityTitle": "燃料结构变化调查讨论",
        "activityText": "调查当地近年采矿、取暖、交通等方面燃料结构的变化，从经济与环保的角度开展讨论。",
        "themeCode": "3.3",
        "themeL2": "urn:jy:physics:OB05:ThemeL2:10"
      },
      "fromSection": {
        "sectionTitle": "五、物质结构的微观模型",
        "chapter": "第七章 热现象",
        "grade": "八年级",
        "volume": "全一册",
        "edition": "北师大版（主编：郭玉英）"
      },
      "keywordOverlapBigrams": [
        "构的",
        "结构"
      ],
      "requiredKnowledgePoints": [
        "五、物质结构的微观模型",
        "第七章 热现象"
      ]
    }
  },
  {
    "relationName": "activitySuggestionRequiresSection",
    "label": "活动建议需要节知识点 / requiresSectionKnowledge",
    "source": "urn:jy:physics:OB05:ActivitySuggestion:3_4:02",
    "target": "urn:jy:physics:SB0401:OB06:Section:18",
    "evidence": {
      "matchScore": 0.0314,
      "fromActivitySuggestion": {
        "activityTitle": "人均用电量变化与经济发展调查",
        "activityText": "调查当地人均用电量的变化，讨论它与当地经济发展的关系。",
        "themeCode": "3.4",
        "themeL2": "urn:jy:physics:OB05:ThemeL2:11"
      },
      "fromSection": {
        "sectionTitle": "六、运动和力的关系",
        "chapter": "第三章 运动和力",
        "grade": "八年级",
        "volume": "全一册",
        "edition": "北师大版（主编：郭玉英）"
      },
      "keywordOverlapBigrams": [
        "的关",
        "关系"
      ],
      "requiredKnowledgePoints": [
        "六、运动和力的关系",
        "第三章 运动和力"
      ]
    }
  },
  {
    "relationName": "sectionSupportsActivitySuggestion",
    "label": "节支撑活动建议 / supportsActivitySuggestion",
    "source": "urn:jy:physics:SB0401:OB06:Section:18",
    "target": "urn:jy:physics:OB05:ActivitySuggestion:3_4:02",
    "evidence": {
      "matchScore": 0.0314,
      "fromActivitySuggestion": {
        "activityTitle": "人均用电量变化与经济发展调查",
        "activityText": "调查当地人均用电量的变化，讨论它与当地经济发展的关系。",
        "themeCode": "3.4",
        "themeL2": "urn:jy:physics:OB05:ThemeL2:11"
      },
      "fromSection": {
        "sectionTitle": "六、运动和力的关系",
        "chapter": "第三章 运动和力",
        "grade": "八年级",
        "volume": "全一册",
        "edition": "北师大版（主编：郭玉英）"
      },
      "keywordOverlapBigrams": [
        "的关",
        "关系"
      ],
      "requiredKnowledgePoints": [
        "六、运动和力的关系",
        "第三章 运动和力"
      ]
    }
  },
  {
    "relationName": "activitySuggestionRequiresSection",
    "label": "活动建议需要节知识点 / requiresSectionKnowledge",
    "source": "urn:jy:physics:OB05:ActivitySuggestion:5_1:01",
    "target": "urn:jy:physics:SB0401:OB06:Section:30",
    "evidence": {
      "matchScore": 0.0539,
      "fromActivitySuggestion": {
        "activityTitle": "自行车中的跨学科知识分析小论文",
        "activityText": "通过资料查阅、商店咨询和实物考察，分析自行车中涉及的不同学科知识，选择感兴趣的主题撰写一篇小论文。",
        "themeCode": "5.1",
        "themeL2": "urn:jy:physics:OB05:ThemeL2:16"
      },
      "fromSection": {
        "sectionTitle": "课外探究 变速自行车",
        "chapter": "第五章 简单机械",
        "grade": "八年级",
        "volume": "全一册",
        "edition": "北师大版（主编：郭玉英）"
      },
      "keywordOverlapBigrams": [
        "自行",
        "行车"
      ],
      "requiredKnowledgePoints": [
        "课外探究 变速自行车",
        "第五章 简单机械"
      ]
    }
  },
  {
    "relationName": "sectionSupportsActivitySuggestion",
    "label": "节支撑活动建议 / supportsActivitySuggestion",
    "source": "urn:jy:physics:SB0401:OB06:Section:30",
    "target": "urn:jy:physics:OB05:ActivitySuggestion:5_1:01",
    "evidence": {
      "matchScore": 0.0539,
      "fromActivitySuggestion": {
        "activityTitle": "自行车中的跨学科知识分析小论文",
        "activityText": "通过资料查阅、商店咨询和实物考察，分析自行车中涉及的不同学科知识，选择感兴趣的主题撰写一篇小论文。",
        "themeCode": "5.1",
        "themeL2": "urn:jy:physics:OB05:ThemeL2:16"
      },
      "fromSection": {
        "sectionTitle": "课外探究 变速自行车",
        "chapter": "第五章 简单机械",
        "grade": "八年级",
        "volume": "全一册",
        "edition": "北师大版（主编：郭玉英）"
      },
      "keywordOverlapBigrams": [
        "自行",
        "行车"
      ],
      "requiredKnowledgePoints": [
        "课外探究 变速自行车",
        "第五章 简单机械"
      ]
    }
  },
  {
    "relationName": "activitySuggestionRequiresSection",
    "label": "活动建议需要节知识点 / requiresSectionKnowledge",
    "source": "urn:jy:physics:OB05:ActivitySuggestion:5_1:02",
    "target": "urn:jy:physics:SB0401:OB06:Section:92",
    "evidence": {
      "matchScore": 0.0378,
      "fromActivitySuggestion": {
        "activityTitle": "家庭用电安全跨学科调查报告",
        "activityText": "通过资料查阅和实物考察，探索家庭用电的安全问题，从跨学科视角撰写简单的调查报告。",
        "themeCode": "5.1",
        "themeL2": "urn:jy:physics:OB05:ThemeL2:16"
      },
      "fromSection": {
        "sectionTitle": "跨学科实践活动指导（1）——科技小魔术",
        "chapter": "科学探究",
        "grade": "九年级",
        "volume": "全一册",
        "edition": "北师大版（主编：郭玉英）"
      },
      "keywordOverlapBigrams": [
        "跨学",
        "学科"
      ],
      "requiredKnowledgePoints": [
        "跨学科实践活动指导（1）——科技小魔术",
        "科学探究"
      ]
    }
  },
  {
    "relationName": "sectionSupportsActivitySuggestion",
    "label": "节支撑活动建议 / supportsActivitySuggestion",
    "source": "urn:jy:physics:SB0401:OB06:Section:92",
    "target": "urn:jy:physics:OB05:ActivitySuggestion:5_1:02",
    "evidence": {
      "matchScore": 0.0378,
      "fromActivitySuggestion": {
        "activityTitle": "家庭用电安全跨学科调查报告",
        "activityText": "通过资料查阅和实物考察，探索家庭用电的安全问题，从跨学科视角撰写简单的调查报告。",
        "themeCode": "5.1",
        "themeL2": "urn:jy:physics:OB05:ThemeL2:16"
      },
      "fromSection": {
        "sectionTitle": "跨学科实践活动指导（1）——科技小魔术",
        "chapter": "科学探究",
        "grade": "九年级",
        "volume": "全一册",
        "edition": "北师大版（主编：郭玉英）"
      },
      "keywordOverlapBigrams": [
        "跨学",
        "学科"
      ],
      "requiredKnowledgePoints": [
        "跨学科实践活动指导（1）——科技小魔术",
        "科学探究"
      ]
    }
  },
  {
    "relationName": "activitySuggestionRequiresSection",
    "label": "活动建议需要节知识点 / requiresSectionKnowledge",
    "source": "urn:jy:physics:OB05:ActivitySuggestion:5_1:02",
    "target": "urn:jy:physics:SB0401:OB06:Section:93",
    "evidence": {
      "matchScore": 0.0372,
      "fromActivitySuggestion": {
        "activityTitle": "家庭用电安全跨学科调查报告",
        "activityText": "通过资料查阅和实物考察，探索家庭用电的安全问题，从跨学科视角撰写简单的调查报告。",
        "themeCode": "5.1",
        "themeL2": "urn:jy:physics:OB05:ThemeL2:16"
      },
      "fromSection": {
        "sectionTitle": "跨学科实践活动指导（2）——机械中的妙趣",
        "chapter": "科学探究",
        "grade": "九年级",
        "volume": "全一册",
        "edition": "北师大版（主编：郭玉英）"
      },
      "keywordOverlapBigrams": [
        "跨学",
        "学科"
      ],
      "requiredKnowledgePoints": [
        "跨学科实践活动指导（2）——机械中的妙趣",
        "科学探究"
      ]
    }
  },
  {
    "relationName": "sectionSupportsActivitySuggestion",
    "label": "节支撑活动建议 / supportsActivitySuggestion",
    "source": "urn:jy:physics:SB0401:OB06:Section:93",
    "target": "urn:jy:physics:OB05:ActivitySuggestion:5_1:02",
    "evidence": {
      "matchScore": 0.0372,
      "fromActivitySuggestion": {
        "activityTitle": "家庭用电安全跨学科调查报告",
        "activityText": "通过资料查阅和实物考察，探索家庭用电的安全问题，从跨学科视角撰写简单的调查报告。",
        "themeCode": "5.1",
        "themeL2": "urn:jy:physics:OB05:ThemeL2:16"
      },
      "fromSection": {
        "sectionTitle": "跨学科实践活动指导（2）——机械中的妙趣",
        "chapter": "科学探究",
        "grade": "九年级",
        "volume": "全一册",
        "edition": "北师大版（主编：郭玉英）"
      },
      "keywordOverlapBigrams": [
        "跨学",
        "学科"
      ],
      "requiredKnowledgePoints": [
        "跨学科实践活动指导（2）——机械中的妙趣",
        "科学探究"
      ]
    }
  },
  {
    "relationName": "activitySuggestionRequiresSection",
    "label": "活动建议需要节知识点 / requiresSectionKnowledge",
    "source": "urn:jy:physics:OB05:ActivitySuggestion:5_3:03",
    "target": "urn:jy:physics:SB0401:OB06:Section:85",
    "evidence": {
      "matchScore": 0.0659,
      "fromActivitySuggestion": {
        "activityTitle": "手机改进历程典型案例查阅",
        "activityText": "查阅资料，了解手机改进历程中的典型案例，体会通信技术的进步对社会发展的影响。",
        "themeCode": "5.3",
        "themeL2": "urn:jy:physics:OB05:ThemeL2:18"
      },
      "fromSection": {
        "sectionTitle": "四、现代通信技术及发展前景",
        "chapter": "第十三章 通信技术简介",
        "grade": "九年级",
        "volume": "全一册",
        "edition": "北师大版（主编：郭玉英）"
      },
      "keywordOverlapBigrams": [
        "信技",
        "发展",
        "技术",
        "通信"
      ],
      "requiredKnowledgePoints": [
        "四、现代通信技术及发展前景",
        "第十三章 通信技术简介"
      ]
    }
  },
  {
    "relationName": "sectionSupportsActivitySuggestion",
    "label": "节支撑活动建议 / supportsActivitySuggestion",
    "source": "urn:jy:physics:SB0401:OB06:Section:85",
    "target": "urn:jy:physics:OB05:ActivitySuggestion:5_3:03",
    "evidence": {
      "matchScore": 0.0659,
      "fromActivitySuggestion": {
        "activityTitle": "手机改进历程典型案例查阅",
        "activityText": "查阅资料，了解手机改进历程中的典型案例，体会通信技术的进步对社会发展的影响。",
        "themeCode": "5.3",
        "themeL2": "urn:jy:physics:OB05:ThemeL2:18"
      },
      "fromSection": {
        "sectionTitle": "四、现代通信技术及发展前景",
        "chapter": "第十三章 通信技术简介",
        "grade": "九年级",
        "volume": "全一册",
        "edition": "北师大版（主编：郭玉英）"
      },
      "keywordOverlapBigrams": [
        "信技",
        "发展",
        "技术",
        "通信"
      ],
      "requiredKnowledgePoints": [
        "四、现代通信技术及发展前景",
        "第十三章 通信技术简介"
      ]
    }
  },
  {
    "relationName": "activitySuggestionRequiresSection",
    "label": "活动建议需要节知识点 / requiresSectionKnowledge",
    "source": "urn:jy:physics:OB05:ActivitySuggestion:5_3:03",
    "target": "urn:jy:physics:SB0401:OB06:Section:82",
    "evidence": {
      "matchScore": 0.0476,
      "fromActivitySuggestion": {
        "activityTitle": "手机改进历程典型案例查阅",
        "activityText": "查阅资料，了解手机改进历程中的典型案例，体会通信技术的进步对社会发展的影响。",
        "themeCode": "5.3",
        "themeL2": "urn:jy:physics:OB05:ThemeL2:18"
      },
      "fromSection": {
        "sectionTitle": "一、通信发展简史",
        "chapter": "第十三章 通信技术简介",
        "grade": "九年级",
        "volume": "全一册",
        "edition": "北师大版（主编：郭玉英）"
      },
      "keywordOverlapBigrams": [
        "通信",
        "信技",
        "技术",
        "发展"
      ],
      "requiredKnowledgePoints": [
        "一、通信发展简史",
        "第十三章 通信技术简介"
      ]
    }
  },
  {
    "relationName": "sectionSupportsActivitySuggestion",
    "label": "节支撑活动建议 / supportsActivitySuggestion",
    "source": "urn:jy:physics:SB0401:OB06:Section:82",
    "target": "urn:jy:physics:OB05:ActivitySuggestion:5_3:03",
    "evidence": {
      "matchScore": 0.0476,
      "fromActivitySuggestion": {
        "activityTitle": "手机改进历程典型案例查阅",
        "activityText": "查阅资料，了解手机改进历程中的典型案例，体会通信技术的进步对社会发展的影响。",
        "themeCode": "5.3",
        "themeL2": "urn:jy:physics:OB05:ThemeL2:18"
      },
      "fromSection": {
        "sectionTitle": "一、通信发展简史",
        "chapter": "第十三章 通信技术简介",
        "grade": "九年级",
        "volume": "全一册",
        "edition": "北师大版（主编：郭玉英）"
      },
      "keywordOverlapBigrams": [
        "通信",
        "信技",
        "技术",
        "发展"
      ],
      "requiredKnowledgePoints": [
        "一、通信发展简史",
        "第十三章 通信技术简介"
      ]
    }
  }
]