[
    {
        "relationName": "themeL2BelongsToThemeL1",
        "label": "一级主题包含二级主题",
        "source": "urn:jy:physics:OB05:ThemeL2:1",
        "target": "urn:jy:physics:OB05:ThemeL1:1"
    },
    {
        "relationName": "themeL1IncludesThemeL2",
        "label": "二级主题属于一级主题",
        "source": "urn:jy:physics:OB05:ThemeL1:1",
        "target": "urn:jy:physics:OB05:ThemeL2:1"
    },
    {
        "relationName": "themeL2BelongsToThemeL1",
        "label": "一级主题包含二级主题",
        "source": "urn:jy:physics:OB05:ThemeL2:2",
        "target": "urn:jy:physics:OB05:ThemeL1:1"
    },
    {
        "relationName": "themeL1IncludesThemeL2",
        "label": "二级主题属于一级主题",
        "source": "urn:jy:physics:OB05:ThemeL1:1",
        "target": "urn:jy:physics:OB05:ThemeL2:2"
    },
    {
        "relationName": "themeL2BelongsToThemeL1",
        "label": "一级主题包含二级主题",
        "source": "urn:jy:physics:OB05:ThemeL2:3",
        "target": "urn:jy:physics:OB05:ThemeL1:1"
    },
    {
        "relationName": "themeL1IncludesThemeL2",
        "label": "二级主题属于一级主题",
        "source": "urn:jy:physics:OB05:ThemeL1:1",
        "target": "urn:jy:physics:OB05:ThemeL2:3"
    },
    {
        "relationName": "themeL2BelongsToThemeL1",
        "label": "一级主题包含二级主题",
        "source": "urn:jy:physics:OB05:ThemeL2:4",
        "target": "urn:jy:physics:OB05:ThemeL1:2"
    },
    {
        "relationName": "themeL1IncludesThemeL2",
        "label": "二级主题属于一级主题",
        "source": "urn:jy:physics:OB05:ThemeL1:2",
        "target": "urn:jy:physics:OB05:ThemeL2:4"
    },
    {
        "relationName": "themeL2BelongsToThemeL1",
        "label": "一级主题包含二级主题",
        "source": "urn:jy:physics:OB05:ThemeL2:5",
        "target": "urn:jy:physics:OB05:ThemeL1:2"
    },
    {
        "relationName": "themeL1IncludesThemeL2",
        "label": "二级主题属于一级主题",
        "source": "urn:jy:physics:OB05:ThemeL1:2",
        "target": "urn:jy:physics:OB05:ThemeL2:5"
    },
    {
        "relationName": "themeL2BelongsToThemeL1",
        "label": "一级主题包含二级主题",
        "source": "urn:jy:physics:OB05:ThemeL2:6",
        "target": "urn:jy:physics:OB05:ThemeL1:2"
    },
    {
        "relationName": "themeL1IncludesThemeL2",
        "label": "二级主题属于一级主题",
        "source": "urn:jy:physics:OB05:ThemeL1:2",
        "target": "urn:jy:physics:OB05:ThemeL2:6"
    },
    {
        "relationName": "themeL2BelongsToThemeL1",
        "label": "一级主题包含二级主题",
        "source": "urn:jy:physics:OB05:ThemeL2:7",
        "target": "urn:jy:physics:OB05:ThemeL1:2"
    },
    {
        "relationName": "themeL1IncludesThemeL2",
        "label": "二级主题属于一级主题",
        "source": "urn:jy:physics:OB05:ThemeL1:2",
        "target": "urn:jy:physics:OB05:ThemeL2:7"
    },
    {
        "relationName": "themeL2BelongsToThemeL1",
        "label": "一级主题包含二级主题",
        "source": "urn:jy:physics:OB05:ThemeL2:8",
        "target": "urn:jy:physics:OB05:ThemeL1:3"
    },
    {
        "relationName": "themeL1IncludesThemeL2",
        "label": "二级主题属于一级主题",
        "source": "urn:jy:physics:OB05:ThemeL1:3",
        "target": "urn:jy:physics:OB05:ThemeL2:8"
    },
    {
        "relationName": "themeL2BelongsToThemeL1",
        "label": "一级主题包含二级主题",
        "source": "urn:jy:physics:OB05:ThemeL2:9",
        "target": "urn:jy:physics:OB05:ThemeL1:3"
    },
    {
        "relationName": "themeL1IncludesThemeL2",
        "label": "二级主题属于一级主题",
        "source": "urn:jy:physics:OB05:ThemeL1:3",
        "target": "urn:jy:physics:OB05:ThemeL2:9"
    },
    {
        "relationName": "themeL2BelongsToThemeL1",
        "label": "一级主题包含二级主题",
        "source": "urn:jy:physics:OB05:ThemeL2:10",
        "target": "urn:jy:physics:OB05:ThemeL1:3"
    },
    {
        "relationName": "themeL1IncludesThemeL2",
        "label": "二级主题属于一级主题",
        "source": "urn:jy:physics:OB05:ThemeL1:3",
        "target": "urn:jy:physics:OB05:ThemeL2:10"
    },
    {
        "relationName": "themeL2BelongsToThemeL1",
        "label": "一级主题包含二级主题",
        "source": "urn:jy:physics:OB05:ThemeL2:11",
        "target": "urn:jy:physics:OB05:ThemeL1:3"
    },
    {
        "relationName": "themeL1IncludesThemeL2",
        "label": "二级主题属于一级主题",
        "source": "urn:jy:physics:OB05:ThemeL1:3",
        "target": "urn:jy:physics:OB05:ThemeL2:11"
    },
    {
        "relationName": "themeL2BelongsToThemeL1",
        "label": "一级主题包含二级主题",
        "source": "urn:jy:physics:OB05:ThemeL2:12",
        "target": "urn:jy:physics:OB05:ThemeL1:3"
    },
    {
        "relationName": "themeL1IncludesThemeL2",
        "label": "二级主题属于一级主题",
        "source": "urn:jy:physics:OB05:ThemeL1:3",
        "target": "urn:jy:physics:OB05:ThemeL2:12"
    },
    {
        "relationName": "themeL2BelongsToThemeL1",
        "label": "一级主题包含二级主题",
        "source": "urn:jy:physics:OB05:ThemeL2:13",
        "target": "urn:jy:physics:OB05:ThemeL1:3"
    },
    {
        "relationName": "themeL1IncludesThemeL2",
        "label": "二级主题属于一级主题",
        "source": "urn:jy:physics:OB05:ThemeL1:3",
        "target": "urn:jy:physics:OB05:ThemeL2:13"
    },
    {
        "relationName": "themeL2BelongsToThemeL1",
        "label": "一级主题包含二级主题",
        "source": "urn:jy:physics:OB05:ThemeL2:14",
        "target": "urn:jy:physics:OB05:ThemeL1:4"
    },
    {
        "relationName": "themeL1IncludesThemeL2",
        "label": "二级主题属于一级主题",
        "source": "urn:jy:physics:OB05:ThemeL1:4",
        "target": "urn:jy:physics:OB05:ThemeL2:14"
    },
    {
        "relationName": "themeL2BelongsToThemeL1",
        "label": "一级主题包含二级主题",
        "source": "urn:jy:physics:OB05:ThemeL2:15",
        "target": "urn:jy:physics:OB05:ThemeL1:4"
    },
    {
        "relationName": "themeL1IncludesThemeL2",
        "label": "二级主题属于一级主题",
        "source": "urn:jy:physics:OB05:ThemeL1:4",
        "target": "urn:jy:physics:OB05:ThemeL2:15"
    },
    {
        "relationName": "themeL2BelongsToThemeL1",
        "label": "一级主题包含二级主题",
        "source": "urn:jy:physics:OB05:ThemeL2:16",
        "target": "urn:jy:physics:OB05:ThemeL1:5"
    },
    {
        "relationName": "themeL1IncludesThemeL2",
        "label": "二级主题属于一级主题",
        "source": "urn:jy:physics:OB05:ThemeL1:5",
        "target": "urn:jy:physics:OB05:ThemeL2:16"
    },
    {
        "relationName": "themeL2BelongsToThemeL1",
        "label": "一级主题包含二级主题",
        "source": "urn:jy:physics:OB05:ThemeL2:17",
        "target": "urn:jy:physics:OB05:ThemeL1:5"
    },
    {
        "relationName": "themeL1IncludesThemeL2",
        "label": "二级主题属于一级主题",
        "source": "urn:jy:physics:OB05:ThemeL1:5",
        "target": "urn:jy:physics:OB05:ThemeL2:17"
    },
    {
        "relationName": "themeL2BelongsToThemeL1",
        "label": "一级主题包含二级主题",
        "source": "urn:jy:physics:OB05:ThemeL2:18",
        "target": "urn:jy:physics:OB05:ThemeL1:5"
    },
    {
        "relationName": "themeL1IncludesThemeL2",
        "label": "二级主题属于一级主题",
        "source": "urn:jy:physics:OB05:ThemeL1:5",
        "target": "urn:jy:physics:OB05:ThemeL2:18"
    }
]