[
    {
      "type": "CoreLiteracy",
      "title": "生命观念",
      "description": "生命观念是指对观察到的生命现象及其相互关系或特性进行解释后的抽象，是人们经过实证后的观点，是生物学概念、原理、规律的提炼和升华，是能够理解或解释生物学相关事件和现象的意识和思想方法。",
      "subject": "SB0403",
      "applicableLevel": "OB06",
      "contentJson": {
        "standard": "水平一",
        "standardDescription": "在熟悉的、结构良好的生产生活或生物学研究等问题情境中，从生物学的结构与功能观、物质与能量观、进化与适应观、稳态与平衡观中的特定角度，在微观和宏观层面，描述其中所体现的生命系统的成分、结构及其功能，生命活动调节过程、稳态的维持、物质变化和能量转换，遗传与变异的物质基础和规律，以及生物的多样性和统一性。"
      },
      "identifier": "urn:jy:biology:SB0403:OB06:CoreLiteracy:l1"
    },
    {
      "type": "CoreLiteracy",
      "title": "生命观念",
      "description": "生命观念是指对观察到的生命现象及其相互关系或特性进行解释后的抽象，是人们经过实证后的观点，是生物学概念、原理、规律的提炼和升华，是能够理解或解释生物学相关事件和现象的意识和思想方法。",
      "subject": "SB0403",
      "applicableLevel": "OB06",
      "contentJson": {
        "standard": "水平二",
        "standardDescription": "在较为陌生的、结构良好的生产生活或生物学研究等问题情境中，从生物学的结构与功能观、物质与能量观、进化与适应观、稳态与平衡观中的不同角度，在微观和宏观层面，说明和解释其中所体现的生命系统的成分、结构及其功能，生命活动调节机制、稳态维持机制、物质变化和能量转换，遗传与变异的物质基础和规律，以及生物的多样性和统一性。"
      },
      "identifier": "urn:jy:biology:SB0403:OB06:CoreLiteracy:l2"
    },
    {
      "type": "CoreLiteracy",
      "title": "生命观念",
      "description": "生命观念是指对观察到的生命现象及其相互关系或特性进行解释后的抽象，是人们经过实证后的观点，是生物学概念、原理、规律的提炼和升华，是能够理解或解释生物学相关事件和现象的意识和思想方法。",
      "subject": "SB0403",
      "applicableLevel": "OB06",
      "contentJson": {
        "standard": "水平三",
        "standardDescription": "在较为陌生的、结构不良的生产生活或生物学研究等问题情境中，综合运用生物学的结构与功能观、物质与能量观、进化与适应观、稳态与平衡观，在微观和宏观层面，阐释其中所体现的生命系统的成分、结构及其功能，生命活动调节机制、稳态维持机制、物质变化和能量转换，遗传与变异的物质基础和规律，以及生物的多样性和统一性。"
      },
      "identifier": "urn:jy:biology:SB0403:OB06:CoreLiteracy:l3"
    },

    {
      "type": "CoreLiteracy",
      "title": "科学思维",
      "description": "科学思维是指尊重事实和证据，崇尚严谨和务实的求知态度，运用科学的思维方法认识事物、解决实际问题的思维习惯和能力。",
      "subject": "SB0403",
      "applicableLevel": "OB06",
      "contentJson": {
        "standard": "水平一",
        "standardDescription": "在熟悉的、结构良好的生产生活或生物学研究等问题情境中，基于证据和逻辑，运用比较、分类、归纳、演绎、分析、综合、建模等方法分析生命现象中的生物学重要概念或原理，并使用文字或示意图等表征形式进行直观展示。"
      },
      "identifier": "urn:jy:biology:SB0403:OB06:CoreLiteracy:l4"
    },
    {
      "type": "CoreLiteracy",
      "title": "科学思维",
      "description": "科学思维是指尊重事实和证据，崇尚严谨和务实的求知态度，运用科学的思维方法认识事物、解决实际问题的思维习惯和能力。",
      "subject": "SB0403",
      "applicableLevel": "OB06",
      "contentJson": {
        "standard": "水平二",
        "standardDescription": "在较为陌生的、结构良好的生产生活或生物学研究等问题情境中，基于证据和逻辑，综合运用比较、分类、归纳、演绎、分析、综合、建模等方法分析和解释其中的生物学规律或机制，并使用文字、图示或模型说明其内涵，并对生命现象的变化作出预测。"
      },
      "identifier": "urn:jy:biology:SB0403:OB06:CoreLiteracy:l5"
    },
    {
      "type": "CoreLiteracy",
      "title": "科学思维",
      "description": "科学思维是指尊重事实和证据，崇尚严谨和务实的求知态度，运用科学的思维方法认识事物、解决实际问题的思维习惯和能力。",
      "subject": "SB0403",
      "applicableLevel": "OB06",
      "contentJson": {
        "standard": "水平三",
        "standardDescription": "在较为陌生的、结构不良的生产生活或生物学研究等问题情境中，基于证据和逻辑，综合运用比较、分类、归纳、演绎、分析、综合、建模等方法，以及批判性思维和创造性思维，揭示情境中所蕴含的生物学规律或机制，通过恰当的表征形式阐释其内涵，并综合运用多个相关的生物学重要概念或原理，对生命现象的变化作出预测。"
      },
      "identifier": "urn:jy:biology:SB0403:OB06:CoreLiteracy:l6"
    },

    {
      "type": "CoreLiteracy",
      "title": "科学探究",
      "description": "科学探究是指能够发现现实世界中的生物学问题，针对特定的生物学现象，进行观察、提问、实验设计、方案实施以及对结果的交流与讨论的能力。",
      "subject": "SB0403",
      "applicableLevel": "OB06",
      "contentJson": {
        "standard": "水平一",
        "standardDescription": "在熟悉的、结构良好的生产生活或生物学研究等问题情境中，能够基于对生命现象的分析，提出可探究的问题；使用常用的实验器具，遵循正确的伦理道德，设计和实施简单的探究方案，如实记录和分析研究结果，依据结果得出结论；通过书面和口头报告进行交流；在活动中能与他人合作，体验和感悟科学探究对解决实际问题的意义和价值。"
      },
      "identifier": "urn:jy:biology:SB0403:OB06:CoreLiteracy:l7"
    },
    {
      "type": "CoreLiteracy",
      "title": "科学探究",
      "description": "科学探究是指能够发现现实世界中的生物学问题，针对特定的生物学现象，进行观察、提问、实验设计、方案实施以及对结果的交流与讨论的能力。",
      "subject": "SB0403",
      "applicableLevel": "OB06",
      "contentJson": {
        "standard": "水平二",
        "standardDescription": "在较为陌生的、结构良好的生产生活或生物学研究等问题情境中，能够基于对生命现象或现实需求的分析，提出可探究的生物学问题或工程任务；分析已知条件，运用生物学概念、原理和技术手段，选用恰当的器材，设计并实施探究实验方案或工程学实践方案，运用多种方法如实记录和分析研究结果，尝试解决问题或完成工程任务，并使用证据与他人进行交流；在活动中能与他人合作。"
      },
      "identifier": "urn:jy:biology:SB0403:OB06:CoreLiteracy:l8"
    },
    {
      "type": "CoreLiteracy",
      "title": "科学探究",
      "description": "科学探究是指能够发现现实世界中的生物学问题，针对特定的生物学现象，进行观察、提问、实验设计、方案实施以及对结果的交流与讨论的能力。",
      "subject": "SB0403",
      "applicableLevel": "OB06",
      "contentJson": {
        "standard": "水平三",
        "standardDescription": "在较为陌生的、结构不良的生产生活或生物学研究等问题情境中，基于对现象或现实需求的分析，提出清晰和可探究的生物学问题或工程任务；分析已知条件和制约因素，遵循正确的伦理道德，综合运用多学科知识、思想、方法和技术手段，选用恰当的器材，创造性地设计和实施可行的研究方案，如实记录和选用恰当的方法分析研究结果，解决问题或完成工程任务；使用证据与他人进行有效交流与反思；在活动中积极主动地与他人合作。"
      },
      "identifier": "urn:jy:biology:SB0403:OB06:CoreLiteracy:l9"
    },

    {
      "type": "CoreLiteracy",
      "title": "社会责任",
      "description": "社会责任是指基于生物学的认识，参与个人与社会事务的讨论，作出理性解释和判断，解决生产生活问题的担当和能力。",
      "subject": "SB0403",
      "applicableLevel": "OB06",
      "contentJson": {
        "standard": "水平一",
        "standardDescription": "在熟悉的、结构良好的生产生活或生物学研究等问题情境中，运用生命健康、人与自然和谐共生等基本观念，践行健康的生活方式，表现出保护环境的行为习惯，辨别迷信和伪科学；遵循正确的伦理道德，关注社会热点中与生物学有关的议题和生物学技术的应用。"
      },
      "identifier": "urn:jy:biology:SB0403:OB06:CoreLiteracy:l10"
    },
    {
      "type": "CoreLiteracy",
      "title": "社会责任",
      "description": "社会责任是指基于生物学的认识，参与个人与社会事务的讨论，作出理性解释和判断，解决生产生活问题的担当和能力。",
      "subject": "SB0403",
      "applicableLevel": "OB06",
      "contentJson": {
        "standard": "水平二",
        "standardDescription": "在较为陌生的、结构良好的生产生活或生物学研究等问题情境中，能参与宣传健康生活、生物多样性和环境保护、生物技术安全和伦理等方面的相关知识和科学做法，参与社会性科学议题的讨论，从科学、技术与社会等方面阐明个人立场；认同人与自然和谐共生的观念，开展健康生活、生物多样性和环境保护等方面的实践活动。"
      },
      "identifier": "urn:jy:biology:SB0403:OB06:CoreLiteracy:l11"
    },
    {
      "type": "CoreLiteracy",
      "title": "社会责任",
      "description": "社会责任是指基于生物学的认识，参与个人与社会事务的讨论，作出理性解释和判断，解决生产生活问题的担当和能力。",
      "subject": "SB0403",
      "applicableLevel": "OB06",
      "contentJson": {
        "standard": "水平三",
        "standardDescription": "在较为陌生的、结构不良的生产生活或生物学研究等问题情境中，遵循正确的伦理道德，客观分析与评价常见生物技术在生产生活中的应用所产生的效益和风险；运用批判性思维等参与社会性科学议题的讨论，阐述不同观点或行为的科学性与合理性，从科学、技术与社会等方面阐明个人立场，作出理性决策；秉持人与自然和谐共生的观念，积极主动地与他人合作，开展健康生活、生物多样性和环境保护等方面的实践活动。"
      },
      "identifier": "urn:jy:biology:SB0403:OB06:CoreLiteracy:l12"
    }
  ]
