[
  {
    "type": "CourseTarget",
    "title": "目标要求",
    "description": "学生通过本课程的学习，能认识到生物学在坚持人与自然和谐共生，促进科技发展、社会进步和提高人类生活质量等方面的重要贡献；树立生命观念，能够运用这些观念解释生命现象，探索生命规律；形成科学思维的习惯，能够运用已有的生物学知识、证据和逻辑对社会性科学议题进行思考或展开论证；掌握科学探究的思路和方法，形成合作精神，善于从实践的层面探讨或尝试解决现实生活问题；具有开展生物学实践活动的意愿和社会责任感，在面对现实世界的挑战时，能充分利用生物学知识主动宣传引导，愿意承担抵制毒品和不良生活习惯等社会责任，为继续学习和走向社会打下认识和实践的基础。",
    "subject": "SB0403",
    "applicableLevel": "OB06",
    "contentJson": {},
    "identifier": "urn:jy:biology:SB0403:OB06:CourseTarget:l1"
  }
]
