[
      {
        "type": "CourseModule",
        "title": "必修课程",
        "description": "必修课程是现代生物学的核心内容，对于提高全体学生的生物学学科核心素养具有不可或缺的作用。必修课程是学习选择性必修和选修课程的基础。必修课程面向全体高中学生，选择了生物学最基本的重要概念。为了让学生更好地理解与掌握教学内容，教学中要高度重视学生的实践环节，力求为学生提供更多的动手实践机会。",
        "subject": "SB0403",
        "applicableLevel": "OB06",
        "contentJson": {},
        "identifier": "urn:jy:biology:SB0403:OB06:CourseModule:l1"
      },
      {
        "type": "CourseModule",
        "title": "选择性必修课程",
        "description": "",
        "subject": "SB0403",
        "applicableLevel": "OB06",
        "contentJson": {},
        "identifier": "urn:jy:biology:SB0403:OB06:CourseModule:l2"
      },
      {
        "type": "CourseModule",
        "title": "选修课程",
        "description": "选修课程旨在帮助学生更好地生活、就业，以及满足一部分学生选择从事科学研究的需求。为便于学校设计有针对性的、适合当地教学条件的校本课程，提供课程的选题及设计实施建议如下。",
        "subject": "SB0403",
        "applicableLevel": "OB06",
        "contentJson": {},
        "identifier": "urn:jy:biology:SB0403:OB06:CourseModule:l3"
      }
]
  