[
    {
        "type": "Section",
        "title": "第1节 细胞是生命活动的基本单位",
        "description": "",
        "subject": "SB0403",
        "applicableLevel": "OB06",
        "contentJson": {
            "academicTerm": "高中",
            "grade": "高一",
            "edition": "人教版",
            "volume": "必修1 分子与细胞",
            "chapter": "urn:jy:biology:SB0403:OB06:Chapter:l2"
        },
        "identifier": "urn:jy:biology:SB0403:OB06:Section:l1"
    },
    {
        "type": "Section",
        "title": "第2节 细胞的多样性和统一性",
        "description": "",
        "subject": "SB0403",
        "applicableLevel": "OB06",
        "contentJson": {
            "academicTerm": "高中",
            "grade": "高一",
            "edition": "人教版",
            "volume": "必修1 分子与细胞",
            "chapter": "urn:jy:biology:SB0403:OB06:Chapter:l2"
        },
        "identifier": "urn:jy:biology:SB0403:OB06:Section:l2"
    },
    {
        "type": "Section",
        "title": "探究·实践 使用高倍显微镜观察几种细胞",
        "description": "",
        "subject": "SB0403",
        "applicableLevel": "OB06",
        "contentJson": {
            "academicTerm": "高中",
            "grade": "高一",
            "edition": "人教版",
            "volume": "必修1 分子与细胞",
            "chapter": "urn:jy:biology:SB0403:OB06:Chapter:l2"
        },
        "identifier": "urn:jy:biology:SB0403:OB06:Section:l3"
    },
    {
        "type": "Section",
        "title": "生物科技进展 人工合成生命的探索",
        "description": "",
        "subject": "SB0403",
        "applicableLevel": "OB06",
        "contentJson": {
            "academicTerm": "高中",
            "grade": "高一",
            "edition": "人教版",
            "volume": "必修1 分子与细胞",
            "chapter": "urn:jy:biology:SB0403:OB06:Chapter:l2"
        },
        "identifier": "urn:jy:biology:SB0403:OB06:Section:l4"
    },
    {
        "type": "Section",
        "title": "第1节 细胞中的元素和化合物",
        "description": "",
        "subject": "SB0403",
        "applicableLevel": "OB06",
        "contentJson": {
            "academicTerm": "高中",
            "grade": "高一",
            "edition": "人教版",
            "volume": "必修1 分子与细胞",
            "chapter": "urn:jy:biology:SB0403:OB06:Chapter:l3"
        },
        "identifier": "urn:jy:biology:SB0403:OB06:Section:l5"
    },
    {
        "type": "Section",
        "title": "探究·实践 检测生物组织中的糖类、脂肪和蛋白质",
        "description": "",
        "subject": "SB0403",
        "applicableLevel": "OB06",
        "contentJson": {
            "academicTerm": "高中",
            "grade": "高一",
            "edition": "人教版",
            "volume": "必修1 分子与细胞",
            "chapter": "urn:jy:biology:SB0403:OB06:Chapter:l3"
        },
        "identifier": "urn:jy:biology:SB0403:OB06:Section:l6"
    },
    {
        "type": "Section",
        "title": "第2节 细胞中的无机物",
        "description": "",
        "subject": "SB0403",
        "applicableLevel": "OB06",
        "contentJson": {
            "academicTerm": "高中",
            "grade": "高一",
            "edition": "人教版",
            "volume": "必修1 分子与细胞",
            "chapter": "urn:jy:biology:SB0403:OB06:Chapter:l3"
        },
        "identifier": "urn:jy:biology:SB0403:OB06:Section:l7"
    },
    {
        "type": "Section",
        "title": "第3节 细胞中的糖类和脂质",
        "description": "",
        "subject": "SB0403",
        "applicableLevel": "OB06",
        "contentJson": {
            "academicTerm": "高中",
            "grade": "高一",
            "edition": "人教版",
            "volume": "必修1 分子与细胞",
            "chapter": "urn:jy:biology:SB0403:OB06:Chapter:l3"
        },
        "identifier": "urn:jy:biology:SB0403:OB06:Section:l8"
    },
    {
        "type": "Section",
        "title": "第4节 蛋白质是生命活动的主要承担者",
        "description": "",
        "subject": "SB0403",
        "applicableLevel": "OB06",
        "contentJson": {
            "academicTerm": "高中",
            "grade": "高一",
            "edition": "人教版",
            "volume": "必修1 分子与细胞",
            "chapter": "urn:jy:biology:SB0403:OB06:Chapter:l3"
        },
        "identifier": "urn:jy:biology:SB0403:OB06:Section:l9"
    },
    {
        "type": "Section",
        "title": "生物科学史话 世界上第一个人工合成蛋白质的诞生",
        "description": "",
        "subject": "SB0403",
        "applicableLevel": "OB06",
        "contentJson": {
            "academicTerm": "高中",
            "grade": "高一",
            "edition": "人教版",
            "volume": "必修1 分子与细胞",
            "chapter": "urn:jy:biology:SB0403:OB06:Chapter:l3"
        },
        "identifier": "urn:jy:biology:SB0403:OB06:Section:l10"
    },
    {
        "type": "Section",
        "title": "第5节 核酸是遗传信息的携带者",
        "description": "",
        "subject": "SB0403",
        "applicableLevel": "OB06",
        "contentJson": {
            "academicTerm": "高中",
            "grade": "高一",
            "edition": "人教版",
            "volume": "必修1 分子与细胞",
            "chapter": "urn:jy:biology:SB0403:OB06:Chapter:l3"
        },
        "identifier": "urn:jy:biology:SB0403:OB06:Section:l11"
    },
    {
        "type": "Section",
        "title": "第1节 细胞膜的结构和功能",
        "description": "",
        "subject": "SB0403",
        "applicableLevel": "OB06",
        "contentJson": {
            "academicTerm": "高中",
            "grade": "高一",
            "edition": "人教版",
            "volume": "必修1 分子与细胞",
            "chapter": "urn:jy:biology:SB0403:OB06:Chapter:l4"
        },
        "identifier": "urn:jy:biology:SB0403:OB06:Section:l12"
    },
    {
        "type": "Section",
        "title": "第2节 细胞器之间的分工合作",
        "description": "",
        "subject": "SB0403",
        "applicableLevel": "OB06",
        "contentJson": {
            "academicTerm": "高中",
            "grade": "高一",
            "edition": "人教版",
            "volume": "必修1 分子与细胞",
            "chapter": "urn:jy:biology:SB0403:OB06:Chapter:l4"
        },
        "identifier": "urn:jy:biology:SB0403:OB06:Section:l13"
    },
    {
        "type": "Section",
        "title": "探究·实践 用高倍显微镜观察叶绿体和细胞质的流动",
        "description": "",
        "subject": "SB0403",
        "applicableLevel": "OB06",
        "contentJson": {
            "academicTerm": "高中",
            "grade": "高一",
            "edition": "人教版",
            "volume": "必修1 分子与细胞",
            "chapter": "urn:jy:biology:SB0403:OB06:Chapter:l4"
        },
        "identifier": "urn:jy:biology:SB0403:OB06:Section:l14"
    },
    {
        "type": "Section",
        "title": "第3节 细胞核的结构和功能",
        "description": "",
        "subject": "SB0403",
        "applicableLevel": "OB06",
        "contentJson": {
            "academicTerm": "高中",
            "grade": "高一",
            "edition": "人教版",
            "volume": "必修1 分子与细胞",
            "chapter": "urn:jy:biology:SB0403:OB06:Chapter:l4"
        },
        "identifier": "urn:jy:biology:SB0403:OB06:Section:l15"
    },
    {
        "type": "Section",
        "title": "探究·实践 尝试制作真核细胞的三维结构模型",
        "description": "",
        "subject": "SB0403",
        "applicableLevel": "OB06",
        "contentJson": {
            "academicTerm": "高中",
            "grade": "高一",
            "edition": "人教版",
            "volume": "必修1 分子与细胞",
            "chapter": "urn:jy:biology:SB0403:OB06:Chapter:l4"
        },
        "identifier": "urn:jy:biology:SB0403:OB06:Section:l16"
    },
    {
        "type": "Section",
        "title": "生物科技进展 世界上首例体细胞克隆猴的诞生",
        "description": "",
        "subject": "SB0403",
        "applicableLevel": "OB06",
        "contentJson": {
            "academicTerm": "高中",
            "grade": "高一",
            "edition": "人教版",
            "volume": "必修1 分子与细胞",
            "chapter": "urn:jy:biology:SB0403:OB06:Chapter:l4"
        },
        "identifier": "urn:jy:biology:SB0403:OB06:Section:l17"
    },
    {
        "type": "Section",
        "title": "第1节 被动运输",
        "description": "",
        "subject": "SB0403",
        "applicableLevel": "OB06",
        "contentJson": {
            "academicTerm": "高中",
            "grade": "高一",
            "edition": "人教版",
            "volume": "必修1 分子与细胞",
            "chapter": "urn:jy:biology:SB0403:OB06:Chapter:l5"
        },
        "identifier": "urn:jy:biology:SB0403:OB06:Section:l18"
    },
    {
        "type": "Section",
        "title": "探究·实践 探究植物细胞的吸水和失水",
        "description": "",
        "subject": "SB0403",
        "applicableLevel": "OB06",
        "contentJson": {
            "academicTerm": "高中",
            "grade": "高一",
            "edition": "人教版",
            "volume": "必修1 分子与细胞",
            "chapter": "urn:jy:biology:SB0403:OB06:Chapter:l5"
        },
        "identifier": "urn:jy:biology:SB0403:OB06:Section:l19"
    },
    {
        "type": "Section",
        "title": "生物科学史话 人类对通道蛋白的探索历程",
        "description": "",
        "subject": "SB0403",
        "applicableLevel": "OB06",
        "contentJson": {
            "academicTerm": "高中",
            "grade": "高一",
            "edition": "人教版",
            "volume": "必修1 分子与细胞",
            "chapter": "urn:jy:biology:SB0403:OB06:Chapter:l5"
        },
        "identifier": "urn:jy:biology:SB0403:OB06:Section:l20"
    },
    {
        "type": "Section",
        "title": "第2节 主动运输与胞吞、胞吐",
        "description": "",
        "subject": "SB0403",
        "applicableLevel": "OB06",
        "contentJson": {
            "academicTerm": "高中",
            "grade": "高一",
            "edition": "人教版",
            "volume": "必修1 分子与细胞",
            "chapter": "urn:jy:biology:SB0403:OB06:Chapter:l5"
        },
        "identifier": "urn:jy:biology:SB0403:OB06:Section:l21"
    },
    {
        "type": "Section",
        "title": "第1节 降低化学反应活化能的酶",
        "description": "",
        "subject": "SB0403",
        "applicableLevel": "OB06",
        "contentJson": {
            "academicTerm": "高中",
            "grade": "高一",
            "edition": "人教版",
            "volume": "必修1 分子与细胞",
            "chapter": "urn:jy:biology:SB0403:OB06:Chapter:l6"
        },
        "identifier": "urn:jy:biology:SB0403:OB06:Section:l22"
    },
    {
        "type": "Section",
        "title": "第2节 细胞的能量“货币”ATP",
        "description": "",
        "subject": "SB0403",
        "applicableLevel": "OB06",
        "contentJson": {
            "academicTerm": "高中",
            "grade": "高一",
            "edition": "人教版",
            "volume": "必修1 分子与细胞",
            "chapter": "urn:jy:biology:SB0403:OB06:Chapter:l6"
        },
        "identifier": "urn:jy:biology:SB0403:OB06:Section:l23"
    },
    {
        "type": "Section",
        "title": "第3节 细胞呼吸的原理和应用",
        "description": "",
        "subject": "SB0403",
        "applicableLevel": "OB06",
        "contentJson": {
            "academicTerm": "高中",
            "grade": "高一",
            "edition": "人教版",
            "volume": "必修1 分子与细胞",
            "chapter": "urn:jy:biology:SB0403:OB06:Chapter:l6"
        },
        "identifier": "urn:jy:biology:SB0403:OB06:Section:l24"
    },
    {
        "type": "Section",
        "title": "探究·实践 探究酵母菌细胞呼吸的方式",
        "description": "",
        "subject": "SB0403",
        "applicableLevel": "OB06",
        "contentJson": {
            "academicTerm": "高中",
            "grade": "高一",
            "edition": "人教版",
            "volume": "必修1 分子与细胞",
            "chapter": "urn:jy:biology:SB0403:OB06:Chapter:l6"
        },
        "identifier": "urn:jy:biology:SB0403:OB06:Section:l25"
    },
    {
        "type": "Section",
        "title": "第4节 光合作用与能量转化",
        "description": "",
        "subject": "SB0403",
        "applicableLevel": "OB06",
        "contentJson": {
            "academicTerm": "高中",
            "grade": "高一",
            "edition": "人教版",
            "volume": "必修1 分子与细胞",
            "chapter": "urn:jy:biology:SB0403:OB06:Chapter:l6"
        },
        "identifier": "urn:jy:biology:SB0403:OB06:Section:l26"
    },
    {
        "type": "Section",
        "title": "第1节 细胞的增殖",
        "description": "",
        "subject": "SB0403",
        "applicableLevel": "OB06",
        "contentJson": {
            "academicTerm": "高中",
            "grade": "高一",
            "edition": "人教版",
            "volume": "必修1 分子与细胞",
            "chapter": "urn:jy:biology:SB0403:OB06:Chapter:l7"
        },
        "identifier": "urn:jy:biology:SB0403:OB06:Section:l27"
    },
    {
        "type": "Section",
        "title": "探究·实践 观察根尖分生区组织细胞的有丝分裂",
        "description": "",
        "subject": "SB0403",
        "applicableLevel": "OB06",
        "contentJson": {
            "academicTerm": "高中",
            "grade": "高一",
            "edition": "人教版",
            "volume": "必修1 分子与细胞",
            "chapter": "urn:jy:biology:SB0403:OB06:Chapter:l7"
        },
        "identifier": "urn:jy:biology:SB0403:OB06:Section:l28"
    },
    {
        "type": "Section",
        "title": "第2节 细胞的分化",
        "description": "",
        "subject": "SB0403",
        "applicableLevel": "OB06",
        "contentJson": {
            "academicTerm": "高中",
            "grade": "高一",
            "edition": "人教版",
            "volume": "必修1 分子与细胞",
            "chapter": "urn:jy:biology:SB0403:OB06:Chapter:l7"
        },
        "identifier": "urn:jy:biology:SB0403:OB06:Section:l29"
    },
    {
        "type": "Section",
        "title": "科学·技术·社会 骨髓移植和中华骨髓库",
        "description": "",
        "subject": "SB0403",
        "applicableLevel": "OB06",
        "contentJson": {
            "academicTerm": "高中",
            "grade": "高一",
            "edition": "人教版",
            "volume": "必修1 分子与细胞",
            "chapter": "urn:jy:biology:SB0403:OB06:Chapter:l7"
        },
        "identifier": "urn:jy:biology:SB0403:OB06:Section:l30"
    },
    {
        "type": "Section",
        "title": "第3节 细胞的衰老和死亡",
        "description": "",
        "subject": "SB0403",
        "applicableLevel": "OB06",
        "contentJson": {
            "academicTerm": "高中",
            "grade": "高一",
            "edition": "人教版",
            "volume": "必修1 分子与细胞",
            "chapter": "urn:jy:biology:SB0403:OB06:Chapter:l7"
        },
        "identifier": "urn:jy:biology:SB0403:OB06:Section:l31"
    },
    {
        "type": "Section",
        "title": "生物科技进展 秀丽隐杆线虫与细胞凋亡研究",
        "description": "",
        "subject": "SB0403",
        "applicableLevel": "OB06",
        "contentJson": {
            "academicTerm": "高中",
            "grade": "高一",
            "edition": "人教版",
            "volume": "必修1 分子与细胞",
            "chapter": "urn:jy:biology:SB0403:OB06:Chapter:l7"
        },
        "identifier": "urn:jy:biology:SB0403:OB06:Section:l32"
    },
    {
        "type": "Section",
        "title": "与生物学有关的职业 病理科医师",
        "description": "",
        "subject": "SB0403",
        "applicableLevel": "OB06",
        "contentJson": {
            "academicTerm": "高中",
            "grade": "高一",
            "edition": "人教版",
            "volume": "必修1 分子与细胞",
            "chapter": "urn:jy:biology:SB0403:OB06:Chapter:l7"
        },
        "identifier": "urn:jy:biology:SB0403:OB06:Section:l33"
    },
    {
        "type": "Section",
        "title": "第1节 孟德尔的豌豆杂交实验（一）",
        "description": "",
        "subject": "SB0403",
        "applicableLevel": "OB06",
        "contentJson": {
            "academicTerm": "高中",
            "grade": "高一",
            "edition": "人教版",
            "volume": "必修2 遗传与进化",
            "chapter": "urn:jy:biology:SB0403:OB06:Chapter:l9"
        },
        "identifier": "urn:jy:biology:SB0403:OB06:Section:l34"
    },
    {
        "type": "Section",
        "title": "探究·实践 性状分离比的模拟实验",
        "description": "",
        "subject": "SB0403",
        "applicableLevel": "OB06",
        "contentJson": {
            "academicTerm": "高中",
            "grade": "高一",
            "edition": "人教版",
            "volume": "必修2 遗传与进化",
            "chapter": "urn:jy:biology:SB0403:OB06:Chapter:l9"
        },
        "identifier": "urn:jy:biology:SB0403:OB06:Section:l35"
    },
    {
        "type": "Section",
        "title": "第2节 孟德尔的豌豆杂交实验（二）",
        "description": "",
        "subject": "SB0403",
        "applicableLevel": "OB06",
        "contentJson": {
            "academicTerm": "高中",
            "grade": "高一",
            "edition": "人教版",
            "volume": "必修2 遗传与进化",
            "chapter": "urn:jy:biology:SB0403:OB06:Chapter:l9"
        },
        "identifier": "urn:jy:biology:SB0403:OB06:Section:l36"
    },
    {
        "type": "Section",
        "title": "与生物学有关的职业 育种工作者",
        "description": "",
        "subject": "SB0403",
        "applicableLevel": "OB06",
        "contentJson": {
            "academicTerm": "高中",
            "grade": "高一",
            "edition": "人教版",
            "volume": "必修2 遗传与进化",
            "chapter": "urn:jy:biology:SB0403:OB06:Chapter:l9"
        },
        "identifier": "urn:jy:biology:SB0403:OB06:Section:l37"
    },
    {
        "type": "Section",
        "title": "第1节 减数分裂和受精作用",
        "description": "",
        "subject": "SB0403",
        "applicableLevel": "OB06",
        "contentJson": {
            "academicTerm": "高中",
            "grade": "高一",
            "edition": "人教版",
            "volume": "必修2 遗传与进化",
            "chapter": "urn:jy:biology:SB0403:OB06:Chapter:l10"
        },
        "identifier": "urn:jy:biology:SB0403:OB06:Section:l38"
    },
    {
        "type": "Section",
        "title": "第2节 基因在染色体上",
        "description": "",
        "subject": "SB0403",
        "applicableLevel": "OB06",
        "contentJson": {
            "academicTerm": "高中",
            "grade": "高一",
            "edition": "人教版",
            "volume": "必修2 遗传与进化",
            "chapter": "urn:jy:biology:SB0403:OB06:Chapter:l10"
        },
        "identifier": "urn:jy:biology:SB0403:OB06:Section:l39"
    },
    {
        "type": "Section",
        "title": "科学家的故事 染色体遗传理论的奠基人摩尔根",
        "description": "",
        "subject": "SB0403",
        "applicableLevel": "OB06",
        "contentJson": {
            "academicTerm": "高中",
            "grade": "高一",
            "edition": "人教版",
            "volume": "必修2 遗传与进化",
            "chapter": "urn:jy:biology:SB0403:OB06:Chapter:l10"
        },
        "identifier": "urn:jy:biology:SB0403:OB06:Section:l40"
    },
    {
        "type": "Section",
        "title": "第3节 伴性遗传",
        "description": "",
        "subject": "SB0403",
        "applicableLevel": "OB06",
        "contentJson": {
            "academicTerm": "高中",
            "grade": "高一",
            "edition": "人教版",
            "volume": "必修2 遗传与进化",
            "chapter": "urn:jy:biology:SB0403:OB06:Chapter:l10"
        },
        "identifier": "urn:jy:biology:SB0403:OB06:Section:l41"
    },
    {
        "type": "Section",
        "title": "第1节 DNA是主要的遗传物质",
        "description": "",
        "subject": "SB0403",
        "applicableLevel": "OB06",
        "contentJson": {
            "academicTerm": "高中",
            "grade": "高一",
            "edition": "人教版",
            "volume": "必修2 遗传与进化",
            "chapter": "urn:jy:biology:SB0403:OB06:Chapter:l11"
        },
        "identifier": "urn:jy:biology:SB0403:OB06:Section:l42"
    },
    {
        "type": "Section",
        "title": "生物科技进展 生物信息学及其应用",
        "description": "",
        "subject": "SB0403",
        "applicableLevel": "OB06",
        "contentJson": {
            "academicTerm": "高中",
            "grade": "高一",
            "edition": "人教版",
            "volume": "必修2 遗传与进化",
            "chapter": "urn:jy:biology:SB0403:OB06:Chapter:l11"
        },
        "identifier": "urn:jy:biology:SB0403:OB06:Section:l43"
    },
    {
        "type": "Section",
        "title": "第2节 DNA的结构",
        "description": "",
        "subject": "SB0403",
        "applicableLevel": "OB06",
        "contentJson": {
            "academicTerm": "高中",
            "grade": "高一",
            "edition": "人教版",
            "volume": "必修2 遗传与进化",
            "chapter": "urn:jy:biology:SB0403:OB06:Chapter:l11"
        },
        "identifier": "urn:jy:biology:SB0403:OB06:Section:l44"
    },
    {
        "type": "Section",
        "title": "探究·实践 制作DNA双螺旋结构模型",
        "description": "",
        "subject": "SB0403",
        "applicableLevel": "OB06",
        "contentJson": {
            "academicTerm": "高中",
            "grade": "高一",
            "edition": "人教版",
            "volume": "必修2 遗传与进化",
            "chapter": "urn:jy:biology:SB0403:OB06:Chapter:l11"
        },
        "identifier": "urn:jy:biology:SB0403:OB06:Section:l45"
    },
    {
        "type": "Section",
        "title": "科学·技术·社会 DNA指纹技术",
        "description": "",
        "subject": "SB0403",
        "applicableLevel": "OB06",
        "contentJson": {
            "academicTerm": "高中",
            "grade": "高一",
            "edition": "人教版",
            "volume": "必修2 遗传与进化",
            "chapter": "urn:jy:biology:SB0403:OB06:Chapter:l11"
        },
        "identifier": "urn:jy:biology:SB0403:OB06:Section:l46"
    },
    {
        "type": "Section",
        "title": "第3节 DNA的复制",
        "description": "",
        "subject": "SB0403",
        "applicableLevel": "OB06",
        "contentJson": {
            "academicTerm": "高中",
            "grade": "高一",
            "edition": "人教版",
            "volume": "必修2 遗传与进化",
            "chapter": "urn:jy:biology:SB0403:OB06:Chapter:l11"
        },
        "identifier": "urn:jy:biology:SB0403:OB06:Section:l47"
    },
    {
        "type": "Section",
        "title": "第4节 基因通常是有遗传效应的DNA片段",
        "description": "",
        "subject": "SB0403",
        "applicableLevel": "OB06",
        "contentJson": {
            "academicTerm": "高中",
            "grade": "高一",
            "edition": "人教版",
            "volume": "必修2 遗传与进化",
            "chapter": "urn:jy:biology:SB0403:OB06:Chapter:l11"
        },
        "identifier": "urn:jy:biology:SB0403:OB06:Section:l48"
    },
    {
        "type": "Section",
        "title": "生物科技进展 单细胞基因组测序",
        "description": "",
        "subject": "SB0403",
        "applicableLevel": "OB06",
        "contentJson": {
            "academicTerm": "高中",
            "grade": "高一",
            "edition": "人教版",
            "volume": "必修2 遗传与进化",
            "chapter": "urn:jy:biology:SB0403:OB06:Chapter:l11"
        },
        "identifier": "urn:jy:biology:SB0403:OB06:Section:l49"
    },
    {
        "type": "Section",
        "title": "与生物学有关的职业 测序工程师",
        "description": "",
        "subject": "SB0403",
        "applicableLevel": "OB06",
        "contentJson": {
            "academicTerm": "高中",
            "grade": "高一",
            "edition": "人教版",
            "volume": "必修2 遗传与进化",
            "chapter": "urn:jy:biology:SB0403:OB06:Chapter:l11"
        },
        "identifier": "urn:jy:biology:SB0403:OB06:Section:l50"
    },
    {
        "type": "Section",
        "title": "第1节 基因指导蛋白质的合成",
        "description": "",
        "subject": "SB0403",
        "applicableLevel": "OB06",
        "contentJson": {
            "academicTerm": "高中",
            "grade": "高一",
            "edition": "人教版",
            "volume": "必修2 遗传与进化",
            "chapter": "urn:jy:biology:SB0403:OB06:Chapter:l12"
        },
        "identifier": "urn:jy:biology:SB0403:OB06:Section:l51"
    },
    {
        "type": "Section",
        "title": "生物科学史话 遗传密码的破译",
        "description": "",
        "subject": "SB0403",
        "applicableLevel": "OB06",
        "contentJson": {
            "academicTerm": "高中",
            "grade": "高一",
            "edition": "人教版",
            "volume": "必修2 遗传与进化",
            "chapter": "urn:jy:biology:SB0403:OB06:Chapter:l12"
        },
        "identifier": "urn:jy:biology:SB0403:OB06:Section:l52"
    },
    {
        "type": "Section",
        "title": "第2节 基因表达与性状的关系",
        "description": "",
        "subject": "SB0403",
        "applicableLevel": "OB06",
        "contentJson": {
            "academicTerm": "高中",
            "grade": "高一",
            "edition": "人教版",
            "volume": "必修2 遗传与进化",
            "chapter": "urn:jy:biology:SB0403:OB06:Chapter:l12"
        },
        "identifier": "urn:jy:biology:SB0403:OB06:Section:l53"
    },
    {
        "type": "Section",
        "title": "科学·技术·社会 基因工程的应用",
        "description": "",
        "subject": "SB0403",
        "applicableLevel": "OB06",
        "contentJson": {
            "academicTerm": "高中",
            "grade": "高一",
            "edition": "人教版",
            "volume": "必修2 遗传与进化",
            "chapter": "urn:jy:biology:SB0403:OB06:Chapter:l12"
        },
        "identifier": "urn:jy:biology:SB0403:OB06:Section:l54"
    },
    {
        "type": "Section",
        "title": "第1节 基因突变和基因重组",
        "description": "",
        "subject": "SB0403",
        "applicableLevel": "OB06",
        "contentJson": {
            "academicTerm": "高中",
            "grade": "高一",
            "edition": "人教版",
            "volume": "必修2 遗传与进化",
            "chapter": "urn:jy:biology:SB0403:OB06:Chapter:l13"
        },
        "identifier": "urn:jy:biology:SB0403:OB06:Section:l55"
    },
    {
        "type": "Section",
        "title": "生物科技进展 基因组编辑",
        "description": "",
        "subject": "SB0403",
        "applicableLevel": "OB06",
        "contentJson": {
            "academicTerm": "高中",
            "grade": "高一",
            "edition": "人教版",
            "volume": "必修2 遗传与进化",
            "chapter": "urn:jy:biology:SB0403:OB06:Chapter:l13"
        },
        "identifier": "urn:jy:biology:SB0403:OB06:Section:l56"
    },
    {
        "type": "Section",
        "title": "科学·技术·社会 精准医疗",
        "description": "",
        "subject": "SB0403",
        "applicableLevel": "OB06",
        "contentJson": {
            "academicTerm": "高中",
            "grade": "高一",
            "edition": "人教版",
            "volume": "必修2 遗传与进化",
            "chapter": "urn:jy:biology:SB0403:OB06:Chapter:l13"
        },
        "identifier": "urn:jy:biology:SB0403:OB06:Section:l57"
    },
    {
        "type": "Section",
        "title": "第2节 染色体变异",
        "description": "",
        "subject": "SB0403",
        "applicableLevel": "OB06",
        "contentJson": {
            "academicTerm": "高中",
            "grade": "高一",
            "edition": "人教版",
            "volume": "必修2 遗传与进化",
            "chapter": "urn:jy:biology:SB0403:OB06:Chapter:l13"
        },
        "identifier": "urn:jy:biology:SB0403:OB06:Section:l58"
    },
    {
        "type": "Section",
        "title": "探究·实践 低温诱导植物细胞染色体数目的变化",
        "description": "",
        "subject": "SB0403",
        "applicableLevel": "OB06",
        "contentJson": {
            "academicTerm": "高中",
            "grade": "高一",
            "edition": "人教版",
            "volume": "必修2 遗传与进化",
            "chapter": "urn:jy:biology:SB0403:OB06:Chapter:l13"
        },
        "identifier": "urn:jy:biology:SB0403:OB06:Section:l59"
    },
    {
        "type": "Section",
        "title": "第3节 人类遗传病",
        "description": "",
        "subject": "SB0403",
        "applicableLevel": "OB06",
        "contentJson": {
            "academicTerm": "高中",
            "grade": "高一",
            "edition": "人教版",
            "volume": "必修2 遗传与进化",
            "chapter": "urn:jy:biology:SB0403:OB06:Chapter:l13"
        },
        "identifier": "urn:jy:biology:SB0403:OB06:Section:l60"
    },
    {
        "type": "Section",
        "title": "探究·实践 调查人群中的遗传病",
        "description": "",
        "subject": "SB0403",
        "applicableLevel": "OB06",
        "contentJson": {
            "academicTerm": "高中",
            "grade": "高一",
            "edition": "人教版",
            "volume": "必修2 遗传与进化",
            "chapter": "urn:jy:biology:SB0403:OB06:Chapter:l13"
        },
        "identifier": "urn:jy:biology:SB0403:OB06:Section:l61"
    },
    {
        "type": "Section",
        "title": "与生物学有关的职业 遗传咨询师",
        "description": "",
        "subject": "SB0403",
        "applicableLevel": "OB06",
        "contentJson": {
            "academicTerm": "高中",
            "grade": "高一",
            "edition": "人教版",
            "volume": "必修2 遗传与进化",
            "chapter": "urn:jy:biology:SB0403:OB06:Chapter:l13"
        },
        "identifier": "urn:jy:biology:SB0403:OB06:Section:l62"
    },
    {
        "type": "Section",
        "title": "第1节 生物有共同祖先的证据",
        "description": "",
        "subject": "SB0403",
        "applicableLevel": "OB06",
        "contentJson": {
            "academicTerm": "高中",
            "grade": "高一",
            "edition": "人教版",
            "volume": "必修2 遗传与进化",
            "chapter": "urn:jy:biology:SB0403:OB06:Chapter:l14"
        },
        "identifier": "urn:jy:biology:SB0403:OB06:Section:l63"
    },
    {
        "type": "Section",
        "title": "科学·技术·社会 理想的“地质时钟”",
        "description": "",
        "subject": "SB0403",
        "applicableLevel": "OB06",
        "contentJson": {
            "academicTerm": "高中",
            "grade": "高一",
            "edition": "人教版",
            "volume": "必修2 遗传与进化",
            "chapter": "urn:jy:biology:SB0403:OB06:Chapter:l14"
        },
        "identifier": "urn:jy:biology:SB0403:OB06:Section:l64"
    },
    {
        "type": "Section",
        "title": "与生物学有关的职业 化石标本的制作人员",
        "description": "",
        "subject": "SB0403",
        "applicableLevel": "OB06",
        "contentJson": {
            "academicTerm": "高中",
            "grade": "高一",
            "edition": "人教版",
            "volume": "必修2 遗传与进化",
            "chapter": "urn:jy:biology:SB0403:OB06:Chapter:l14"
        },
        "identifier": "urn:jy:biology:SB0403:OB06:Section:l65"
    },
    {
        "type": "Section",
        "title": "第2节 自然选择与适应的形成",
        "description": "",
        "subject": "SB0403",
        "applicableLevel": "OB06",
        "contentJson": {
            "academicTerm": "高中",
            "grade": "高一",
            "edition": "人教版",
            "volume": "必修2 遗传与进化",
            "chapter": "urn:jy:biology:SB0403:OB06:Chapter:l14"
        },
        "identifier": "urn:jy:biology:SB0403:OB06:Section:l66"
    },
    {
        "type": "Section",
        "title": "第3节 种群基因组成的变化与物种的形成",
        "description": "",
        "subject": "SB0403",
        "applicableLevel": "OB06",
        "contentJson": {
            "academicTerm": "高中",
            "grade": "高一",
            "edition": "人教版",
            "volume": "必修2 遗传与进化",
            "chapter": "urn:jy:biology:SB0403:OB06:Chapter:l14"
        },
        "identifier": "urn:jy:biology:SB0403:OB06:Section:l67"
    },
    {
        "type": "Section",
        "title": "第4节 协同进化与生物多样性的形成",
        "description": "",
        "subject": "SB0403",
        "applicableLevel": "OB06",
        "contentJson": {
            "academicTerm": "高中",
            "grade": "高一",
            "edition": "人教版",
            "volume": "必修2 遗传与进化",
            "chapter": "urn:jy:biology:SB0403:OB06:Chapter:l14"
        },
        "identifier": "urn:jy:biology:SB0403:OB06:Section:l68"
    },
    {
        "type": "Section",
        "title": "高一的你应该了解的2019-nCOV",
        "description": "",
        "subject": "SB0403",
        "applicableLevel": "OB06",
        "contentJson": {
            "academicTerm": "高中",
            "grade": "高一",
            "edition": "人教版",
            "volume": "必修2 遗传与进化",
            "chapter": "urn:jy:biology:SB0403:OB06:Chapter:l15"
        },
        "identifier": "urn:jy:biology:SB0403:OB06:Section:l69"
    },
    {
        "type": "Section",
        "title": "（合格考水平）高一的你应该了解的2019-nCOV",
        "description": "",
        "subject": "SB0403",
        "applicableLevel": "OB06",
        "contentJson": {
            "academicTerm": "高中",
            "grade": "高一",
            "edition": "人教版",
            "volume": "必修2 遗传与进化",
            "chapter": "urn:jy:biology:SB0403:OB06:Chapter:l15"
        },
        "identifier": "urn:jy:biology:SB0403:OB06:Section:l70"
    },
    {
        "type": "Section",
        "title": "遗传定律与伴性遗传专题",
        "description": "",
        "subject": "SB0403",
        "applicableLevel": "OB06",
        "contentJson": {
            "academicTerm": "高中",
            "grade": "高一",
            "edition": "人教版",
            "volume": "必修2 遗传与进化",
            "chapter": "urn:jy:biology:SB0403:OB06:Chapter:l15"
        },
        "identifier": "urn:jy:biology:SB0403:OB06:Section:l71"
    },
    {
        "type": "Section",
        "title": "基因的本质及表达专题",
        "description": "",
        "subject": "SB0403",
        "applicableLevel": "OB06",
        "contentJson": {
            "academicTerm": "高中",
            "grade": "高一",
            "edition": "人教版",
            "volume": "必修2 遗传与进化",
            "chapter": "urn:jy:biology:SB0403:OB06:Chapter:l15"
        },
        "identifier": "urn:jy:biology:SB0403:OB06:Section:l72"
    },
    {
        "type": "Section",
        "title": "细胞分裂与变异专题",
        "description": "",
        "subject": "SB0403",
        "applicableLevel": "OB06",
        "contentJson": {
            "academicTerm": "高中",
            "grade": "高一",
            "edition": "人教版",
            "volume": "必修2 遗传与进化",
            "chapter": "urn:jy:biology:SB0403:OB06:Chapter:l15"
        },
        "identifier": "urn:jy:biology:SB0403:OB06:Section:l73"
    },
    {
        "type": "Section",
        "title": "第1节 细胞生活的环境",
        "description": "",
        "subject": "SB0403",
        "applicableLevel": "OB06",
        "contentJson": {
            "academicTerm": "高中",
            "grade": "高二",
            "edition": "人教版",
            "volume": "选择性必修1 稳态与调节",
            "chapter": "urn:jy:biology:SB0403:OB06:Chapter:l17"
        },
        "identifier": "urn:jy:biology:SB0403:OB06:Section:l74"
    },
    {
        "type": "Section",
        "title": "第2节 内环境的稳态",
        "description": "",
        "subject": "SB0403",
        "applicableLevel": "OB06",
        "contentJson": {
            "academicTerm": "高中",
            "grade": "高二",
            "edition": "人教版",
            "volume": "选择性必修1 稳态与调节",
            "chapter": "urn:jy:biology:SB0403:OB06:Chapter:l17"
        },
        "identifier": "urn:jy:biology:SB0403:OB06:Section:l75"
    },
    {
        "type": "Section",
        "title": "探究·实践 模拟生物体维持pH的稳定",
        "description": "",
        "subject": "SB0403",
        "applicableLevel": "OB06",
        "contentJson": {
            "academicTerm": "高中",
            "grade": "高二",
            "edition": "人教版",
            "volume": "选择性必修1 稳态与调节",
            "chapter": "urn:jy:biology:SB0403:OB06:Chapter:l17"
        },
        "identifier": "urn:jy:biology:SB0403:OB06:Section:l76"
    },
    {
        "type": "Section",
        "title": "第1节 神经调节的结构基础",
        "description": "",
        "subject": "SB0403",
        "applicableLevel": "OB06",
        "contentJson": {
            "academicTerm": "高中",
            "grade": "高二",
            "edition": "人教版",
            "volume": "选择性必修1 稳态与调节",
            "chapter": "urn:jy:biology:SB0403:OB06:Chapter:l18"
        },
        "identifier": "urn:jy:biology:SB0403:OB06:Section:l77"
    },
    {
        "type": "Section",
        "title": "生物科技进展 脑细胞真的是死一个少一个吗",
        "description": "",
        "subject": "SB0403",
        "applicableLevel": "OB06",
        "contentJson": {
            "academicTerm": "高中",
            "grade": "高二",
            "edition": "人教版",
            "volume": "选择性必修1 稳态与调节",
            "chapter": "urn:jy:biology:SB0403:OB06:Chapter:l18"
        },
        "identifier": "urn:jy:biology:SB0403:OB06:Section:l78"
    },
    {
        "type": "Section",
        "title": "第2节 神经调节的基本方式",
        "description": "",
        "subject": "SB0403",
        "applicableLevel": "OB06",
        "contentJson": {
            "academicTerm": "高中",
            "grade": "高二",
            "edition": "人教版",
            "volume": "选择性必修1 稳态与调节",
            "chapter": "urn:jy:biology:SB0403:OB06:Chapter:l18"
        },
        "identifier": "urn:jy:biology:SB0403:OB06:Section:l79"
    },
    {
        "type": "Section",
        "title": "与生物学有关的职业 影像技师",
        "description": "",
        "subject": "SB0403",
        "applicableLevel": "OB06",
        "contentJson": {
            "academicTerm": "高中",
            "grade": "高二",
            "edition": "人教版",
            "volume": "选择性必修1 稳态与调节",
            "chapter": "urn:jy:biology:SB0403:OB06:Chapter:l18"
        },
        "identifier": "urn:jy:biology:SB0403:OB06:Section:l80"
    },
    {
        "type": "Section",
        "title": "第3节 神经冲动的产生和传导",
        "description": "",
        "subject": "SB0403",
        "applicableLevel": "OB06",
        "contentJson": {
            "academicTerm": "高中",
            "grade": "高二",
            "edition": "人教版",
            "volume": "选择性必修1 稳态与调节",
            "chapter": "urn:jy:biology:SB0403:OB06:Chapter:l18"
        },
        "identifier": "urn:jy:biology:SB0403:OB06:Section:l81"
    },
    {
        "type": "Section",
        "title": "生物科学史话 生物电的发现",
        "description": "",
        "subject": "SB0403",
        "applicableLevel": "OB06",
        "contentJson": {
            "academicTerm": "高中",
            "grade": "高二",
            "edition": "人教版",
            "volume": "选择性必修1 稳态与调节",
            "chapter": "urn:jy:biology:SB0403:OB06:Chapter:l18"
        },
        "identifier": "urn:jy:biology:SB0403:OB06:Section:l82"
    },
    {
        "type": "Section",
        "title": "第4节 神经系统的分级调节",
        "description": "",
        "subject": "SB0403",
        "applicableLevel": "OB06",
        "contentJson": {
            "academicTerm": "高中",
            "grade": "高二",
            "edition": "人教版",
            "volume": "选择性必修1 稳态与调节",
            "chapter": "urn:jy:biology:SB0403:OB06:Chapter:l18"
        },
        "identifier": "urn:jy:biology:SB0403:OB06:Section:l83"
    },
    {
        "type": "Section",
        "title": "生物科技进展 中国脑计划",
        "description": "",
        "subject": "SB0403",
        "applicableLevel": "OB06",
        "contentJson": {
            "academicTerm": "高中",
            "grade": "高二",
            "edition": "人教版",
            "volume": "选择性必修1 稳态与调节",
            "chapter": "urn:jy:biology:SB0403:OB06:Chapter:l18"
        },
        "identifier": "urn:jy:biology:SB0403:OB06:Section:l84"
    },
    {
        "type": "Section",
        "title": "第5节 人脑的高级功能",
        "description": "",
        "subject": "SB0403",
        "applicableLevel": "OB06",
        "contentJson": {
            "academicTerm": "高中",
            "grade": "高二",
            "edition": "人教版",
            "volume": "选择性必修1 稳态与调节",
            "chapter": "urn:jy:biology:SB0403:OB06:Chapter:l18"
        },
        "identifier": "urn:jy:biology:SB0403:OB06:Section:l85"
    },
    {
        "type": "Section",
        "title": "科学·技术·社会 脑机接口让工具真正实现“随心所欲”",
        "description": "",
        "subject": "SB0403",
        "applicableLevel": "OB06",
        "contentJson": {
            "academicTerm": "高中",
            "grade": "高二",
            "edition": "人教版",
            "volume": "选择性必修1 稳态与调节",
            "chapter": "urn:jy:biology:SB0403:OB06:Chapter:l18"
        },
        "identifier": "urn:jy:biology:SB0403:OB06:Section:l86"
    },
    {
        "type": "Section",
        "title": "第1节 激素与内分泌系统",
        "description": "",
        "subject": "SB0403",
        "applicableLevel": "OB06",
        "contentJson": {
            "academicTerm": "高中",
            "grade": "高二",
            "edition": "人教版",
            "volume": "选择性必修1 稳态与调节",
            "chapter": "urn:jy:biology:SB0403:OB06:Chapter:l19"
        },
        "identifier": "urn:jy:biology:SB0403:OB06:Section:l87"
    },
    {
        "type": "Section",
        "title": "第2节 激素调节的过程",
        "description": "",
        "subject": "SB0403",
        "applicableLevel": "OB06",
        "contentJson": {
            "academicTerm": "高中",
            "grade": "高二",
            "edition": "人教版",
            "volume": "选择性必修1 稳态与调节",
            "chapter": "urn:jy:biology:SB0403:OB06:Chapter:l19"
        },
        "identifier": "urn:jy:biology:SB0403:OB06:Section:l88"
    },
    {
        "type": "Section",
        "title": "科学·技术·社会 评价应用激素类药物的利与弊",
        "description": "",
        "subject": "SB0403",
        "applicableLevel": "OB06",
        "contentJson": {
            "academicTerm": "高中",
            "grade": "高二",
            "edition": "人教版",
            "volume": "选择性必修1 稳态与调节",
            "chapter": "urn:jy:biology:SB0403:OB06:Chapter:l19"
        },
        "identifier": "urn:jy:biology:SB0403:OB06:Section:l89"
    },
    {
        "type": "Section",
        "title": "第3节 体液调节与神经调节的关系",
        "description": "",
        "subject": "SB0403",
        "applicableLevel": "OB06",
        "contentJson": {
            "academicTerm": "高中",
            "grade": "高二",
            "edition": "人教版",
            "volume": "选择性必修1 稳态与调节",
            "chapter": "urn:jy:biology:SB0403:OB06:Chapter:l19"
        },
        "identifier": "urn:jy:biology:SB0403:OB06:Section:l90"
    },
    {
        "type": "Section",
        "title": "第1节 免疫系统的组成和功能",
        "description": "",
        "subject": "SB0403",
        "applicableLevel": "OB06",
        "contentJson": {
            "academicTerm": "高中",
            "grade": "高二",
            "edition": "人教版",
            "volume": "选择性必修1 稳态与调节",
            "chapter": "urn:jy:biology:SB0403:OB06:Chapter:l20"
        },
        "identifier": "urn:jy:biology:SB0403:OB06:Section:l91"
    },
    {
        "type": "Section",
        "title": "生物科技进展 免疫系统的新发现",
        "description": "",
        "subject": "SB0403",
        "applicableLevel": "OB06",
        "contentJson": {
            "academicTerm": "高中",
            "grade": "高二",
            "edition": "人教版",
            "volume": "选择性必修1 稳态与调节",
            "chapter": "urn:jy:biology:SB0403:OB06:Chapter:l20"
        },
        "identifier": "urn:jy:biology:SB0403:OB06:Section:l92"
    },
    {
        "type": "Section",
        "title": "第2节 特异性免疫",
        "description": "",
        "subject": "SB0403",
        "applicableLevel": "OB06",
        "contentJson": {
            "academicTerm": "高中",
            "grade": "高二",
            "edition": "人教版",
            "volume": "选择性必修1 稳态与调节",
            "chapter": "urn:jy:biology:SB0403:OB06:Chapter:l20"
        },
        "identifier": "urn:jy:biology:SB0403:OB06:Section:l93"
    },
    {
        "type": "Section",
        "title": "科学·技术·社会 流行性感冒及其预防",
        "description": "",
        "subject": "SB0403",
        "applicableLevel": "OB06",
        "contentJson": {
            "academicTerm": "高中",
            "grade": "高二",
            "edition": "人教版",
            "volume": "选择性必修1 稳态与调节",
            "chapter": "urn:jy:biology:SB0403:OB06:Chapter:l20"
        },
        "identifier": "urn:jy:biology:SB0403:OB06:Section:l94"
    },
    {
        "type": "Section",
        "title": "生物科技进展 癌症的免疫疗法",
        "description": "",
        "subject": "SB0403",
        "applicableLevel": "OB06",
        "contentJson": {
            "academicTerm": "高中",
            "grade": "高二",
            "edition": "人教版",
            "volume": "选择性必修1 稳态与调节",
            "chapter": "urn:jy:biology:SB0403:OB06:Chapter:l20"
        },
        "identifier": "urn:jy:biology:SB0403:OB06:Section:l95"
    },
    {
        "type": "Section",
        "title": "第3节 免疫失调",
        "description": "",
        "subject": "SB0403",
        "applicableLevel": "OB06",
        "contentJson": {
            "academicTerm": "高中",
            "grade": "高二",
            "edition": "人教版",
            "volume": "选择性必修1 稳态与调节",
            "chapter": "urn:jy:biology:SB0403:OB06:Chapter:l20"
        },
        "identifier": "urn:jy:biology:SB0403:OB06:Section:l96"
    },
    {
        "type": "Section",
        "title": "科学·技术·社会 HIV与艾滋病",
        "description": "",
        "subject": "SB0403",
        "applicableLevel": "OB06",
        "contentJson": {
            "academicTerm": "高中",
            "grade": "高二",
            "edition": "人教版",
            "volume": "选择性必修1 稳态与调节",
            "chapter": "urn:jy:biology:SB0403:OB06:Chapter:l20"
        },
        "identifier": "urn:jy:biology:SB0403:OB06:Section:l97"
    },
    {
        "type": "Section",
        "title": "第4节 免疫学的应用",
        "description": "",
        "subject": "SB0403",
        "applicableLevel": "OB06",
        "contentJson": {
            "academicTerm": "高中",
            "grade": "高二",
            "edition": "人教版",
            "volume": "选择性必修1 稳态与调节",
            "chapter": "urn:jy:biology:SB0403:OB06:Chapter:l20"
        },
        "identifier": "urn:jy:biology:SB0403:OB06:Section:l98"
    },
    {
        "type": "Section",
        "title": "与生物学有关的职业 疫苗制品工",
        "description": "",
        "subject": "SB0403",
        "applicableLevel": "OB06",
        "contentJson": {
            "academicTerm": "高中",
            "grade": "高二",
            "edition": "人教版",
            "volume": "选择性必修1 稳态与调节",
            "chapter": "urn:jy:biology:SB0403:OB06:Chapter:l20"
        },
        "identifier": "urn:jy:biology:SB0403:OB06:Section:l99"
    },
    {
        "type": "Section",
        "title": "第1节 植物生长素",
        "description": "",
        "subject": "SB0403",
        "applicableLevel": "OB06",
        "contentJson": {
            "academicTerm": "高中",
            "grade": "高二",
            "edition": "人教版",
            "volume": "选择性必修1 稳态与调节",
            "chapter": "urn:jy:biology:SB0403:OB06:Chapter:l21"
        },
        "identifier": "urn:jy:biology:SB0403:OB06:Section:l100"
    },
    {
        "type": "Section",
        "title": "第2节 其他植物激素",
        "description": "",
        "subject": "SB0403",
        "applicableLevel": "OB06",
        "contentJson": {
            "academicTerm": "高中",
            "grade": "高二",
            "edition": "人教版",
            "volume": "选择性必修1 稳态与调节",
            "chapter": "urn:jy:biology:SB0403:OB06:Chapter:l21"
        },
        "identifier": "urn:jy:biology:SB0403:OB06:Section:l101"
    },
    {
        "type": "Section",
        "title": "第3节 植物生长调节剂的应用",
        "description": "",
        "subject": "SB0403",
        "applicableLevel": "OB06",
        "contentJson": {
            "academicTerm": "高中",
            "grade": "高二",
            "edition": "人教版",
            "volume": "选择性必修1 稳态与调节",
            "chapter": "urn:jy:biology:SB0403:OB06:Chapter:l21"
        },
        "identifier": "urn:jy:biology:SB0403:OB06:Section:l102"
    },
    {
        "type": "Section",
        "title": "探究·实践 探索植物生长调节剂的应用",
        "description": "",
        "subject": "SB0403",
        "applicableLevel": "OB06",
        "contentJson": {
            "academicTerm": "高中",
            "grade": "高二",
            "edition": "人教版",
            "volume": "选择性必修1 稳态与调节",
            "chapter": "urn:jy:biology:SB0403:OB06:Chapter:l21"
        },
        "identifier": "urn:jy:biology:SB0403:OB06:Section:l103"
    },
    {
        "type": "Section",
        "title": "第4节 环境因素参与调节植物的生命活动",
        "description": "",
        "subject": "SB0403",
        "applicableLevel": "OB06",
        "contentJson": {
            "academicTerm": "高中",
            "grade": "高二",
            "edition": "人教版",
            "volume": "选择性必修1 稳态与调节",
            "chapter": "urn:jy:biology:SB0403:OB06:Chapter:l21"
        },
        "identifier": "urn:jy:biology:SB0403:OB06:Section:l104"
    },
    {
        "type": "Section",
        "title": "科学·技术·社会 调控花期创造美好生活",
        "description": "",
        "subject": "SB0403",
        "applicableLevel": "OB06",
        "contentJson": {
            "academicTerm": "高中",
            "grade": "高二",
            "edition": "人教版",
            "volume": "选择性必修1 稳态与调节",
            "chapter": "urn:jy:biology:SB0403:OB06:Chapter:l21"
        },
        "identifier": "urn:jy:biology:SB0403:OB06:Section:l105"
    },
    {
        "type": "Section",
        "title": "科学家访谈 尊重自然、顺应自然、保护自然——与方精云院士一席谈",
        "description": "",
        "subject": "SB0403",
        "applicableLevel": "OB06",
        "contentJson": {
        "academicTerm": "高中",
        "grade": "高二",
        "edition": "人教版",
        "volume": "选择性必修2 生物与环境",
        "chapter": "urn:jy:biology:SB0403:OB06:Chapter:l22"
        },
        "identifier": "urn:jy:biology:SB0403:OB06:Section:l106"
    },
    
    {
        "type": "Section",
        "title": "第1节 种群的数量特征",
        "description": "",
        "subject": "SB0403",
        "applicableLevel": "OB06",
        "contentJson": {
        "academicTerm": "高中",
        "grade": "高二",
        "edition": "人教版",
        "volume": "选择性必修2 生物与环境",
        "chapter": "urn:jy:biology:SB0403:OB06:Chapter:l23"
        },
        "identifier": "urn:jy:biology:SB0403:OB06:Section:l107"
    },
    {
        "type": "Section",
        "title": "探究·实践 调查草地中某种双子叶植物的种群密度",
        "description": "",
        "subject": "SB0403",
        "applicableLevel": "OB06",
        "contentJson": {
        "academicTerm": "高中",
        "grade": "高二",
        "edition": "人教版",
        "volume": "选择性必修2 生物与环境",
        "chapter": "urn:jy:biology:SB0403:OB06:Chapter:l23"
        },
        "identifier": "urn:jy:biology:SB0403:OB06:Section:l108"
    },
    {
        "type": "Section",
        "title": "生物科技进展 调查种群数量的其他方法",
        "description": "",
        "subject": "SB0403",
        "applicableLevel": "OB06",
        "contentJson": {
        "academicTerm": "高中",
        "grade": "高二",
        "edition": "人教版",
        "volume": "选择性必修2 生物与环境",
        "chapter": "urn:jy:biology:SB0403:OB06:Chapter:l23"
        },
        "identifier": "urn:jy:biology:SB0403:OB06:Section:l109"
    },
    {
        "type": "Section",
        "title": "第2节 种群数量的变化",
        "description": "",
        "subject": "SB0403",
        "applicableLevel": "OB06",
        "contentJson": {
        "academicTerm": "高中",
        "grade": "高二",
        "edition": "人教版",
        "volume": "选择性必修2 生物与环境",
        "chapter": "urn:jy:biology:SB0403:OB06:Chapter:l23"
        },
        "identifier": "urn:jy:biology:SB0403:OB06:Section:l110"
    },
    {
        "type": "Section",
        "title": "探究·实践 培养液中酵母菌种群数量的变化",
        "description": "",
        "subject": "SB0403",
        "applicableLevel": "OB06",
        "contentJson": {
        "academicTerm": "高中",
        "grade": "高二",
        "edition": "人教版",
        "volume": "选择性必修2 生物与环境",
        "chapter": "urn:jy:biology:SB0403:OB06:Chapter:l23"
        },
        "identifier": "urn:jy:biology:SB0403:OB06:Section:l111"
    },
    {
        "type": "Section",
        "title": "科学家的故事 生态学巨匠马世骏",
        "description": "",
        "subject": "SB0403",
        "applicableLevel": "OB06",
        "contentJson": {
        "academicTerm": "高中",
        "grade": "高二",
        "edition": "人教版",
        "volume": "选择性必修2 生物与环境",
        "chapter": "urn:jy:biology:SB0403:OB06:Chapter:l23"
        },
        "identifier": "urn:jy:biology:SB0403:OB06:Section:l112"
    },
    {
        "type": "Section",
        "title": "第3节 影响种群数量变化的因素",
        "description": "",
        "subject": "SB0403",
        "applicableLevel": "OB06",
        "contentJson": {
        "academicTerm": "高中",
        "grade": "高二",
        "edition": "人教版",
        "volume": "选择性必修2 生物与环境",
        "chapter": "urn:jy:biology:SB0403:OB06:Chapter:l23"
        },
        "identifier": "urn:jy:biology:SB0403:OB06:Section:l113"
    },
    {
        "type": "Section",
        "title": "与生物学有关的职业 植保员",
        "description": "",
        "subject": "SB0403",
        "applicableLevel": "OB06",
        "contentJson": {
        "academicTerm": "高中",
        "grade": "高二",
        "edition": "人教版",
        "volume": "选择性必修2 生物与环境",
        "chapter": "urn:jy:biology:SB0403:OB06:Chapter:l23"
        },
        "identifier": "urn:jy:biology:SB0403:OB06:Section:l114"
    },
    
    {
        "type": "Section",
        "title": "第1节 群落的结构",
        "description": "",
        "subject": "SB0403",
        "applicableLevel": "OB06",
        "contentJson": {
        "academicTerm": "高中",
        "grade": "高二",
        "edition": "人教版",
        "volume": "选择性必修2 生物与环境",
        "chapter": "urn:jy:biology:SB0403:OB06:Chapter:l24"
        },
        "identifier": "urn:jy:biology:SB0403:OB06:Section:l115"
    },
    {
        "type": "Section",
        "title": "探究·实践 研究土壤中小动物类群的丰富度",
        "description": "",
        "subject": "SB0403",
        "applicableLevel": "OB06",
        "contentJson": {
        "academicTerm": "高中",
        "grade": "高二",
        "edition": "人教版",
        "volume": "选择性必修2 生物与环境",
        "chapter": "urn:jy:biology:SB0403:OB06:Chapter:l24"
        },
        "identifier": "urn:jy:biology:SB0403:OB06:Section:l116"
    },
    {
        "type": "Section",
        "title": "科学·技术·社会 立体农业",
        "description": "",
        "subject": "SB0403",
        "applicableLevel": "OB06",
        "contentJson": {
        "academicTerm": "高中",
        "grade": "高二",
        "edition": "人教版",
        "volume": "选择性必修2 生物与环境",
        "chapter": "urn:jy:biology:SB0403:OB06:Chapter:l24"
        },
        "identifier": "urn:jy:biology:SB0403:OB06:Section:l117"
    },
    {
        "type": "Section",
        "title": "第2节 群落的主要类型",
        "description": "",
        "subject": "SB0403",
        "applicableLevel": "OB06",
        "contentJson": {
        "academicTerm": "高中",
        "grade": "高二",
        "edition": "人教版",
        "volume": "选择性必修2 生物与环境",
        "chapter": "urn:jy:biology:SB0403:OB06:Chapter:l24"
        },
        "identifier": "urn:jy:biology:SB0403:OB06:Section:l118"
    },
    {
        "type": "Section",
        "title": "与生物学有关的职业 林业工程师",
        "description": "",
        "subject": "SB0403",
        "applicableLevel": "OB06",
        "contentJson": {
        "academicTerm": "高中",
        "grade": "高二",
        "edition": "人教版",
        "volume": "选择性必修2 生物与环境",
        "chapter": "urn:jy:biology:SB0403:OB06:Chapter:l24"
        },
        "identifier": "urn:jy:biology:SB0403:OB06:Section:l119"
    },
    {
        "type": "Section",
        "title": "第3节 群落的演替",
        "description": "",
        "subject": "SB0403",
        "applicableLevel": "OB06",
        "contentJson": {
        "academicTerm": "高中",
        "grade": "高二",
        "edition": "人教版",
        "volume": "选择性必修2 生物与环境",
        "chapter": "urn:jy:biology:SB0403:OB06:Chapter:l24"
        },
        "identifier": "urn:jy:biology:SB0403:OB06:Section:l120"
    },
    
    {
        "type": "Section",
        "title": "第1节 生态系统的结构",
        "description": "",
        "subject": "SB0403",
        "applicableLevel": "OB06",
        "contentJson": {
        "academicTerm": "高中",
        "grade": "高二",
        "edition": "人教版",
        "volume": "选择性必修2 生物与环境",
        "chapter": "urn:jy:biology:SB0403:OB06:Chapter:l25"
        },
        "identifier": "urn:jy:biology:SB0403:OB06:Section:l121"
    },
    {
        "type": "Section",
        "title": "科学·技术·社会 黄石公园灭狼与引狼入园的启示",
        "description": "",
        "subject": "SB0403",
        "applicableLevel": "OB06",
        "contentJson": {
        "academicTerm": "高中",
        "grade": "高二",
        "edition": "人教版",
        "volume": "选择性必修2 生物与环境",
        "chapter": "urn:jy:biology:SB0403:OB06:Chapter:l25"
        },
        "identifier": "urn:jy:biology:SB0403:OB06:Section:l122"
    },
    {
        "type": "Section",
        "title": "第2节 生态系统的能量流动",
        "description": "",
        "subject": "SB0403",
        "applicableLevel": "OB06",
        "contentJson": {
        "academicTerm": "高中",
        "grade": "高二",
        "edition": "人教版",
        "volume": "选择性必修2 生物与环境",
        "chapter": "urn:jy:biology:SB0403:OB06:Chapter:l25"
        },
        "identifier": "urn:jy:biology:SB0403:OB06:Section:l123"
    },
    {
        "type": "Section",
        "title": "探究·实践 调查当地某生态系统中的能量流动情况",
        "description": "",
        "subject": "SB0403",
        "applicableLevel": "OB06",
        "contentJson": {
        "academicTerm": "高中",
        "grade": "高二",
        "edition": "人教版",
        "volume": "选择性必修2 生物与环境",
        "chapter": "urn:jy:biology:SB0403:OB06:Chapter:l25"
        },
        "identifier": "urn:jy:biology:SB0403:OB06:Section:l124"
    },
    {
        "type": "Section",
        "title": "第3节 生态系统的物质循环",
        "description": "",
        "subject": "SB0403",
        "applicableLevel": "OB06",
        "contentJson": {
        "academicTerm": "高中",
        "grade": "高二",
        "edition": "人教版",
        "volume": "选择性必修2 生物与环境",
        "chapter": "urn:jy:biology:SB0403:OB06:Chapter:l25"
        },
        "identifier": "urn:jy:biology:SB0403:OB06:Section:l125"
    },
    {
        "type": "Section",
        "title": "探究·实践 探究土壤微生物的分解作用",
        "description": "",
        "subject": "SB0403",
        "applicableLevel": "OB06",
        "contentJson": {
        "academicTerm": "高中",
        "grade": "高二",
        "edition": "人教版",
        "volume": "选择性必修2 生物与环境",
        "chapter": "urn:jy:biology:SB0403:OB06:Chapter:l25"
        },
        "identifier": "urn:jy:biology:SB0403:OB06:Section:l126"
    },
    {
        "type": "Section",
        "title": "与生物学有关的职业 景观设计师",
        "description": "",
        "subject": "SB0403",
        "applicableLevel": "OB06",
        "contentJson": {
        "academicTerm": "高中",
        "grade": "高二",
        "edition": "人教版",
        "volume": "选择性必修2 生物与环境",
        "chapter": "urn:jy:biology:SB0403:OB06:Chapter:l25"
        },
        "identifier": "urn:jy:biology:SB0403:OB06:Section:l127"
    },
    {
        "type": "Section",
        "title": "第4节 生态系统的信息传递",
        "description": "",
        "subject": "SB0403",
        "applicableLevel": "OB06",
        "contentJson": {
        "academicTerm": "高中",
        "grade": "高二",
        "edition": "人教版",
        "volume": "选择性必修2 生物与环境",
        "chapter": "urn:jy:biology:SB0403:OB06:Chapter:l25"
        },
        "identifier": "urn:jy:biology:SB0403:OB06:Section:l128"
    },
    {
        "type": "Section",
        "title": "第5节 生态系统的稳定性",
        "description": "",
        "subject": "SB0403",
        "applicableLevel": "OB06",
        "contentJson": {
        "academicTerm": "高中",
        "grade": "高二",
        "edition": "人教版",
        "volume": "选择性必修2 生物与环境",
        "chapter": "urn:jy:biology:SB0403:OB06:Chapter:l25"
        },
        "identifier": "urn:jy:biology:SB0403:OB06:Section:l129"
    },
    {
        "type": "Section",
        "title": "探究·实践 设计制作生态缸，观察其稳定性",
        "description": "",
        "subject": "SB0403",
        "applicableLevel": "OB06",
        "contentJson": {
        "academicTerm": "高中",
        "grade": "高二",
        "edition": "人教版",
        "volume": "选择性必修2 生物与环境",
        "chapter": "urn:jy:biology:SB0403:OB06:Chapter:l25"
        },
        "identifier": "urn:jy:biology:SB0403:OB06:Section:l130"
    },
    
    {
        "type": "Section",
        "title": "第1节 人类活动对生态环境的影响",
        "description": "",
        "subject": "SB0403",
        "applicableLevel": "OB06",
        "contentJson": {
        "academicTerm": "高中",
        "grade": "高二",
        "edition": "人教版",
        "volume": "选择性必修2 生物与环境",
        "chapter": "urn:jy:biology:SB0403:OB06:Chapter:l26"
        },
        "identifier": "urn:jy:biology:SB0403:OB06:Section:l131"
    },
    {
        "type": "Section",
        "title": "探究·实践 调查当地的环境状况，提出保护环境的建议或行动计划",
        "description": "",
        "subject": "SB0403",
        "applicableLevel": "OB06",
        "contentJson": {
        "academicTerm": "高中",
        "grade": "高二",
        "edition": "人教版",
        "volume": "选择性必修2 生物与环境",
        "chapter": "urn:jy:biology:SB0403:OB06:Chapter:l26"
        },
        "identifier": "urn:jy:biology:SB0403:OB06:Section:l132"
    },
    {
        "type": "Section",
        "title": "科学·技术·社会 塞罕坝今昔",
        "description": "",
        "subject": "SB0403",
        "applicableLevel": "OB06",
        "contentJson": {
        "academicTerm": "高中",
        "grade": "高二",
        "edition": "人教版",
        "volume": "选择性必修2 生物与环境",
        "chapter": "urn:jy:biology:SB0403:OB06:Chapter:l26"
        },
        "identifier": "urn:jy:biology:SB0403:OB06:Section:l133"
    },
    {
        "type": "Section",
        "title": "第2节 生物多样性及其保护",
        "description": "",
        "subject": "SB0403",
        "applicableLevel": "OB06",
        "contentJson": {
        "academicTerm": "高中",
        "grade": "高二",
        "edition": "人教版",
        "volume": "选择性必修2 生物与环境",
        "chapter": "urn:jy:biology:SB0403:OB06:Chapter:l26"
        },
        "identifier": "urn:jy:biology:SB0403:OB06:Section:l134"
    },
    {
        "type": "Section",
        "title": "科学家访谈 生物科技创造美好未来——与杨焕明院士一席谈",
        "description": "",
        "subject": "SB0403",
        "applicableLevel": "OB06",
        "contentJson": {
        "academicTerm": "高中",
        "grade": "",
        "edition": "人教版",
        "volume": "选择性必修3 生物技术与工程",
        "chapter": "urn:jy:biology:SB0403:OB06:Chapter:l27"
        },
        "identifier": "urn:jy:biology:SB0403:OB06:Section:l135"
    },
    
    {
        "type": "Section",
        "title": "科技探索之路 从传统发酵技术到发酵工程",
        "description": "",
        "subject": "SB0403",
        "applicableLevel": "OB06",
        "contentJson": {
        "academicTerm": "高中",
        "grade": "",
        "edition": "人教版",
        "volume": "选择性必修3 生物技术与工程",
        "chapter": "urn:jy:biology:SB0403:OB06:Chapter:l28"
        },
        "identifier": "urn:jy:biology:SB0403:OB06:Section:l136"
    },
    {
        "type": "Section",
        "title": "第1节 传统发酵技术的应用",
        "description": "",
        "subject": "SB0403",
        "applicableLevel": "OB06",
        "contentJson": {
        "academicTerm": "高中",
        "grade": "",
        "edition": "人教版",
        "volume": "选择性必修3 生物技术与工程",
        "chapter": "urn:jy:biology:SB0403:OB06:Chapter:l28"
        },
        "identifier": "urn:jy:biology:SB0403:OB06:Section:l137"
    },
    {
        "type": "Section",
        "title": "探究・实践 制作传统发酵食品",
        "description": "",
        "subject": "SB0403",
        "applicableLevel": "OB06",
        "contentJson": {
        "academicTerm": "高中",
        "grade": "",
        "edition": "人教版",
        "volume": "选择性必修3 生物技术与工程",
        "chapter": "urn:jy:biology:SB0403:OB06:Chapter:l28"
        },
        "identifier": "urn:jy:biology:SB0403:OB06:Section:l138"
    },
    {
        "type": "Section",
        "title": "第2节 微生物的培养技术及应用",
        "description": "",
        "subject": "SB0403",
        "applicableLevel": "OB06",
        "contentJson": {
        "academicTerm": "高中",
        "grade": "",
        "edition": "人教版",
        "volume": "选择性必修3 生物技术与工程",
        "chapter": "urn:jy:biology:SB0403:OB06:Chapter:l28"
        },
        "identifier": "urn:jy:biology:SB0403:OB06:Section:l139"
    },
    {
        "type": "Section",
        "title": "第3节 发酵工程及其应用",
        "description": "",
        "subject": "SB0403",
        "applicableLevel": "OB06",
        "contentJson": {
        "academicTerm": "高中",
        "grade": "",
        "edition": "人教版",
        "volume": "选择性必修3 生物技术与工程",
        "chapter": "urn:jy:biology:SB0403:OB06:Chapter:l28"
        },
        "identifier": "urn:jy:biology:SB0403:OB06:Section:l140"
    },
    
    {
        "type": "Section",
        "title": "科技探索之路 细胞工程的发展历程",
        "description": "",
        "subject": "SB0403",
        "applicableLevel": "OB06",
        "contentJson": {
        "academicTerm": "高中",
        "grade": "",
        "edition": "人教版",
        "volume": "选择性必修3 生物技术与工程",
        "chapter": "urn:jy:biology:SB0403:OB06:Chapter:l29"
        },
        "identifier": "urn:jy:biology:SB0403:OB06:Section:l141"
    },
    {
        "type": "Section",
        "title": "第1节 植物细胞工程",
        "description": "",
        "subject": "SB0403",
        "applicableLevel": "OB06",
        "contentJson": {
        "academicTerm": "高中",
        "grade": "",
        "edition": "人教版",
        "volume": "选择性必修3 生物技术与工程",
        "chapter": "urn:jy:biology:SB0403:OB06:Chapter:l29"
        },
        "identifier": "urn:jy:biology:SB0403:OB06:Section:l142"
    },
    {
        "type": "Section",
        "title": "第2节 动物细胞工程",
        "description": "",
        "subject": "SB0403",
        "applicableLevel": "OB06",
        "contentJson": {
        "academicTerm": "高中",
        "grade": "",
        "edition": "人教版",
        "volume": "选择性必修3 生物技术与工程",
        "chapter": "urn:jy:biology:SB0403:OB06:Chapter:l29"
        },
        "identifier": "urn:jy:biology:SB0403:OB06:Section:l143"
    },
    {
        "type": "Section",
        "title": "第3节 胚胎工程",
        "description": "",
        "subject": "SB0403",
        "applicableLevel": "OB06",
        "contentJson": {
        "academicTerm": "高中",
        "grade": "",
        "edition": "人教版",
        "volume": "选择性必修3 生物技术与工程",
        "chapter": "urn:jy:biology:SB0403:OB06:Chapter:l29"
        },
        "identifier": "urn:jy:biology:SB0403:OB06:Section:l144"
    },
    
    {
        "type": "Section",
        "title": "科技探索之路 基因工程的诞生和发展",
        "description": "",
        "subject": "SB0403",
        "applicableLevel": "OB06",
        "contentJson": {
        "academicTerm": "高中",
        "grade": "",
        "edition": "人教版",
        "volume": "选择性必修3 生物技术与工程",
        "chapter": "urn:jy:biology:SB0403:OB06:Chapter:l30"
        },
        "identifier": "urn:jy:biology:SB0403:OB06:Section:l145"
    },
    {
        "type": "Section",
        "title": "第1节 重组DNA技术的基本工具",
        "description": "",
        "subject": "SB0403",
        "applicableLevel": "OB06",
        "contentJson": {
        "academicTerm": "高中",
        "grade": "",
        "edition": "人教版",
        "volume": "选择性必修3 生物技术与工程",
        "chapter": "urn:jy:biology:SB0403:OB06:Chapter:l30"
        },
        "identifier": "urn:jy:biology:SB0403:OB06:Section:l146"
    },
    {
        "type": "Section",
        "title": "探究・实践 DNA的粗提取与鉴定",
        "description": "",
        "subject": "SB0403",
        "applicableLevel": "OB06",
        "contentJson": {
        "academicTerm": "高中",
        "grade": "",
        "edition": "人教版",
        "volume": "选择性必修3 生物技术与工程",
        "chapter": "urn:jy:biology:SB0403:OB06:Chapter:l30"
        },
        "identifier": "urn:jy:biology:SB0403:OB06:Section:l147"
    },
    {
        "type": "Section",
        "title": "第2节 基因工程的基本操作程序",
        "description": "",
        "subject": "SB0403",
        "applicableLevel": "OB06",
        "contentJson": {
        "academicTerm": "高中",
        "grade": "",
        "edition": "人教版",
        "volume": "选择性必修3 生物技术与工程",
        "chapter": "urn:jy:biology:SB0403:OB06:Chapter:l30"
        },
        "identifier": "urn:jy:biology:SB0403:OB06:Section:l148"
    },
    {
        "type": "Section",
        "title": "探究・实践 DNA 片段的扩增及电泳鉴定",
        "description": "",
        "subject": "SB0403",
        "applicableLevel": "OB06",
        "contentJson": {
        "academicTerm": "高中",
        "grade": "",
        "edition": "人教版",
        "volume": "选择性必修3 生物技术与工程",
        "chapter": "urn:jy:biology:SB0403:OB06:Chapter:l30"
        },
        "identifier": "urn:jy:biology:SB0403:OB06:Section:l149"
    },
    {
        "type": "Section",
        "title": "拓展视野 历史不能忘记中国科学家对PCR的贡献",
        "description": "",
        "subject": "SB0403",
        "applicableLevel": "OB06",
        "contentJson": {
        "academicTerm": "高中",
        "grade": "",
        "edition": "人教版",
        "volume": "选择性必修3 生物技术与工程",
        "chapter": "urn:jy:biology:SB0403:OB06:Chapter:l30"
        },
        "identifier": "urn:jy:biology:SB0403:OB06:Section:l150"
    },
    {
        "type": "Section",
        "title": "第3节 基因工程的应用",
        "description": "",
        "subject": "SB0403",
        "applicableLevel": "OB06",
        "contentJson": {
        "academicTerm": "高中",
        "grade": "",
        "edition": "人教版",
        "volume": "选择性必修3 生物技术与工程",
        "chapter": "urn:jy:biology:SB0403:OB06:Chapter:l30"
        },
        "identifier": "urn:jy:biology:SB0403:OB06:Section:l151"
    },
    {
        "type": "Section",
        "title": "第4节 蛋白质工程的原理和应用",
        "description": "",
        "subject": "SB0403",
        "applicableLevel": "OB06",
        "contentJson": {
        "academicTerm": "高中",
        "grade": "",
        "edition": "人教版",
        "volume": "选择性必修3 生物技术与工程",
        "chapter": "urn:jy:biology:SB0403:OB06:Chapter:l30"
        },
        "identifier": "urn:jy:biology:SB0403:OB06:Section:l152"
    },
    
    {
        "type": "Section",
        "title": "科技探索之路 生物技术发展与社会进步",
        "description": "",
        "subject": "SB0403",
        "applicableLevel": "OB06",
        "contentJson": {
        "academicTerm": "高中",
        "grade": "",
        "edition": "人教版",
        "volume": "选择性必修3 生物技术与工程",
        "chapter": "urn:jy:biology:SB0403:OB06:Chapter:l31"
        },
        "identifier": "urn:jy:biology:SB0403:OB06:Section:l153"
    },
    {
        "type": "Section",
        "title": "第1节 转基因产品的安全性",
        "description": "",
        "subject": "SB0403",
        "applicableLevel": "OB06",
        "contentJson": {
        "academicTerm": "高中",
        "grade": "",
        "edition": "人教版",
        "volume": "选择性必修3 生物技术与工程",
        "chapter": "urn:jy:biology:SB0403:OB06:Chapter:l31"
        },
        "identifier": "urn:jy:biology:SB0403:OB06:Section:l154"
    },
    {
        "type": "Section",
        "title": "第2节 关注生殖性克隆人",
        "description": "",
        "subject": "SB0403",
        "applicableLevel": "OB06",
        "contentJson": {
        "academicTerm": "高中",
        "grade": "",
        "edition": "人教版",
        "volume": "选择性必修3 生物技术与工程",
        "chapter": "urn:jy:biology:SB0403:OB06:Chapter:l31"
        },
        "identifier": "urn:jy:biology:SB0403:OB06:Section:l155"
    },
    {
        "type": "Section",
        "title": "第3节 禁止生物武器",
        "description": "",
        "subject": "SB0403",
        "applicableLevel": "OB06",
        "contentJson": {
        "academicTerm": "高中",
        "grade": "",
        "edition": "人教版",
        "volume": "选择性必修3 生物技术与工程",
        "chapter": "urn:jy:biology:SB0403:OB06:Chapter:l31"
        },
        "identifier": "urn:jy:biology:SB0403:OB06:Section:l156"
    },
    {
        "type": "Section",
        "title": "综合专题",
        "description": "",
        "subject": "SB0403",
        "applicableLevel": "OB06",
        "contentJson": {
        "academicTerm": "高中",
        "grade": "",
        "edition": "人教版",
        "volume": "选择性必修3 生物技术与工程",
        "chapter": "urn:jy:biology:SB0403:OB06:Chapter:l31"
        },
        "identifier": "urn:jy:biology:SB0403:OB06:Section:l157"
    },
    
    {
        "type": "Section",
        "title": "生物学核心素养中的科学探究（上）",
        "description": "",
        "subject": "SB0403",
        "applicableLevel": "OB06",
        "contentJson": {
        "academicTerm": "高中",
        "grade": "",
        "edition": "人教版",
        "volume": "选择性必修3 生物技术与工程",
        "chapter": "urn:jy:biology:SB0403:OB06:Chapter:l32"
        },
        "identifier": "urn:jy:biology:SB0403:OB06:Section:l158"
    },
    {
        "type": "Section",
        "title": "生物学核心素养中的科学探究（中）",
        "description": "",
        "subject": "SB0403",
        "applicableLevel": "OB06",
        "contentJson": {
        "academicTerm": "高中",
        "grade": "",
        "edition": "人教版",
        "volume": "选择性必修3 生物技术与工程",
        "chapter": "urn:jy:biology:SB0403:OB06:Chapter:l32"
        },
        "identifier": "urn:jy:biology:SB0403:OB06:Section:l159"
    },
    {
        "type": "Section",
        "title": "生物学核心素养中的科学探究（下）",
        "description": "",
        "subject": "SB0403",
        "applicableLevel": "OB06",
        "contentJson": {
        "academicTerm": "高中",
        "grade": "",
        "edition": "人教版",
        "volume": "选择性必修3 生物技术与工程",
        "chapter": "urn:jy:biology:SB0403:OB06:Chapter:l32"
        },
        "identifier": "urn:jy:biology:SB0403:OB06:Section:l160"
    },
    {
        "type": "Section",
        "title": "高考生物复习（一）",
        "description": "",
        "subject": "SB0403",
        "applicableLevel": "OB06",
        "contentJson": {
        "academicTerm": "高中",
        "grade": "",
        "edition": "人教版",
        "volume": "选择性必修3 生物技术与工程",
        "chapter": "urn:jy:biology:SB0403:OB06:Chapter:l32"
        },
        "identifier": "urn:jy:biology:SB0403:OB06:Section:l161"
    },
    {
        "type": "Section",
        "title": "高考生物复习（二）",
        "description": "",
        "subject": "SB0403",
        "applicableLevel": "OB06",
        "contentJson": {
        "academicTerm": "高中",
        "grade": "",
        "edition": "人教版",
        "volume": "选择性必修3 生物技术与工程",
        "chapter": "urn:jy:biology:SB0403:OB06:Chapter:l32"
        },
        "identifier": "urn:jy:biology:SB0403:OB06:Section:l162"
    },
    {
        "type": "Section",
        "title": "高考生物复习（三）",
        "description": "",
        "subject": "SB0403",
        "applicableLevel": "OB06",
        "contentJson": {
        "academicTerm": "高中",
        "grade": "",
        "edition": "人教版",
        "volume": "选择性必修3 生物技术与工程",
        "chapter": "urn:jy:biology:SB0403:OB06:Chapter:l32"
        },
        "identifier": "urn:jy:biology:SB0403:OB06:Section:l163"
    },
    {
        "type": "Section",
        "title": "高考生物复习（四）—— 生物学核心素养中的生命观念（2）",
        "description": "",
        "subject": "SB0403",
        "applicableLevel": "OB06",
        "contentJson": {
        "academicTerm": "高中",
        "grade": "",
        "edition": "人教版",
        "volume": "选择性必修3 生物技术与工程",
        "chapter": "urn:jy:biology:SB0403:OB06:Chapter:l32"
        },
        "identifier": "urn:jy:biology:SB0403:OB06:Section:l164"
    },
    {
        "type": "Section",
        "title": "生物学核心素养中的科学思维（1）",
        "description": "",
        "subject": "SB0403",
        "applicableLevel": "OB06",
        "contentJson": {
        "academicTerm": "高中",
        "grade": "",
        "edition": "人教版",
        "volume": "选择性必修3 生物技术与工程",
        "chapter": "urn:jy:biology:SB0403:OB06:Chapter:l32"
        },
        "identifier": "urn:jy:biology:SB0403:OB06:Section:l165"
    },
    {
        "type": "Section",
        "title": "生物学核心素养中的生命观念（3）",
        "description": "",
        "subject": "SB0403",
        "applicableLevel": "OB06",
        "contentJson": {
        "academicTerm": "高中",
        "grade": "",
        "edition": "人教版",
        "volume": "选择性必修3 生物技术与工程",
        "chapter": "urn:jy:biology:SB0403:OB06:Chapter:l32"
        },
        "identifier": "urn:jy:biology:SB0403:OB06:Section:l166"
    },
    {
        "type": "Section",
        "title": "科学方法提高复习效率",
        "description": "",
        "subject": "SB0403",
        "applicableLevel": "OB06",
        "contentJson": {
        "academicTerm": "高中",
        "grade": "",
        "edition": "人教版",
        "volume": "选择性必修3 生物技术与工程",
        "chapter": "urn:jy:biology:SB0403:OB06:Chapter:l32"
        },
        "identifier": "urn:jy:biology:SB0403:OB06:Section:l167"
    },
    {
        "type": "Section",
        "title": "领会学科思想和掌握学科方法",
        "description": "",
        "subject": "SB0403",
        "applicableLevel": "OB06",
        "contentJson": {
        "academicTerm": "高中",
        "grade": "",
        "edition": "人教版",
        "volume": "选择性必修3 生物技术与工程",
        "chapter": "urn:jy:biology:SB0403:OB06:Chapter:l32"
        },
        "identifier": "urn:jy:biology:SB0403:OB06:Section:l168"
    },
    {
        "type": "Section",
        "title": "生物学中的内环境稳态及其调节机制",
        "description": "",
        "subject": "SB0403",
        "applicableLevel": "OB06",
        "contentJson": {
        "academicTerm": "高中",
        "grade": "",
        "edition": "人教版",
        "volume": "选择性必修3 生物技术与工程",
        "chapter": "urn:jy:biology:SB0403:OB06:Chapter:l32"
        },
        "identifier": "urn:jy:biology:SB0403:OB06:Section:l169"
    }
]