[
  {
    "identifier": "urn:jy:biology:SB0403:OB06:SubConception:l1",
    "title": "细胞由多种多样的分子组成，包括水、无机盐、糖类、脂质、蛋白质和核酸等，其中蛋白质和核酸是两类最重要的生物大分子",
    "description": "1.1.1 说出细胞主要由C、H、O、N、P、S等元素构成，它们以碳链为骨架形成复杂的生物大分子\n\n1.1.2 指出水大约占细胞质量的  $2 / 3$  ，以自由水和结合水的形式存在，赋予了细胞许多特性，在生命活动中具有重要作用\n\n1.1.3 举例说出无机盐在细胞内含量虽少，但与生命活动密切相关\n\n1.1.4 概述糖类有多种类型，它们既是细胞的重要结构成分，又是生命活动的主要能源物质\n\n1.1.5 举例说出不同种类的脂质对维持细胞结构和功能有重要作用\n\n1.1.6 阐明蛋白质通常由 20 种氨基酸分子组成，它的功能取决于氨基酸序列及其形成的空间结构，细胞的功能主要由蛋白质完成\n\n1.1.7 概述核酸由核苷酸聚合而成，是储存与传递遗传信息的生物大分子",
    "subject": "SB0403",
    "type": "SubConception",
    "applicableLevel": "OB06",
    "contentJson": {
      "Module": "urn:jy:biology:SB0403:OB06:Module:l1",
      "Conception": "urn:jy:biology:SB0403:OB06:Conception:l1"
    }
  },
  {
    "identifier": "urn:jy:biology:SB0403:OB06:SubConception:l2",
    "title": "细胞各部分结构既分工又合作，共同执行细胞的各项生命活动",
    "description": "1.2.1 概述细胞都由质膜包裹，质膜将细胞与其生活环境分开，能控制物质进出，并参与细胞间的信息交流\n\n1.2.2 阐明细胞内具有多个相对独立的结构，担负着物质运输、合\n\n成与分解、能量转换和信息传递等生命活动\n\n1.2.3 阐明遗传信息主要储存在细胞核中\n\n1.2.4 举例说明细胞各部分结构之间相互联系、协调一致，共同执行细胞的各项生命活动",
    "subject": "SB0403",
    "type": "SubConception",
    "applicableLevel": "OB06",
    "contentJson": {
      "Module": "urn:jy:biology:SB0403:OB06:Module:l1",
      "Conception": "urn:jy:biology:SB0403:OB06:Conception:l1"
    }
  },
  {
    "identifier": "urn:jy:biology:SB0403:OB06:SubConception:l3",
    "title": "各种细胞具有相似的基本结构，但在形态与功能上有所差异",
    "description": "1.3.1 说明有些生物体只有一个细胞，而有的由很多细胞构成，这些细胞形态和功能多样，但都具有相似的基本结构\n\n1.3.2 描述原核细胞与真核细胞的最大区别是原核细胞没有由核膜包被的细胞核",
    "subject": "SB0403",
    "type": "SubConception",
    "applicableLevel": "OB06",
    "contentJson": {
      "Module": "urn:jy:biology:SB0403:OB06:Module:l1",
      "Conception": "urn:jy:biology:SB0403:OB06:Conception:l1"
    }
  },
  {
    "identifier": "urn:jy:biology:SB0403:OB06:SubConception:l4",
    "title": "物质通过被动运输、主动运输等方式进出细胞，以维持细胞的正常代谢活动",
    "description": "2.1.1 阐明质膜具有选择透过性\n\n2.1.2 举例说明有些物质顺浓度梯度进出细胞，不需要额外提供能量；有些物质逆浓度梯度进出细胞，需要能量和载体蛋白\n\n2.1.3 举例说明大分子物质可以通过胞吞、胞吐进出细胞",
    "subject": "SB0403",
    "type": "SubConception",
    "applicableLevel": "OB06",
    "contentJson": {
      "Module": "urn:jy:biology:SB0403:OB06:Module:l1",
      "Conception": "urn:jy:biology:SB0403:OB06:Conception:l2"
    }
  },
  {
    "identifier": "urn:jy:biology:SB0403:OB06:SubConception:l5",
    "title": "细胞的功能绝大多数基于化学反应, 这些反应发生在细胞的特定区域",
    "description": "2.2.1 说明绝大多数酶是一类能催化生化反应的蛋白质, 酶活性受到环境因素 (如  $\\mathrm{pH}$  和温度等) 的影响\n\n2.2.2 解释ATP是驱动细胞生命活动的直接能源物质\n\n2.2.3 说明植物细胞的叶绿体从太阳光中捕获能量，这些能量在二氧化碳和水转变为糖与氧气的过程中，转换并储存为糖分子中的化学能\n\n2.2.4 说明生物通过细胞呼吸将储存在有机分子中的能量转化为生命活动可以利用的能量",
    "subject": "SB0403",
    "type": "SubConception",
    "applicableLevel": "OB06",
    "contentJson": {
      "Module": "urn:jy:biology:SB0403:OB06:Module:l1",
      "Conception": "urn:jy:biology:SB0403:OB06:Conception:l2"
    }
  },
  {
    "identifier": "urn:jy:biology:SB0403:OB06:SubConception:l6",
    "title": "细胞会经历生长、增殖、分化、衰老和死亡等生命进程",
    "description": "2.3.1 描述细胞通过不同的方式进行分裂, 其中有丝分裂保证了遗\n\n传信息在亲代和子代细胞中的一致性\n\n2.3.2 说明在个体发育过程中，细胞在形态、结构和功能方面发生特异性的分化，形成了复杂的多细胞生物体\n\n2.3.3 描述在正常情况下，细胞衰老和死亡是一种自然的生理过程",
    "subject": "SB0403",
    "type": "SubConception",
    "applicableLevel": "OB06",
    "contentJson": {
      "Module": "urn:jy:biology:SB0403:OB06:Module:l1",
      "Conception": "urn:jy:biology:SB0403:OB06:Conception:l2"
    }
  },
  {
    "identifier": "urn:jy:biology:SB0403:OB06:SubConception:l7",
    "title": "亲代传递给子代的遗传信息主要编码在DNA分子上",
    "description": "3.1.1 概述多数生物的基因是DNA分子的功能片段，有些病毒的基因在RNA分子上\n\n3.1.2 概述DNA分子是由四种脱氧核苷酸构成，通常由两条碱基互补配对的反向平行长链形成双螺旋结构，碱基的排列顺序编码了遗传信息\n\n3.1.3 概述DNA分子通过半保留方式进行复制\n\n3.1.4 概述DNA分子上的遗传信息通过RNA指导蛋白质的合成，细胞分化的本质是基因选择性表达的结果，生物的性状主要通过蛋白质表现\n\n3.1.5 概述某些基因中碱基序列不变但表型改变的表观遗传现象",
    "subject": "SB0403",
    "type": "SubConception",
    "applicableLevel": "OB06",
    "contentJson": {
      "Module": "urn:jy:biology:SB0403:OB06:Module:l2",
      "Conception": "urn:jy:biology:SB0403:OB06:Conception:l3"
    }
  },
  {
    "identifier": "urn:jy:biology:SB0403:OB06:SubConception:l8",
    "title": "有性生殖中基因的分离和重组使双亲后代的基因组合有多种可能",
    "description": "3.2.1 阐明减数分裂产生染色体数量减半的精细胞或卵细胞\n\n3.2.2 说明进行有性生殖的生物体，其遗传信息通过配子传递给子代\n\n3.2.3 阐明有性生殖中基因的分离和自由组合使得子代的基因型和表型有多种可能，并可由此预测子代的遗传性状\n\n3.2.4 概述性染色体上的基因传递和性别相关联",
    "subject": "SB0403",
    "type": "SubConception",
    "applicableLevel": "OB06",
    "contentJson": {
      "Module": "urn:jy:biology:SB0403:OB06:Module:l2",
      "Conception": "urn:jy:biology:SB0403:OB06:Conception:l3"
    }
  },
  {
    "identifier": "urn:jy:biology:SB0403:OB06:SubConception:l9",
    "title": "由基因突变、染色体变异和基因重组引起的变异是可以遗传的",
    "description": "3.3.1 概述碱基的替换、插入或缺失会引发基因中碱基序列的改变\n\n3.3.2 阐明基因中碱基序列的改变有可能导致它所编码的蛋白质及相应的细胞功能发生变化，甚至带来致命的后果\n\n3.3.3 描述细胞在某些化学物质、射线，以及病毒的作用下，基因突变概率可能提高，而某些基因突变能导致细胞分裂失控，甚至发生癌变\n\n3.3.4 阐明进行有性生殖的生物在减数分裂过程中, 染色体所发生\n\n的自由组合和交叉互换，会导致控制不同性状的基因重组，从而使子代出现变异\n\n3.3.5 举例说明染色体结构和数量的变异都可能导致生物性状的改变甚至死亡\n\n3.3.6 举例说明人类遗传病是可以检测和预防的",
    "subject": "SB0403",
    "type": "SubConception",
    "applicableLevel": "OB06",
    "contentJson": {
      "Module": "urn:jy:biology:SB0403:OB06:Module:l2",
      "Conception": "urn:jy:biology:SB0403:OB06:Conception:l3"
    }
  },
  {
    "identifier": "urn:jy:biology:SB0403:OB06:SubConception:l10",
    "title": "地球上的现存物种丰富多样，它们来自共同祖先",
    "description": "4.1.1 尝试通过化石记录、比较解剖学和胚胎学等事实，说明当今生物具有共同的祖先\n\n4.1.2 尝试通过细胞生物学和分子生物学等知识，说明当今生物在新陈代谢、DNA的结构与功能等方面具有许多共同特征",
    "subject": "SB0403",
    "type": "SubConception",
    "applicableLevel": "OB06",
    "contentJson": {
      "Module": "urn:jy:biology:SB0403:OB06:Module:l2",
      "Conception": "urn:jy:biology:SB0403:OB06:Conception:l4"
    }
  },
  {
    "identifier": "urn:jy:biology:SB0403:OB06:SubConception:l11",
    "title": "适应是自然选择的结果",
    "description": "4.2.1 举例说明种群内的某些可遗传变异将赋予个体在特定环境中的生存和繁殖优势\n\n4.2.2 阐明具有优势性状的个体在种群中所占比例将会增加\n\n4.2.3 说明自然选择促进生物更好地适应特定的生存环境\n\n4.2.4 概述现代生物进化理论以自然选择学说为核心，为地球上的生命进化史提供了科学的解释\n\n4.2.5 举例说明变异、选择和隔离可导致新物种形成",
    "subject": "SB0403",
    "type": "SubConception",
    "applicableLevel": "OB06",
    "contentJson": {
      "Module": "urn:jy:biology:SB0403:OB06:Module:l2",
      "Conception": "urn:jy:biology:SB0403:OB06:Conception:l4"
    }
  },
  {
    "identifier": "urn:jy:biology:SB0403:OB06:SubConception:l12",
    "title": "内环境为机体细胞提供适宜的生存环境，机体细胞通过内环境与外界环境进行物质交换",
    "description": "1.1.1 说明血浆、组织液和淋巴等细胞外液共同构成高等动物细胞赖以生存的内环境\n\n1.1.2 阐明机体细胞生活在内环境中，通过内环境与外界环境进行物质交换，同时也参与内环境的形成和维持\n\n1.1.3 简述机体通过呼吸、消化、循环和泌尿等系统参与内、外环境间的物质交换",
    "subject": "SB0403",
    "type": "SubConception",
    "applicableLevel": "OB06",
    "contentJson": {
      "Module": "urn:jy:biology:SB0403:OB06:Module:l3",
      "Conception": "urn:jy:biology:SB0403:OB06:Conception:l5"
    }
  },
  {
    "identifier": "urn:jy:biology:SB0403:OB06:SubConception:l13",
    "title": "内环境的变化会引发机体的自动调节，以维持内环境的稳态",
    "description": "1.2.1 以血糖、体温、 $\\mathrm{pH}$ 和渗透压等为例，阐明机体通过调节作用保持内环境的相对稳定，以保证机体的正常生命活动\n\n1.2.2 举例说明机体不同器官、系统协调统一地共同完成各项生命活动，是维持内环境稳态的基础",
    "subject": "SB0403",
    "type": "SubConception",
    "applicableLevel": "OB06",
    "contentJson": {
      "Module": "urn:jy:biology:SB0403:OB06:Module:l3",
      "Conception": "urn:jy:biology:SB0403:OB06:Conception:l5"
    }
  },
  {
    "identifier": "urn:jy:biology:SB0403:OB06:SubConception:l14",
    "title": "神经系统能够及时感知机体内、外环境的变化，并作出反应调控各器官、系统的活动，实现机体稳态",
    "description": "1.3.1 概述神经调节的基本方式是反射（可分为条件反射和非条件反射），其结构基础是反射弧\n\n1.3.2 阐明神经细胞膜内外在静息状态具有电位差，受到外界刺激后形成动作电位，并沿神经纤维传导\n\n1.3.3 阐明神经冲动在突触处的传递通常通过化学传递方式完成\n\n1.3.4 分析位于脊髓的低级神经中枢和脑中相应的高级神经中枢相互联系、相互协调，共同调控器官和系统的活动，维持机体的稳态\n\n1.3.5 举例说明中枢神经系统通过自主神经来调节内脏的活动\n\n1.3.6 简述语言活动和条件反射是由大脑皮层控制的高级神经活动",
    "subject": "SB0403",
    "type": "SubConception",
    "applicableLevel": "OB06",
    "contentJson": {
      "Module": "urn:jy:biology:SB0403:OB06:Module:l3",
      "Conception": "urn:jy:biology:SB0403:OB06:Conception:l5"
    }
  },
  {
    "identifier": "urn:jy:biology:SB0403:OB06:SubConception:l15",
    "title": "内分泌系统产生的多种类型的激素，通过体液传送而发挥调节作用，实现机体稳态",
    "description": "1.4.1 说出人体内分泌系统主要由内分泌腺组成，包括垂体、甲状腺、肾上腺、胰岛和性腺等多种腺体，它们分泌的各类激素参与生命活动的调节\n\n1.4.2 举例说明激素通过分级调节、反馈调节等机制维持机体的稳态，如甲状腺激素分泌的调节和血糖平衡的调节等\n\n1.4.3 举例说出神经调节与体液调节相互协调共同维持机体的稳态，如体温调节和水盐平衡的调节等\n\n1.4.4 举例说明其他体液成分参与稳态的调节，如二氧化碳对呼吸运动的调节等",
    "subject": "SB0403",
    "type": "SubConception",
    "applicableLevel": "OB06",
    "contentJson": {
      "Module": "urn:jy:biology:SB0403:OB06:Module:l3",
      "Conception": "urn:jy:biology:SB0403:OB06:Conception:l5"
    }
  },
  {
    "identifier": "urn:jy:biology:SB0403:OB06:SubConception:l16",
    "title": "免疫系统能够抵御病原体的侵袭，识别并清除机体内衰老、死亡或异常的细胞，实现机体稳态",
    "description": "1.5.1 举例说明免疫细胞、免疫器官和免疫活性物质等是免疫调节的结构与物质基础\n\n1.5.2 概述人体的免疫包括与生俱来的非特异性免疫和后天获得的特异性免疫\n\n1.5.3 阐明特异性免疫是通过体液免疫和细胞免疫两种方式，针对特定病原体发生的免疫应答\n\n1.5.4 举例说明免疫功能异常可能引发疾病，如过敏、自身免疫病、艾滋病和先天性免疫缺陷病等",
    "subject": "SB0403",
    "type": "SubConception",
    "applicableLevel": "OB06",
    "contentJson": {
      "Module": "urn:jy:biology:SB0403:OB06:Module:l3",
      "Conception": "urn:jy:biology:SB0403:OB06:Conception:l5"
    }
  },
  {
    "identifier": "urn:jy:biology:SB0403:OB06:SubConception:l17",
    "title": "植物生命活动受到多种因素的调节，其中最重要的是植物激素的调节",
    "description": "1.6.1 概述科学家经过不断的探索，发现了植物生长素，并揭示了它在调节植物生长时表现出两重性，既能促进生长，也能抑制生长\n\n1.6.2 举例说明几种主要植物激素的作用，这些激素可通过协同、拮抗等方式共同实现对植物生命活动的调节\n\n1.6.3 举例说明生长素、细胞分裂素、赤霉素、脱落酸和乙烯等植物激素及其类似物在生产上得到了广泛应用\n\n1.6.4 概述其他因素参与植物生命活动的调节，如光、重力和温度等",
    "subject": "SB0403",
    "type": "SubConception",
    "applicableLevel": "OB06",
    "contentJson": {
      "Module": "urn:jy:biology:SB0403:OB06:Module:l3",
      "Conception": "urn:jy:biology:SB0403:OB06:Conception:l5"
    }
  },
  {
    "identifier": "urn:jy:biology:SB0403:OB06:SubConception:l18",
    "title": "不同种群的生物在长期适应环境和彼此相互适应的过程中形成动态的生物群落",
    "description": "2.1.1 列举种群具有种群密度、出生率和死亡率、迁入率和迁出率、年龄结构、性别比例等特征\n\n2.1.2 尝试建立数学模型解释种群的数量变动\n\n2.1.3 举例说明阳光、温度和水等非生物因素以及不同物种之间的相互作用都会影响生物的种群特征\n\n2.1.4 描述群落具有垂直结构和水平结构等特征，并可随时间而改变\n\n2.1.5 阐明一个群落替代另一个群落的演替过程，包括初生演替和次生演替两种类型\n\n2.1.6 分析不同群落中的生物具有与该群落环境相适应的形态结构、生理特征和分布特点",
    "subject": "SB0403",
    "type": "SubConception",
    "applicableLevel": "OB06",
    "contentJson": {
      "Module": "urn:jy:biology:SB0403:OB06:Module:l4",
      "Conception": "urn:jy:biology:SB0403:OB06:Conception:l6"
    }
  },
  {
    "identifier": "urn:jy:biology:SB0403:OB06:SubConception:l19",
    "title": "生物群落与非生物的环境因素相互作用形成多样化的生态系统，完成物质循环、能量流动和信息传递",
    "description": "2.2.1 阐明生态系统由生产者、消费者和分解者等生物因素以及阳光、空气、水等非生物因素组成，各组分紧密联系使生态系统成为具有一定结构和功能的统一体\n\n2.2.2 讨论某一生态系统中生产者和消费者通过食物链和食物网联系在一起形成复杂的营养结构\n\n2.2.3 分析生态系统中的物质在生物群落与无机环境之间不断循环、能量在生物群落中单向流动并逐级递减的规律\n\n2.2.4 举例说明利用物质循环和能量流动规律，人们能够更加科学、有效地利用生态系统中的资源\n\n2.2.5 解释生态金字塔表征了食物网各营养级之间在个体数量、生物量和能量方面的关系\n\n2.2.6 阐明某些有害物质会通过食物链不断地富集的现象\n\n2.2.7 举例说出生态系统中物理、化学和行为信息的传递对生命活动的正常进行、生物种群的繁衍和种间关系的调节起着重要作用\n\n2.2.8 分析特定生态系统的生物与非生物因素决定其营养结构",
    "subject": "SB0403",
    "type": "SubConception",
    "applicableLevel": "OB06",
    "contentJson": {
      "Module": "urn:jy:biology:SB0403:OB06:Module:l4",
      "Conception": "urn:jy:biology:SB0403:OB06:Conception:l6"
    }
  },
  {
    "identifier": "urn:jy:biology:SB0403:OB06:SubConception:l20",
    "title": "生态系统通过自我调节作用抵御和消除一定限度的外来干扰，保持或恢复自身结构和功能的相对稳定",
    "description": "2.3.1 解释生态系统具有保持或恢复自身结构和功能相对稳定，并维持动态平衡的能力\n\n2.3.2 举例说明生态系统的稳定性会受到自然或人为因素的影响，如气候变化、自然事件、人类活动或外来物种入侵等\n\n2.3.3 阐明生态系统在受到一定限度的外来干扰时，能够通过自我调节维持稳定",
    "subject": "SB0403",
    "type": "SubConception",
    "applicableLevel": "OB06",
    "contentJson": {
      "Module": "urn:jy:biology:SB0403:OB06:Module:l4",
      "Conception": "urn:jy:biology:SB0403:OB06:Conception:l6"
    }
  },
  {
    "identifier": "urn:jy:biology:SB0403:OB06:SubConception:l21",
    "title": "人类活动对生态系统的动态平衡有着深远的影响，依据生态学原理\n\n保护环境是人类生存和可持续发展的必要条件",
    "description": "2.4.1 探讨人口增长会对环境造成压力\n\n2.4.2 关注全球气候变化、水资源短缺、臭氧层破坏、酸雨、荒漠化和环境污染等全球性环境问题对生物圈的稳态造成威胁，同时也对人类的生存和可持续发展造成影响\n\n2.4.3 概述生物多样性对维持生态系统的稳定性以及人类生存和发展的重要意义，并尝试提出人与自然和谐共生的合理化建议\n\n2.4.4 举例说明根据生态学原理、采用系统工程的方法和技术，达到资源多层次和循环利用的目的，使特定区域中的人和自然环境均受益\n\n2.4.5 形成“环境保护需要从我做起”的意识",
    "subject": "SB0403",
    "type": "SubConception",
    "applicableLevel": "OB06",
    "contentJson": {
      "Module": "urn:jy:biology:SB0403:OB06:Module:l4",
      "Conception": "urn:jy:biology:SB0403:OB06:Conception:l6"
    }
  },
  {
    "identifier": "urn:jy:biology:SB0403:OB06:SubConception:l22",
    "title": "获得纯净的微生物培养物是发酵工程的基础",
    "description": "3.1.1 阐明在发酵工程中灭菌是获得纯净的微生物培养物的前提\n\n3.1.2 阐明无菌技术是在操作过程中，保持无菌物品与无菌区域不被微生物污染的技术\n\n3.1.3 举例说明通过调整培养基的配方可有目的地培养某种微生物\n\n3.1.4 概述平板划线法和稀释涂布平板法是实验室中进行微生物分离和纯化的常用方法\n\n3.1.5 概述稀释涂布平板法和显微镜计数法是测定微生物数量的常用方法",
    "subject": "SB0403",
    "type": "SubConception",
    "applicableLevel": "OB06",
    "contentJson": {
      "Module": "urn:jy:biology:SB0403:OB06:Module:l5",
      "Conception": "urn:jy:biology:SB0403:OB06:Conception:l7"
    }
  },
  {
    "identifier": "urn:jy:biology:SB0403:OB06:SubConception:l23",
    "title": "发酵工程为人类提供多样的生物产品",
    "description": "3.2.1 举例说明日常生活中的某些食品是运用传统发酵技术生产的\n\n3.2.2 阐明发酵工程利用现代工程技术及微生物的特定功能，工业化生产人类所需产品\n\n3.2.3 举例说明发酵工程在医药、食品及其他工农业生产上有重要的应用价值",
    "subject": "SB0403",
    "type": "SubConception",
    "applicableLevel": "OB06",
    "contentJson": {
      "Module": "urn:jy:biology:SB0403:OB06:Module:l5",
      "Conception": "urn:jy:biology:SB0403:OB06:Conception:l7"
    }
  },
  {
    "identifier": "urn:jy:biology:SB0403:OB06:SubConception:l24",
    "title": "植物细胞工程包括组织培养和体细胞杂交等技术",
    "description": "4.1.1 阐明植物组织培养是在一定条件下，将离体植物器官、组织和细胞在适宜的培养条件下诱导形成愈伤组织，并重新分化，最终形成完整植株的过程\n\n4.1.2 概述植物体细胞杂交是将不同植物体细胞在一定条件下融合成杂合细胞，继而培育成新植物体的技术\n\n4.1.3 举例说明植物细胞工程利用快速繁殖、脱毒、次生代谢产物生产、育种等方式有效提高了生产效率",
    "subject": "SB0403",
    "type": "SubConception",
    "applicableLevel": "OB06",
    "contentJson": {
      "Module": "urn:jy:biology:SB0403:OB06:Module:l5",
      "Conception": "urn:jy:biology:SB0403:OB06:Conception:l8"
    }
  },
  {
    "identifier": "urn:jy:biology:SB0403:OB06:SubConception:l25",
    "title": "动物细胞工程包括细胞培养、核移植、细胞融合和干细胞的应用等技术",
    "description": "4.2.1 阐明动物细胞培养是从动物体获得相关组织，分散成单个细胞后，在适宜的培养条件下让细胞生长和增殖的过程。动物细胞培养是动物细胞工程的基础\n\n4.2.2 阐明动物细胞核移植一般是将体细胞核移入一个去核的卵母细胞中，并使重组细胞发育成新胚胎，继而发育成动物个体的过程\n\n4.2.3 阐明动物细胞融合是指通过物理、化学或生物学等手段，使两个或多个动物细胞结合形成一个细胞的过程\n\n4.2.4 概述细胞融合技术是单克隆抗体制备的重要技术\n\n4.2.5 简述干细胞在生物医学工程中有广泛的应用价值",
    "subject": "SB0403",
    "type": "SubConception",
    "applicableLevel": "OB06",
    "contentJson": {
      "Module": "urn:jy:biology:SB0403:OB06:Module:l5",
      "Conception": "urn:jy:biology:SB0403:OB06:Conception:l8"
    }
  },
  {
    "identifier": "urn:jy:biology:SB0403:OB06:SubConception:l26",
    "title": "对动物早期胚胎或配子进行显微操作和处理以获得目标个体",
    "description": "4.3.1 简述胚胎形成经过了受精及早期发育等过程\n\n4.3.2 简述胚胎工程包括体外受精、胚胎移植和胚胎分割等技术",
    "subject": "SB0403",
    "type": "SubConception",
    "applicableLevel": "OB06",
    "contentJson": {
      "Module": "urn:jy:biology:SB0403:OB06:Module:l5",
      "Conception": "urn:jy:biology:SB0403:OB06:Conception:l8"
    }
  },
  {
    "identifier": "urn:jy:biology:SB0403:OB06:SubConception:l27",
    "title": "基因工程是一种重组DNA技术",
    "description": "5.1.1 概述基因工程是在遗传学、微生物学、生物化学和分子生物学等学科基础上发展而来的\n\n5.1.2 阐明DNA重组技术的实现需要利用限制性内切核酸酶、DNA连接酶和载体三种基本工具\n\n5.1.3 阐明基因工程的基本操作程序主要包括目的基因的获取、基因表达载体的构建、目的基因导入受体细胞和目的基因及其表达产物的检测鉴定等步骤\n\n5.1.4 举例说明基因工程在农牧、食品及医药等行业的广泛应用改善了人类的生活品质",
    "subject": "SB0403",
    "type": "SubConception",
    "applicableLevel": "OB06",
    "contentJson": {
      "Module": "urn:jy:biology:SB0403:OB06:Module:l5",
      "Conception": "urn:jy:biology:SB0403:OB06:Conception:l9"
    }
  },
  {
    "identifier": "urn:jy:biology:SB0403:OB06:SubConception:l28",
    "title": "蛋白质工程是基因工程的延伸",
    "description": "5.2.1 概述人们根据基因工程原理，进行蛋白质设计和改造，可以\n\n获得性状和功能更符合人类需求的蛋白质\n\n5.2.2 举例说明依据人类需要对原有蛋白质结构进行基因改造、生产目标蛋白的过程",
    "subject": "SB0403",
    "type": "SubConception",
    "applicableLevel": "OB06",
    "contentJson": {
      "Module": "urn:jy:biology:SB0403:OB06:Module:l5",
      "Conception": "urn:jy:biology:SB0403:OB06:Conception:l9"
    }
  },
  {
    "identifier": "urn:jy:biology:SB0403:OB06:SubConception:l29",
    "title": "转基因产品的安全性引发社会的广泛关注",
    "description": "6.1.1 举例说出日常生活中的转基因产品\n\n6.1.2 探讨转基因技术在应用过程中带来的影响",
    "subject": "SB0403",
    "type": "SubConception",
    "applicableLevel": "OB06",
    "contentJson": {
      "Module": "urn:jy:biology:SB0403:OB06:Module:l5",
      "Conception": "urn:jy:biology:SB0403:OB06:Conception:l10"
    }
  },
  {
    "identifier": "urn:jy:biology:SB0403:OB06:SubConception:l30",
    "title": "中国禁止生殖性克隆人",
    "description": "6.2.1 举例说出生殖性克隆人面临的伦理问题\n\n6.2.2 分析说明我国为什么不赞成、不允许、不支持、不接受任何生殖性克隆人实验",
    "subject": "SB0403",
    "type": "SubConception",
    "applicableLevel": "OB06",
    "contentJson": {
      "Module": "urn:jy:biology:SB0403:OB06:Module:l5",
      "Conception": "urn:jy:biology:SB0403:OB06:Conception:l10"
    }
  },
  {
    "identifier": "urn:jy:biology:SB0403:OB06:SubConception:l31",
    "title": "世界范围内应全面禁止生物武器",
    "description": "6.3.1 举例说明历史上生物武器对人类造成了严重的威胁与伤害\n\n6.3.2 认同我国反对生物武器及其技术和设备的扩散",
    "subject": "SB0403",
    "type": "SubConception",
    "applicableLevel": "OB06",
    "contentJson": {
      "Module": "urn:jy:biology:SB0403:OB06:Module:l5",
      "Conception": "urn:jy:biology:SB0403:OB06:Conception:l10"
    }
  }
]