[
  {
    "relationName": "coreLiteracyCultivatedByThemeL1",
    "label": "核心素养由一级主题培养 / cultivatedByThemeL1",
    "source": "urn:jy:physics:OB05:CoreLiteracy:1",
    "target": "urn:jy:physics:OB05:ThemeL1:1",
    "evidence": {
      "coreLiteracy": "通物理观念是从物理学视角形成的关于物质、运动和相互作用、能量等内容的总体认识，是物理概念和规律等在头脑中的提炼与升华，是从物理学视角解释自然现象和解决实际问题的基础。物理观念主要包括物质观念、运动和相互作用观念、能量观念等要素。",
      "themeL1": "一级主题“物质”包含“物质的形态和变化”“物质的属性”“物质的结构和物质世界的尺度”三个二级主题。“物质”主题的课程内容与日常生活、自然现象及科技发展前沿密切相关。这部分内容的设计旨在引导学生从物理学的视角认识物质世界，了解身边物质的形态和变化，了解物质的属性、结构与物质世界的尺度，初步形成物质观念；引导学生学习科学研究方法，提升科学探究能力，体会科学、技术、社会、环境之间的关系，形成辩证唯物主义世界观和关心环境、保护环境的责任感。"
    }
  },
  {
    "relationName": "themeL1CultivatesCoreLiteracy",
    "label": "一级主题培养核心素养 / cultivatesCoreLiteracy",
    "source": "urn:jy:physics:OB05:ThemeL1:1",
    "target": "urn:jy:physics:OB05:CoreLiteracy:1",
    "evidence": {
      "themeL1": "一级主题“物质”包含“物质的形态和变化”“物质的属性”“物质的结构和物质世界的尺度”三个二级主题。“物质”主题的课程内容与日常生活、自然现象及科技发展前沿密切相关。这部分内容的设计旨在引导学生从物理学的视角认识物质世界，了解身边物质的形态和变化，了解物质的属性、结构与物质世界的尺度，初步形成物质观念；引导学生学习科学研究方法，提升科学探究能力，体会科学、技术、社会、环境之间的关系，形成辩证唯物主义世界观和关心环境、保护环境的责任感。",
      "coreLiteracy": "通物理观念是从物理学视角形成的关于物质、运动和相互作用、能量等内容的总体认识，是物理概念和规律等在头脑中的提炼与升华，是从物理学视角解释自然现象和解决实际问题的基础。物理观念主要包括物质观念、运动和相互作用观念、能量观念等要素。"
    }
  },
  {
    "relationName": "coreLiteracyCultivatedByThemeL1",
    "label": "核心素养由一级主题培养 / cultivatedByThemeL1",
    "source": "urn:jy:physics:OB05:CoreLiteracy:1",
    "target": "urn:jy:physics:OB05:ThemeL1:2",
    "evidence": {
      "coreLiteracy": "通物理观念是从物理学视角形成的关于物质、运动和相互作用、能量等内容的总体认识，是物理概念和规律等在头脑中的提炼与升华，是从物理学视角解释自然现象和解决实际问题的基础。物理观念主要包括物质观念、运动和相互作用观念、能量观念等要素。",
      "themeL1": "力一级主题“运动和相互作用”包含“多种多样的运动形式”“机械运动和力”“声和光”“电和磁”四个二级主题。“运动和相互作用”主题的课程内容包含较多的物理概念和规律，与生产生活密切相关。这部分内容的设计旨在引导学生从物理学视角认识运动和相互作用，了解身边的运动形式及相互作用，了解声、光、电、磁的含义，初步形成运动和相互作用观念；发展学生的推理论证能力及交流合作能力，引导学生了解我国古代和现代的相关科技成就，体会中华民族的智慧，培养学生的科学…"
    }
  },
  {
    "relationName": "themeL1CultivatesCoreLiteracy",
    "label": "一级主题培养核心素养 / cultivatesCoreLiteracy",
    "source": "urn:jy:physics:OB05:ThemeL1:2",
    "target": "urn:jy:physics:OB05:CoreLiteracy:1",
    "evidence": {
      "themeL1": "力一级主题“运动和相互作用”包含“多种多样的运动形式”“机械运动和力”“声和光”“电和磁”四个二级主题。“运动和相互作用”主题的课程内容包含较多的物理概念和规律，与生产生活密切相关。这部分内容的设计旨在引导学生从物理学视角认识运动和相互作用，了解身边的运动形式及相互作用，了解声、光、电、磁的含义，初步形成运动和相互作用观念；发展学生的推理论证能力及交流合作能力，引导学生了解我国古代和现代的相关科技成就，体会中华民族的智慧，培养学生的科学…",
      "coreLiteracy": "通物理观念是从物理学视角形成的关于物质、运动和相互作用、能量等内容的总体认识，是物理概念和规律等在头脑中的提炼与升华，是从物理学视角解释自然现象和解决实际问题的基础。物理观念主要包括物质观念、运动和相互作用观念、能量观念等要素。"
    }
  },
  {
    "relationName": "coreLiteracyCultivatedByThemeL1",
    "label": "核心素养由一级主题培养 / cultivatedByThemeL1",
    "source": "urn:jy:physics:OB05:CoreLiteracy:1",
    "target": "urn:jy:physics:OB05:ThemeL1:3",
    "evidence": {
      "coreLiteracy": "通物理观念是从物理学视角形成的关于物质、运动和相互作用、能量等内容的总体认识，是物理概念和规律等在头脑中的提炼与升华，是从物理学视角解释自然现象和解决实际问题的基础。物理观念主要包括物质观念、运动和相互作用观念、能量观念等要素。",
      "themeL1": "一级主题“能量”包含“能量、能量的转化和转移”“机械能”“内能”“电磁能”“能量守恒”“能源与可持续发展”六个二级主题。“能量”主题的课程内容具有一定的综合性和跨学科性，与生产生活及社会发展密切相关。这部分内容的设计旨在引导学生从物理学视角认识能量，了解不同形式的能量，认识能量转化与守恒的普遍规律，了解节约能源与可持续发展的重要性，初步形成能量观念；发展学生综合分析问题和解决问题的能力，培养学生为可持续发展作贡献、将科学服务于人类的使命…"
    }
  },
  {
    "relationName": "themeL1CultivatesCoreLiteracy",
    "label": "一级主题培养核心素养 / cultivatesCoreLiteracy",
    "source": "urn:jy:physics:OB05:ThemeL1:3",
    "target": "urn:jy:physics:OB05:CoreLiteracy:1",
    "evidence": {
      "themeL1": "一级主题“能量”包含“能量、能量的转化和转移”“机械能”“内能”“电磁能”“能量守恒”“能源与可持续发展”六个二级主题。“能量”主题的课程内容具有一定的综合性和跨学科性，与生产生活及社会发展密切相关。这部分内容的设计旨在引导学生从物理学视角认识能量，了解不同形式的能量，认识能量转化与守恒的普遍规律，了解节约能源与可持续发展的重要性，初步形成能量观念；发展学生综合分析问题和解决问题的能力，培养学生为可持续发展作贡献、将科学服务于人类的使命…",
      "coreLiteracy": "通物理观念是从物理学视角形成的关于物质、运动和相互作用、能量等内容的总体认识，是物理概念和规律等在头脑中的提炼与升华，是从物理学视角解释自然现象和解决实际问题的基础。物理观念主要包括物质观念、运动和相互作用观念、能量观念等要素。"
    }
  },
  {
    "relationName": "coreLiteracyCultivatedByThemeL1",
    "label": "核心素养由一级主题培养 / cultivatedByThemeL1",
    "source": "urn:jy:physics:OB05:CoreLiteracy:2",
    "target": "urn:jy:physics:OB05:ThemeL1:1",
    "evidence": {
      "coreLiteracy": "科学思维是从物理学视角对客观事物的本质属性、内在规律及相互关系的认识方式；是建构物理模型的抽象概括过程；是分析综合、推理论证等方法在科学领域的具体运用；是基于事实证据和科学推理对不同信息、观点和结论进行质疑和批判，予以检验和修正，进而提出创造性见解的品格与能力。科学思维主要包括模型建构、科学推理、科学论证、质疑创新等要素。",
      "themeL1": "学生初步理解物质的内涵，认识物质世界的多样性，逐步形成物质观念。 ②强化实验探究，注重发展科学思维和科学探究能力。合理安排演示实验，如“低压沸腾”、碘的升华和凝华等，让学生在实验情境中提出探究问题。尤其在物态变化特点、规律的实验教学中，引导学生基于证据进行归"
    }
  },
  {
    "relationName": "themeL1CultivatesCoreLiteracy",
    "label": "一级主题培养核心素养 / cultivatesCoreLiteracy",
    "source": "urn:jy:physics:OB05:ThemeL1:1",
    "target": "urn:jy:physics:OB05:CoreLiteracy:2",
    "evidence": {
      "themeL1": "学生初步理解物质的内涵，认识物质世界的多样性，逐步形成物质观念。 ②强化实验探究，注重发展科学思维和科学探究能力。合理安排演示实验，如“低压沸腾”、碘的升华和凝华等，让学生在实验情境中提出探究问题。尤其在物态变化特点、规律的实验教学中，引导学生基于证据进行归",
      "coreLiteracy": "科学思维是从物理学视角对客观事物的本质属性、内在规律及相互关系的认识方式；是建构物理模型的抽象概括过程；是分析综合、推理论证等方法在科学领域的具体运用；是基于事实证据和科学推理对不同信息、观点和结论进行质疑和批判，予以检验和修正，进而提出创造性见解的品格与能力。科学思维主要包括模型建构、科学推理、科学论证、质疑创新等要素。"
    }
  },
  {
    "relationName": "coreLiteracyCultivatedByThemeL1",
    "label": "核心素养由一级主题培养 / cultivatedByThemeL1",
    "source": "urn:jy:physics:OB05:CoreLiteracy:2",
    "target": "urn:jy:physics:OB05:ThemeL1:2",
    "evidence": {
      "coreLiteracy": "科学思维是从物理学视角对客观事物的本质属性、内在规律及相互关系的认识方式；是建构物理模型的抽象概括过程；是分析综合、推理论证等方法在科学领域的具体运用；是基于事实证据和科学推理对不同信息、观点和结论进行质疑和批判，予以检验和修正，进而提出创造性见解的品格与能力。科学思维主要包括模型建构、科学推理、科学论证、质疑创新等要素。",
      "themeL1": "电和磁部分，建议结合生活中的实际情境，进行相关内容的学习。 ②渗透科学研究方法，培养学生的科学思维。例如，通过实验引导学生认识光线等物理模型，体会物理模型的重要作用。引导学生通过实验寻找证据，归纳总结出一般性的规律，鼓励学生勇于质疑，敢于表达自己的观点。 ③"
    }
  },
  {
    "relationName": "themeL1CultivatesCoreLiteracy",
    "label": "一级主题培养核心素养 / cultivatesCoreLiteracy",
    "source": "urn:jy:physics:OB05:ThemeL1:2",
    "target": "urn:jy:physics:OB05:CoreLiteracy:2",
    "evidence": {
      "themeL1": "电和磁部分，建议结合生活中的实际情境，进行相关内容的学习。 ②渗透科学研究方法，培养学生的科学思维。例如，通过实验引导学生认识光线等物理模型，体会物理模型的重要作用。引导学生通过实验寻找证据，归纳总结出一般性的规律，鼓励学生勇于质疑，敢于表达自己的观点。 ③",
      "coreLiteracy": "科学思维是从物理学视角对客观事物的本质属性、内在规律及相互关系的认识方式；是建构物理模型的抽象概括过程；是分析综合、推理论证等方法在科学领域的具体运用；是基于事实证据和科学推理对不同信息、观点和结论进行质疑和批判，予以检验和修正，进而提出创造性见解的品格与能力。科学思维主要包括模型建构、科学推理、科学论证、质疑创新等要素。"
    }
  },
  {
    "relationName": "coreLiteracyCultivatedByThemeL1",
    "label": "核心素养由一级主题培养 / cultivatedByThemeL1",
    "source": "urn:jy:physics:OB05:CoreLiteracy:2",
    "target": "urn:jy:physics:OB05:ThemeL1:3",
    "evidence": {
      "coreLiteracy": "科学思维是从物理学视角对客观事物的本质属性、内在规律及相互关系的认识方式；是建构物理模型的抽象概括过程；是分析综合、推理论证等方法在科学领域的具体运用；是基于事实证据和科学推理对不同信息、观点和结论进行质疑和批判，予以检验和修正，进而提出创造性见解的品格与能力。科学思维主要包括模型建构、科学推理、科学论证、质疑创新等要素。",
      "themeL1": "100%$ 的能量利用率只是一种理想情况; 能用能量转化与守恒的规律对有关具体问题进行科学推理, 并形成结论; 在对能量问题进行推理时, 能从信息中寻找证据并作出说明; 具有根据能量守恒的观点对一些不当说法进行质疑的意识。 (3) 能通过观察周围事物,"
    }
  },
  {
    "relationName": "themeL1CultivatesCoreLiteracy",
    "label": "一级主题培养核心素养 / cultivatesCoreLiteracy",
    "source": "urn:jy:physics:OB05:ThemeL1:3",
    "target": "urn:jy:physics:OB05:CoreLiteracy:2",
    "evidence": {
      "themeL1": "100%$ 的能量利用率只是一种理想情况; 能用能量转化与守恒的规律对有关具体问题进行科学推理, 并形成结论; 在对能量问题进行推理时, 能从信息中寻找证据并作出说明; 具有根据能量守恒的观点对一些不当说法进行质疑的意识。 (3) 能通过观察周围事物,",
      "coreLiteracy": "科学思维是从物理学视角对客观事物的本质属性、内在规律及相互关系的认识方式；是建构物理模型的抽象概括过程；是分析综合、推理论证等方法在科学领域的具体运用；是基于事实证据和科学推理对不同信息、观点和结论进行质疑和批判，予以检验和修正，进而提出创造性见解的品格与能力。科学思维主要包括模型建构、科学推理、科学论证、质疑创新等要素。"
    }
  },
  {
    "relationName": "coreLiteracyCultivatedByThemeL1",
    "label": "核心素养由一级主题培养 / cultivatedByThemeL1",
    "source": "urn:jy:physics:OB05:CoreLiteracy:2",
    "target": "urn:jy:physics:OB05:ThemeL1:4",
    "evidence": {
      "coreLiteracy": "科学思维是从物理学视角对客观事物的本质属性、内在规律及相互关系的认识方式；是建构物理模型的抽象概括过程；是分析综合、推理论证等方法在科学领域的具体运用；是基于事实证据和科学推理对不同信息、观点和结论进行质疑和批判，予以检验和修正，进而提出创造性见解的品格与能力。科学思维主要包括模型建构、科学推理、科学论证、质疑创新等要素。",
      "themeL1": "下，鼓励学生利用课外活动时间，在校内外利用简单的器材开展科学探究活动。 ③引导学生通过分析论证得出结论并作出解释，培养学生分析论证的能力。例如：在探究杠杆的平衡条件时，引导学生思考为什么要通过表格记录杠杆平衡时不同的动力、动力臂与阻力、阻力臂数值，通过分"
    }
  },
  {
    "relationName": "themeL1CultivatesCoreLiteracy",
    "label": "一级主题培养核心素养 / cultivatesCoreLiteracy",
    "source": "urn:jy:physics:OB05:ThemeL1:4",
    "target": "urn:jy:physics:OB05:CoreLiteracy:2",
    "evidence": {
      "themeL1": "下，鼓励学生利用课外活动时间，在校内外利用简单的器材开展科学探究活动。 ③引导学生通过分析论证得出结论并作出解释，培养学生分析论证的能力。例如：在探究杠杆的平衡条件时，引导学生思考为什么要通过表格记录杠杆平衡时不同的动力、动力臂与阻力、阻力臂数值，通过分",
      "coreLiteracy": "科学思维是从物理学视角对客观事物的本质属性、内在规律及相互关系的认识方式；是建构物理模型的抽象概括过程；是分析综合、推理论证等方法在科学领域的具体运用；是基于事实证据和科学推理对不同信息、观点和结论进行质疑和批判，予以检验和修正，进而提出创造性见解的品格与能力。科学思维主要包括模型建构、科学推理、科学论证、质疑创新等要素。"
    }
  },
  {
    "relationName": "coreLiteracyCultivatedByThemeL1",
    "label": "核心素养由一级主题培养 / cultivatedByThemeL1",
    "source": "urn:jy:physics:OB05:CoreLiteracy:2",
    "target": "urn:jy:physics:OB05:ThemeL1:5",
    "evidence": {
      "coreLiteracy": "科学思维是从物理学视角对客观事物的本质属性、内在规律及相互关系的认识方式；是建构物理模型的抽象概括过程；是分析综合、推理论证等方法在科学领域的具体运用；是基于事实证据和科学推理对不同信息、观点和结论进行质疑和批判，予以检验和修正，进而提出创造性见解的品格与能力。科学思维主要包括模型建构、科学推理、科学论证、质疑创新等要素。",
      "themeL1": "到困难时给予适当的指导和帮助。 ④重视活动成果的呈现和交流。注重活动总结，以设计作品、制作模型、撰写报告等多种形式呈现成果。根据物化形式的特点，组织开展成果展览、报告会、研讨会等多种方式的交流活动。# (2) 情境素材建议“跨学科实践”主题的情境素材很丰"
    }
  },
  {
    "relationName": "themeL1CultivatesCoreLiteracy",
    "label": "一级主题培养核心素养 / cultivatesCoreLiteracy",
    "source": "urn:jy:physics:OB05:ThemeL1:5",
    "target": "urn:jy:physics:OB05:CoreLiteracy:2",
    "evidence": {
      "themeL1": "到困难时给予适当的指导和帮助。 ④重视活动成果的呈现和交流。注重活动总结，以设计作品、制作模型、撰写报告等多种形式呈现成果。根据物化形式的特点，组织开展成果展览、报告会、研讨会等多种方式的交流活动。# (2) 情境素材建议“跨学科实践”主题的情境素材很丰",
      "coreLiteracy": "科学思维是从物理学视角对客观事物的本质属性、内在规律及相互关系的认识方式；是建构物理模型的抽象概括过程；是分析综合、推理论证等方法在科学领域的具体运用；是基于事实证据和科学推理对不同信息、观点和结论进行质疑和批判，予以检验和修正，进而提出创造性见解的品格与能力。科学思维主要包括模型建构、科学推理、科学论证、质疑创新等要素。"
    }
  },
  {
    "relationName": "coreLiteracyCultivatedByThemeL1",
    "label": "核心素养由一级主题培养 / cultivatedByThemeL1",
    "source": "urn:jy:physics:OB05:CoreLiteracy:3",
    "target": "urn:jy:physics:OB05:ThemeL1:1",
    "evidence": {
      "coreLiteracy": "科学探究是指基于观察和实验提出物理问题、形成猜想与假设、设计实验与制订方案、获取与处理信息、基于证据得出结论并作出解释，以及对科学探究过程和结果进行交流、评估、反思的能力。科学探究主要包括问题、证据、解释、交流等要素。",
      "themeL1": "、导电性等知识, 对一些说法进行质疑, 发表自己的见解。 (3) 在物理学习中, 能发现并提出需要探究的物理问题, 能根据已有经验作出有关猜想与假设; 能制订简单的实验方案, 会正确使用天平、温度计等实验器材, 能按实验方案操作, 获得实验数据; 会用简单的物理"
    }
  },
  {
    "relationName": "themeL1CultivatesCoreLiteracy",
    "label": "一级主题培养核心素养 / cultivatesCoreLiteracy",
    "source": "urn:jy:physics:OB05:ThemeL1:1",
    "target": "urn:jy:physics:OB05:CoreLiteracy:3",
    "evidence": {
      "themeL1": "、导电性等知识, 对一些说法进行质疑, 发表自己的见解。 (3) 在物理学习中, 能发现并提出需要探究的物理问题, 能根据已有经验作出有关猜想与假设; 能制订简单的实验方案, 会正确使用天平、温度计等实验器材, 能按实验方案操作, 获得实验数据; 会用简单的物理",
      "coreLiteracy": "科学探究是指基于观察和实验提出物理问题、形成猜想与假设、设计实验与制订方案、获取与处理信息、基于证据得出结论并作出解释，以及对科学探究过程和结果进行交流、评估、反思的能力。科学探究主要包括问题、证据、解释、交流等要素。"
    }
  },
  {
    "relationName": "coreLiteracyCultivatedByThemeL1",
    "label": "核心素养由一级主题培养 / cultivatedByThemeL1",
    "source": "urn:jy:physics:OB05:CoreLiteracy:3",
    "target": "urn:jy:physics:OB05:ThemeL1:2",
    "evidence": {
      "coreLiteracy": "科学探究是指基于观察和实验提出物理问题、形成猜想与假设、设计实验与制订方案、获取与处理信息、基于证据得出结论并作出解释，以及对科学探究过程和结果进行交流、评估、反思的能力。科学探究主要包括问题、证据、解释、交流等要素。",
      "themeL1": "有使用科学证据的意识; 能根据运动和相互作用的知识, 指出交流中有关说法的不当之处, 并能提出自己的见解。 (3) 能基于观察和实验，提出与运动和力、声和光、电和磁等现象有关的科学探究问题，并作出有依据的猜想与假设；在关于杠杆、浮力、光的反射、平面镜成像、凸透镜成像、通电螺线管等科学探究中，能制订初步的实验方案；能正确使用弹簧测力计、刻度尺等相关器材获取实验数据；能通过对数据的比较与分析，发现数据的特点，进行初步的因果判断，得出实验结论；能表述"
    }
  },
  {
    "relationName": "themeL1CultivatesCoreLiteracy",
    "label": "一级主题培养核心素养 / cultivatesCoreLiteracy",
    "source": "urn:jy:physics:OB05:ThemeL1:2",
    "target": "urn:jy:physics:OB05:CoreLiteracy:3",
    "evidence": {
      "themeL1": "有使用科学证据的意识; 能根据运动和相互作用的知识, 指出交流中有关说法的不当之处, 并能提出自己的见解。 (3) 能基于观察和实验，提出与运动和力、声和光、电和磁等现象有关的科学探究问题，并作出有依据的猜想与假设；在关于杠杆、浮力、光的反射、平面镜成像、凸透镜成像、通电螺线管等科学探究中，能制订初步的实验方案；能正确使用弹簧测力计、刻度尺等相关器材获取实验数据；能通过对数据的比较与分析，发现数据的特点，进行初步的因果判断，得出实验结论；能表述",
      "coreLiteracy": "科学探究是指基于观察和实验提出物理问题、形成猜想与假设、设计实验与制订方案、获取与处理信息、基于证据得出结论并作出解释，以及对科学探究过程和结果进行交流、评估、反思的能力。科学探究主要包括问题、证据、解释、交流等要素。"
    }
  },
  {
    "relationName": "coreLiteracyCultivatedByThemeL1",
    "label": "核心素养由一级主题培养 / cultivatedByThemeL1",
    "source": "urn:jy:physics:OB05:CoreLiteracy:3",
    "target": "urn:jy:physics:OB05:ThemeL1:3",
    "evidence": {
      "coreLiteracy": "科学探究是指基于观察和实验提出物理问题、形成猜想与假设、设计实验与制订方案、获取与处理信息、基于证据得出结论并作出解释，以及对科学探究过程和结果进行交流、评估、反思的能力。科学探究主要包括问题、证据、解释、交流等要素。",
      "themeL1": "具有根据能量守恒的观点对一些不当说法进行质疑的意识。 (3) 能通过观察周围事物, 发现并提出关于能量的问题, 能根据已有知识对问题作出猜想与假设; 能根据控制变量法制订简单的探究方案, 会正确使用电压表、电流表测量基本的电学量, 正确读取和记录实验数据, 并排除简单的实验故障; 能用表格、图像等多种方式展示实验数据, 并通过分析和处理数据得出实验结论; 能撰写实验报告, 书面或口头表述科学探究的过程和结果。 （4）能从热机对社会发展所产生影响的角度，体会科技进步对人类和社会发展的推动作用；能从能量转化的角度认识提高效率的重大意义，增强学习物理学的动力"
    }
  },
  {
    "relationName": "themeL1CultivatesCoreLiteracy",
    "label": "一级主题培养核心素养 / cultivatesCoreLiteracy",
    "source": "urn:jy:physics:OB05:ThemeL1:3",
    "target": "urn:jy:physics:OB05:CoreLiteracy:3",
    "evidence": {
      "themeL1": "具有根据能量守恒的观点对一些不当说法进行质疑的意识。 (3) 能通过观察周围事物, 发现并提出关于能量的问题, 能根据已有知识对问题作出猜想与假设; 能根据控制变量法制订简单的探究方案, 会正确使用电压表、电流表测量基本的电学量, 正确读取和记录实验数据, 并排除简单的实验故障; 能用表格、图像等多种方式展示实验数据, 并通过分析和处理数据得出实验结论; 能撰写实验报告, 书面或口头表述科学探究的过程和结果。 （4）能从热机对社会发展所产生影响的角度，体会科技进步对人类和社会发展的推动作用；能从能量转化的角度认识提高效率的重大意义，增强学习物理学的动力",
      "coreLiteracy": "科学探究是指基于观察和实验提出物理问题、形成猜想与假设、设计实验与制订方案、获取与处理信息、基于证据得出结论并作出解释，以及对科学探究过程和结果进行交流、评估、反思的能力。科学探究主要包括问题、证据、解释、交流等要素。"
    }
  },
  {
    "relationName": "coreLiteracyCultivatedByThemeL1",
    "label": "核心素养由一级主题培养 / cultivatedByThemeL1",
    "source": "urn:jy:physics:OB05:CoreLiteracy:3",
    "target": "urn:jy:physics:OB05:ThemeL1:4",
    "evidence": {
      "coreLiteracy": "科学探究是指基于观察和实验提出物理问题、形成猜想与假设、设计实验与制订方案、获取与处理信息、基于证据得出结论并作出解释，以及对科学探究过程和结果进行交流、评估、反思的能力。科学探究主要包括问题、证据、解释、交流等要素。",
      "themeL1": "实验进行反思，提出改进建议。 （3）在实验中有发现问题、提出问题的意识；能根据实验目的设计实验方案，会正确使用已学实验器材收集数据，能遵守实验室规则，注意实验中的安全问题；能对收集的数据进行整理，归纳总结，形成结论并作出解释；有合作交流的团队意识，能撰写简单"
    }
  },
  {
    "relationName": "themeL1CultivatesCoreLiteracy",
    "label": "一级主题培养核心素养 / cultivatesCoreLiteracy",
    "source": "urn:jy:physics:OB05:ThemeL1:4",
    "target": "urn:jy:physics:OB05:CoreLiteracy:3",
    "evidence": {
      "themeL1": "实验进行反思，提出改进建议。 （3）在实验中有发现问题、提出问题的意识；能根据实验目的设计实验方案，会正确使用已学实验器材收集数据，能遵守实验室规则，注意实验中的安全问题；能对收集的数据进行整理，归纳总结，形成结论并作出解释；有合作交流的团队意识，能撰写简单",
      "coreLiteracy": "科学探究是指基于观察和实验提出物理问题、形成猜想与假设、设计实验与制订方案、获取与处理信息、基于证据得出结论并作出解释，以及对科学探究过程和结果进行交流、评估、反思的能力。科学探究主要包括问题、证据、解释、交流等要素。"
    }
  },
  {
    "relationName": "coreLiteracyCultivatedByThemeL1",
    "label": "核心素养由一级主题培养 / cultivatedByThemeL1",
    "source": "urn:jy:physics:OB05:CoreLiteracy:3",
    "target": "urn:jy:physics:OB05:ThemeL1:5",
    "evidence": {
      "coreLiteracy": "科学探究是指基于观察和实验提出物理问题、形成猜想与假设、设计实验与制订方案、获取与处理信息、基于证据得出结论并作出解释，以及对科学探究过程和结果进行交流、评估、反思的能力。科学探究主要包括问题、证据、解释、交流等要素。",
      "themeL1": "的合理性; 能在操作中独立思考，提出自己的见解。（3）能在真实、综合的情境中发现问题，提出假设；能设计简单的跨学科实践方案，能通过调查等方式收集信息，提出证据；能对跨学科实践活动方案、实施过程及结果进行解释；能与他人共同实施方案，合作交流，并撰写简单的活"
    }
  },
  {
    "relationName": "themeL1CultivatesCoreLiteracy",
    "label": "一级主题培养核心素养 / cultivatesCoreLiteracy",
    "source": "urn:jy:physics:OB05:ThemeL1:5",
    "target": "urn:jy:physics:OB05:CoreLiteracy:3",
    "evidence": {
      "themeL1": "的合理性; 能在操作中独立思考，提出自己的见解。（3）能在真实、综合的情境中发现问题，提出假设；能设计简单的跨学科实践方案，能通过调查等方式收集信息，提出证据；能对跨学科实践活动方案、实施过程及结果进行解释；能与他人共同实施方案，合作交流，并撰写简单的活",
      "coreLiteracy": "科学探究是指基于观察和实验提出物理问题、形成猜想与假设、设计实验与制订方案、获取与处理信息、基于证据得出结论并作出解释，以及对科学探究过程和结果进行交流、评估、反思的能力。科学探究主要包括问题、证据、解释、交流等要素。"
    }
  },
  {
    "relationName": "coreLiteracyCultivatedByThemeL1",
    "label": "核心素养由一级主题培养 / cultivatedByThemeL1",
    "source": "urn:jy:physics:OB05:CoreLiteracy:4",
    "target": "urn:jy:physics:OB05:ThemeL1:1",
    "evidence": {
      "coreLiteracy": "科学态度与责任是指，在认识科学本质和了解科学、技术、社会、环境之间关系的基础上形成的，探索自然的内在动力，严谨认真、实事求是、持之以恒的品质，热爱自然、保护环境、遵守科学伦理的自觉行为，以及推动可持续发展和实现中华民族伟大复兴的使命担当。科学态度与责任主要包括科学本质观、科学态度、社会责任等要素。",
      "themeL1": "究能力，体会科学、技术、社会、环境之间的关系，形成辩证唯物主义世界观和关心环境、保护环境的责任感。"
    }
  },
  {
    "relationName": "themeL1CultivatesCoreLiteracy",
    "label": "一级主题培养核心素养 / cultivatesCoreLiteracy",
    "source": "urn:jy:physics:OB05:ThemeL1:1",
    "target": "urn:jy:physics:OB05:CoreLiteracy:4",
    "evidence": {
      "themeL1": "究能力，体会科学、技术、社会、环境之间的关系，形成辩证唯物主义世界观和关心环境、保护环境的责任感。",
      "coreLiteracy": "科学态度与责任是指，在认识科学本质和了解科学、技术、社会、环境之间关系的基础上形成的，探索自然的内在动力，严谨认真、实事求是、持之以恒的品质，热爱自然、保护环境、遵守科学伦理的自觉行为，以及推动可持续发展和实现中华民族伟大复兴的使命担当。科学态度与责任主要包括科学本质观、科学态度、社会责任等要素。"
    }
  },
  {
    "relationName": "coreLiteracyCultivatedByThemeL1",
    "label": "核心素养由一级主题培养 / cultivatedByThemeL1",
    "source": "urn:jy:physics:OB05:CoreLiteracy:4",
    "target": "urn:jy:physics:OB05:ThemeL1:2",
    "evidence": {
      "coreLiteracy": "科学态度与责任是指，在认识科学本质和了解科学、技术、社会、环境之间关系的基础上形成的，探索自然的内在动力，严谨认真、实事求是、持之以恒的品质，热爱自然、保护环境、遵守科学伦理的自觉行为，以及推动可持续发展和实现中华民族伟大复兴的使命担当。科学态度与责任主要包括科学本质观、科学态度、社会责任等要素。",
      "themeL1": "国古代和现代的相关科技成就，体会中华民族的智慧，培养学生的科学态度和实现中华民族伟大复兴的责任感与使命感。"
    }
  },
  {
    "relationName": "themeL1CultivatesCoreLiteracy",
    "label": "一级主题培养核心素养 / cultivatesCoreLiteracy",
    "source": "urn:jy:physics:OB05:ThemeL1:2",
    "target": "urn:jy:physics:OB05:CoreLiteracy:4",
    "evidence": {
      "themeL1": "国古代和现代的相关科技成就，体会中华民族的智慧，培养学生的科学态度和实现中华民族伟大复兴的责任感与使命感。",
      "coreLiteracy": "科学态度与责任是指，在认识科学本质和了解科学、技术、社会、环境之间关系的基础上形成的，探索自然的内在动力，严谨认真、实事求是、持之以恒的品质，热爱自然、保护环境、遵守科学伦理的自觉行为，以及推动可持续发展和实现中华民族伟大复兴的使命担当。科学态度与责任主要包括科学本质观、科学态度、社会责任等要素。"
    }
  },
  {
    "relationName": "coreLiteracyCultivatedByThemeL1",
    "label": "核心素养由一级主题培养 / cultivatedByThemeL1",
    "source": "urn:jy:physics:OB05:CoreLiteracy:4",
    "target": "urn:jy:physics:OB05:ThemeL1:3",
    "evidence": {
      "coreLiteracy": "科学态度与责任是指，在认识科学本质和了解科学、技术、社会、环境之间关系的基础上形成的，探索自然的内在动力，严谨认真、实事求是、持之以恒的品质，热爱自然、保护环境、遵守科学伦理的自觉行为，以及推动可持续发展和实现中华民族伟大复兴的使命担当。科学态度与责任主要包括科学本质观、科学态度、社会责任等要素。",
      "themeL1": "观念；发展学生综合分析问题和解决问题的能力，培养学生为可持续发展作贡献、将科学服务于人类的使命感。"
    }
  },
  {
    "relationName": "themeL1CultivatesCoreLiteracy",
    "label": "一级主题培养核心素养 / cultivatesCoreLiteracy",
    "source": "urn:jy:physics:OB05:ThemeL1:3",
    "target": "urn:jy:physics:OB05:CoreLiteracy:4",
    "evidence": {
      "themeL1": "观念；发展学生综合分析问题和解决问题的能力，培养学生为可持续发展作贡献、将科学服务于人类的使命感。",
      "coreLiteracy": "科学态度与责任是指，在认识科学本质和了解科学、技术、社会、环境之间关系的基础上形成的，探索自然的内在动力，严谨认真、实事求是、持之以恒的品质，热爱自然、保护环境、遵守科学伦理的自觉行为，以及推动可持续发展和实现中华民族伟大复兴的使命担当。科学态度与责任主要包括科学本质观、科学态度、社会责任等要素。"
    }
  },
  {
    "relationName": "coreLiteracyCultivatedByThemeL1",
    "label": "核心素养由一级主题培养 / cultivatedByThemeL1",
    "source": "urn:jy:physics:OB05:CoreLiteracy:4",
    "target": "urn:jy:physics:OB05:ThemeL1:4",
    "evidence": {
      "coreLiteracy": "科学态度与责任是指，在认识科学本质和了解科学、技术、社会、环境之间关系的基础上形成的，探索自然的内在动力，严谨认真、实事求是、持之以恒的品质，热爱自然、保护环境、遵守科学伦理的自觉行为，以及推动可持续发展和实现中华民族伟大复兴的使命担当。科学态度与责任主要包括科学本质观、科学态度、社会责任等要素。",
      "themeL1": "立在观察和实验基础上的创造性工作; 能通过实验获得结论, 产生成就感, 有学习物理的兴趣和严谨认真、实事求是的科学态度; 有节约资源、保护环境的责任感及自觉行为。"
    }
  },
  {
    "relationName": "themeL1CultivatesCoreLiteracy",
    "label": "一级主题培养核心素养 / cultivatesCoreLiteracy",
    "source": "urn:jy:physics:OB05:ThemeL1:4",
    "target": "urn:jy:physics:OB05:CoreLiteracy:4",
    "evidence": {
      "themeL1": "立在观察和实验基础上的创造性工作; 能通过实验获得结论, 产生成就感, 有学习物理的兴趣和严谨认真、实事求是的科学态度; 有节约资源、保护环境的责任感及自觉行为。",
      "coreLiteracy": "科学态度与责任是指，在认识科学本质和了解科学、技术、社会、环境之间关系的基础上形成的，探索自然的内在动力，严谨认真、实事求是、持之以恒的品质，热爱自然、保护环境、遵守科学伦理的自觉行为，以及推动可持续发展和实现中华民族伟大复兴的使命担当。科学态度与责任主要包括科学本质观、科学态度、社会责任等要素。"
    }
  },
  {
    "relationName": "coreLiteracyCultivatedByThemeL1",
    "label": "核心素养由一级主题培养 / cultivatedByThemeL1",
    "source": "urn:jy:physics:OB05:CoreLiteracy:4",
    "target": "urn:jy:physics:OB05:ThemeL1:5",
    "evidence": {
      "coreLiteracy": "科学态度与责任是指，在认识科学本质和了解科学、技术、社会、环境之间关系的基础上形成的，探索自然的内在动力，严谨认真、实事求是、持之以恒的品质，热爱自然、保护环境、遵守科学伦理的自觉行为，以及推动可持续发展和实现中华民族伟大复兴的使命担当。科学态度与责任主要包括科学本质观、科学态度、社会责任等要素。",
      "themeL1": "实践，敢于探索，勇于创新，进一步增强安全意识，践行健康生活；具有节能环保、促进可持续发展的责任感。"
    }
  },
  {
    "relationName": "themeL1CultivatesCoreLiteracy",
    "label": "一级主题培养核心素养 / cultivatesCoreLiteracy",
    "source": "urn:jy:physics:OB05:ThemeL1:5",
    "target": "urn:jy:physics:OB05:CoreLiteracy:4",
    "evidence": {
      "themeL1": "实践，敢于探索，勇于创新，进一步增强安全意识，践行健康生活；具有节能环保、促进可持续发展的责任感。",
      "coreLiteracy": "科学态度与责任是指，在认识科学本质和了解科学、技术、社会、环境之间关系的基础上形成的，探索自然的内在动力，严谨认真、实事求是、持之以恒的品质，热爱自然、保护环境、遵守科学伦理的自觉行为，以及推动可持续发展和实现中华民族伟大复兴的使命担当。科学态度与责任主要包括科学本质观、科学态度、社会责任等要素。"
    }
  }
]