[
  {
    "relationName": "courseTargetCorrespondsToAcademicQuality",
    "label": "对应学业质量 / correspondsToAcademicQuality",
    "source": "urn:jy:physics:OB05:CourseTarget:1",
    "target": "urn:jy:physics:OB05:AcademicQuality:1",
    "evidence": "物理课程旨在促进学生核心素养的养成和发展，引导学生学会学习、学会合作、学会生活，为学生的终身发展奠定基础。通过义务教育物理课程的学习，学生应达到如下目标。 （1）认识物质的形态、属性及结构，认识运动和力、声和光、电和磁，认识机械能、内能、电磁能及能量的转化与守恒；能将所学物 理知识与实际情境联系起来，能从物理学视角观察周围事物，解释有关现象，解决简单的实际问题。初步形成物质观念、运动和相互作用观念、能量观念。\n学业质量是学生在完成课程阶段性学习后的学业成就表现，反映核心素养要求。 学业质量标准是以核心素养为主要维度，结合课程内容，对学生学业成就具体表现特征的整体描述，是学业水平考试命题的依据，同时对学生学习活动、教师教学活动、教材编写等具有指导作用。 能认识物质的形态、属性及结构，认识运动和力、声和光、电和磁，认识机械能、内能、电磁能及能量的转化与守恒，能掌握所学的物理概念和规律；在学习和日常生活中，能从物理学视角观察事物，把所学概念和规律与实际情境联系起来，解释常见自然现象和解决常见物理问题，能综合运用物理概念和规律，分析和解决熟悉情境下的简单物理问题，具有初步的物理观念。"
  },
  {
    "relationName": "academicQualityCorrespondsToCourseTarget",
    "label": "对应课程目标 / correspondsToCourseTarget",
    "source": "urn:jy:physics:OB05:AcademicQuality:1",
    "target": "urn:jy:physics:OB05:CourseTarget:1",
    "evidence": "物理课程旨在促进学生核心素养的养成和发展，引导学生学会学习、学会合作、学会生活，为学生的终身发展奠定基础。通过义务教育物理课程的学习，学生应达到如下目标。 （1）认识物质的形态、属性及结构，认识运动和力、声和光、电和磁，认识机械能、内能、电磁能及能量的转化与守恒；能将所学物 理知识与实际情境联系起来，能从物理学视角观察周围事物，解释有关现象，解决简单的实际问题。初步形成物质观念、运动和相互作用观念、能量观念。\n学业质量是学生在完成课程阶段性学习后的学业成就表现，反映核心素养要求。 学业质量标准是以核心素养为主要维度，结合课程内容，对学生学业成就具体表现特征的整体描述，是学业水平考试命题的依据，同时对学生学习活动、教师教学活动、教材编写等具有指导作用。 能认识物质的形态、属性及结构，认识运动和力、声和光、电和磁，认识机械能、内能、电磁能及能量的转化与守恒，能掌握所学的物理概念和规律；在学习和日常生活中，能从物理学视角观察事物，把所学概念和规律与实际情境联系起来，解释常见自然现象和解决常见物理问题，能综合运用物理概念和规律，分析和解决熟悉情境下的简单物理问题，具有初步的物理观念。"
  },
  {
    "relationName": "courseTargetCorrespondsToAcademicQuality",
    "label": "对应学业质量 / correspondsToAcademicQuality",
    "source": "urn:jy:physics:OB05:CourseTarget:2",
    "target": "urn:jy:physics:OB05:AcademicQuality:2",
    "evidence": "物理课程旨在促进学生核心素养的养成和发展，引导学生学会学习、学会合作、学会生活，为学生的终身发展奠定基础。通过义务教育物理课程的学习，学生应达到如下目标。 （2）会用所学模型分析常见的物理问题；能对相关问题和信息进行分析并得出结论，具有初步的科学推理能力；有利用证据对所研究的问题进行分析和解释的意识，能使用简单和直接的证据表达自己的观点，具有初步的科学论证能力；能独立思考，对相关信息、方案和结论提出自己的见解，具有质疑意识、创新意识。\n学业质量是学生在完成课程阶段性学习后的学业成就表现，反映核心素养要求。 学业质量标准是以核心素养为主要维度，结合课程内容，对学生学业成就具体表现特征的整体描述，是学业水平考试命题的依据，同时对学生学习活动、教师教学活动、教材编写等具有指导作用。 在熟悉的情境中，会用所学模型分析常见的实际问题；在进行简单的物理实验和其他实践活动中，能对活动中的信息进行归纳推理，得到物理结论，在面对日常生活中的实际问题时，能运用所学物理概 念、规律进行简单的演绎推理，得到结论；能依照证据形成自己的看法，具有利用证据进行论证的意识；在获取信息时，有判断信息的可靠性和合理性的意识，能从物理学视角对生活中不合理的说法进行质疑并说出理由，发表自己的见解。"
  },
  {
    "relationName": "academicQualityCorrespondsToCourseTarget",
    "label": "对应课程目标 / correspondsToCourseTarget",
    "source": "urn:jy:physics:OB05:AcademicQuality:2",
    "target": "urn:jy:physics:OB05:CourseTarget:2",
    "evidence": "物理课程旨在促进学生核心素养的养成和发展，引导学生学会学习、学会合作、学会生活，为学生的终身发展奠定基础。通过义务教育物理课程的学习，学生应达到如下目标。 （2）会用所学模型分析常见的物理问题；能对相关问题和信息进行分析并得出结论，具有初步的科学推理能力；有利用证据对所研究的问题进行分析和解释的意识，能使用简单和直接的证据表达自己的观点，具有初步的科学论证能力；能独立思考，对相关信息、方案和结论提出自己的见解，具有质疑意识、创新意识。\n学业质量是学生在完成课程阶段性学习后的学业成就表现，反映核心素养要求。 学业质量标准是以核心素养为主要维度，结合课程内容，对学生学业成就具体表现特征的整体描述，是学业水平考试命题的依据，同时对学生学习活动、教师教学活动、教材编写等具有指导作用。 在熟悉的情境中，会用所学模型分析常见的实际问题；在进行简单的物理实验和其他实践活动中，能对活动中的信息进行归纳推理，得到物理结论，在面对日常生活中的实际问题时，能运用所学物理概 念、规律进行简单的演绎推理，得到结论；能依照证据形成自己的看法，具有利用证据进行论证的意识；在获取信息时，有判断信息的可靠性和合理性的意识，能从物理学视角对生活中不合理的说法进行质疑并说出理由，发表自己的见解。"
  },
  {
    "relationName": "courseTargetCorrespondsToAcademicQuality",
    "label": "对应学业质量 / correspondsToAcademicQuality",
    "source": "urn:jy:physics:OB05:CourseTarget:3",
    "target": "urn:jy:physics:OB05:AcademicQuality:3",
    "evidence": "物理课程旨在促进学生核心素养的养成和发展，引导学生学会学习、学会合作、学会生活，为学生的终身发展奠定基础。通过义务教育物理课程的学习，学生应达到如下目标。 （3）有科学探究的意识，能发现问题、提出问题，形成猜想与假设，具有初步的观察能力和提出问题的能力；能制订简单的科学探究方案，有控制实验条件的意识，会通过实践操作等方式收集信息，初步具有获取证据的能力；能分析、处理信息，得出结论，初步具有对科学探究过程和结果作出解释的能力；能书面或口头表述自己的观点，能自我反思和听取他人意见，具有与他人交流的能力。\n学业质量是学生在完成课程阶段性学习后的学业成就表现，反映核心素养要求。 学业质量标准是以核心素养为主要维度，结合课程内容，对学生学业成就具体表现特征的整体描述，是学业水平考试命题的依据，同时对学生学习活动、教师教学活动、教材编写等具有指导作用。 能针对一些现象，发现并提出要探究的物理问题，能根据经验和已有知识作出猜想与假设；能针对提出的问题，运用控制变量法等制订比较合理的科学探究方案，会正确使用学生必做实验所涉及的实验器材，并根据实验方案进行规范、安全的实验操作，会正确读取和记录实验数据，能排除简单的实验故障；能根据实验目的整理信息，会用简单的图像或表格描述信息，能通过信息比较或图像分析发现其中的特点，进行初步的因果判断，形成结论并作出解释；能表述物理问题，会用物理学术语、符号、图表等描述探究过程，说明探究结果，撰写简单的科学探究报告。"
  },
  {
    "relationName": "academicQualityCorrespondsToCourseTarget",
    "label": "对应课程目标 / correspondsToCourseTarget",
    "source": "urn:jy:physics:OB05:AcademicQuality:3",
    "target": "urn:jy:physics:OB05:CourseTarget:3",
    "evidence": "物理课程旨在促进学生核心素养的养成和发展，引导学生学会学习、学会合作、学会生活，为学生的终身发展奠定基础。通过义务教育物理课程的学习，学生应达到如下目标。 （3）有科学探究的意识，能发现问题、提出问题，形成猜想与假设，具有初步的观察能力和提出问题的能力；能制订简单的科学探究方案，有控制实验条件的意识，会通过实践操作等方式收集信息，初步具有获取证据的能力；能分析、处理信息，得出结论，初步具有对科学探究过程和结果作出解释的能力；能书面或口头表述自己的观点，能自我反思和听取他人意见，具有与他人交流的能力。\n学业质量是学生在完成课程阶段性学习后的学业成就表现，反映核心素养要求。 学业质量标准是以核心素养为主要维度，结合课程内容，对学生学业成就具体表现特征的整体描述，是学业水平考试命题的依据，同时对学生学习活动、教师教学活动、教材编写等具有指导作用。 能针对一些现象，发现并提出要探究的物理问题，能根据经验和已有知识作出猜想与假设；能针对提出的问题，运用控制变量法等制订比较合理的科学探究方案，会正确使用学生必做实验所涉及的实验器材，并根据实验方案进行规范、安全的实验操作，会正确读取和记录实验数据，能排除简单的实验故障；能根据实验目的整理信息，会用简单的图像或表格描述信息，能通过信息比较或图像分析发现其中的特点，进行初步的因果判断，形成结论并作出解释；能表述物理问题，会用物理学术语、符号、图表等描述探究过程，说明探究结果，撰写简单的科学探究报告。"
  },
  {
    "relationName": "courseTargetCorrespondsToAcademicQuality",
    "label": "对应学业质量 / correspondsToAcademicQuality",
    "source": "urn:jy:physics:OB05:CourseTarget:4",
    "target": "urn:jy:physics:OB05:AcademicQuality:4",
    "evidence": "物理课程旨在促进学生核心素养的养成和发展，引导学生学会学习、学会合作、学会生活，为学生的终身发展奠定基础。通过义务教育物理课程的学习，学生应达到如下目标。 （4）初步认识科学本质，体会物理学对人类认识深化及社会发展的推动作用；亲近自然，崇尚科学，乐于思考与实践，具有探索自然的好奇心和求知欲，有克服困难的信心和决心，能总结成功的经验，分析失败的原因，体验战胜困难、解决问题的喜悦，严谨认真，实事求是，善于跟他人分享与合作，不迷信权威，敢于提出并坚持基于证据的个人见解，勇于放弃或修正不正确的观点；能关注科学技术对自然环境、人类生活和社会发展的影响，遵守科学伦理，有保护环境、节约资源的意识，能在力所能及的范围内为社会的可持续发展作出贡献，具有实现中华民族伟大复兴的责任感与使命感。\n学业质量是学生在完成课程阶段性学习后的学业成就表现，反映核心素养要求。 学业质量标准是以核心素养为主要维度，结合课程内容，对学生学业成就具体表现特征的整体描述，是学业水平考试命题的依据，同时对学生学习活动、教师教学活动、教材编写等具有指导作用。 能初步认识科学本质，体会物理学对人类认识深化及社会发展的推动作用；能保持对自然的好奇、对物理学的兴趣，具有严谨认真和实事求是的科学态度，既坚持原则，又能与他人合作；知道科学探索、技术应用及成果发表具有一定的道德规范，初步了解科学、技术、社会、环境之间的关系，具有保护环境、节约资源、促进可持续发展的责任感和实现中华民族伟大复兴的使命感。"
  },
  {
    "relationName": "academicQualityCorrespondsToCourseTarget",
    "label": "对应课程目标 / correspondsToCourseTarget",
    "source": "urn:jy:physics:OB05:AcademicQuality:4",
    "target": "urn:jy:physics:OB05:CourseTarget:4",
    "evidence": "物理课程旨在促进学生核心素养的养成和发展，引导学生学会学习、学会合作、学会生活，为学生的终身发展奠定基础。通过义务教育物理课程的学习，学生应达到如下目标。 （4）初步认识科学本质，体会物理学对人类认识深化及社会发展的推动作用；亲近自然，崇尚科学，乐于思考与实践，具有探索自然的好奇心和求知欲，有克服困难的信心和决心，能总结成功的经验，分析失败的原因，体验战胜困难、解决问题的喜悦，严谨认真，实事求是，善于跟他人分享与合作，不迷信权威，敢于提出并坚持基于证据的个人见解，勇于放弃或修正不正确的观点；能关注科学技术对自然环境、人类生活和社会发展的影响，遵守科学伦理，有保护环境、节约资源的意识，能在力所能及的范围内为社会的可持续发展作出贡献，具有实现中华民族伟大复兴的责任感与使命感。\n学业质量是学生在完成课程阶段性学习后的学业成就表现，反映核心素养要求。 学业质量标准是以核心素养为主要维度，结合课程内容，对学生学业成就具体表现特征的整体描述，是学业水平考试命题的依据，同时对学生学习活动、教师教学活动、教材编写等具有指导作用。 能初步认识科学本质，体会物理学对人类认识深化及社会发展的推动作用；能保持对自然的好奇、对物理学的兴趣，具有严谨认真和实事求是的科学态度，既坚持原则，又能与他人合作；知道科学探索、技术应用及成果发表具有一定的道德规范，初步了解科学、技术、社会、环境之间的关系，具有保护环境、节约资源、促进可持续发展的责任感和实现中华民族伟大复兴的使命感。"
  }
]