[
  {
    "relationName": "themeL2ContainsThemeL3",
    "label": "二级主题含三级主题及样例 / containsThemeL3",
    "source": "urn:jy:physics:OB05:ThemeL2:1",
    "target": "urn:jy:physics:OB05:ThemeL3:1-1-1"
  },
  {
    "relationName": "themeL3ContainedInThemeL2",
    "label": "二级主题含三级主题及样例 / containedInThemeL2",
    "source": "urn:jy:physics:OB05:ThemeL3:1-1-1",
    "target": "urn:jy:physics:OB05:ThemeL2:1"
  },
  {
    "relationName": "themeL2ContainsThemeL3",
    "label": "二级主题含三级主题及样例 / containsThemeL3",
    "source": "urn:jy:physics:OB05:ThemeL2:1",
    "target": "urn:jy:physics:OB05:ThemeL3:1-1-2"
  },
  {
    "relationName": "themeL3ContainedInThemeL2",
    "label": "二级主题含三级主题及样例 / containedInThemeL2",
    "source": "urn:jy:physics:OB05:ThemeL3:1-1-2",
    "target": "urn:jy:physics:OB05:ThemeL2:1"
  },
  {
    "relationName": "themeL2ContainsThemeL3",
    "label": "二级主题含三级主题及样例 / containsThemeL3",
    "source": "urn:jy:physics:OB05:ThemeL2:1",
    "target": "urn:jy:physics:OB05:ThemeL3:1-1-3"
  },
  {
    "relationName": "themeL3ContainedInThemeL2",
    "label": "二级主题含三级主题及样例 / containedInThemeL2",
    "source": "urn:jy:physics:OB05:ThemeL3:1-1-3",
    "target": "urn:jy:physics:OB05:ThemeL2:1"
  },
  {
    "relationName": "themeL2ContainsThemeL3",
    "label": "二级主题含三级主题及样例 / containsThemeL3",
    "source": "urn:jy:physics:OB05:ThemeL2:1",
    "target": "urn:jy:physics:OB05:ThemeL3:1-1-4"
  },
  {
    "relationName": "themeL3ContainedInThemeL2",
    "label": "二级主题含三级主题及样例 / containedInThemeL2",
    "source": "urn:jy:physics:OB05:ThemeL3:1-1-4",
    "target": "urn:jy:physics:OB05:ThemeL2:1"
  },
  {
    "relationName": "themeL2ContainsThemeL3",
    "label": "二级主题含三级主题及样例 / containsThemeL3",
    "source": "urn:jy:physics:OB05:ThemeL2:2",
    "target": "urn:jy:physics:OB05:ThemeL3:1-2-1"
  },
  {
    "relationName": "themeL3ContainedInThemeL2",
    "label": "二级主题含三级主题及样例 / containedInThemeL2",
    "source": "urn:jy:physics:OB05:ThemeL3:1-2-1",
    "target": "urn:jy:physics:OB05:ThemeL2:2"
  },
  {
    "relationName": "themeL2ContainsThemeL3",
    "label": "二级主题含三级主题及样例 / containsThemeL3",
    "source": "urn:jy:physics:OB05:ThemeL2:2",
    "target": "urn:jy:physics:OB05:ThemeL3:1-2-2"
  },
  {
    "relationName": "themeL3ContainedInThemeL2",
    "label": "二级主题含三级主题及样例 / containedInThemeL2",
    "source": "urn:jy:physics:OB05:ThemeL3:1-2-2",
    "target": "urn:jy:physics:OB05:ThemeL2:2"
  },
  {
    "relationName": "themeL2ContainsThemeL3",
    "label": "二级主题含三级主题及样例 / containsThemeL3",
    "source": "urn:jy:physics:OB05:ThemeL2:2",
    "target": "urn:jy:physics:OB05:ThemeL3:1-2-3"
  },
  {
    "relationName": "themeL3ContainedInThemeL2",
    "label": "二级主题含三级主题及样例 / containedInThemeL2",
    "source": "urn:jy:physics:OB05:ThemeL3:1-2-3",
    "target": "urn:jy:physics:OB05:ThemeL2:2"
  },
  {
    "relationName": "themeL2ContainsThemeL3",
    "label": "二级主题含三级主题及样例 / containsThemeL3",
    "source": "urn:jy:physics:OB05:ThemeL2:2",
    "target": "urn:jy:physics:OB05:ThemeL3:1-2-4"
  },
  {
    "relationName": "themeL3ContainedInThemeL2",
    "label": "二级主题含三级主题及样例 / containedInThemeL2",
    "source": "urn:jy:physics:OB05:ThemeL3:1-2-4",
    "target": "urn:jy:physics:OB05:ThemeL2:2"
  },
  {
    "relationName": "themeL2ContainsThemeL3",
    "label": "二级主题含三级主题及样例 / containsThemeL3",
    "source": "urn:jy:physics:OB05:ThemeL2:3",
    "target": "urn:jy:physics:OB05:ThemeL3:1-3-1"
  },
  {
    "relationName": "themeL3ContainedInThemeL2",
    "label": "二级主题含三级主题及样例 / containedInThemeL2",
    "source": "urn:jy:physics:OB05:ThemeL3:1-3-1",
    "target": "urn:jy:physics:OB05:ThemeL2:3"
  },
  {
    "relationName": "themeL2ContainsThemeL3",
    "label": "二级主题含三级主题及样例 / containsThemeL3",
    "source": "urn:jy:physics:OB05:ThemeL2:3",
    "target": "urn:jy:physics:OB05:ThemeL3:1-3-2"
  },
  {
    "relationName": "themeL3ContainedInThemeL2",
    "label": "二级主题含三级主题及样例 / containedInThemeL2",
    "source": "urn:jy:physics:OB05:ThemeL3:1-3-2",
    "target": "urn:jy:physics:OB05:ThemeL2:3"
  },
  {
    "relationName": "themeL2ContainsThemeL3",
    "label": "二级主题含三级主题及样例 / containsThemeL3",
    "source": "urn:jy:physics:OB05:ThemeL2:3",
    "target": "urn:jy:physics:OB05:ThemeL3:1-3-3"
  },
  {
    "relationName": "themeL3ContainedInThemeL2",
    "label": "二级主题含三级主题及样例 / containedInThemeL2",
    "source": "urn:jy:physics:OB05:ThemeL3:1-3-3",
    "target": "urn:jy:physics:OB05:ThemeL2:3"
  },
  {
    "relationName": "themeL2ContainsThemeL3",
    "label": "二级主题含三级主题及样例 / containsThemeL3",
    "source": "urn:jy:physics:OB05:ThemeL2:3",
    "target": "urn:jy:physics:OB05:ThemeL3:1-3-4"
  },
  {
    "relationName": "themeL3ContainedInThemeL2",
    "label": "二级主题含三级主题及样例 / containedInThemeL2",
    "source": "urn:jy:physics:OB05:ThemeL3:1-3-4",
    "target": "urn:jy:physics:OB05:ThemeL2:3"
  },
  {
    "relationName": "themeL2ContainsThemeL3",
    "label": "二级主题含三级主题及样例 / containsThemeL3",
    "source": "urn:jy:physics:OB05:ThemeL2:4",
    "target": "urn:jy:physics:OB05:ThemeL3:2-1-1"
  },
  {
    "relationName": "themeL3ContainedInThemeL2",
    "label": "二级主题含三级主题及样例 / containedInThemeL2",
    "source": "urn:jy:physics:OB05:ThemeL3:2-1-1",
    "target": "urn:jy:physics:OB05:ThemeL2:4"
  },
  {
    "relationName": "themeL2ContainsThemeL3",
    "label": "二级主题含三级主题及样例 / containsThemeL3",
    "source": "urn:jy:physics:OB05:ThemeL2:4",
    "target": "urn:jy:physics:OB05:ThemeL3:2-1-2"
  },
  {
    "relationName": "themeL3ContainedInThemeL2",
    "label": "二级主题含三级主题及样例 / containedInThemeL2",
    "source": "urn:jy:physics:OB05:ThemeL3:2-1-2",
    "target": "urn:jy:physics:OB05:ThemeL2:4"
  },
  {
    "relationName": "themeL2ContainsThemeL3",
    "label": "二级主题含三级主题及样例 / containsThemeL3",
    "source": "urn:jy:physics:OB05:ThemeL2:4",
    "target": "urn:jy:physics:OB05:ThemeL3:2-1-3"
  },
  {
    "relationName": "themeL3ContainedInThemeL2",
    "label": "二级主题含三级主题及样例 / containedInThemeL2",
    "source": "urn:jy:physics:OB05:ThemeL3:2-1-3",
    "target": "urn:jy:physics:OB05:ThemeL2:4"
  },
  {
    "relationName": "themeL2ContainsThemeL3",
    "label": "二级主题含三级主题及样例 / containsThemeL3",
    "source": "urn:jy:physics:OB05:ThemeL2:5",
    "target": "urn:jy:physics:OB05:ThemeL3:2-2-1"
  },
  {
    "relationName": "themeL3ContainedInThemeL2",
    "label": "二级主题含三级主题及样例 / containedInThemeL2",
    "source": "urn:jy:physics:OB05:ThemeL3:2-2-1",
    "target": "urn:jy:physics:OB05:ThemeL2:5"
  },
  {
    "relationName": "themeL2ContainsThemeL3",
    "label": "二级主题含三级主题及样例 / containsThemeL3",
    "source": "urn:jy:physics:OB05:ThemeL2:5",
    "target": "urn:jy:physics:OB05:ThemeL3:2-2-2"
  },
  {
    "relationName": "themeL3ContainedInThemeL2",
    "label": "二级主题含三级主题及样例 / containedInThemeL2",
    "source": "urn:jy:physics:OB05:ThemeL3:2-2-2",
    "target": "urn:jy:physics:OB05:ThemeL2:5"
  },
  {
    "relationName": "themeL2ContainsThemeL3",
    "label": "二级主题含三级主题及样例 / containsThemeL3",
    "source": "urn:jy:physics:OB05:ThemeL2:5",
    "target": "urn:jy:physics:OB05:ThemeL3:2-2-3"
  },
  {
    "relationName": "themeL3ContainedInThemeL2",
    "label": "二级主题含三级主题及样例 / containedInThemeL2",
    "source": "urn:jy:physics:OB05:ThemeL3:2-2-3",
    "target": "urn:jy:physics:OB05:ThemeL2:5"
  },
  {
    "relationName": "themeL2ContainsThemeL3",
    "label": "二级主题含三级主题及样例 / containsThemeL3",
    "source": "urn:jy:physics:OB05:ThemeL2:5",
    "target": "urn:jy:physics:OB05:ThemeL3:2-2-4"
  },
  {
    "relationName": "themeL3ContainedInThemeL2",
    "label": "二级主题含三级主题及样例 / containedInThemeL2",
    "source": "urn:jy:physics:OB05:ThemeL3:2-2-4",
    "target": "urn:jy:physics:OB05:ThemeL2:5"
  },
  {
    "relationName": "themeL2ContainsThemeL3",
    "label": "二级主题含三级主题及样例 / containsThemeL3",
    "source": "urn:jy:physics:OB05:ThemeL2:5",
    "target": "urn:jy:physics:OB05:ThemeL3:2-2-5"
  },
  {
    "relationName": "themeL3ContainedInThemeL2",
    "label": "二级主题含三级主题及样例 / containedInThemeL2",
    "source": "urn:jy:physics:OB05:ThemeL3:2-2-5",
    "target": "urn:jy:physics:OB05:ThemeL2:5"
  },
  {
    "relationName": "themeL2ContainsThemeL3",
    "label": "二级主题含三级主题及样例 / containsThemeL3",
    "source": "urn:jy:physics:OB05:ThemeL2:5",
    "target": "urn:jy:physics:OB05:ThemeL3:2-2-6"
  },
  {
    "relationName": "themeL3ContainedInThemeL2",
    "label": "二级主题含三级主题及样例 / containedInThemeL2",
    "source": "urn:jy:physics:OB05:ThemeL3:2-2-6",
    "target": "urn:jy:physics:OB05:ThemeL2:5"
  },
  {
    "relationName": "themeL2ContainsThemeL3",
    "label": "二级主题含三级主题及样例 / containsThemeL3",
    "source": "urn:jy:physics:OB05:ThemeL2:5",
    "target": "urn:jy:physics:OB05:ThemeL3:2-2-7"
  },
  {
    "relationName": "themeL3ContainedInThemeL2",
    "label": "二级主题含三级主题及样例 / containedInThemeL2",
    "source": "urn:jy:physics:OB05:ThemeL3:2-2-7",
    "target": "urn:jy:physics:OB05:ThemeL2:5"
  },
  {
    "relationName": "themeL2ContainsThemeL3",
    "label": "二级主题含三级主题及样例 / containsThemeL3",
    "source": "urn:jy:physics:OB05:ThemeL2:5",
    "target": "urn:jy:physics:OB05:ThemeL3:2-2-8"
  },
  {
    "relationName": "themeL3ContainedInThemeL2",
    "label": "二级主题含三级主题及样例 / containedInThemeL2",
    "source": "urn:jy:physics:OB05:ThemeL3:2-2-8",
    "target": "urn:jy:physics:OB05:ThemeL2:5"
  },
  {
    "relationName": "themeL2ContainsThemeL3",
    "label": "二级主题含三级主题及样例 / containsThemeL3",
    "source": "urn:jy:physics:OB05:ThemeL2:5",
    "target": "urn:jy:physics:OB05:ThemeL3:2-2-9"
  },
  {
    "relationName": "themeL3ContainedInThemeL2",
    "label": "二级主题含三级主题及样例 / containedInThemeL2",
    "source": "urn:jy:physics:OB05:ThemeL3:2-2-9",
    "target": "urn:jy:physics:OB05:ThemeL2:5"
  },
  {
    "relationName": "themeL2ContainsThemeL3",
    "label": "二级主题含三级主题及样例 / containsThemeL3",
    "source": "urn:jy:physics:OB05:ThemeL2:6",
    "target": "urn:jy:physics:OB05:ThemeL3:2-3-1"
  },
  {
    "relationName": "themeL3ContainedInThemeL2",
    "label": "二级主题含三级主题及样例 / containedInThemeL2",
    "source": "urn:jy:physics:OB05:ThemeL3:2-3-1",
    "target": "urn:jy:physics:OB05:ThemeL2:6"
  },
  {
    "relationName": "themeL2ContainsThemeL3",
    "label": "二级主题含三级主题及样例 / containsThemeL3",
    "source": "urn:jy:physics:OB05:ThemeL2:6",
    "target": "urn:jy:physics:OB05:ThemeL3:2-3-2"
  },
  {
    "relationName": "themeL3ContainedInThemeL2",
    "label": "二级主题含三级主题及样例 / containedInThemeL2",
    "source": "urn:jy:physics:OB05:ThemeL3:2-3-2",
    "target": "urn:jy:physics:OB05:ThemeL2:6"
  },
  {
    "relationName": "themeL2ContainsThemeL3",
    "label": "二级主题含三级主题及样例 / containsThemeL3",
    "source": "urn:jy:physics:OB05:ThemeL2:6",
    "target": "urn:jy:physics:OB05:ThemeL3:2-3-3"
  },
  {
    "relationName": "themeL3ContainedInThemeL2",
    "label": "二级主题含三级主题及样例 / containedInThemeL2",
    "source": "urn:jy:physics:OB05:ThemeL3:2-3-3",
    "target": "urn:jy:physics:OB05:ThemeL2:6"
  },
  {
    "relationName": "themeL2ContainsThemeL3",
    "label": "二级主题含三级主题及样例 / containsThemeL3",
    "source": "urn:jy:physics:OB05:ThemeL2:6",
    "target": "urn:jy:physics:OB05:ThemeL3:2-3-4"
  },
  {
    "relationName": "themeL3ContainedInThemeL2",
    "label": "二级主题含三级主题及样例 / containedInThemeL2",
    "source": "urn:jy:physics:OB05:ThemeL3:2-3-4",
    "target": "urn:jy:physics:OB05:ThemeL2:6"
  },
  {
    "relationName": "themeL2ContainsThemeL3",
    "label": "二级主题含三级主题及样例 / containsThemeL3",
    "source": "urn:jy:physics:OB05:ThemeL2:6",
    "target": "urn:jy:physics:OB05:ThemeL3:2-3-5"
  },
  {
    "relationName": "themeL3ContainedInThemeL2",
    "label": "二级主题含三级主题及样例 / containedInThemeL2",
    "source": "urn:jy:physics:OB05:ThemeL3:2-3-5",
    "target": "urn:jy:physics:OB05:ThemeL2:6"
  },
  {
    "relationName": "themeL2ContainsThemeL3",
    "label": "二级主题含三级主题及样例 / containsThemeL3",
    "source": "urn:jy:physics:OB05:ThemeL2:6",
    "target": "urn:jy:physics:OB05:ThemeL3:2-3-6"
  },
  {
    "relationName": "themeL3ContainedInThemeL2",
    "label": "二级主题含三级主题及样例 / containedInThemeL2",
    "source": "urn:jy:physics:OB05:ThemeL3:2-3-6",
    "target": "urn:jy:physics:OB05:ThemeL2:6"
  },
  {
    "relationName": "themeL2ContainsThemeL3",
    "label": "二级主题含三级主题及样例 / containsThemeL3",
    "source": "urn:jy:physics:OB05:ThemeL2:7",
    "target": "urn:jy:physics:OB05:ThemeL3:2-4-1"
  },
  {
    "relationName": "themeL3ContainedInThemeL2",
    "label": "二级主题含三级主题及样例 / containedInThemeL2",
    "source": "urn:jy:physics:OB05:ThemeL3:2-4-1",
    "target": "urn:jy:physics:OB05:ThemeL2:7"
  },
  {
    "relationName": "themeL2ContainsThemeL3",
    "label": "二级主题含三级主题及样例 / containsThemeL3",
    "source": "urn:jy:physics:OB05:ThemeL2:7",
    "target": "urn:jy:physics:OB05:ThemeL3:2-4-2"
  },
  {
    "relationName": "themeL3ContainedInThemeL2",
    "label": "二级主题含三级主题及样例 / containedInThemeL2",
    "source": "urn:jy:physics:OB05:ThemeL3:2-4-2",
    "target": "urn:jy:physics:OB05:ThemeL2:7"
  },
  {
    "relationName": "themeL2ContainsThemeL3",
    "label": "二级主题含三级主题及样例 / containsThemeL3",
    "source": "urn:jy:physics:OB05:ThemeL2:7",
    "target": "urn:jy:physics:OB05:ThemeL3:2-4-3"
  },
  {
    "relationName": "themeL3ContainedInThemeL2",
    "label": "二级主题含三级主题及样例 / containedInThemeL2",
    "source": "urn:jy:physics:OB05:ThemeL3:2-4-3",
    "target": "urn:jy:physics:OB05:ThemeL2:7"
  },
  {
    "relationName": "themeL2ContainsThemeL3",
    "label": "二级主题含三级主题及样例 / containsThemeL3",
    "source": "urn:jy:physics:OB05:ThemeL2:7",
    "target": "urn:jy:physics:OB05:ThemeL3:2-4-4"
  },
  {
    "relationName": "themeL3ContainedInThemeL2",
    "label": "二级主题含三级主题及样例 / containedInThemeL2",
    "source": "urn:jy:physics:OB05:ThemeL3:2-4-4",
    "target": "urn:jy:physics:OB05:ThemeL2:7"
  },
  {
    "relationName": "themeL2ContainsThemeL3",
    "label": "二级主题含三级主题及样例 / containsThemeL3",
    "source": "urn:jy:physics:OB05:ThemeL2:7",
    "target": "urn:jy:physics:OB05:ThemeL3:2-4-5"
  },
  {
    "relationName": "themeL3ContainedInThemeL2",
    "label": "二级主题含三级主题及样例 / containedInThemeL2",
    "source": "urn:jy:physics:OB05:ThemeL3:2-4-5",
    "target": "urn:jy:physics:OB05:ThemeL2:7"
  },
  {
    "relationName": "themeL2ContainsThemeL3",
    "label": "二级主题含三级主题及样例 / containsThemeL3",
    "source": "urn:jy:physics:OB05:ThemeL2:7",
    "target": "urn:jy:physics:OB05:ThemeL3:2-4-6"
  },
  {
    "relationName": "themeL3ContainedInThemeL2",
    "label": "二级主题含三级主题及样例 / containedInThemeL2",
    "source": "urn:jy:physics:OB05:ThemeL3:2-4-6",
    "target": "urn:jy:physics:OB05:ThemeL2:7"
  },
  {
    "relationName": "themeL2ContainsThemeL3",
    "label": "二级主题含三级主题及样例 / containsThemeL3",
    "source": "urn:jy:physics:OB05:ThemeL2:8",
    "target": "urn:jy:physics:OB05:ThemeL3:3-1-1"
  },
  {
    "relationName": "themeL3ContainedInThemeL2",
    "label": "二级主题含三级主题及样例 / containedInThemeL2",
    "source": "urn:jy:physics:OB05:ThemeL3:3-1-1",
    "target": "urn:jy:physics:OB05:ThemeL2:8"
  },
  {
    "relationName": "themeL2ContainsThemeL3",
    "label": "二级主题含三级主题及样例 / containsThemeL3",
    "source": "urn:jy:physics:OB05:ThemeL2:8",
    "target": "urn:jy:physics:OB05:ThemeL3:3-1-2"
  },
  {
    "relationName": "themeL3ContainedInThemeL2",
    "label": "二级主题含三级主题及样例 / containedInThemeL2",
    "source": "urn:jy:physics:OB05:ThemeL3:3-1-2",
    "target": "urn:jy:physics:OB05:ThemeL2:8"
  },
  {
    "relationName": "themeL2ContainsThemeL3",
    "label": "二级主题含三级主题及样例 / containsThemeL3",
    "source": "urn:jy:physics:OB05:ThemeL2:8",
    "target": "urn:jy:physics:OB05:ThemeL3:3-1-3"
  },
  {
    "relationName": "themeL3ContainedInThemeL2",
    "label": "二级主题含三级主题及样例 / containedInThemeL2",
    "source": "urn:jy:physics:OB05:ThemeL3:3-1-3",
    "target": "urn:jy:physics:OB05:ThemeL2:8"
  },
  {
    "relationName": "themeL2ContainsThemeL3",
    "label": "二级主题含三级主题及样例 / containsThemeL3",
    "source": "urn:jy:physics:OB05:ThemeL2:9",
    "target": "urn:jy:physics:OB05:ThemeL3:3-2-1"
  },
  {
    "relationName": "themeL3ContainedInThemeL2",
    "label": "二级主题含三级主题及样例 / containedInThemeL2",
    "source": "urn:jy:physics:OB05:ThemeL3:3-2-1",
    "target": "urn:jy:physics:OB05:ThemeL2:9"
  },
  {
    "relationName": "themeL2ContainsThemeL3",
    "label": "二级主题含三级主题及样例 / containsThemeL3",
    "source": "urn:jy:physics:OB05:ThemeL2:9",
    "target": "urn:jy:physics:OB05:ThemeL3:3-2-2"
  },
  {
    "relationName": "themeL3ContainedInThemeL2",
    "label": "二级主题含三级主题及样例 / containedInThemeL2",
    "source": "urn:jy:physics:OB05:ThemeL3:3-2-2",
    "target": "urn:jy:physics:OB05:ThemeL2:9"
  },
  {
    "relationName": "themeL2ContainsThemeL3",
    "label": "二级主题含三级主题及样例 / containsThemeL3",
    "source": "urn:jy:physics:OB05:ThemeL2:9",
    "target": "urn:jy:physics:OB05:ThemeL3:3-2-3"
  },
  {
    "relationName": "themeL3ContainedInThemeL2",
    "label": "二级主题含三级主题及样例 / containedInThemeL2",
    "source": "urn:jy:physics:OB05:ThemeL3:3-2-3",
    "target": "urn:jy:physics:OB05:ThemeL2:9"
  },
  {
    "relationName": "themeL2ContainsThemeL3",
    "label": "二级主题含三级主题及样例 / containsThemeL3",
    "source": "urn:jy:physics:OB05:ThemeL2:9",
    "target": "urn:jy:physics:OB05:ThemeL3:3-2-4"
  },
  {
    "relationName": "themeL3ContainedInThemeL2",
    "label": "二级主题含三级主题及样例 / containedInThemeL2",
    "source": "urn:jy:physics:OB05:ThemeL3:3-2-4",
    "target": "urn:jy:physics:OB05:ThemeL2:9"
  },
  {
    "relationName": "themeL2ContainsThemeL3",
    "label": "二级主题含三级主题及样例 / containsThemeL3",
    "source": "urn:jy:physics:OB05:ThemeL2:10",
    "target": "urn:jy:physics:OB05:ThemeL3:3-3-1"
  },
  {
    "relationName": "themeL3ContainedInThemeL2",
    "label": "二级主题含三级主题及样例 / containedInThemeL2",
    "source": "urn:jy:physics:OB05:ThemeL3:3-3-1",
    "target": "urn:jy:physics:OB05:ThemeL2:10"
  },
  {
    "relationName": "themeL2ContainsThemeL3",
    "label": "二级主题含三级主题及样例 / containsThemeL3",
    "source": "urn:jy:physics:OB05:ThemeL2:10",
    "target": "urn:jy:physics:OB05:ThemeL3:3-3-2"
  },
  {
    "relationName": "themeL3ContainedInThemeL2",
    "label": "二级主题含三级主题及样例 / containedInThemeL2",
    "source": "urn:jy:physics:OB05:ThemeL3:3-3-2",
    "target": "urn:jy:physics:OB05:ThemeL2:10"
  },
  {
    "relationName": "themeL2ContainsThemeL3",
    "label": "二级主题含三级主题及样例 / containsThemeL3",
    "source": "urn:jy:physics:OB05:ThemeL2:10",
    "target": "urn:jy:physics:OB05:ThemeL3:3-3-3"
  },
  {
    "relationName": "themeL3ContainedInThemeL2",
    "label": "二级主题含三级主题及样例 / containedInThemeL2",
    "source": "urn:jy:physics:OB05:ThemeL3:3-3-3",
    "target": "urn:jy:physics:OB05:ThemeL2:10"
  },
  {
    "relationName": "themeL2ContainsThemeL3",
    "label": "二级主题含三级主题及样例 / containsThemeL3",
    "source": "urn:jy:physics:OB05:ThemeL2:11",
    "target": "urn:jy:physics:OB05:ThemeL3:3-4-1"
  },
  {
    "relationName": "themeL3ContainedInThemeL2",
    "label": "二级主题含三级主题及样例 / containedInThemeL2",
    "source": "urn:jy:physics:OB05:ThemeL3:3-4-1",
    "target": "urn:jy:physics:OB05:ThemeL2:11"
  },
  {
    "relationName": "themeL2ContainsThemeL3",
    "label": "二级主题含三级主题及样例 / containsThemeL3",
    "source": "urn:jy:physics:OB05:ThemeL2:11",
    "target": "urn:jy:physics:OB05:ThemeL3:3-4-2"
  },
  {
    "relationName": "themeL3ContainedInThemeL2",
    "label": "二级主题含三级主题及样例 / containedInThemeL2",
    "source": "urn:jy:physics:OB05:ThemeL3:3-4-2",
    "target": "urn:jy:physics:OB05:ThemeL2:11"
  },
  {
    "relationName": "themeL2ContainsThemeL3",
    "label": "二级主题含三级主题及样例 / containsThemeL3",
    "source": "urn:jy:physics:OB05:ThemeL2:11",
    "target": "urn:jy:physics:OB05:ThemeL3:3-4-3"
  },
  {
    "relationName": "themeL3ContainedInThemeL2",
    "label": "二级主题含三级主题及样例 / containedInThemeL2",
    "source": "urn:jy:physics:OB05:ThemeL3:3-4-3",
    "target": "urn:jy:physics:OB05:ThemeL2:11"
  },
  {
    "relationName": "themeL2ContainsThemeL3",
    "label": "二级主题含三级主题及样例 / containsThemeL3",
    "source": "urn:jy:physics:OB05:ThemeL2:11",
    "target": "urn:jy:physics:OB05:ThemeL3:3-4-4"
  },
  {
    "relationName": "themeL3ContainedInThemeL2",
    "label": "二级主题含三级主题及样例 / containedInThemeL2",
    "source": "urn:jy:physics:OB05:ThemeL3:3-4-4",
    "target": "urn:jy:physics:OB05:ThemeL2:11"
  },
  {
    "relationName": "themeL2ContainsThemeL3",
    "label": "二级主题含三级主题及样例 / containsThemeL3",
    "source": "urn:jy:physics:OB05:ThemeL2:11",
    "target": "urn:jy:physics:OB05:ThemeL3:3-4-5"
  },
  {
    "relationName": "themeL3ContainedInThemeL2",
    "label": "二级主题含三级主题及样例 / containedInThemeL2",
    "source": "urn:jy:physics:OB05:ThemeL3:3-4-5",
    "target": "urn:jy:physics:OB05:ThemeL2:11"
  },
  {
    "relationName": "themeL2ContainsThemeL3",
    "label": "二级主题含三级主题及样例 / containsThemeL3",
    "source": "urn:jy:physics:OB05:ThemeL2:11",
    "target": "urn:jy:physics:OB05:ThemeL3:3-4-6"
  },
  {
    "relationName": "themeL3ContainedInThemeL2",
    "label": "二级主题含三级主题及样例 / containedInThemeL2",
    "source": "urn:jy:physics:OB05:ThemeL3:3-4-6",
    "target": "urn:jy:physics:OB05:ThemeL2:11"
  },
  {
    "relationName": "themeL2ContainsThemeL3",
    "label": "二级主题含三级主题及样例 / containsThemeL3",
    "source": "urn:jy:physics:OB05:ThemeL2:11",
    "target": "urn:jy:physics:OB05:ThemeL3:3-4-7"
  },
  {
    "relationName": "themeL3ContainedInThemeL2",
    "label": "二级主题含三级主题及样例 / containedInThemeL2",
    "source": "urn:jy:physics:OB05:ThemeL3:3-4-7",
    "target": "urn:jy:physics:OB05:ThemeL2:11"
  },
  {
    "relationName": "themeL2ContainsThemeL3",
    "label": "二级主题含三级主题及样例 / containsThemeL3",
    "source": "urn:jy:physics:OB05:ThemeL2:12",
    "target": "urn:jy:physics:OB05:ThemeL3:3-5-1"
  },
  {
    "relationName": "themeL3ContainedInThemeL2",
    "label": "二级主题含三级主题及样例 / containedInThemeL2",
    "source": "urn:jy:physics:OB05:ThemeL3:3-5-1",
    "target": "urn:jy:physics:OB05:ThemeL2:12"
  },
  {
    "relationName": "themeL2ContainsThemeL3",
    "label": "二级主题含三级主题及样例 / containsThemeL3",
    "source": "urn:jy:physics:OB05:ThemeL2:12",
    "target": "urn:jy:physics:OB05:ThemeL3:3-5-2"
  },
  {
    "relationName": "themeL3ContainedInThemeL2",
    "label": "二级主题含三级主题及样例 / containedInThemeL2",
    "source": "urn:jy:physics:OB05:ThemeL3:3-5-2",
    "target": "urn:jy:physics:OB05:ThemeL2:12"
  },
  {
    "relationName": "themeL2ContainsThemeL3",
    "label": "二级主题含三级主题及样例 / containsThemeL3",
    "source": "urn:jy:physics:OB05:ThemeL2:12",
    "target": "urn:jy:physics:OB05:ThemeL3:3-5-3"
  },
  {
    "relationName": "themeL3ContainedInThemeL2",
    "label": "二级主题含三级主题及样例 / containedInThemeL2",
    "source": "urn:jy:physics:OB05:ThemeL3:3-5-3",
    "target": "urn:jy:physics:OB05:ThemeL2:12"
  },
  {
    "relationName": "themeL2ContainsThemeL3",
    "label": "二级主题含三级主题及样例 / containsThemeL3",
    "source": "urn:jy:physics:OB05:ThemeL2:13",
    "target": "urn:jy:physics:OB05:ThemeL3:3-6-1"
  },
  {
    "relationName": "themeL3ContainedInThemeL2",
    "label": "二级主题含三级主题及样例 / containedInThemeL2",
    "source": "urn:jy:physics:OB05:ThemeL3:3-6-1",
    "target": "urn:jy:physics:OB05:ThemeL2:13"
  },
  {
    "relationName": "themeL2ContainsThemeL3",
    "label": "二级主题含三级主题及样例 / containsThemeL3",
    "source": "urn:jy:physics:OB05:ThemeL2:13",
    "target": "urn:jy:physics:OB05:ThemeL3:3-6-2"
  },
  {
    "relationName": "themeL3ContainedInThemeL2",
    "label": "二级主题含三级主题及样例 / containedInThemeL2",
    "source": "urn:jy:physics:OB05:ThemeL3:3-6-2",
    "target": "urn:jy:physics:OB05:ThemeL2:13"
  },
  {
    "relationName": "themeL2ContainsThemeL3",
    "label": "二级主题含三级主题及样例 / containsThemeL3",
    "source": "urn:jy:physics:OB05:ThemeL2:13",
    "target": "urn:jy:physics:OB05:ThemeL3:3-6-3"
  },
  {
    "relationName": "themeL3ContainedInThemeL2",
    "label": "二级主题含三级主题及样例 / containedInThemeL2",
    "source": "urn:jy:physics:OB05:ThemeL3:3-6-3",
    "target": "urn:jy:physics:OB05:ThemeL2:13"
  },
  {
    "relationName": "themeL2ContainsThemeL3",
    "label": "二级主题含三级主题及样例 / containsThemeL3",
    "source": "urn:jy:physics:OB05:ThemeL2:14",
    "target": "urn:jy:physics:OB05:ThemeL3:4-1-1"
  },
  {
    "relationName": "themeL3ContainedInThemeL2",
    "label": "二级主题含三级主题及样例 / containedInThemeL2",
    "source": "urn:jy:physics:OB05:ThemeL3:4-1-1",
    "target": "urn:jy:physics:OB05:ThemeL2:14"
  },
  {
    "relationName": "themeL2ContainsThemeL3",
    "label": "二级主题含三级主题及样例 / containsThemeL3",
    "source": "urn:jy:physics:OB05:ThemeL2:14",
    "target": "urn:jy:physics:OB05:ThemeL3:4-1-2"
  },
  {
    "relationName": "themeL3ContainedInThemeL2",
    "label": "二级主题含三级主题及样例 / containedInThemeL2",
    "source": "urn:jy:physics:OB05:ThemeL3:4-1-2",
    "target": "urn:jy:physics:OB05:ThemeL2:14"
  },
  {
    "relationName": "themeL2ContainsThemeL3",
    "label": "二级主题含三级主题及样例 / containsThemeL3",
    "source": "urn:jy:physics:OB05:ThemeL2:14",
    "target": "urn:jy:physics:OB05:ThemeL3:4-1-3"
  },
  {
    "relationName": "themeL3ContainedInThemeL2",
    "label": "二级主题含三级主题及样例 / containedInThemeL2",
    "source": "urn:jy:physics:OB05:ThemeL3:4-1-3",
    "target": "urn:jy:physics:OB05:ThemeL2:14"
  },
  {
    "relationName": "themeL2ContainsThemeL3",
    "label": "二级主题含三级主题及样例 / containsThemeL3",
    "source": "urn:jy:physics:OB05:ThemeL2:14",
    "target": "urn:jy:physics:OB05:ThemeL3:4-1-4"
  },
  {
    "relationName": "themeL3ContainedInThemeL2",
    "label": "二级主题含三级主题及样例 / containedInThemeL2",
    "source": "urn:jy:physics:OB05:ThemeL3:4-1-4",
    "target": "urn:jy:physics:OB05:ThemeL2:14"
  },
  {
    "relationName": "themeL2ContainsThemeL3",
    "label": "二级主题含三级主题及样例 / containsThemeL3",
    "source": "urn:jy:physics:OB05:ThemeL2:14",
    "target": "urn:jy:physics:OB05:ThemeL3:4-1-5"
  },
  {
    "relationName": "themeL3ContainedInThemeL2",
    "label": "二级主题含三级主题及样例 / containedInThemeL2",
    "source": "urn:jy:physics:OB05:ThemeL3:4-1-5",
    "target": "urn:jy:physics:OB05:ThemeL2:14"
  },
  {
    "relationName": "themeL2ContainsThemeL3",
    "label": "二级主题含三级主题及样例 / containsThemeL3",
    "source": "urn:jy:physics:OB05:ThemeL2:14",
    "target": "urn:jy:physics:OB05:ThemeL3:4-1-6"
  },
  {
    "relationName": "themeL3ContainedInThemeL2",
    "label": "二级主题含三级主题及样例 / containedInThemeL2",
    "source": "urn:jy:physics:OB05:ThemeL3:4-1-6",
    "target": "urn:jy:physics:OB05:ThemeL2:14"
  },
  {
    "relationName": "themeL2ContainsThemeL3",
    "label": "二级主题含三级主题及样例 / containsThemeL3",
    "source": "urn:jy:physics:OB05:ThemeL2:14",
    "target": "urn:jy:physics:OB05:ThemeL3:4-1-7"
  },
  {
    "relationName": "themeL3ContainedInThemeL2",
    "label": "二级主题含三级主题及样例 / containedInThemeL2",
    "source": "urn:jy:physics:OB05:ThemeL3:4-1-7",
    "target": "urn:jy:physics:OB05:ThemeL2:14"
  },
  {
    "relationName": "themeL2ContainsThemeL3",
    "label": "二级主题含三级主题及样例 / containsThemeL3",
    "source": "urn:jy:physics:OB05:ThemeL2:14",
    "target": "urn:jy:physics:OB05:ThemeL3:4-1-8"
  },
  {
    "relationName": "themeL3ContainedInThemeL2",
    "label": "二级主题含三级主题及样例 / containedInThemeL2",
    "source": "urn:jy:physics:OB05:ThemeL3:4-1-8",
    "target": "urn:jy:physics:OB05:ThemeL2:14"
  },
  {
    "relationName": "themeL2ContainsThemeL3",
    "label": "二级主题含三级主题及样例 / containsThemeL3",
    "source": "urn:jy:physics:OB05:ThemeL2:14",
    "target": "urn:jy:physics:OB05:ThemeL3:4-1-9"
  },
  {
    "relationName": "themeL3ContainedInThemeL2",
    "label": "二级主题含三级主题及样例 / containedInThemeL2",
    "source": "urn:jy:physics:OB05:ThemeL3:4-1-9",
    "target": "urn:jy:physics:OB05:ThemeL2:14"
  },
  {
    "relationName": "themeL2ContainsThemeL3",
    "label": "二级主题含三级主题及样例 / containsThemeL3",
    "source": "urn:jy:physics:OB05:ThemeL2:15",
    "target": "urn:jy:physics:OB05:ThemeL3:4-2-1"
  },
  {
    "relationName": "themeL3ContainedInThemeL2",
    "label": "二级主题含三级主题及样例 / containedInThemeL2",
    "source": "urn:jy:physics:OB05:ThemeL3:4-2-1",
    "target": "urn:jy:physics:OB05:ThemeL2:15"
  },
  {
    "relationName": "themeL2ContainsThemeL3",
    "label": "二级主题含三级主题及样例 / containsThemeL3",
    "source": "urn:jy:physics:OB05:ThemeL2:15",
    "target": "urn:jy:physics:OB05:ThemeL3:4-2-2"
  },
  {
    "relationName": "themeL3ContainedInThemeL2",
    "label": "二级主题含三级主题及样例 / containedInThemeL2",
    "source": "urn:jy:physics:OB05:ThemeL3:4-2-2",
    "target": "urn:jy:physics:OB05:ThemeL2:15"
  },
  {
    "relationName": "themeL2ContainsThemeL3",
    "label": "二级主题含三级主题及样例 / containsThemeL3",
    "source": "urn:jy:physics:OB05:ThemeL2:15",
    "target": "urn:jy:physics:OB05:ThemeL3:4-2-3"
  },
  {
    "relationName": "themeL3ContainedInThemeL2",
    "label": "二级主题含三级主题及样例 / containedInThemeL2",
    "source": "urn:jy:physics:OB05:ThemeL3:4-2-3",
    "target": "urn:jy:physics:OB05:ThemeL2:15"
  },
  {
    "relationName": "themeL2ContainsThemeL3",
    "label": "二级主题含三级主题及样例 / containsThemeL3",
    "source": "urn:jy:physics:OB05:ThemeL2:15",
    "target": "urn:jy:physics:OB05:ThemeL3:4-2-4"
  },
  {
    "relationName": "themeL3ContainedInThemeL2",
    "label": "二级主题含三级主题及样例 / containedInThemeL2",
    "source": "urn:jy:physics:OB05:ThemeL3:4-2-4",
    "target": "urn:jy:physics:OB05:ThemeL2:15"
  },
  {
    "relationName": "themeL2ContainsThemeL3",
    "label": "二级主题含三级主题及样例 / containsThemeL3",
    "source": "urn:jy:physics:OB05:ThemeL2:15",
    "target": "urn:jy:physics:OB05:ThemeL3:4-2-5"
  },
  {
    "relationName": "themeL3ContainedInThemeL2",
    "label": "二级主题含三级主题及样例 / containedInThemeL2",
    "source": "urn:jy:physics:OB05:ThemeL3:4-2-5",
    "target": "urn:jy:physics:OB05:ThemeL2:15"
  },
  {
    "relationName": "themeL2ContainsThemeL3",
    "label": "二级主题含三级主题及样例 / containsThemeL3",
    "source": "urn:jy:physics:OB05:ThemeL2:15",
    "target": "urn:jy:physics:OB05:ThemeL3:4-2-6"
  },
  {
    "relationName": "themeL3ContainedInThemeL2",
    "label": "二级主题含三级主题及样例 / containedInThemeL2",
    "source": "urn:jy:physics:OB05:ThemeL3:4-2-6",
    "target": "urn:jy:physics:OB05:ThemeL2:15"
  },
  {
    "relationName": "themeL2ContainsThemeL3",
    "label": "二级主题含三级主题及样例 / containsThemeL3",
    "source": "urn:jy:physics:OB05:ThemeL2:15",
    "target": "urn:jy:physics:OB05:ThemeL3:4-2-7"
  },
  {
    "relationName": "themeL3ContainedInThemeL2",
    "label": "二级主题含三级主题及样例 / containedInThemeL2",
    "source": "urn:jy:physics:OB05:ThemeL3:4-2-7",
    "target": "urn:jy:physics:OB05:ThemeL2:15"
  },
  {
    "relationName": "themeL2ContainsThemeL3",
    "label": "二级主题含三级主题及样例 / containsThemeL3",
    "source": "urn:jy:physics:OB05:ThemeL2:15",
    "target": "urn:jy:physics:OB05:ThemeL3:4-2-8"
  },
  {
    "relationName": "themeL3ContainedInThemeL2",
    "label": "二级主题含三级主题及样例 / containedInThemeL2",
    "source": "urn:jy:physics:OB05:ThemeL3:4-2-8",
    "target": "urn:jy:physics:OB05:ThemeL2:15"
  },
  {
    "relationName": "themeL2ContainsThemeL3",
    "label": "二级主题含三级主题及样例 / containsThemeL3",
    "source": "urn:jy:physics:OB05:ThemeL2:15",
    "target": "urn:jy:physics:OB05:ThemeL3:4-2-9"
  },
  {
    "relationName": "themeL3ContainedInThemeL2",
    "label": "二级主题含三级主题及样例 / containedInThemeL2",
    "source": "urn:jy:physics:OB05:ThemeL3:4-2-9",
    "target": "urn:jy:physics:OB05:ThemeL2:15"
  },
  {
    "relationName": "themeL2ContainsThemeL3",
    "label": "二级主题含三级主题及样例 / containsThemeL3",
    "source": "urn:jy:physics:OB05:ThemeL2:15",
    "target": "urn:jy:physics:OB05:ThemeL3:4-2-10"
  },
  {
    "relationName": "themeL3ContainedInThemeL2",
    "label": "二级主题含三级主题及样例 / containedInThemeL2",
    "source": "urn:jy:physics:OB05:ThemeL3:4-2-10",
    "target": "urn:jy:physics:OB05:ThemeL2:15"
  },
  {
    "relationName": "themeL2ContainsThemeL3",
    "label": "二级主题含三级主题及样例 / containsThemeL3",
    "source": "urn:jy:physics:OB05:ThemeL2:15",
    "target": "urn:jy:physics:OB05:ThemeL3:4-2-11"
  },
  {
    "relationName": "themeL3ContainedInThemeL2",
    "label": "二级主题含三级主题及样例 / containedInThemeL2",
    "source": "urn:jy:physics:OB05:ThemeL3:4-2-11",
    "target": "urn:jy:physics:OB05:ThemeL2:15"
  },
  {
    "relationName": "themeL2ContainsThemeL3",
    "label": "二级主题含三级主题及样例 / containsThemeL3",
    "source": "urn:jy:physics:OB05:ThemeL2:15",
    "target": "urn:jy:physics:OB05:ThemeL3:4-2-12"
  },
  {
    "relationName": "themeL3ContainedInThemeL2",
    "label": "二级主题含三级主题及样例 / containedInThemeL2",
    "source": "urn:jy:physics:OB05:ThemeL3:4-2-12",
    "target": "urn:jy:physics:OB05:ThemeL2:15"
  },
  {
    "relationName": "themeL2ContainsThemeL3",
    "label": "二级主题含三级主题及样例 / containsThemeL3",
    "source": "urn:jy:physics:OB05:ThemeL2:16",
    "target": "urn:jy:physics:OB05:ThemeL3:5-1-1"
  },
  {
    "relationName": "themeL3ContainedInThemeL2",
    "label": "二级主题含三级主题及样例 / containedInThemeL2",
    "source": "urn:jy:physics:OB05:ThemeL3:5-1-1",
    "target": "urn:jy:physics:OB05:ThemeL2:16"
  },
  {
    "relationName": "themeL2ContainsThemeL3",
    "label": "二级主题含三级主题及样例 / containsThemeL3",
    "source": "urn:jy:physics:OB05:ThemeL2:16",
    "target": "urn:jy:physics:OB05:ThemeL3:5-1-2"
  },
  {
    "relationName": "themeL3ContainedInThemeL2",
    "label": "二级主题含三级主题及样例 / containedInThemeL2",
    "source": "urn:jy:physics:OB05:ThemeL3:5-1-2",
    "target": "urn:jy:physics:OB05:ThemeL2:16"
  },
  {
    "relationName": "themeL2ContainsThemeL3",
    "label": "二级主题含三级主题及样例 / containsThemeL3",
    "source": "urn:jy:physics:OB05:ThemeL2:16",
    "target": "urn:jy:physics:OB05:ThemeL3:5-1-3"
  },
  {
    "relationName": "themeL3ContainedInThemeL2",
    "label": "二级主题含三级主题及样例 / containedInThemeL2",
    "source": "urn:jy:physics:OB05:ThemeL3:5-1-3",
    "target": "urn:jy:physics:OB05:ThemeL2:16"
  },
  {
    "relationName": "themeL2ContainsThemeL3",
    "label": "二级主题含三级主题及样例 / containsThemeL3",
    "source": "urn:jy:physics:OB05:ThemeL2:17",
    "target": "urn:jy:physics:OB05:ThemeL3:5-2-1"
  },
  {
    "relationName": "themeL3ContainedInThemeL2",
    "label": "二级主题含三级主题及样例 / containedInThemeL2",
    "source": "urn:jy:physics:OB05:ThemeL3:5-2-1",
    "target": "urn:jy:physics:OB05:ThemeL2:17"
  },
  {
    "relationName": "themeL2ContainsThemeL3",
    "label": "二级主题含三级主题及样例 / containsThemeL3",
    "source": "urn:jy:physics:OB05:ThemeL2:17",
    "target": "urn:jy:physics:OB05:ThemeL3:5-2-2"
  },
  {
    "relationName": "themeL3ContainedInThemeL2",
    "label": "二级主题含三级主题及样例 / containedInThemeL2",
    "source": "urn:jy:physics:OB05:ThemeL3:5-2-2",
    "target": "urn:jy:physics:OB05:ThemeL2:17"
  },
  {
    "relationName": "themeL2ContainsThemeL3",
    "label": "二级主题含三级主题及样例 / containsThemeL3",
    "source": "urn:jy:physics:OB05:ThemeL2:17",
    "target": "urn:jy:physics:OB05:ThemeL3:5-2-3"
  },
  {
    "relationName": "themeL3ContainedInThemeL2",
    "label": "二级主题含三级主题及样例 / containedInThemeL2",
    "source": "urn:jy:physics:OB05:ThemeL3:5-2-3",
    "target": "urn:jy:physics:OB05:ThemeL2:17"
  },
  {
    "relationName": "themeL2ContainsThemeL3",
    "label": "二级主题含三级主题及样例 / containsThemeL3",
    "source": "urn:jy:physics:OB05:ThemeL2:18",
    "target": "urn:jy:physics:OB05:ThemeL3:5-3-1"
  },
  {
    "relationName": "themeL3ContainedInThemeL2",
    "label": "二级主题含三级主题及样例 / containedInThemeL2",
    "source": "urn:jy:physics:OB05:ThemeL3:5-3-1",
    "target": "urn:jy:physics:OB05:ThemeL2:18"
  },
  {
    "relationName": "themeL2ContainsThemeL3",
    "label": "二级主题含三级主题及样例 / containsThemeL3",
    "source": "urn:jy:physics:OB05:ThemeL2:18",
    "target": "urn:jy:physics:OB05:ThemeL3:5-3-2"
  },
  {
    "relationName": "themeL3ContainedInThemeL2",
    "label": "二级主题含三级主题及样例 / containedInThemeL2",
    "source": "urn:jy:physics:OB05:ThemeL3:5-3-2",
    "target": "urn:jy:physics:OB05:ThemeL2:18"
  },
  {
    "relationName": "themeL2ContainsThemeL3",
    "label": "二级主题含三级主题及样例 / containsThemeL3",
    "source": "urn:jy:physics:OB05:ThemeL2:18",
    "target": "urn:jy:physics:OB05:ThemeL3:5-3-3"
  },
  {
    "relationName": "themeL3ContainedInThemeL2",
    "label": "二级主题含三级主题及样例 / containedInThemeL2",
    "source": "urn:jy:physics:OB05:ThemeL3:5-3-3",
    "target": "urn:jy:physics:OB05:ThemeL2:18"
  }
]