[
  {
    "identifier": "urn:jy:dwfz:SB0309:Coreliteracy:CL01",
    "title": "政治认同",
    "description": "政治认同是指具备热爱伟大祖国、中华民族、中华文化、中国共产党、中国特色社会主义的情感，以及为中华民族伟大复兴而团结奋斗的志向，能够广泛践行社会主义核心价值观。政治认同主要表现为：（1）政治方向。明确中国共产党的核心领导地位，充分认识中国共产党领导是中国特色社会主义最本质的特征，是中国特色社会主义制度的最大优势。拥护中国共产党，坚持中国特色社会主义道路，了解习近平新时代中国特色社会主义思想实现了马克思主义中国化时代化新的飞跃，是中华文化和中国精神的时代精华。（2）价值取向。广泛践行社会主义核心价值观，弘扬以伟大建党精神为源头的中国共产党人精神谱系，坚定共产主义远大理想和中国特色社会主义共同理想，增进中华民族价值认同和文化自信。（3）家国情怀。对家庭有深厚的情感，热爱家乡，热爱伟大祖国，热爱中华民族，自觉铸牢中华民族共同体意识，有以实现中华民族伟大复兴为己任的使命感。培育学生的政治认同，有助于他们形成正确的世界观、人生观、价值观，坚定正确的政治方向，初步树立共产主义远大理想和中国特色社会主义共同理想，成为德智体美劳全面发展的社会主义建设者和接班人。",
    "subject": "SB0309",
    "type": "CoreLiteracy",
    "applicableLevel": [
      "OB02",
      "OB03"
    ],
    "contentJson": [
      {
        "stage": [
          1,
          2,
          3
        ],
        "performance": "爱祖国,爱人民,爱家乡,爱中国共产党,爱社会主义,在情感和政治上认同伟大祖国、中华民族、中华文化、中国共产党、中国特色社会主义,有强烈的中国人身份认同感。知道中国共产党是伟大光荣正确的党。在日常生活中践行和弘扬社会主义核心价值观。有以实现中华民族伟大复兴为己任的使命感。"
      },
      {
        "stage": [
          4
        ],
        "performance": "在政治、思想、理论、情感上认同伟大祖国、中华民族、中华文化、中国共产党、中国特色社会主义,主动践行和弘扬社会主义核心价值观,有强烈的民族自豪感,坚定理想信念,坚信马克思主义真理的力量,知道习近平新时代中国特色社会主义思想实现了马克思主义中国化时代化新的飞跃,是中华文化和中国精神的时代精华。初步树立共产主义远大理想和中国特色社会主义共同理想,有为实现中华民族伟大复兴中国梦而团结奋斗的志向。"
      }
    ]
  },
  {
    "identifier": "urn:jy:dwfz:SB0309:Coreliteracy:CL02",
    "title": "道德修养",
    "description": "道德修养是指养成良好的道德品质和行为习惯，把道德规范内化于心、外化于行。道德修养主要表现为：（1）个人品德。践行以爱国奉献、明礼遵规、勤劳善良、宽厚正直、自强自律为主要内容的道德要求，在日常生活中养成诚实守信、团结友爱、热爱劳动等个人美德和优良品行。（2）家庭美德。践行以尊老爱幼、男女平等、勤劳节俭、邻里互助为主要内容的道德要求，做家庭的好成员。(3) 社会公德。践行以文明礼貌、相互尊重、助人为乐、爱护公物、保护环境、遵纪守法为主要内容的道德要求，做社会的好公民。（4）职业道德。树立劳动不分贵贱的观念，理解以爱岗敬业、诚实守信、办事公道、热情服务、奉献社会为主要内容的职业道德，做未来的好建设者。培育学生的道德修养，有助于他们经历从感性体验到理性认知的过程，传承中华民族传统美德，弘扬民族精神和时代精神，维护国家利益和安全，增强民族气节，明大德、守公德、严私德，形成健全的道德认知和道德情感，发展良好的道德行为。",
    "subject": "SB0309",
    "type": "CoreLiteracy",
    "applicableLevel": [
      "OB02",
      "OB03"
    ],
    "contentJson": [
      {
        "stage": [
          1,
          2,
          3
        ],
        "performance": "努力形成良好的个人品德、家庭美德、社会公德,尊敬师长、团结友爱、勤劳节俭、礼貌待人、诚实守信、助人为乐、爱护公物、保护环境,知道劳动不分贵贱。在家庭做一个好成员,在学校做一个好学生。"
      },
      {
        "stage": [
          4
        ],
        "performance": "初步具备正确的道德判断和道德选择能力,自觉践行良好的个人品德、家庭美德和社会公德,理解“明大德、守公德、严私德”,做一个文明的社会成员。形成诚实劳动的意识,初步了解职业道德规范,有做未来好建设者的志向。"
      }
    ]
  },
  {
    "identifier": "urn:jy:dwfz:SB0309:Coreliteracy:CL03",
    "title": "法治观念",
    "description": "法治观念是指树立宪法法律至上、法律面前人人平等、权利义务相统一的理念，使尊法学法守法用法成为人们的共同追求和自觉行为。法治观念主要表现为：(1) 宪法法律至上。理解宪法在法律体系中具有最高的权威，任何个人和组织都必须遵守宪法和法律，尊崇宪法和法律。（2）法律面前人人平等。了解公民的合法权益一律平等地受到法律保护，对任何人的违法犯罪行为都依法予以追究，不允许任何人有超越法律的特权。（3）权利义务相统一。理解每个公民都享有宪法和法律赋予的权利，同时也必须履行宪法和法律规定的义务。（4）守法用法意识和行为。了解以民法典为代表的、与日常生活以及未成年人保护密切相关的法律法规，树立法治意识，养成守法用法的思维方式和行为习惯。（5）生命安全意识和自我保护能力。了解和识别可能危害自身安全的行为，具备自我保护意识，掌握基本的自我保护方法，预防和远离伤害。培育学生的法治观念，有助于他们形成法治信仰和维护公平正义的意识，弘扬社会主义法治精神，传承中华优秀传统法律文化，做社会主义法治的忠实崇尚者、自觉遵守者、坚定捍卫者。",
    "subject": "SB0309",
    "type": "CoreLiteracy",
    "applicableLevel": [
      "OB02",
      "OB03"
    ],
    "contentJson": [
      {
        "stage": [
          1,
          2,
          3
        ],
        "performance": "了解宪法常识,初步认识宪法的地位,具有初步的平等观念,知道法律面前人人平等,了解公民的基本权利和义务,了解生活中的法律规范,形成规则意识,知道法律能够保护自己的生活,养成遵纪守法的行为习惯,具备自我保护意识和初步的自我保护能力。"
      },
      {
        "stage": [
          4
        ],
        "performance": "了解习近平法治思想的基本精神与核心要义,了解法治是中国式现代化的重要保障。初步了解宪法主要内容,以及个人参与社会生活必备的基本法律常识,强化宪法法律至上、法律面前人人平等、权利与义务相统一和守法用法意识,初步树立公平正义、民主法治等观念,初步具备依法维护自身合法权益、参与社会生活的能力,具有生命安全意识和一定的自我保护能力。"
      }
    ]
  },
  {
    "identifier": "urn:jy:dwfz:SB0309:Coreliteracy:CL04",
    "title": "健全人格",
    "description": "健全人格是指具备正确的自我认知、积极的思想品质和健康的生活态度。健全人格主要表现为：（1）自尊自信。正确认识自己，珍爱生命，能够自我调节和管理情绪，具备乐观开朗、坚韧弘毅、自立自强的健康心理素质。(2) 理性平和。开放包容, 理性表达意见, 树立正确的合作与竞争观念, 能够换位思考, 学会处理与家庭、他人、集体和社会的关系。(3) 积极向上。有效学习, 能够主动适应社会环境, 确立符合国家需要和自身实际的健康生活目标, 热爱生活, 积极进取, 具有适应变化、不怕挫折、坚韧不拔的意志品质。（4）友爱互助。真诚、友善，拥有同理心，相互支持，相互帮助，具有互助精神。培育学生的健全人格，有助于他们正确认识自我、学会学习、学会生活、学会合作，养成积极的心理品质，提高适应社会、应对挫折的能力。",
    "subject": "SB0309",
    "type": "CoreLiteracy",
    "applicableLevel": [
      "OB02",
      "OB03"
    ],
    "contentJson": [
      {
        "stage": [
          1,
          2,
          3
        ],
        "performance": "能够正确认识自己,平等对待他人,乐观开朗,自尊自信,珍惜生命,能够觉知、调节自己的情绪。能够与父母、同伴、老师等进行良好的沟通与交往;能够理解和帮助他人。具有积极向上的心理素质和道德品质,能够勇于克服困难,主动适应生活环境的变化。具有一定的同理心,能友爱互助。"
      },
      {
        "stage": [
          4
        ],
        "performance": "具有自立自强、理性平和、坚韧乐观的人格,懂得生命的价值和意义,能够主动调节和管理自己的情绪。能够与他人进行有效沟通,树立正确的合作与竞争观念,真诚、友善,具有互助精神。能够主动适应社会环境的变化,具备应对挫折的积极心理品质。"
      }
    ]
  },
  {
    "identifier": "urn:jy:dwfz:SB0309:Coreliteracy:CL05",
    "title": "责任意识",
    "description": "责任意识是指具备承担责任的认知、态度和情感，并能转化为实际行动。责任意识主要表现为：(1) 主人翁意识。对自己负责, 关心集体, 关心社会, 关心国家, 维护祖国统一和国家安全, 具备国家利益高于一切的观念。(2) 担当精神。具有为人民服务的奉献精神，积极参与志愿者活动、社区服务活动，热爱自然，保护自然，践行绿色生活方式。(3) 有序参与。具有民主与法治意识，守规矩，重程序，能够依规依法参与公共事务，根据规则参与校园生活的民主实践。培育学生的责任意识，有助于他们提升对自己、家庭、集体、社会、国家和人类的责任感，增强担当精神和参与能力。",
    "subject": "SB0309",
    "type": "CoreLiteracy",
    "applicableLevel": [
      "OB02",
      "OB03"
    ],
    "contentJson": [
      {
        "stage": [
          1,
          2,
          3
        ],
        "performance": "关心他人和集体,积极参加集体活动,有集体荣誉感,学会对自己负责,主动承担相应的家庭和学校事务,树立主人翁意识。热爱自然,爱护学校、社区和公共环境。树立维护民族团结、祖国统一和国家安全的责任意识。"
      },
      {
        "stage": [
          4
        ],
        "performance": "关心公共事务,关心国家发展和前途命运,具备国家利益高于一切的观念。积极参与志愿者活动、社区服务活动,有社会责任感,勇于担当,有为人民服务的奉献精神。具有现代生态文明观,践行绿色生活方式,自觉保护环境。具备民主与法治意识,积极参与公共事务和民主实践。"
      }
    ]
  }
]