[
  {
    "identifier": "urn:jy:dwfz:SB0309:OB0201:Sectionprimary:01",
    "title": "第1课 开开心心上学去",
    "description": "",
    "subject": "SB0309",
    "type": "SectionPrimary",
    "applicableLevel": "OB0201",
    "contentJson": {
      "academicTerm": "小学",
      "grade": "一年级",
      "edition": "统编版",
      "volume": "上册",
      "year": "new",
      "chapter": "第一单元  我是小学生啦"
    }
  },
  {
    "identifier": "urn:jy:dwfz:SB0309:OB0201:Sectionprimary:02",
    "title": "第2课 我向国旗敬个礼",
    "description": "",
    "subject": "SB0309",
    "type": "SectionPrimary",
    "applicableLevel": "OB0201",
    "contentJson": {
      "academicTerm": "小学",
      "grade": "一年级",
      "edition": "统编版",
      "volume": "上册",
      "year": "new",
      "chapter": "第一单元  我是小学生啦"
    }
  },
  {
    "identifier": "urn:jy:dwfz:SB0309:OB0201:Sectionprimary:03",
    "title": "第3课 这是我们的校园",
    "description": "",
    "subject": "SB0309",
    "type": "SectionPrimary",
    "applicableLevel": "OB0201",
    "contentJson": {
      "academicTerm": "小学",
      "grade": "一年级",
      "edition": "统编版",
      "volume": "上册",
      "year": "new",
      "chapter": "第一单元  我是小学生啦"
    }
  },
  {
    "identifier": "urn:jy:dwfz:SB0309:OB0201:Sectionprimary:04",
    "title": "第4课 平平安安回家来",
    "description": "",
    "subject": "SB0309",
    "type": "SectionPrimary",
    "applicableLevel": "OB0201",
    "contentJson": {
      "academicTerm": "小学",
      "grade": "一年级",
      "edition": "统编版",
      "volume": "上册",
      "year": "new",
      "chapter": "第一单元  我是小学生啦"
    }
  },
  {
    "identifier": "urn:jy:dwfz:SB0309:OB0201:Sectionprimary:05",
    "title": "第5课 老师，您好！",
    "description": "",
    "subject": "SB0309",
    "type": "SectionPrimary",
    "applicableLevel": "OB0201",
    "contentJson": {
      "academicTerm": "小学",
      "grade": "一年级",
      "edition": "统编版",
      "volume": "上册",
      "year": "new",
      "chapter": "第二单元 过好校园生活"
    }
  },
  {
    "identifier": "urn:jy:dwfz:SB0309:OB0201:Sectionprimary:06",
    "title": "第6课 拉拉手，交朋友",
    "description": "",
    "subject": "SB0309",
    "type": "SectionPrimary",
    "applicableLevel": "OB0201",
    "contentJson": {
      "academicTerm": "小学",
      "grade": "一年级",
      "edition": "统编版",
      "volume": "上册",
      "year": "new",
      "chapter": "第二单元 过好校园生活"
    }
  },
  {
    "identifier": "urn:jy:dwfz:SB0309:OB0201:Sectionprimary:07",
    "title": "第7课 上课了，好好学",
    "description": "",
    "subject": "SB0309",
    "type": "SectionPrimary",
    "applicableLevel": "OB0201",
    "contentJson": {
      "academicTerm": "小学",
      "grade": "一年级",
      "edition": "统编版",
      "volume": "上册",
      "year": "new",
      "chapter": "第二单元 过好校园生活"
    }
  },
  {
    "identifier": "urn:jy:dwfz:SB0309:OB0201:Sectionprimary:08",
    "title": "第8课 课余生活真丰富",
    "description": "",
    "subject": "SB0309",
    "type": "SectionPrimary",
    "applicableLevel": "OB0201",
    "contentJson": {
      "academicTerm": "小学",
      "grade": "一年级",
      "edition": "统编版",
      "volume": "上册",
      "year": "new",
      "chapter": "第二单元 过好校园生活"
    }
  },
  {
    "identifier": "urn:jy:dwfz:SB0309:OB0201:Sectionprimary:09",
    "title": "第9课 作息有规律",
    "description": "",
    "subject": "SB0309",
    "type": "SectionPrimary",
    "applicableLevel": "OB0201",
    "contentJson": {
      "academicTerm": "小学",
      "grade": "一年级",
      "edition": "统编版",
      "volume": "上册",
      "year": "new",
      "chapter": "第三单元 养成良好习惯"
    }
  },
  {
    "identifier": "urn:jy:dwfz:SB0309:OB0201:Sectionprimary:10",
    "title": "第10课 吃饭有讲究",
    "description": "",
    "subject": "SB0309",
    "type": "SectionPrimary",
    "applicableLevel": "OB0201",
    "contentJson": {
      "academicTerm": "小学",
      "grade": "一年级",
      "edition": "统编版",
      "volume": "上册",
      "year": "new",
      "chapter": "第三单元 养成良好习惯"
    }
  },
  {
    "identifier": "urn:jy:dwfz:SB0309:OB0201:Sectionprimary:11",
    "title": "第11课 对人有礼貌",
    "description": "",
    "subject": "SB0309",
    "type": "SectionPrimary",
    "applicableLevel": "OB0201",
    "contentJson": {
      "academicTerm": "小学",
      "grade": "一年级",
      "edition": "统编版",
      "volume": "上册",
      "year": "new",
      "chapter": "第三单元 养成良好习惯"
    }
  },
  {
    "identifier": "urn:jy:dwfz:SB0309:OB0201:Sectionprimary:12",
    "title": "第12课 玩也有学问",
    "description": "",
    "subject": "SB0309",
    "type": "SectionPrimary",
    "applicableLevel": "OB0201",
    "contentJson": {
      "academicTerm": "小学",
      "grade": "一年级",
      "edition": "统编版",
      "volume": "上册",
      "year": "new",
      "chapter": "第三单元 养成良好习惯"
    }
  },
  {
    "identifier": "urn:jy:dwfz:SB0309:OB0201:Sectionprimary:13",
    "title": "第13课 我们小点儿声",
    "description": "",
    "subject": "SB0309",
    "type": "SectionPrimary",
    "applicableLevel": "OB0201",
    "contentJson": {
      "academicTerm": "小学",
      "grade": "一年级",
      "edition": "统编版",
      "volume": "上册",
      "year": "new",
      "chapter": "第四单元 我们讲文明"
    }
  },
  {
    "identifier": "urn:jy:dwfz:SB0309:OB0201:Sectionprimary:14",
    "title": "第14课 人人爱护公物",
    "description": "",
    "subject": "SB0309",
    "type": "SectionPrimary",
    "applicableLevel": "OB0201",
    "contentJson": {
      "academicTerm": "小学",
      "grade": "一年级",
      "edition": "统编版",
      "volume": "上册",
      "year": "new",
      "chapter": "第四单元 我们讲文明"
    }
  },
  {
    "identifier": "urn:jy:dwfz:SB0309:OB0201:Sectionprimary:15",
    "title": "第15课 我们不乱扔",
    "description": "",
    "subject": "SB0309",
    "type": "SectionPrimary",
    "applicableLevel": "OB0201",
    "contentJson": {
      "academicTerm": "小学",
      "grade": "一年级",
      "edition": "统编版",
      "volume": "上册",
      "year": "new",
      "chapter": "第四单元 我们讲文明"
    }
  },
  {
    "identifier": "urn:jy:dwfz:SB0309:OB0201:Sectionprimary:16",
    "title": "第16课 大家排好队",
    "description": "",
    "subject": "SB0309",
    "type": "SectionPrimary",
    "applicableLevel": "OB0201",
    "contentJson": {
      "academicTerm": "小学",
      "grade": "一年级",
      "edition": "统编版",
      "volume": "上册",
      "year": "new",
      "chapter": "第四单元 我们讲文明"
    }
  },
  {
    "identifier": "urn:jy:dwfz:SB0309:OB0201:Sectionprimary:17",
    "title": "第1课 有个新目标",
    "description": "",
    "subject": "SB0309",
    "type": "SectionPrimary",
    "applicableLevel": "OB0201",
    "contentJson": {
      "academicTerm": "小学",
      "grade": "一年级",
      "edition": "统编版",
      "volume": "下册",
      "year": "new",
      "chapter": "第一单元  我有新面貌"
    }
  },
  {
    "identifier": "urn:jy:dwfz:SB0309:OB0201:Sectionprimary:18",
    "title": "第2课 做事要仔细",
    "description": "",
    "subject": "SB0309",
    "type": "SectionPrimary",
    "applicableLevel": "OB0201",
    "contentJson": {
      "academicTerm": "小学",
      "grade": "一年级",
      "edition": "统编版",
      "volume": "下册",
      "year": "new",
      "chapter": "第一单元  我有新面貌"
    }
  },
  {
    "identifier": "urn:jy:dwfz:SB0309:OB0201:Sectionprimary:19",
    "title": "第3课 错了就要改",
    "description": "",
    "subject": "SB0309",
    "type": "SectionPrimary",
    "applicableLevel": "OB0201",
    "contentJson": {
      "academicTerm": "小学",
      "grade": "一年级",
      "edition": "统编版",
      "volume": "下册",
      "year": "new",
      "chapter": "第一单元  我有新面貌"
    }
  },
  {
    "identifier": "urn:jy:dwfz:SB0309:OB0201:Sectionprimary:20",
    "title": "第4课 我们有精神",
    "description": "",
    "subject": "SB0309",
    "type": "SectionPrimary",
    "applicableLevel": "OB0201",
    "contentJson": {
      "academicTerm": "小学",
      "grade": "一年级",
      "edition": "统编版",
      "volume": "下册",
      "year": "new",
      "chapter": "第一单元  我有新面貌"
    }
  },
  {
    "identifier": "urn:jy:dwfz:SB0309:OB0201:Sectionprimary:21",
    "title": "第5课 和大家在一起",
    "description": "",
    "subject": "SB0309",
    "type": "SectionPrimary",
    "applicableLevel": "OB0201",
    "contentJson": {
      "academicTerm": "小学",
      "grade": "一年级",
      "edition": "统编版",
      "volume": "下册",
      "year": "new",
      "chapter": "第二单元  我们一起长大"
    }
  },
  {
    "identifier": "urn:jy:dwfz:SB0309:OB0201:Sectionprimary:22",
    "title": "第6课 请帮我一下",
    "description": "",
    "subject": "SB0309",
    "type": "SectionPrimary",
    "applicableLevel": "OB0201",
    "contentJson": {
      "academicTerm": "小学",
      "grade": "一年级",
      "edition": "统编版",
      "volume": "下册",
      "year": "new",
      "chapter": "第二单元  我们一起长大"
    }
  },
  {
    "identifier": "urn:jy:dwfz:SB0309:OB0201:Sectionprimary:23",
    "title": "第7课 我们爱分享",
    "description": "",
    "subject": "SB0309",
    "type": "SectionPrimary",
    "applicableLevel": "OB0201",
    "contentJson": {
      "academicTerm": "小学",
      "grade": "一年级",
      "edition": "统编版",
      "volume": "下册",
      "year": "new",
      "chapter": "第二单元  我们一起长大"
    }
  },
  {
    "identifier": "urn:jy:dwfz:SB0309:OB0201:Sectionprimary:24",
    "title": "第8课 大家来合作",
    "description": "",
    "subject": "SB0309",
    "type": "SectionPrimary",
    "applicableLevel": "OB0201",
    "contentJson": {
      "academicTerm": "小学",
      "grade": "一年级",
      "edition": "统编版",
      "volume": "下册",
      "year": "new",
      "chapter": "第二单元  我们一起长大"
    }
  },
  {
    "identifier": "urn:jy:dwfz:SB0309:OB0201:Sectionprimary:25",
    "title": "第9课 这是我的家",
    "description": "",
    "subject": "SB0309",
    "type": "SectionPrimary",
    "applicableLevel": "OB0201",
    "contentJson": {
      "academicTerm": "小学",
      "grade": "一年级",
      "edition": "统编版",
      "volume": "下册",
      "year": "new",
      "chapter": "第三单元  幸福一家人"
    }
  },
  {
    "identifier": "urn:jy:dwfz:SB0309:OB0201:Sectionprimary:26",
    "title": "第10课 相亲相爱一家人",
    "description": "",
    "subject": "SB0309",
    "type": "SectionPrimary",
    "applicableLevel": "OB0201",
    "contentJson": {
      "academicTerm": "小学",
      "grade": "一年级",
      "edition": "统编版",
      "volume": "下册",
      "year": "new",
      "chapter": "第三单元  幸福一家人"
    }
  },
  {
    "identifier": "urn:jy:dwfz:SB0309:OB0201:Sectionprimary:27",
    "title": "第11课 让我自己来整理",
    "description": "",
    "subject": "SB0309",
    "type": "SectionPrimary",
    "applicableLevel": "OB0201",
    "contentJson": {
      "academicTerm": "小学",
      "grade": "一年级",
      "edition": "统编版",
      "volume": "下册",
      "year": "new",
      "chapter": "第三单元  幸福一家人"
    }
  },
  {
    "identifier": "urn:jy:dwfz:SB0309:OB0201:Sectionprimary:28",
    "title": "第12课 学做家务活",
    "description": "",
    "subject": "SB0309",
    "type": "SectionPrimary",
    "applicableLevel": "OB0201",
    "contentJson": {
      "academicTerm": "小学",
      "grade": "一年级",
      "edition": "统编版",
      "volume": "下册",
      "year": "new",
      "chapter": "第三单元  幸福一家人"
    }
  },
  {
    "identifier": "urn:jy:dwfz:SB0309:OB0201:Sectionprimary:29",
    "title": "第13课 快乐儿童节",
    "description": "",
    "subject": "SB0309",
    "type": "SectionPrimary",
    "applicableLevel": "OB0201",
    "contentJson": {
      "academicTerm": "小学",
      "grade": "一年级",
      "edition": "统编版",
      "volume": "下册",
      "year": "new",
      "chapter": "第四单元  争做中国好儿童"
    }
  },
  {
    "identifier": "urn:jy:dwfz:SB0309:OB0201:Sectionprimary:30",
    "title": "第14课 光荣的少先队",
    "description": "",
    "subject": "SB0309",
    "type": "SectionPrimary",
    "applicableLevel": "OB0201",
    "contentJson": {
      "academicTerm": "小学",
      "grade": "一年级",
      "edition": "统编版",
      "volume": "下册",
      "year": "new",
      "chapter": "第四单元  争做中国好儿童"
    }
  },
  {
    "identifier": "urn:jy:dwfz:SB0309:OB0201:Sectionprimary:31",
    "title": "第15课 戴上红领巾",
    "description": "",
    "subject": "SB0309",
    "type": "SectionPrimary",
    "applicableLevel": "OB0201",
    "contentJson": {
      "academicTerm": "小学",
      "grade": "一年级",
      "edition": "统编版",
      "volume": "下册",
      "year": "new",
      "chapter": "第四单元  争做中国好儿童"
    }
  },
  {
    "identifier": "urn:jy:dwfz:SB0309:OB0201:Sectionprimary:32",
    "title": "第16课 学先锋 做先锋",
    "description": "",
    "subject": "SB0309",
    "type": "SectionPrimary",
    "applicableLevel": "OB0201",
    "contentJson": {
      "academicTerm": "小学",
      "grade": "一年级",
      "edition": "统编版",
      "volume": "下册",
      "year": "new",
      "chapter": "第四单元  争做中国好儿童"
    }
  },
  {
    "identifier": "urn:jy:dwfz:SB0309:OB0202:Sectionprimary:33",
    "title": "第1课 假期有收获",
    "description": "",
    "subject": "SB0309",
    "type": "SectionPrimary",
    "applicableLevel": "OB0202",
    "contentJson": {
      "academicTerm": "小学",
      "grade": "二年级",
      "edition": "统编版",
      "volume": "上册",
      "year": "new",
      "chapter": "第一单元 过好节假日"
    }
  },
  {
    "identifier": "urn:jy:dwfz:SB0309:OB0202:Sectionprimary:34",
    "title": "第2课 教师节快乐",
    "description": "",
    "subject": "SB0309",
    "type": "SectionPrimary",
    "applicableLevel": "OB0202",
    "contentJson": {
      "academicTerm": "小学",
      "grade": "二年级",
      "edition": "统编版",
      "volume": "上册",
      "year": "new",
      "chapter": "第一单元 过好节假日"
    }
  },
  {
    "identifier": "urn:jy:dwfz:SB0309:OB0202:Sectionprimary:35",
    "title": "第3课 团团圆圆过中秋",
    "description": "",
    "subject": "SB0309",
    "type": "SectionPrimary",
    "applicableLevel": "OB0202",
    "contentJson": {
      "academicTerm": "小学",
      "grade": "二年级",
      "edition": "统编版",
      "volume": "上册",
      "year": "new",
      "chapter": "第一单元 过好节假日"
    }
  },
  {
    "identifier": "urn:jy:dwfz:SB0309:OB0202:Sectionprimary:36",
    "title": "第4课 欢欢喜喜庆国庆",
    "description": "",
    "subject": "SB0309",
    "type": "SectionPrimary",
    "applicableLevel": "OB0202",
    "contentJson": {
      "academicTerm": "小学",
      "grade": "二年级",
      "edition": "统编版",
      "volume": "上册",
      "year": "new",
      "chapter": "第一单元 过好节假日"
    }
  },
  {
    "identifier": "urn:jy:dwfz:SB0309:OB0202:Sectionprimary:37",
    "title": "第5课 这是我们班",
    "description": "",
    "subject": "SB0309",
    "type": "SectionPrimary",
    "applicableLevel": "OB0202",
    "contentJson": {
      "academicTerm": "小学",
      "grade": "二年级",
      "edition": "统编版",
      "volume": "上册",
      "year": "new",
      "chapter": "第二单元 我爱我们班"
    }
  },
  {
    "identifier": "urn:jy:dwfz:SB0309:OB0202:Sectionprimary:38",
    "title": "第6课 班级生活有规则",
    "description": "",
    "subject": "SB0309",
    "type": "SectionPrimary",
    "applicableLevel": "OB0202",
    "contentJson": {
      "academicTerm": "小学",
      "grade": "二年级",
      "edition": "统编版",
      "volume": "上册",
      "year": "new",
      "chapter": "第二单元 我爱我们班"
    }
  },
  {
    "identifier": "urn:jy:dwfz:SB0309:OB0202:Sectionprimary:39",
    "title": "第7课 我是班级值日生",
    "description": "",
    "subject": "SB0309",
    "type": "SectionPrimary",
    "applicableLevel": "OB0202",
    "contentJson": {
      "academicTerm": "小学",
      "grade": "二年级",
      "edition": "统编版",
      "volume": "上册",
      "year": "new",
      "chapter": "第二单元 我爱我们班"
    }
  },
  {
    "identifier": "urn:jy:dwfz:SB0309:OB0202:Sectionprimary:40",
    "title": "第8课 我为班级作贡献",
    "description": "",
    "subject": "SB0309",
    "type": "SectionPrimary",
    "applicableLevel": "OB0202",
    "contentJson": {
      "academicTerm": "小学",
      "grade": "二年级",
      "edition": "统编版",
      "volume": "上册",
      "year": "new",
      "chapter": "第二单元 我爱我们班"
    }
  },
  {
    "identifier": "urn:jy:dwfz:SB0309:OB0202:Sectionprimary:41",
    "title": "第9课 我爱家乡山和水",
    "description": "",
    "subject": "SB0309",
    "type": "SectionPrimary",
    "applicableLevel": "OB0202",
    "contentJson": {
      "academicTerm": "小学",
      "grade": "二年级",
      "edition": "统编版",
      "volume": "上册",
      "year": "new",
      "chapter": "第三单元 我的家乡美"
    }
  },
  {
    "identifier": "urn:jy:dwfz:SB0309:OB0202:Sectionprimary:42",
    "title": "第10课 家乡物产养育我",
    "description": "",
    "subject": "SB0309",
    "type": "SectionPrimary",
    "applicableLevel": "OB0202",
    "contentJson": {
      "academicTerm": "小学",
      "grade": "二年级",
      "edition": "统编版",
      "volume": "上册",
      "year": "new",
      "chapter": "第三单元 我的家乡美"
    }
  },
  {
    "identifier": "urn:jy:dwfz:SB0309:OB0202:Sectionprimary:43",
    "title": "第11课 可亲可敬的家乡人",
    "description": "",
    "subject": "SB0309",
    "type": "SectionPrimary",
    "applicableLevel": "OB0202",
    "contentJson": {
      "academicTerm": "小学",
      "grade": "二年级",
      "edition": "统编版",
      "volume": "上册",
      "year": "new",
      "chapter": "第三单元 我的家乡美"
    }
  },
  {
    "identifier": "urn:jy:dwfz:SB0309:OB0202:Sectionprimary:44",
    "title": "第12课 家乡新变化",
    "description": "",
    "subject": "SB0309",
    "type": "SectionPrimary",
    "applicableLevel": "OB0202",
    "contentJson": {
      "academicTerm": "小学",
      "grade": "二年级",
      "edition": "统编版",
      "volume": "上册",
      "year": "new",
      "chapter": "第三单元 我的家乡美"
    }
  },
  {
    "identifier": "urn:jy:dwfz:SB0309:OB0202:Sectionprimary:45",
    "title": "第13课 美丽中国我们的家",
    "description": "",
    "subject": "SB0309",
    "type": "SectionPrimary",
    "applicableLevel": "OB0202",
    "contentJson": {
      "academicTerm": "小学",
      "grade": "二年级",
      "edition": "统编版",
      "volume": "上册",
      "year": "new",
      "chapter": "第四单元 我爱我们的祖国"
    }
  },
  {
    "identifier": "urn:jy:dwfz:SB0309:OB0202:Sectionprimary:46",
    "title": "第14课 我们都是中国人",
    "description": "",
    "subject": "SB0309",
    "type": "SectionPrimary",
    "applicableLevel": "OB0202",
    "contentJson": {
      "academicTerm": "小学",
      "grade": "二年级",
      "edition": "统编版",
      "volume": "上册",
      "year": "new",
      "chapter": "第四单元 我爱我们的祖国"
    }
  },
  {
    "identifier": "urn:jy:dwfz:SB0309:OB0202:Sectionprimary:47",
    "title": "第15课 红红火火中国年",
    "description": "",
    "subject": "SB0309",
    "type": "SectionPrimary",
    "applicableLevel": "OB0202",
    "contentJson": {
      "academicTerm": "小学",
      "grade": "二年级",
      "edition": "统编版",
      "volume": "上册",
      "year": "new",
      "chapter": "第四单元 我爱我们的祖国"
    }
  },
  {
    "identifier": "urn:jy:dwfz:SB0309:OB0202:Sectionprimary:48",
    "title": "第16课 祖国，我为您自豪",
    "description": "",
    "subject": "SB0309",
    "type": "SectionPrimary",
    "applicableLevel": "OB0202",
    "contentJson": {
      "academicTerm": "小学",
      "grade": "二年级",
      "edition": "统编版",
      "volume": "上册",
      "year": "new",
      "chapter": "第四单元 我爱我们的祖国"
    }
  },
  {
    "identifier": "urn:jy:dwfz:SB0309:OB0202:Sectionprimary:49",
    "title": "1 挑战第一次",
    "description": "",
    "subject": "SB0309",
    "type": "SectionPrimary",
    "applicableLevel": "OB0202",
    "contentJson": {
      "academicTerm": "小学",
      "grade": "二年级",
      "edition": "统编版",
      "volume": "下册",
      "year": "old",
      "chapter": "第一单元 让我试试看"
    }
  },
  {
    "identifier": "urn:jy:dwfz:SB0309:OB0202:Sectionprimary:50",
    "title": "2 学做“快乐鸟”",
    "description": "",
    "subject": "SB0309",
    "type": "SectionPrimary",
    "applicableLevel": "OB0202",
    "contentJson": {
      "academicTerm": "小学",
      "grade": "二年级",
      "edition": "统编版",
      "volume": "下册",
      "year": "old",
      "chapter": "第一单元 让我试试看"
    }
  },
  {
    "identifier": "urn:jy:dwfz:SB0309:OB0202:Sectionprimary:51",
    "title": "3 做个“开心果”",
    "description": "",
    "subject": "SB0309",
    "type": "SectionPrimary",
    "applicableLevel": "OB0202",
    "contentJson": {
      "academicTerm": "小学",
      "grade": "二年级",
      "edition": "统编版",
      "volume": "下册",
      "year": "old",
      "chapter": "第一单元 让我试试看"
    }
  },
  {
    "identifier": "urn:jy:dwfz:SB0309:OB0202:Sectionprimary:52",
    "title": "4 试种一粒籽",
    "description": "",
    "subject": "SB0309",
    "type": "SectionPrimary",
    "applicableLevel": "OB0202",
    "contentJson": {
      "academicTerm": "小学",
      "grade": "二年级",
      "edition": "统编版",
      "volume": "下册",
      "year": "old",
      "chapter": "第一单元 让我试试看"
    }
  },
  {
    "identifier": "urn:jy:dwfz:SB0309:OB0202:Sectionprimary:53",
    "title": "5 健康游戏我常玩",
    "description": "",
    "subject": "SB0309",
    "type": "SectionPrimary",
    "applicableLevel": "OB0202",
    "contentJson": {
      "academicTerm": "小学",
      "grade": "二年级",
      "edition": "统编版",
      "volume": "下册",
      "year": "old",
      "chapter": "第二单元 我们好好玩"
    }
  },
  {
    "identifier": "urn:jy:dwfz:SB0309:OB0202:Sectionprimary:54",
    "title": "6 传统游戏我会玩",
    "description": "",
    "subject": "SB0309",
    "type": "SectionPrimary",
    "applicableLevel": "OB0202",
    "contentJson": {
      "academicTerm": "小学",
      "grade": "二年级",
      "edition": "统编版",
      "volume": "下册",
      "year": "old",
      "chapter": "第二单元 我们好好玩"
    }
  },
  {
    "identifier": "urn:jy:dwfz:SB0309:OB0202:Sectionprimary:55",
    "title": "7 我们有新玩法",
    "description": "",
    "subject": "SB0309",
    "type": "SectionPrimary",
    "applicableLevel": "OB0202",
    "contentJson": {
      "academicTerm": "小学",
      "grade": "二年级",
      "edition": "统编版",
      "volume": "下册",
      "year": "old",
      "chapter": "第二单元 我们好好玩"
    }
  },
  {
    "identifier": "urn:jy:dwfz:SB0309:OB0202:Sectionprimary:56",
    "title": "8 安全地玩",
    "description": "",
    "subject": "SB0309",
    "type": "SectionPrimary",
    "applicableLevel": "OB0202",
    "contentJson": {
      "academicTerm": "小学",
      "grade": "二年级",
      "edition": "统编版",
      "volume": "下册",
      "year": "old",
      "chapter": "第二单元 我们好好玩"
    }
  },
  {
    "identifier": "urn:jy:dwfz:SB0309:OB0202:Sectionprimary:57",
    "title": "9 小水滴的诉说",
    "description": "",
    "subject": "SB0309",
    "type": "SectionPrimary",
    "applicableLevel": "OB0202",
    "contentJson": {
      "academicTerm": "小学",
      "grade": "二年级",
      "edition": "统编版",
      "volume": "下册",
      "year": "old",
      "chapter": "第三单元 绿色小卫士"
    }
  },
  {
    "identifier": "urn:jy:dwfz:SB0309:OB0202:Sectionprimary:58",
    "title": "10 清新空气是个宝",
    "description": "",
    "subject": "SB0309",
    "type": "SectionPrimary",
    "applicableLevel": "OB0202",
    "contentJson": {
      "academicTerm": "小学",
      "grade": "二年级",
      "edition": "统编版",
      "volume": "下册",
      "year": "old",
      "chapter": "第三单元 绿色小卫士"
    }
  },
  {
    "identifier": "urn:jy:dwfz:SB0309:OB0202:Sectionprimary:59",
    "title": "11 我是一张纸",
    "description": "",
    "subject": "SB0309",
    "type": "SectionPrimary",
    "applicableLevel": "OB0202",
    "contentJson": {
      "academicTerm": "小学",
      "grade": "二年级",
      "edition": "统编版",
      "volume": "下册",
      "year": "old",
      "chapter": "第三单元 绿色小卫士"
    }
  },
  {
    "identifier": "urn:jy:dwfz:SB0309:OB0202:Sectionprimary:60",
    "title": "12 我的环保小搭档",
    "description": "",
    "subject": "SB0309",
    "type": "SectionPrimary",
    "applicableLevel": "OB0202",
    "contentJson": {
      "academicTerm": "小学",
      "grade": "二年级",
      "edition": "统编版",
      "volume": "下册",
      "year": "old",
      "chapter": "第三单元 绿色小卫士"
    }
  },
  {
    "identifier": "urn:jy:dwfz:SB0309:OB0202:Sectionprimary:61",
    "title": "13 我能行",
    "description": "",
    "subject": "SB0309",
    "type": "SectionPrimary",
    "applicableLevel": "OB0202",
    "contentJson": {
      "academicTerm": "小学",
      "grade": "二年级",
      "edition": "统编版",
      "volume": "下册",
      "year": "old",
      "chapter": "第四单元 我会努力的"
    }
  },
  {
    "identifier": "urn:jy:dwfz:SB0309:OB0202:Sectionprimary:62",
    "title": "14 学习有方法",
    "description": "",
    "subject": "SB0309",
    "type": "SectionPrimary",
    "applicableLevel": "OB0202",
    "contentJson": {
      "academicTerm": "小学",
      "grade": "二年级",
      "edition": "统编版",
      "volume": "下册",
      "year": "old",
      "chapter": "第四单元 我会努力的"
    }
  },
  {
    "identifier": "urn:jy:dwfz:SB0309:OB0202:Sectionprimary:63",
    "title": "15 坚持才会有收获",
    "description": "",
    "subject": "SB0309",
    "type": "SectionPrimary",
    "applicableLevel": "OB0202",
    "contentJson": {
      "academicTerm": "小学",
      "grade": "二年级",
      "edition": "统编版",
      "volume": "下册",
      "year": "old",
      "chapter": "第四单元 我会努力的"
    }
  },
  {
    "identifier": "urn:jy:dwfz:SB0309:OB0202:Sectionprimary:64",
    "title": "16 奖励一下自己",
    "description": "",
    "subject": "SB0309",
    "type": "SectionPrimary",
    "applicableLevel": "OB0202",
    "contentJson": {
      "academicTerm": "小学",
      "grade": "二年级",
      "edition": "统编版",
      "volume": "下册",
      "year": "old",
      "chapter": "第四单元 我会努力的"
    }
  },
  {
    "identifier": "urn:jy:dwfz:SB0309:OB0203:Sectionprimary:65",
    "title": "第1课 学习伴我成长",
    "description": "",
    "subject": "SB0309",
    "type": "SectionPrimary",
    "applicableLevel": "OB0203",
    "contentJson": {
      "academicTerm": "小学",
      "grade": "三年级",
      "edition": "统编版",
      "volume": "上册",
      "year": "new",
      "chapter": "第一单元 做学习的主人"
    }
  },
  {
    "identifier": "urn:jy:dwfz:SB0309:OB0203:Sectionprimary:66",
    "title": "第2课 我学习，我快乐",
    "description": "",
    "subject": "SB0309",
    "type": "SectionPrimary",
    "applicableLevel": "OB0203",
    "contentJson": {
      "academicTerm": "小学",
      "grade": "三年级",
      "edition": "统编版",
      "volume": "上册",
      "year": "new",
      "chapter": "第一单元 做学习的主人"
    }
  },
  {
    "identifier": "urn:jy:dwfz:SB0309:OB0203:Sectionprimary:67",
    "title": "第3课 学习有方法",
    "description": "",
    "subject": "SB0309",
    "type": "SectionPrimary",
    "applicableLevel": "OB0203",
    "contentJson": {
      "academicTerm": "小学",
      "grade": "三年级",
      "edition": "统编版",
      "volume": "上册",
      "year": "new",
      "chapter": "第一单元 做学习的主人"
    }
  },
  {
    "identifier": "urn:jy:dwfz:SB0309:OB0203:Sectionprimary:68",
    "title": "第4课 科技力量大",
    "description": "",
    "subject": "SB0309",
    "type": "SectionPrimary",
    "applicableLevel": "OB0203",
    "contentJson": {
      "academicTerm": "小学",
      "grade": "三年级",
      "edition": "统编版",
      "volume": "上册",
      "year": "new",
      "chapter": "第二单元 爱科学 学科学"
    }
  },
  {
    "identifier": "urn:jy:dwfz:SB0309:OB0203:Sectionprimary:69",
    "title": "第5课 走近科学家",
    "description": "",
    "subject": "SB0309",
    "type": "SectionPrimary",
    "applicableLevel": "OB0203",
    "contentJson": {
      "academicTerm": "小学",
      "grade": "三年级",
      "edition": "统编版",
      "volume": "上册",
      "year": "new",
      "chapter": "第二单元 爱科学 学科学"
    }
  },
  {
    "identifier": "urn:jy:dwfz:SB0309:OB0203:Sectionprimary:70",
    "title": "第6课 从小爱科学",
    "description": "",
    "subject": "SB0309",
    "type": "SectionPrimary",
    "applicableLevel": "OB0203",
    "contentJson": {
      "academicTerm": "小学",
      "grade": "三年级",
      "edition": "统编版",
      "volume": "上册",
      "year": "new",
      "chapter": "第二单元 爱科学 学科学"
    }
  },
  {
    "identifier": "urn:jy:dwfz:SB0309:OB0203:Sectionprimary:71",
    "title": "第7课 走近我们的老师",
    "description": "",
    "subject": "SB0309",
    "type": "SectionPrimary",
    "applicableLevel": "OB0203",
    "contentJson": {
      "academicTerm": "小学",
      "grade": "三年级",
      "edition": "统编版",
      "volume": "上册",
      "year": "new",
      "chapter": "第三单元 在集体中成长"
    }
  },
  {
    "identifier": "urn:jy:dwfz:SB0309:OB0203:Sectionprimary:72",
    "title": "第8课 同学相伴",
    "description": "",
    "subject": "SB0309",
    "type": "SectionPrimary",
    "applicableLevel": "OB0203",
    "contentJson": {
      "academicTerm": "小学",
      "grade": "三年级",
      "edition": "统编版",
      "volume": "上册",
      "year": "new",
      "chapter": "第三单元 在集体中成长"
    }
  },
  {
    "identifier": "urn:jy:dwfz:SB0309:OB0203:Sectionprimary:73",
    "title": "第9课 让我们的学校更美好",
    "description": "",
    "subject": "SB0309",
    "type": "SectionPrimary",
    "applicableLevel": "OB0203",
    "contentJson": {
      "academicTerm": "小学",
      "grade": "三年级",
      "edition": "统编版",
      "volume": "上册",
      "year": "new",
      "chapter": "第三单元 在集体中成长"
    }
  },
  {
    "identifier": "urn:jy:dwfz:SB0309:OB0203:Sectionprimary:74",
    "title": "第10课 公共场所的文明素养",
    "description": "",
    "subject": "SB0309",
    "type": "SectionPrimary",
    "applicableLevel": "OB0203",
    "contentJson": {
      "academicTerm": "小学",
      "grade": "三年级",
      "edition": "统编版",
      "volume": "上册",
      "year": "new",
      "chapter": "第四单元 公共生活靠大家"
    }
  },
  {
    "identifier": "urn:jy:dwfz:SB0309:OB0203:Sectionprimary:75",
    "title": "第11课 我们都是热心人",
    "description": "",
    "subject": "SB0309",
    "type": "SectionPrimary",
    "applicableLevel": "OB0203",
    "contentJson": {
      "academicTerm": "小学",
      "grade": "三年级",
      "edition": "统编版",
      "volume": "上册",
      "year": "new",
      "chapter": "第四单元 公共生活靠大家"
    }
  },
  {
    "identifier": "urn:jy:dwfz:SB0309:OB0203:Sectionprimary:76",
    "title": "第12课 生活离不开规则",
    "description": "",
    "subject": "SB0309",
    "type": "SectionPrimary",
    "applicableLevel": "OB0203",
    "contentJson": {
      "academicTerm": "小学",
      "grade": "三年级",
      "edition": "统编版",
      "volume": "上册",
      "year": "new",
      "chapter": "第四单元 公共生活靠大家"
    }
  },
  {
    "identifier": "urn:jy:dwfz:SB0309:OB0203:Sectionprimary:77",
    "title": "第13课 安全记心上",
    "description": "",
    "subject": "SB0309",
    "type": "SectionPrimary",
    "applicableLevel": "OB0203",
    "contentJson": {
      "academicTerm": "小学",
      "grade": "三年级",
      "edition": "统编版",
      "volume": "上册",
      "year": "new",
      "chapter": "第四单元 公共生活靠大家"
    }
  },
  {
    "identifier": "urn:jy:dwfz:SB0309:OB0203:Sectionprimary:78",
    "title": "1.我是独特的",
    "description": "",
    "subject": "SB0309",
    "type": "SectionPrimary",
    "applicableLevel": "OB0203",
    "contentJson": {
      "academicTerm": "小学",
      "grade": "三年级",
      "edition": "统编版",
      "volume": "下册",
      "year": "old",
      "chapter": "第一单元 我和我的同伴"
    }
  },
  {
    "identifier": "urn:jy:dwfz:SB0309:OB0203:Sectionprimary:79",
    "title": "2.不一样的你我他",
    "description": "",
    "subject": "SB0309",
    "type": "SectionPrimary",
    "applicableLevel": "OB0203",
    "contentJson": {
      "academicTerm": "小学",
      "grade": "三年级",
      "edition": "统编版",
      "volume": "下册",
      "year": "old",
      "chapter": "第一单元 我和我的同伴"
    }
  },
  {
    "identifier": "urn:jy:dwfz:SB0309:OB0203:Sectionprimary:80",
    "title": "3.我很诚实",
    "description": "",
    "subject": "SB0309",
    "type": "SectionPrimary",
    "applicableLevel": "OB0203",
    "contentJson": {
      "academicTerm": "小学",
      "grade": "三年级",
      "edition": "统编版",
      "volume": "下册",
      "year": "old",
      "chapter": "第一单元 我和我的同伴"
    }
  },
  {
    "identifier": "urn:jy:dwfz:SB0309:OB0203:Sectionprimary:81",
    "title": "4.同学相伴",
    "description": "",
    "subject": "SB0309",
    "type": "SectionPrimary",
    "applicableLevel": "OB0203",
    "contentJson": {
      "academicTerm": "小学",
      "grade": "三年级",
      "edition": "统编版",
      "volume": "下册",
      "year": "old",
      "chapter": "第一单元 我和我的同伴"
    }
  },
  {
    "identifier": "urn:jy:dwfz:SB0309:OB0203:Sectionprimary:82",
    "title": "5.我的家在这里",
    "description": "",
    "subject": "SB0309",
    "type": "SectionPrimary",
    "applicableLevel": "OB0203",
    "contentJson": {
      "academicTerm": "小学",
      "grade": "三年级",
      "edition": "统编版",
      "volume": "下册",
      "year": "old",
      "chapter": "第二单元 我在这里长大"
    }
  },
  {
    "identifier": "urn:jy:dwfz:SB0309:OB0203:Sectionprimary:83",
    "title": "6.我家的好邻居",
    "description": "",
    "subject": "SB0309",
    "type": "SectionPrimary",
    "applicableLevel": "OB0203",
    "contentJson": {
      "academicTerm": "小学",
      "grade": "三年级",
      "edition": "统编版",
      "volume": "下册",
      "year": "old",
      "chapter": "第二单元 我在这里长大"
    }
  },
  {
    "identifier": "urn:jy:dwfz:SB0309:OB0203:Sectionprimary:84",
    "title": "7.请到我的家乡来",
    "description": "",
    "subject": "SB0309",
    "type": "SectionPrimary",
    "applicableLevel": "OB0203",
    "contentJson": {
      "academicTerm": "小学",
      "grade": "三年级",
      "edition": "统编版",
      "volume": "下册",
      "year": "old",
      "chapter": "第二单元 我在这里长大"
    }
  },
  {
    "identifier": "urn:jy:dwfz:SB0309:OB0203:Sectionprimary:85",
    "title": "8.大家的“朋友”",
    "description": "",
    "subject": "SB0309",
    "type": "SectionPrimary",
    "applicableLevel": "OB0203",
    "contentJson": {
      "academicTerm": "小学",
      "grade": "三年级",
      "edition": "统编版",
      "volume": "下册",
      "year": "old",
      "chapter": "第三单元 我们的公共生活"
    }
  },
  {
    "identifier": "urn:jy:dwfz:SB0309:OB0203:Sectionprimary:86",
    "title": "9.生活离不开规则",
    "description": "",
    "subject": "SB0309",
    "type": "SectionPrimary",
    "applicableLevel": "OB0203",
    "contentJson": {
      "academicTerm": "小学",
      "grade": "三年级",
      "edition": "统编版",
      "volume": "下册",
      "year": "old",
      "chapter": "第三单元 我们的公共生活"
    }
  },
  {
    "identifier": "urn:jy:dwfz:SB0309:OB0203:Sectionprimary:87",
    "title": "10.爱心的传递者",
    "description": "",
    "subject": "SB0309",
    "type": "SectionPrimary",
    "applicableLevel": "OB0203",
    "contentJson": {
      "academicTerm": "小学",
      "grade": "三年级",
      "edition": "统编版",
      "volume": "下册",
      "year": "old",
      "chapter": "第三单元 我们的公共生活"
    }
  },
  {
    "identifier": "urn:jy:dwfz:SB0309:OB0203:Sectionprimary:88",
    "title": "11.四通八达的交通",
    "description": "",
    "subject": "SB0309",
    "type": "SectionPrimary",
    "applicableLevel": "OB0203",
    "contentJson": {
      "academicTerm": "小学",
      "grade": "三年级",
      "edition": "统编版",
      "volume": "下册",
      "year": "old",
      "chapter": "第四单元 多样的交通和通信"
    }
  },
  {
    "identifier": "urn:jy:dwfz:SB0309:OB0203:Sectionprimary:89",
    "title": "12.慧眼看交通",
    "description": "",
    "subject": "SB0309",
    "type": "SectionPrimary",
    "applicableLevel": "OB0203",
    "contentJson": {
      "academicTerm": "小学",
      "grade": "三年级",
      "edition": "统编版",
      "volume": "下册",
      "year": "old",
      "chapter": "第四单元 多样的交通和通信"
    }
  },
  {
    "identifier": "urn:jy:dwfz:SB0309:OB0203:Sectionprimary:90",
    "title": "13.万里一线牵",
    "description": "",
    "subject": "SB0309",
    "type": "SectionPrimary",
    "applicableLevel": "OB0203",
    "contentJson": {
      "academicTerm": "小学",
      "grade": "三年级",
      "edition": "统编版",
      "volume": "下册",
      "year": "old",
      "chapter": "第四单元 多样的交通和通信"
    }
  },
  {
    "identifier": "urn:jy:dwfz:SB0309:OB0204:Sectionprimary:91",
    "title": "1 我们班四岁了",
    "description": "",
    "subject": "SB0309",
    "type": "SectionPrimary",
    "applicableLevel": "OB0204",
    "contentJson": {
      "academicTerm": "小学",
      "grade": "四年级",
      "edition": "统编版",
      "volume": "上册",
      "year": "old",
      "chapter": "第一单元 与班级共成长"
    }
  },
  {
    "identifier": "urn:jy:dwfz:SB0309:OB0204:Sectionprimary:92",
    "title": "2 我们的班规我们订",
    "description": "",
    "subject": "SB0309",
    "type": "SectionPrimary",
    "applicableLevel": "OB0204",
    "contentJson": {
      "academicTerm": "小学",
      "grade": "四年级",
      "edition": "统编版",
      "volume": "上册",
      "year": "old",
      "chapter": "第一单元 与班级共成长"
    }
  },
  {
    "identifier": "urn:jy:dwfz:SB0309:OB0204:Sectionprimary:93",
    "title": "3 我们班 他们班",
    "description": "",
    "subject": "SB0309",
    "type": "SectionPrimary",
    "applicableLevel": "OB0204",
    "contentJson": {
      "academicTerm": "小学",
      "grade": "四年级",
      "edition": "统编版",
      "volume": "上册",
      "year": "old",
      "chapter": "第一单元 与班级共成长"
    }
  },
  {
    "identifier": "urn:jy:dwfz:SB0309:OB0204:Sectionprimary:94",
    "title": "4 少让父母为我操心",
    "description": "",
    "subject": "SB0309",
    "type": "SectionPrimary",
    "applicableLevel": "OB0204",
    "contentJson": {
      "academicTerm": "小学",
      "grade": "四年级",
      "edition": "统编版",
      "volume": "上册",
      "year": "old",
      "chapter": "第二单元 为父母分担"
    }
  },
  {
    "identifier": "urn:jy:dwfz:SB0309:OB0204:Sectionprimary:95",
    "title": "5 这些事我来做",
    "description": "",
    "subject": "SB0309",
    "type": "SectionPrimary",
    "applicableLevel": "OB0204",
    "contentJson": {
      "academicTerm": "小学",
      "grade": "四年级",
      "edition": "统编版",
      "volume": "上册",
      "year": "old",
      "chapter": "第二单元 为父母分担"
    }
  },
  {
    "identifier": "urn:jy:dwfz:SB0309:OB0204:Sectionprimary:96",
    "title": "6 我的家庭贡献与责任",
    "description": "",
    "subject": "SB0309",
    "type": "SectionPrimary",
    "applicableLevel": "OB0204",
    "contentJson": {
      "academicTerm": "小学",
      "grade": "四年级",
      "edition": "统编版",
      "volume": "上册",
      "year": "old",
      "chapter": "第二单元 为父母分担"
    }
  },
  {
    "identifier": "urn:jy:dwfz:SB0309:OB0204:Sectionprimary:97",
    "title": "7 健康看电视",
    "description": "",
    "subject": "SB0309",
    "type": "SectionPrimary",
    "applicableLevel": "OB0204",
    "contentJson": {
      "academicTerm": "小学",
      "grade": "四年级",
      "edition": "统编版",
      "volume": "上册",
      "year": "old",
      "chapter": "第三单元 信息万花筒"
    }
  },
  {
    "identifier": "urn:jy:dwfz:SB0309:OB0204:Sectionprimary:98",
    "title": "8 网络新世界",
    "description": "",
    "subject": "SB0309",
    "type": "SectionPrimary",
    "applicableLevel": "OB0204",
    "contentJson": {
      "academicTerm": "小学",
      "grade": "四年级",
      "edition": "统编版",
      "volume": "上册",
      "year": "old",
      "chapter": "第三单元 信息万花筒"
    }
  },
  {
    "identifier": "urn:jy:dwfz:SB0309:OB0204:Sectionprimary:99",
    "title": "9 正确认识广告",
    "description": "",
    "subject": "SB0309",
    "type": "SectionPrimary",
    "applicableLevel": "OB0204",
    "contentJson": {
      "academicTerm": "小学",
      "grade": "四年级",
      "edition": "统编版",
      "volume": "上册",
      "year": "old",
      "chapter": "第三单元 信息万花筒"
    }
  },
  {
    "identifier": "urn:jy:dwfz:SB0309:OB0204:Sectionprimary:100",
    "title": "10 我们所了解的环境污染",
    "description": "",
    "subject": "SB0309",
    "type": "SectionPrimary",
    "applicableLevel": "OB0204",
    "contentJson": {
      "academicTerm": "小学",
      "grade": "四年级",
      "edition": "统编版",
      "volume": "上册",
      "year": "old",
      "chapter": "第四单元 让生活多一些绿色"
    }
  },
  {
    "identifier": "urn:jy:dwfz:SB0309:OB0204:Sectionprimary:101",
    "title": "11 变废为宝有妙招",
    "description": "",
    "subject": "SB0309",
    "type": "SectionPrimary",
    "applicableLevel": "OB0204",
    "contentJson": {
      "academicTerm": "小学",
      "grade": "四年级",
      "edition": "统编版",
      "volume": "上册",
      "year": "old",
      "chapter": "第四单元 让生活多一些绿色"
    }
  },
  {
    "identifier": "urn:jy:dwfz:SB0309:OB0204:Sectionprimary:102",
    "title": "12 低碳生活每一天",
    "description": "",
    "subject": "SB0309",
    "type": "SectionPrimary",
    "applicableLevel": "OB0204",
    "contentJson": {
      "academicTerm": "小学",
      "grade": "四年级",
      "edition": "统编版",
      "volume": "上册",
      "year": "old",
      "chapter": "第四单元 让生活多一些绿色"
    }
  },
  {
    "identifier": "urn:jy:dwfz:SB0309:OB0204:Sectionprimary:103",
    "title": "1 我们的好朋友",
    "description": "",
    "subject": "SB0309",
    "type": "SectionPrimary",
    "applicableLevel": "OB0204",
    "contentJson": {
      "academicTerm": "小学",
      "grade": "四年级",
      "edition": "统编版",
      "volume": "下册",
      "year": "old",
      "chapter": "第一单元 同伴与交往"
    }
  },
  {
    "identifier": "urn:jy:dwfz:SB0309:OB0204:Sectionprimary:104",
    "title": "2 说话要算数",
    "description": "",
    "subject": "SB0309",
    "type": "SectionPrimary",
    "applicableLevel": "OB0204",
    "contentJson": {
      "academicTerm": "小学",
      "grade": "四年级",
      "edition": "统编版",
      "volume": "下册",
      "year": "old",
      "chapter": "第一单元 同伴与交往"
    }
  },
  {
    "identifier": "urn:jy:dwfz:SB0309:OB0204:Sectionprimary:105",
    "title": "3 当冲突发生",
    "description": "",
    "subject": "SB0309",
    "type": "SectionPrimary",
    "applicableLevel": "OB0204",
    "contentJson": {
      "academicTerm": "小学",
      "grade": "四年级",
      "edition": "统编版",
      "volume": "下册",
      "year": "old",
      "chapter": "第一单元 同伴与交往"
    }
  },
  {
    "identifier": "urn:jy:dwfz:SB0309:OB0204:Sectionprimary:106",
    "title": "4 买东西的学问",
    "description": "",
    "subject": "SB0309",
    "type": "SectionPrimary",
    "applicableLevel": "OB0204",
    "contentJson": {
      "academicTerm": "小学",
      "grade": "四年级",
      "edition": "统编版",
      "volume": "下册",
      "year": "old",
      "chapter": "第二单元 做聪明的消费者"
    }
  },
  {
    "identifier": "urn:jy:dwfz:SB0309:OB0204:Sectionprimary:107",
    "title": "5 合理消费",
    "description": "",
    "subject": "SB0309",
    "type": "SectionPrimary",
    "applicableLevel": "OB0204",
    "contentJson": {
      "academicTerm": "小学",
      "grade": "四年级",
      "edition": "统编版",
      "volume": "下册",
      "year": "old",
      "chapter": "第二单元 做聪明的消费者"
    }
  },
  {
    "identifier": "urn:jy:dwfz:SB0309:OB0204:Sectionprimary:108",
    "title": "6 有多少浪费本可避免",
    "description": "",
    "subject": "SB0309",
    "type": "SectionPrimary",
    "applicableLevel": "OB0204",
    "contentJson": {
      "academicTerm": "小学",
      "grade": "四年级",
      "edition": "统编版",
      "volume": "下册",
      "year": "old",
      "chapter": "第二单元 做聪明的消费者"
    }
  },
  {
    "identifier": "urn:jy:dwfz:SB0309:OB0204:Sectionprimary:109",
    "title": "7 我们的衣食之源",
    "description": "",
    "subject": "SB0309",
    "type": "SectionPrimary",
    "applicableLevel": "OB0204",
    "contentJson": {
      "academicTerm": "小学",
      "grade": "四年级",
      "edition": "统编版",
      "volume": "下册",
      "year": "old",
      "chapter": "第三单元 美好生活哪里来"
    }
  },
  {
    "identifier": "urn:jy:dwfz:SB0309:OB0204:Sectionprimary:110",
    "title": "8 这些东西哪里来",
    "description": "",
    "subject": "SB0309",
    "type": "SectionPrimary",
    "applicableLevel": "OB0204",
    "contentJson": {
      "academicTerm": "小学",
      "grade": "四年级",
      "edition": "统编版",
      "volume": "下册",
      "year": "old",
      "chapter": "第三单元 美好生活哪里来"
    }
  },
  {
    "identifier": "urn:jy:dwfz:SB0309:OB0204:Sectionprimary:111",
    "title": "9 生活离不开他们",
    "description": "",
    "subject": "SB0309",
    "type": "SectionPrimary",
    "applicableLevel": "OB0204",
    "contentJson": {
      "academicTerm": "小学",
      "grade": "四年级",
      "edition": "统编版",
      "volume": "下册",
      "year": "old",
      "chapter": "第三单元 美好生活哪里来"
    }
  },
  {
    "identifier": "urn:jy:dwfz:SB0309:OB0204:Sectionprimary:112",
    "title": "10 我们当地的风俗",
    "description": "",
    "subject": "SB0309",
    "type": "SectionPrimary",
    "applicableLevel": "OB0204",
    "contentJson": {
      "academicTerm": "小学",
      "grade": "四年级",
      "edition": "统编版",
      "volume": "下册",
      "year": "old",
      "chapter": "第四单元 感受家乡文化 关心家乡发展"
    }
  },
  {
    "identifier": "urn:jy:dwfz:SB0309:OB0204:Sectionprimary:113",
    "title": "11 多姿多彩的民间艺术",
    "description": "",
    "subject": "SB0309",
    "type": "SectionPrimary",
    "applicableLevel": "OB0204",
    "contentJson": {
      "academicTerm": "小学",
      "grade": "四年级",
      "edition": "统编版",
      "volume": "下册",
      "year": "old",
      "chapter": "第四单元 感受家乡文化 关心家乡发展"
    }
  },
  {
    "identifier": "urn:jy:dwfz:SB0309:OB0204:Sectionprimary:114",
    "title": "12 家乡的喜与忧",
    "description": "",
    "subject": "SB0309",
    "type": "SectionPrimary",
    "applicableLevel": "OB0204",
    "contentJson": {
      "academicTerm": "小学",
      "grade": "四年级",
      "edition": "统编版",
      "volume": "下册",
      "year": "old",
      "chapter": "第四单元 感受家乡文化 关心家乡发展"
    }
  },
  {
    "identifier": "urn:jy:dwfz:SB0309:OB0205:Sectionprimary:115",
    "title": "1 自主选择课余生活",
    "description": "",
    "subject": "SB0309",
    "type": "SectionPrimary",
    "applicableLevel": "OB0205",
    "contentJson": {
      "academicTerm": "小学",
      "grade": "五年级",
      "edition": "统编版",
      "volume": "上册",
      "year": "old",
      "chapter": "第一单元 面对成长中的新问题"
    }
  },
  {
    "identifier": "urn:jy:dwfz:SB0309:OB0205:Sectionprimary:116",
    "title": "2 学会沟通交流",
    "description": "",
    "subject": "SB0309",
    "type": "SectionPrimary",
    "applicableLevel": "OB0205",
    "contentJson": {
      "academicTerm": "小学",
      "grade": "五年级",
      "edition": "统编版",
      "volume": "上册",
      "year": "old",
      "chapter": "第一单元 面对成长中的新问题"
    }
  },
  {
    "identifier": "urn:jy:dwfz:SB0309:OB0205:Sectionprimary:117",
    "title": "3 主动拒绝烟酒与毒品",
    "description": "",
    "subject": "SB0309",
    "type": "SectionPrimary",
    "applicableLevel": "OB0205",
    "contentJson": {
      "academicTerm": "小学",
      "grade": "五年级",
      "edition": "统编版",
      "volume": "上册",
      "year": "old",
      "chapter": "第一单元 面对成长中的新问题"
    }
  },
  {
    "identifier": "urn:jy:dwfz:SB0309:OB0205:Sectionprimary:118",
    "title": "4 选举产生班委会",
    "description": "",
    "subject": "SB0309",
    "type": "SectionPrimary",
    "applicableLevel": "OB0205",
    "contentJson": {
      "academicTerm": "小学",
      "grade": "五年级",
      "edition": "统编版",
      "volume": "上册",
      "year": "old",
      "chapter": "第二单元 我们是班级的主人"
    }
  },
  {
    "identifier": "urn:jy:dwfz:SB0309:OB0205:Sectionprimary:119",
    "title": "5 协商决定班级事务",
    "description": "",
    "subject": "SB0309",
    "type": "SectionPrimary",
    "applicableLevel": "OB0205",
    "contentJson": {
      "academicTerm": "小学",
      "grade": "五年级",
      "edition": "统编版",
      "volume": "上册",
      "year": "old",
      "chapter": "第二单元 我们是班级的主人"
    }
  },
  {
    "identifier": "urn:jy:dwfz:SB0309:OB0205:Sectionprimary:120",
    "title": "6 我们神圣的国土",
    "description": "",
    "subject": "SB0309",
    "type": "SectionPrimary",
    "applicableLevel": "OB0205",
    "contentJson": {
      "academicTerm": "小学",
      "grade": "五年级",
      "edition": "统编版",
      "volume": "上册",
      "year": "old",
      "chapter": "第三单元 我们的国土  我们的家园"
    }
  },
  {
    "identifier": "urn:jy:dwfz:SB0309:OB0205:Sectionprimary:121",
    "title": "7 中华民族一家亲",
    "description": "",
    "subject": "SB0309",
    "type": "SectionPrimary",
    "applicableLevel": "OB0205",
    "contentJson": {
      "academicTerm": "小学",
      "grade": "五年级",
      "edition": "统编版",
      "volume": "上册",
      "year": "old",
      "chapter": "第三单元 我们的国土  我们的家园"
    }
  },
  {
    "identifier": "urn:jy:dwfz:SB0309:OB0205:Sectionprimary:122",
    "title": "8 美丽文字  民族瑰宝",
    "description": "",
    "subject": "SB0309",
    "type": "SectionPrimary",
    "applicableLevel": "OB0205",
    "contentJson": {
      "academicTerm": "小学",
      "grade": "五年级",
      "edition": "统编版",
      "volume": "上册",
      "year": "old",
      "chapter": "第四单元 骄人祖先  灿烂文化"
    }
  },
  {
    "identifier": "urn:jy:dwfz:SB0309:OB0205:Sectionprimary:123",
    "title": "9 古代科技  耀我中华",
    "description": "",
    "subject": "SB0309",
    "type": "SectionPrimary",
    "applicableLevel": "OB0205",
    "contentJson": {
      "academicTerm": "小学",
      "grade": "五年级",
      "edition": "统编版",
      "volume": "上册",
      "year": "old",
      "chapter": "第四单元 骄人祖先  灿烂文化"
    }
  },
  {
    "identifier": "urn:jy:dwfz:SB0309:OB0205:Sectionprimary:124",
    "title": "10 传统美德  源远流长",
    "description": "",
    "subject": "SB0309",
    "type": "SectionPrimary",
    "applicableLevel": "OB0205",
    "contentJson": {
      "academicTerm": "小学",
      "grade": "五年级",
      "edition": "统编版",
      "volume": "上册",
      "year": "old",
      "chapter": "第四单元 骄人祖先  灿烂文化"
    }
  },
  {
    "identifier": "urn:jy:dwfz:SB0309:OB0205:Sectionprimary:125",
    "title": "1 读懂彼此的心",
    "description": "",
    "subject": "SB0309",
    "type": "SectionPrimary",
    "applicableLevel": "OB0205",
    "contentJson": {
      "academicTerm": "小学",
      "grade": "五年级",
      "edition": "统编版",
      "volume": "下册",
      "year": "old",
      "chapter": "第一单元 我们一家人"
    }
  },
  {
    "identifier": "urn:jy:dwfz:SB0309:OB0205:Sectionprimary:126",
    "title": "2 让我们的家更美好",
    "description": "",
    "subject": "SB0309",
    "type": "SectionPrimary",
    "applicableLevel": "OB0205",
    "contentJson": {
      "academicTerm": "小学",
      "grade": "五年级",
      "edition": "统编版",
      "volume": "下册",
      "year": "old",
      "chapter": "第一单元 我们一家人"
    }
  },
  {
    "identifier": "urn:jy:dwfz:SB0309:OB0205:Sectionprimary:127",
    "title": "3 弘扬优秀家风",
    "description": "",
    "subject": "SB0309",
    "type": "SectionPrimary",
    "applicableLevel": "OB0205",
    "contentJson": {
      "academicTerm": "小学",
      "grade": "五年级",
      "edition": "统编版",
      "volume": "下册",
      "year": "old",
      "chapter": "第一单元 我们一家人"
    }
  },
  {
    "identifier": "urn:jy:dwfz:SB0309:OB0205:Sectionprimary:128",
    "title": "4 我们的公共生活",
    "description": "",
    "subject": "SB0309",
    "type": "SectionPrimary",
    "applicableLevel": "OB0205",
    "contentJson": {
      "academicTerm": "小学",
      "grade": "五年级",
      "edition": "统编版",
      "volume": "下册",
      "year": "old",
      "chapter": "第二单元 公共生活靠大家"
    }
  },
  {
    "identifier": "urn:jy:dwfz:SB0309:OB0205:Sectionprimary:129",
    "title": "5 建立良好的公共秩序",
    "description": "",
    "subject": "SB0309",
    "type": "SectionPrimary",
    "applicableLevel": "OB0205",
    "contentJson": {
      "academicTerm": "小学",
      "grade": "五年级",
      "edition": "统编版",
      "volume": "下册",
      "year": "old",
      "chapter": "第二单元 公共生活靠大家"
    }
  },
  {
    "identifier": "urn:jy:dwfz:SB0309:OB0205:Sectionprimary:130",
    "title": "6 我参与 我奉献",
    "description": "",
    "subject": "SB0309",
    "type": "SectionPrimary",
    "applicableLevel": "OB0205",
    "contentJson": {
      "academicTerm": "小学",
      "grade": "五年级",
      "edition": "统编版",
      "volume": "下册",
      "year": "old",
      "chapter": "第二单元 公共生活靠大家"
    }
  },
  {
    "identifier": "urn:jy:dwfz:SB0309:OB0205:Sectionprimary:131",
    "title": "7 不甘屈辱 奋勇抗争",
    "description": "",
    "subject": "SB0309",
    "type": "SectionPrimary",
    "applicableLevel": "OB0205",
    "contentJson": {
      "academicTerm": "小学",
      "grade": "五年级",
      "edition": "统编版",
      "volume": "下册",
      "year": "old",
      "chapter": "第三单元 百年追梦 复兴中华"
    }
  },
  {
    "identifier": "urn:jy:dwfz:SB0309:OB0205:Sectionprimary:132",
    "title": "8 推翻帝制 民族觉醒",
    "description": "",
    "subject": "SB0309",
    "type": "SectionPrimary",
    "applicableLevel": "OB0205",
    "contentJson": {
      "academicTerm": "小学",
      "grade": "五年级",
      "edition": "统编版",
      "volume": "下册",
      "year": "old",
      "chapter": "第三单元 百年追梦 复兴中华"
    }
  },
  {
    "identifier": "urn:jy:dwfz:SB0309:OB0205:Sectionprimary:133",
    "title": "9 中国有了共产党",
    "description": "",
    "subject": "SB0309",
    "type": "SectionPrimary",
    "applicableLevel": "OB0205",
    "contentJson": {
      "academicTerm": "小学",
      "grade": "五年级",
      "edition": "统编版",
      "volume": "下册",
      "year": "old",
      "chapter": "第三单元 百年追梦 复兴中华"
    }
  },
  {
    "identifier": "urn:jy:dwfz:SB0309:OB0205:Sectionprimary:134",
    "title": "10 夺取抗日战争和人民解放战争的胜利",
    "description": "",
    "subject": "SB0309",
    "type": "SectionPrimary",
    "applicableLevel": "OB0205",
    "contentJson": {
      "academicTerm": "小学",
      "grade": "五年级",
      "edition": "统编版",
      "volume": "下册",
      "year": "old",
      "chapter": "第三单元 百年追梦 复兴中华"
    }
  },
  {
    "identifier": "urn:jy:dwfz:SB0309:OB0205:Sectionprimary:135",
    "title": "11 屹立在世界的东方",
    "description": "",
    "subject": "SB0309",
    "type": "SectionPrimary",
    "applicableLevel": "OB0205",
    "contentJson": {
      "academicTerm": "小学",
      "grade": "五年级",
      "edition": "统编版",
      "volume": "下册",
      "year": "old",
      "chapter": "第三单元 百年追梦 复兴中华"
    }
  },
  {
    "identifier": "urn:jy:dwfz:SB0309:OB0205:Sectionprimary:136",
    "title": "12 富起来到强起来",
    "description": "",
    "subject": "SB0309",
    "type": "SectionPrimary",
    "applicableLevel": "OB0205",
    "contentJson": {
      "academicTerm": "小学",
      "grade": "五年级",
      "edition": "统编版",
      "volume": "下册",
      "year": "old",
      "chapter": "第三单元 百年追梦 复兴中华"
    }
  },
  {
    "identifier": "urn:jy:dwfz:SB0309:OB0206:Sectionprimary:137",
    "title": "1 感受生活中的法律",
    "description": "",
    "subject": "SB0309",
    "type": "SectionPrimary",
    "applicableLevel": "OB0206",
    "contentJson": {
      "academicTerm": "小学",
      "grade": "六年级",
      "edition": "统编版",
      "volume": "上册",
      "year": "old",
      "chapter": "第一单元 我们的守护者"
    }
  },
  {
    "identifier": "urn:jy:dwfz:SB0309:OB0206:Sectionprimary:138",
    "title": "2 宪法是根本法",
    "description": "",
    "subject": "SB0309",
    "type": "SectionPrimary",
    "applicableLevel": "OB0206",
    "contentJson": {
      "academicTerm": "小学",
      "grade": "六年级",
      "edition": "统编版",
      "volume": "上册",
      "year": "old",
      "chapter": "第一单元 我们的守护者"
    }
  },
  {
    "identifier": "urn:jy:dwfz:SB0309:OB0206:Sectionprimary:139",
    "title": "3 公民意味着什么",
    "description": "",
    "subject": "SB0309",
    "type": "SectionPrimary",
    "applicableLevel": "OB0206",
    "contentJson": {
      "academicTerm": "小学",
      "grade": "六年级",
      "edition": "统编版",
      "volume": "上册",
      "year": "old",
      "chapter": "第二单元 我们是公民"
    }
  },
  {
    "identifier": "urn:jy:dwfz:SB0309:OB0206:Sectionprimary:140",
    "title": "4 公民的基本权利和义务",
    "description": "",
    "subject": "SB0309",
    "type": "SectionPrimary",
    "applicableLevel": "OB0206",
    "contentJson": {
      "academicTerm": "小学",
      "grade": "六年级",
      "edition": "统编版",
      "volume": "上册",
      "year": "old",
      "chapter": "第二单元 我们是公民"
    }
  },
  {
    "identifier": "urn:jy:dwfz:SB0309:OB0206:Sectionprimary:141",
    "title": "5 国家机构有哪些",
    "description": "",
    "subject": "SB0309",
    "type": "SectionPrimary",
    "applicableLevel": "OB0206",
    "contentJson": {
      "academicTerm": "小学",
      "grade": "六年级",
      "edition": "统编版",
      "volume": "上册",
      "year": "old",
      "chapter": "第三单元 我们的国家机构"
    }
  },
  {
    "identifier": "urn:jy:dwfz:SB0309:OB0206:Sectionprimary:142",
    "title": "6 人大代表为人民",
    "description": "",
    "subject": "SB0309",
    "type": "SectionPrimary",
    "applicableLevel": "OB0206",
    "contentJson": {
      "academicTerm": "小学",
      "grade": "六年级",
      "edition": "统编版",
      "volume": "上册",
      "year": "old",
      "chapter": "第三单元 我们的国家机构"
    }
  },
  {
    "identifier": "urn:jy:dwfz:SB0309:OB0206:Sectionprimary:143",
    "title": "7 权力受到制约和监督",
    "description": "",
    "subject": "SB0309",
    "type": "SectionPrimary",
    "applicableLevel": "OB0206",
    "contentJson": {
      "academicTerm": "小学",
      "grade": "六年级",
      "edition": "统编版",
      "volume": "上册",
      "year": "old",
      "chapter": "第三单元 我们的国家机构"
    }
  },
  {
    "identifier": "urn:jy:dwfz:SB0309:OB0206:Sectionprimary:144",
    "title": "8 我们受特殊保护",
    "description": "",
    "subject": "SB0309",
    "type": "SectionPrimary",
    "applicableLevel": "OB0206",
    "contentJson": {
      "academicTerm": "小学",
      "grade": "六年级",
      "edition": "统编版",
      "volume": "上册",
      "year": "old",
      "chapter": "第四单元 法律保护我们健康成长"
    }
  },
  {
    "identifier": "urn:jy:dwfz:SB0309:OB0206:Sectionprimary:145",
    "title": "9 知法守法依法维权",
    "description": "",
    "subject": "SB0309",
    "type": "SectionPrimary",
    "applicableLevel": "OB0206",
    "contentJson": {
      "academicTerm": "小学",
      "grade": "六年级",
      "edition": "统编版",
      "volume": "上册",
      "year": "old",
      "chapter": "第四单元 法律保护我们健康成长"
    }
  },
  {
    "identifier": "urn:jy:dwfz:SB0309:OB0206:Sectionprimary:146",
    "title": "1 学会尊重",
    "description": "",
    "subject": "SB0309",
    "type": "SectionPrimary",
    "applicableLevel": "OB0206",
    "contentJson": {
      "academicTerm": "小学",
      "grade": "六年级",
      "edition": "统编版",
      "volume": "下册",
      "year": "old",
      "chapter": "第一单元 完善自我 健康成长"
    }
  },
  {
    "identifier": "urn:jy:dwfz:SB0309:OB0206:Sectionprimary:147",
    "title": "2 学会宽容",
    "description": "",
    "subject": "SB0309",
    "type": "SectionPrimary",
    "applicableLevel": "OB0206",
    "contentJson": {
      "academicTerm": "小学",
      "grade": "六年级",
      "edition": "统编版",
      "volume": "下册",
      "year": "old",
      "chapter": "第一单元 完善自我 健康成长"
    }
  },
  {
    "identifier": "urn:jy:dwfz:SB0309:OB0206:Sectionprimary:148",
    "title": "3 学会反思",
    "description": "",
    "subject": "SB0309",
    "type": "SectionPrimary",
    "applicableLevel": "OB0206",
    "contentJson": {
      "academicTerm": "小学",
      "grade": "六年级",
      "edition": "统编版",
      "volume": "下册",
      "year": "old",
      "chapter": "第一单元 完善自我 健康成长"
    }
  },
  {
    "identifier": "urn:jy:dwfz:SB0309:OB0206:Sectionprimary:149",
    "title": "4 地球——我们的家园",
    "description": "",
    "subject": "SB0309",
    "type": "SectionPrimary",
    "applicableLevel": "OB0206",
    "contentJson": {
      "academicTerm": "小学",
      "grade": "六年级",
      "edition": "统编版",
      "volume": "下册",
      "year": "old",
      "chapter": "第二单元 爱护地球 共同责任"
    }
  },
  {
    "identifier": "urn:jy:dwfz:SB0309:OB0206:Sectionprimary:150",
    "title": "5 应对自然灾害",
    "description": "",
    "subject": "SB0309",
    "type": "SectionPrimary",
    "applicableLevel": "OB0206",
    "contentJson": {
      "academicTerm": "小学",
      "grade": "六年级",
      "edition": "统编版",
      "volume": "下册",
      "year": "old",
      "chapter": "第二单元 爱护地球 共同责任"
    }
  },
  {
    "identifier": "urn:jy:dwfz:SB0309:OB0206:Sectionprimary:151",
    "title": "6 探访古代文明",
    "description": "",
    "subject": "SB0309",
    "type": "SectionPrimary",
    "applicableLevel": "OB0206",
    "contentJson": {
      "academicTerm": "小学",
      "grade": "六年级",
      "edition": "统编版",
      "volume": "下册",
      "year": "old",
      "chapter": "第三单元 多样文明 多彩生活"
    }
  },
  {
    "identifier": "urn:jy:dwfz:SB0309:OB0206:Sectionprimary:152",
    "title": "7 多元文化 多样魅力",
    "description": "",
    "subject": "SB0309",
    "type": "SectionPrimary",
    "applicableLevel": "OB0206",
    "contentJson": {
      "academicTerm": "小学",
      "grade": "六年级",
      "edition": "统编版",
      "volume": "下册",
      "year": "old",
      "chapter": "第三单元 多样文明 多彩生活"
    }
  },
  {
    "identifier": "urn:jy:dwfz:SB0309:OB0206:Sectionprimary:153",
    "title": "8 科技发展 造福人类",
    "description": "",
    "subject": "SB0309",
    "type": "SectionPrimary",
    "applicableLevel": "OB0206",
    "contentJson": {
      "academicTerm": "小学",
      "grade": "六年级",
      "edition": "统编版",
      "volume": "下册",
      "year": "old",
      "chapter": "第四单元 让世界更美好"
    }
  },
  {
    "identifier": "urn:jy:dwfz:SB0309:OB0206:Sectionprimary:154",
    "title": "9 日益重要的国际组织",
    "description": "",
    "subject": "SB0309",
    "type": "SectionPrimary",
    "applicableLevel": "OB0206",
    "contentJson": {
      "academicTerm": "小学",
      "grade": "六年级",
      "edition": "统编版",
      "volume": "下册",
      "year": "old",
      "chapter": "第四单元 让世界更美好"
    }
  },
  {
    "identifier": "urn:jy:dwfz:SB0309:OB0206:Sectionprimary:155",
    "title": "10 我们爱和平",
    "description": "",
    "subject": "SB0309",
    "type": "SectionPrimary",
    "applicableLevel": "OB0206",
    "contentJson": {
      "academicTerm": "小学",
      "grade": "六年级",
      "edition": "统编版",
      "volume": "下册",
      "year": "old",
      "chapter": "第四单元 让世界更美好"
    }
  }
]