[
  {
    "identifier": "urn:jy:dwfz:SB0309:Stage:ST01",
    "title": "第一学段",
    "description": "1~2年级是学校生活起步期，学生开始适应有序的集体学习生活。结合低年级段学生特点，本学段设置入学教育、道德教育、生命安全与健康教育、法治教育、中华优秀传统文化与革命传统教育等五个主题，旨在以正确的价值观、道德和法律规范对学生进行道德和法治启蒙。入学教育主要是针对一年级第一学期开展的适应性教育。",
    "subject": "SB0309",
    "type": "Stage",
    "applicableLevel": ["OB0201","OB0202"],
    "contentJson": {
      "academicRequirement": "通过本学段的学习，学生能够形成规则意识，言行举止符合基本的道德准则和规则；初步了解国情，热爱集体，热爱家乡，热爱社会主义祖国，热爱中国共产党；养成自己的事情自己做的好习惯，能够控制消极情绪，形成做事认真、明辨是非、知错就改的品质；懂得感恩，乐于帮助他人，懂得欣赏别人的优点和长处；养成良好的卫生和生活习惯，掌握基本的安全保健常识；能够保护自然环境，爱护公共卫生；能够向英雄模范人物学习优秀品质和高尚的道德情操。",
      "academicQuality": "能够准确讲出中国的全称,知道国旗、国歌、国徽是国家的象征,能够认识中国版图,知道主要传统节日与纪念日的来历与含义,具有作为中国人的自豪感,能够识别道路交通和安全标识,具有一定的安全意识(政治认同、法治观念);能够结合个人与学校生活,分析自己的进步与优点,按照正确的行为要求去行动,具有良好的意志品质,知道合理调控消极情绪的方法(道德修养、健全人格);能够陈述社会主义核心价值观的概念,能够讲述老一辈无产阶级革命家和我国著名英雄模范人物的事迹及其榜样示范作用,能够结合日常生活体会勤俭节约和自强不息是中华民族传统美德(政治认同、健全人格、道德修养)。能够尊重国旗、国徽,饱含感情地唱国歌、少先队队歌(政治认同);在家庭、学校等生活情境中,能够遵守与他人的约定,正确使用礼貌用语,合作学习、共同进步,知道感恩,遵守课堂纪律和作息时间,维护学校秩序,入学适应良好,爱护公共设施(道德修养、法治观念、责任意识);在日常生活中,能够自己的事情自己做,承担力所能及的家务劳动,具有健康、安全的生活习惯,具备勤俭节约的意识,爱护大自然(道德修养、健全人格、责任意识)。",
      "stageObjectives": [
        {
          "coreliteracy": "政治认同",
          "description": "·认识国旗、国徽,知道自己是中国人;了解老一辈无产阶级革命家和英雄模范人物,对他们有崇敬之情。\n文化具有亲切感。·认识党旗,热爱中国共产党,积极加入中国少年先锋队。·知道中国是社会主义国家。·知道社会主义核心价值观。"
        },
        {
          "coreliteracy": "道德修养",
          "description": "·知道健康生活、卫生习惯的基本常识和要求。·懂礼貌,讲诚信,守约定,不撒谎,与同伴友好相处。·感知父母的辛劳,孝敬父母,尊重师长。·爱护家庭、学校和公共环境卫生,爱护公物,遵守公共秩序。\n·爱劳动,知道财富是由劳动创造的。"
        },
        {
          "coreliteracy": "法治观念",
          "description": "·遵守学校纪律,维护课堂秩序。·了解生活中的规则,知道在生活中人人都应遵守规则,具有初步的规则意识。·了解生活中基本的安全常识,掌握常用的求助信息。"
        },
        {
          "coreliteracy": "健全人格",
          "description": "·热爱生命,懂得自我保护,远离伤害。·体会成长的快乐,能够看到自己的进步和不足,欣赏他人的优点和长处。·能够感知自己的消极情绪,知道可以向老师和家人寻求帮助。·乐于学习,逐渐培养专注力。\n·能够表达自己的感受，学习倾听他人的意见。·感知并学习适应环境的变化。"
        },
        {
          "coreliteracy": "责任意识",
          "description": "·学会自己的事情自己做，减轻父母的负担。·热爱学校和班集体，积极参与学校和班级活动，有集体荣誉感，能够关心和帮助他人。\n·知道中华民族是一个统一的大家庭。·亲近自然,爱护动植物。"
        }
      ]
    }
  },
  {
    "identifier": "urn:jy:dwfz:SB0309:Stage:ST02",
    "title": "第二学段",
    "description": "3~4年级是从小学低年级段向高年级段的过渡期。本学段学生已经适应了学校生活，生活视野进一步扩大，具备一定的独立意识。根据以上特点，设置道德教育、生命安全与健康教育、法治教育、中华优秀传统文化与革命传统教育、国情教育等五个主题，旨在引导学生养成健康的生活习惯、良好的道德品质和健全人格，形成集体荣誉感和责任意识。",
    "subject": "SB0309",
    "type": "Stage",
    "applicableLevel": ["OB0203","OB0204"],
    "contentJson": {
      "academicRequirement": "通过本学段的学习，学生能够遵守与日常生活密切相关的基本道德规范和法律，掌握有关生命安全与健康的基本常识和技能，初步学会调控情绪和与人沟通的方法，积极参加劳动和集体活动，尊重普通劳动者，平等待人；能够了解家乡发展和国家建设取得的重大成就，感受革命故事所体现的革命传统意义，为中华优秀传统文化感到自豪；能够积极弘扬传统美德，践行社会主义核心价值观，对伟大祖国、中华民族、中华文化、中国共产党、中国特色社会主义有强烈认同感。",
      "academicQuality": "在地图上能够指出家乡所在省份和地理位置,了解中华优秀传统文化的代表性成果,举例讲述新中国建设的伟大成就,对祖国未来充满信心,能够结合实例讲述维护国家统一与民族团结的意义,知道祖国领土神圣不可侵犯(政治认同、法治观念);能够讲述革命英雄人物的事迹,结合家庭与社会生活简要说明优良家风的意义,举例讲述中华民族传统美德,简要分析遵守规则的重要性,能够结合日常生活讲述爱护公共设施人人有责的意义,热爱劳动、尊重劳动者,能够结合生活中的实例讲述职业没有高低贵贱之分(政治认同、道德修养、法治观念);珍爱生命,热爱生活,具有安全自律意识(道德修养、健全人格、责任意识)。能够结合日常生活和集体生活践行社会主义核心价值观,爱护环境卫生,以恰当方式表达对长辈和老师的感激之心,遵守待人接物的基本礼仪,能够与同学平等相处、与邻里和睦相处,关心家庭,积极分担家务劳动,遵守基本的网络交往道德规范(道德修养、健全人格、责任意识);在学校和社会生活中,遵守社会规则(法治观念、道德修养、责任意识);具有良好的意志品质,明辨是非,掌握自我保护技能,勤俭节约,能够理解“绿水青山就是金山银山”的道理,自觉保护自然环境(健全人格、责任意识)。",
      "stageObjectives": [
        {
          "coreliteracy": "政治认同",
          "description": "·初步感知基本国情,为自己是中国人感到自豪。\n优秀传统文化的魅力。·结合革命故事,知道没有共产党就没有新中国,热爱中国共产党,积极参加中国少年先锋队的活动。·感知中国特色社会主义的伟大成就。·初步理解社会主义核心价值观的要求,在日常生活和集体活动中加以践行。"
        },
        {
          "coreliteracy": "道德修养",
          "description": "·初步养成健康的生活、卫生习惯,关心公共卫生。·掌握基本的交往礼仪,懂得个人成长离不开社会和他人的支持与帮助,诚实守信。·孝敬父母,尊重师长,体会父母的养育之恩和师长的辛劳。·体验公共设施给自己生活带来的便利,爱护公共设施,遵守公共秩序。\n·树立劳动意识,积极参加劳动实践,懂得劳动光荣、劳动不分贵贱。"
        },
        {
          "coreliteracy": "法治观念",
          "description": "·具有规则意识并学会遵守规则。·了解社会交往的基本规则,树立平等意识,互相尊重。·知道法律能够保护自己的生活。"
        },
        {
          "coreliteracy": "健全人格",
          "description": "·初步认识和体验人的生命是可贵的,珍惜生命。·学会认识自己,理解他人,对他人有同情心。·能够识别消极情绪,学习调节情绪的方法。·做事有耐心,在克服困难中增强自信心。\n·能够表达自己的感受和见解，倾听他人的意见，体会他人的心情和需要。·学会适应环境的变化。"
        },
        {
          "coreliteracy": "责任意识",
          "description": "·主动参与力所能及的家务，学会承担家庭责任。·热爱集体，积极参与集体活动和民主管理，有互助意识。\n·初步了解维护国家统一和民族团结的重要性。·热爱自然,了解自然是我们生活的共同家园,懂得保护环境、爱护动物、节约资源。"
        }
      ]
    }
  },
  {
    "identifier": "urn:jy:dwfz:SB0309:Stage:ST03",
    "title": "第三学段",
    "description": "5~6年级是小学的高年级段，延续小学低、中年级段，与初中阶段相衔接。本学段学生的生活范围不断扩大，具备一定的道德是非判断能力。基于上述特点，设置道德教育、生命安全与健康教育、法治教育、中华优秀传统文化与革命传统教育、国情教育等五个主题，旨在培养学生的道德情感、责任意识，引导学生遵守公共规则，形成深厚的爱国情感。",
    "subject": "SB0309",
    "type": "Stage",
    "applicableLevel": ["OB0205","OB0206"],
    "contentJson": {
      "academicRequirement": "通过本学段的学习，学生能够初步了解我国社会主义革命和建设的历程及形成的革命精神，知道只有中国共产党才能救中国、只有中国特色社会主义才能发展中国的道理，明确中国特色社会主义进入新时代，初步了解习近平新时代中国特色社会主义思想精髓；了解宪法规定的公民基本权利与义务，掌握社会生活的道德规范和必备的法律常识；珍爱生命，具有安全意识，具备维护社会安全的基本技能，具有一定的法治意识和社会责任感；懂得劳动最光荣的道理，崇尚劳动，热爱劳动；能够运用所学知识，分析和明辨日常生活中的是非善恶，平等待人，乐于合作，相互帮助，具有合作意识和集体主义精神，做到遵守公共秩序，遵纪守法，担当责任，养成亲社会的行为和品格，提升道德和人格修养；能够增强对伟大祖国、中华民族、中华文化、中国共产党、中国特色社会主义的认同，关心国家大事，为实现中华民族伟大复兴而努力学习。",
      "academicQuality": "知道马克思主义的指导地位、中国共产党的主要革命历史与根本宗旨,初步了解中国特色社会主义道路的意义、习近平新时代中国特色社会主义思想精髓,能够讲述人民军队在不同时期的名称由来,热爱人民军队,能够结合个人与社会生活中的实例理解法律的重要性,知道宪法是国家根本法,了解公民基本权利与义务以及未成年人的权利,能够结合实例讲述法律面前人人平等的原则(政治认同、法治观念);能够结合社会生活,根据社会主义核心价值观判断是非对错,具有良好的集体意识与团队精神,举例讲述在长期奋斗中构建起的中国共产党人的精神谱系(政治认同、道德修养);能够用实例说明中华文化的源远流长与博大精深,了解中华民族对人类文明的贡献(政治认同、道德修养);能够结合实例简要说明维护国家安全的重要性,能够结合实例论述如何维护国家利益和安全(政治认同、法治观念、责任意识);能够举例说明世界文化的多样性,知道文明交流互鉴的重要性,讲述构建人类命运共同体的意义(政治认同、责任意识)。\n能够完成学习和作息计划,形成健康生活习惯,能够用与生活相关的法律维护自己的合法权益(道德修养、健全人格、法治观念、责任意识);能够结合家庭、学校和社会生活,理性思考,平等待人,主动分担家务劳动,积极服务社会,做一名家庭好成员和社会好公民(道德修养、健全人格、责任意识);能够践行社会主义核心价值观,维护公共秩序与社会安全,遵守法律规定(政治认同、道德修养、法治观念、责任意识);能够结合生活实例阐述如何做到自尊自爱自强,能够辨识失信失德的行为表现,知道诚实守信的意义(道德修养、健全人格、法治观念);能够自我保护,有安全意识,抵制不良行为与违法行为,拒绝参与危害社会安全的活动(道德修养、法治观念、责任意识);能够讲述环境保护的重要性,就如何实现可持续发展提出建议(道德修养、法治观念、责任意识)。",
      "stageObjectives": [
        {
          "coreliteracy": "政治认同",
          "description": "·初步了解国情,具有维护国家利益和祖国尊严的意识与行动,形成中国人的身份认同感;初步认识重要历史事实,了解我国发展的历史方位和中国共产党的光辉历程。\n自豪。·简要了解中国共产党的历史和革命传统,了解中国共产党带领人民彻底摆脱了被欺负、被压迫、被奴役的命运,成为国家、社会和自己命运的主人;热爱中国共产党。·初步了解中国特色社会主义制度的优越性。知道中国式现代化是中国共产党领导的社会主义现代化。·理解社会主义核心价值观的内涵,在日常生活中积极践行。"
        },
        {
          "coreliteracy": "道德修养",
          "description": "·养成健康的生活、卫生习惯,自觉维护公共卫生。·懂得自律,诚实守信,能够得体地与人交往,团结互助,能够平等友好地与他人相处,学会合作。·孝敬父母,尊重师长,懂得感恩,养成孝敬父母、尊敬师长的良好品质。·认识到公共设施给人们生活带来的便利,自觉爱护公共设施,自觉遵守公共秩序。\n·感受劳动创造的意义,热爱劳动,主动承担力所能及的劳动,尊重各行各业的劳动者。"
        },
        {
          "coreliteracy": "法治观念",
          "description": "·知道宪法,感受宪法对社会和生活的重要性,形成初步的法治意识。·了解公民的基本权利和义务,树立权利和义务相统一的观念。·知道民法典,了解未成年人的权利,树立用法律保护个人生命财产安全的意识。·知道违法要承担责任,形成守法意识。\n·了解每个人都有维护国家利益和安全的责任。"
        },
        {
          "coreliteracy": "健全人格",
          "description": "·树立生命至上的观念,敬畏生命,掌握基本的应对灾害和保护生命安全的技能。·正确认识自己,自信乐观,与他人平等地交流与合作,建立良好的同伴关系。·学习调控情绪,掌握自我调控情绪的方法。·不怕困难,具有一定的抗挫折能力。\n·能够清楚表达自己的感受和见解，乐于倾听他人的意见，体会他人的心情和需要。·认识个人与社会、国家和世界的关系，能够适应社会环境的变化。·初步了解自己的身心成长特征。"
        },
        {
          "coreliteracy": "责任意识",
          "description": "·学习参与家庭决策，为父母分忧。·关心公益事业，学习民主管理的规则和程序，参加力所能及的社会公益和志愿者活动，有团队意识，能够与他人合作互助。\n·树立维护国家统一和民族团结的责任意识。·热爱并尊重自然,自觉保护环境、爱护动物,初步了解可持续发展理念。"
        }
      ]
    }
  },
  {
    "identifier": "urn:jy:dwfz:SB0309:Stage:ST04",
    "title": "第四学段",
    "description": "7~9年级是初中年级段，是小学高年级段的延续，与高中阶段相衔接，是培育道德品格，形成世界观、人生观、价值观的重要时期。本学段学生正处于青春期，独立思考能力和判断能力进一步增强，情绪波动性大，可塑性强。依据上述特点，设置生命安全与健康教育、法治教育、中华优秀传统文化教育、革命传统教育、国情教育等五个主题，通过与中华优秀文化传统、革命传统、国情教育等方面的关联，从真实的社会情境角度进行道德教育，强化学生的道德体验和道德实践，旨在引导学生正确认识自己，以及个人与家庭、他人、社会、国家和人类文明的关系，了解国家发展和世界发展大势，增强社会责任感和担当意识，立志做社会主义建设者和接班人。",
    "subject": "SB0309",
    "type": "Stage",
    "applicableLevel": ["OB0301","OB0302","OB0303"],
    "contentJson": {
      "academicRequirement": "通过本学段的学习，学生能够认识中国特色社会主义的伟大建设成就，理解中国共产党在建设中国特色社会主义过程中的领导作用，理解党的领导是进一步全面深化改革、推进中国式现代化的根本保证，铸牢中华民族共同体意识，坚定对伟大祖国、中华民族、中华文化、中国共产党、中国特色社会主义的高度认同，不断推进中华民族共同体建设；能够了解我国的主要国家机构和基本经济政治制度，了解公民权利义务，具备参与社会生活的基本能力；珍爱生命，热爱生活，具备积极向上的人生态度，能在学习和生活中进行正确的判断和选择，自觉践行社会主义核心价值观；能运用自己所了解的法律知识认识和评价社会生活现象，用法律维护自己作为未成年人的权益；能以积极态度对待自己面对的各种挑战，主动承担自己力所能及的责任，具备服务社会、奉献社会的意识和能力。",
      "academicQuality": "能够结合史实阐明伟大建党精神是中国共产党的精神之源，是我们党领导人民向第二个百年奋斗目标进军的强大动力（政治认同、道德修养）；能够结合实例初步阐释中国共产党为什么能、中国特色社会主义为什么好，归根到底是马克思主义行，是中国化时代化的马克思主义行，了解中国发展的历史方位与中国社会的主要矛盾，能够简要论述习近平新时代中国特色社会主义思想是当代中国马克思主义、二十一世纪马克思主义，能够深刻理解中国特色社会主义进入新时代，党和国家事业取得的历史性成就、发生的历史性变革（政治认同、道德修养）；能够结合实例阐明人民代表大会制度、中国共产党领导的多党合作和政治协商制度、民族区域自治制度、基层民主制度、“一国两制”的基本内容和意义，阐明对全过程人民民主的理解（政治认同、法治观念）；能够尝试化解青春期烦恼，采取正确方法面对成长过程中的顺境和逆境，自我管理，具有亲社会行为，敬畏生命，热爱生活（道德修养、健全人格、责任意识）；能够结合社会发展和个人实际制订个人生涯发展规划，具有建设中国式现代化，实现中华民族伟大复兴的使命感和责任感（政治认同、责任意识）；了解习近平法治思想，具有宪法法律至上的观念，能够正确认识和行使公民权利、履行公民义务，运用实际案例说明与生活相关的法律规定（法治观念、责任意识）；能够举例说明社会主义先进文化、革命文化和中华优秀传统文化的主要特征，坚定文化自信，明确新时代的文化使命（道德修养、政治认同）；能够结合实例理解国家安全是民族复兴的根基，阐明如何自觉维护国家安全（政治认同、法治观念、责任意识）；知道全人类共同价值的内涵，具有初步的国际视野，了解主要的国际组织，阐明维护以联合国为核心的国际体系的意义，阐述构建人类命运共同体的意义（政治认同、责任意识）。",
      "stageObjectives": [
        {
          "coreliteracy": "政治认同",
          "description": "·初步了解党史、新中国史、改革开放史、社会主义发展史、中华民族发展史,知道党的百年奋斗重大成就和历史经验,领悟伟大建党精神的内涵,能够以恰当的方式弘扬爱国主义精神,开展中国共产党人精神谱系教育;了解我国决胜全面建成小康社会取得的决定性成就和全面建设社会主义现代化强国的新征程;理解中国梦的内涵,树立为中华民族伟大复兴而团结奋斗的理想。·体会中华文化的源远流长与博大精深;理解中华优秀传统文化的核心理念、人文精神和传统美德,弘扬民族精神,具有强烈的中华民族自豪感;学习和理解社会主义先进文化和革命文化,坚定文化自信。\n·了解中国共产党带领中国人民进行革命、建设、改革的历史性成就,认识中国共产党在国家独立、人民解放、国家富强、民族复兴进程中的领导作用;积极加入中国共产主义青年团。·了解中国特色社会主义制度的优越性,了解中国式现代化的本质特征。坚定道路自信、理论自信、制度自信、文化自信,能够在生活和学习中自觉维护国家主权、尊严和利益。·理解社会主义核心价值观的内涵及其重要意义,在日常生活和社会活动中自觉践行。"
        },
        {
          "coreliteracy": "道德修养",
          "description": "·形成健康、文明的生活方式,懂得生命的意义,热爱生活。·遵守基本的社交礼仪,理性维护社会公德;理解诚信是做人的基本要求,做到言行一致;团结同学,宽容友爱。·感念父母养育之恩、长辈关爱之情,能够以感恩的心与父母和长辈沟通,能够为父母分忧解难,尊重师长。·维护公共秩序,讲社会公德,爱护公共财物,在公共生活中做一个文明的社会成员。\n·感知劳动创造的成就感、幸福感,领会劳动对个人和社会的价值,形成诚实劳动、劳动创造美好生活意识;初步了解职业道德规范,立志做未来的好建设者。"
        },
        {
          "coreliteracy": "法治观念",
          "description": "·了解法律对个人生活、社会秩序和国家发展的作用,理解法治的本质及特征,了解法治是中国式现代化的重要保障。·了解宪法的主要内容,明确宪法的地位与作用,认识国家基本制度和国家机构,知道中国共产党领导是中国特色社会主义最本质的特征,是中国特色社会主义制度的最大优势。·了解以民法典为代表的、与日常生活相关的法律,理解法律是实现和维护公平正义的基本途径。·认识违法行为及其法律责任,理解犯罪的特征及后果,主动预防未成年人犯罪。\n·了解法律对国家安全的保障作用,自觉履行维护国家安全的义务。"
        },
        {
          "coreliteracy": "健全人格",
          "description": "·懂得生命的意义和价值,热爱生活,确立正确的人生观。·正确认识自己,能够自我反思,不断完善自我,保持乐观的态度,学会合作,树立团队意识。·能够自主调控自身的情绪波动,具有良好的沟通能力,主动建立良好的人际关系。·养成自尊自信的人生态度,在生活中磨炼意志,形成良好的抗挫折能力。\n·能够清楚表达自己的感受和见解，善于倾听他人的意见，自我改进。"
        },
        {
          "coreliteracy": "责任意识",
          "description": "·自觉分担家庭责任，体会敬业精神的重要性，具有较强的责任感。·关心社会，知道我国全过程人民民主的优越性，了解时政，主动参与社会公益活动和志愿者活动；在团队合作互动中增强合作精神和领导力。\n·具备国家利益高于一切的观念,能够以实际行动维护民族团结,捍卫国家主权。·敬畏自然,具有绿色发展理念,初步形成环保意识和生态文明观;能够在日常生活中自觉践行生态文明的理念。"
        }
      ]
    }
  }
]
