[
  {
    "identifier": "urn:jy:dwfz:SB0309:OB0301:Subsection:01",
    "title": "奏响中学序曲",
    "description": "",
    "subject": "SB0309",
    "type": "Subsection",
    "applicableLevel": "OB0301",
    "contentJson": {
      "academicTerm": "初中",
      "grade": "七年级",
      "edition": "统编版",
      "volume": "上册",
      "year": "new",
      "chapter": "第一单元 少年有梦",
      "section": "第一课 开启初中生活"
    }
  },
  {
    "identifier": "urn:jy:dwfz:SB0309:OB0301:Subsection:02",
    "title": "规划初中生活",
    "description": "",
    "subject": "SB0309",
    "type": "Subsection",
    "applicableLevel": "OB0301",
    "contentJson": {
      "academicTerm": "初中",
      "grade": "七年级",
      "edition": "统编版",
      "volume": "上册",
      "year": "new",
      "chapter": "第一单元 少年有梦",
      "section": "第一课 开启初中生活"
    }
  },
  {
    "identifier": "urn:jy:dwfz:SB0309:OB0301:Subsection:03",
    "title": "认识自己",
    "description": "",
    "subject": "SB0309",
    "type": "Subsection",
    "applicableLevel": "OB0301",
    "contentJson": {
      "academicTerm": "初中",
      "grade": "七年级",
      "edition": "统编版",
      "volume": "上册",
      "year": "new",
      "chapter": "第一单元 少年有梦",
      "section": "第二课 正确认识自我"
    }
  },
  {
    "identifier": "urn:jy:dwfz:SB0309:OB0301:Subsection:04",
    "title": "做更好的自己",
    "description": "",
    "subject": "SB0309",
    "type": "Subsection",
    "applicableLevel": "OB0301",
    "contentJson": {
      "academicTerm": "初中",
      "grade": "七年级",
      "edition": "统编版",
      "volume": "上册",
      "year": "new",
      "chapter": "第一单元 少年有梦",
      "section": "第二课 正确认识自我"
    }
  },
  {
    "identifier": "urn:jy:dwfz:SB0309:OB0301:Subsection:05",
    "title": "做有梦想的少年",
    "description": "",
    "subject": "SB0309",
    "type": "Subsection",
    "applicableLevel": "OB0301",
    "contentJson": {
      "academicTerm": "初中",
      "grade": "七年级",
      "edition": "统编版",
      "volume": "上册",
      "year": "new",
      "chapter": "第一单元 少年有梦",
      "section": "第三课 梦想始于当下"
    }
  },
  {
    "identifier": "urn:jy:dwfz:SB0309:OB0301:Subsection:06",
    "title": "学习成就梦想",
    "description": "",
    "subject": "SB0309",
    "type": "Subsection",
    "applicableLevel": "OB0301",
    "contentJson": {
      "academicTerm": "初中",
      "grade": "七年级",
      "edition": "统编版",
      "volume": "上册",
      "year": "new",
      "chapter": "第一单元 少年有梦",
      "section": "第三课 梦想始于当下"
    }
  },
  {
    "identifier": "urn:jy:dwfz:SB0309:OB0301:Subsection:07",
    "title": "家的意味",
    "description": "",
    "subject": "SB0309",
    "type": "Subsection",
    "applicableLevel": "OB0301",
    "contentJson": {
      "academicTerm": "初中",
      "grade": "七年级",
      "edition": "统编版",
      "volume": "上册",
      "year": "new",
      "chapter": "第二单元 成长的时空",
      "section": "第四课 幸福和睦的家庭"
    }
  },
  {
    "identifier": "urn:jy:dwfz:SB0309:OB0301:Subsection:08",
    "title": "让家更美好",
    "description": "",
    "subject": "SB0309",
    "type": "Subsection",
    "applicableLevel": "OB0301",
    "contentJson": {
      "academicTerm": "初中",
      "grade": "七年级",
      "edition": "统编版",
      "volume": "上册",
      "year": "new",
      "chapter": "第二单元 成长的时空",
      "section": "第四课 幸福和睦的家庭"
    }
  },
  {
    "identifier": "urn:jy:dwfz:SB0309:OB0301:Subsection:09",
    "title": "走近老师",
    "description": "",
    "subject": "SB0309",
    "type": "Subsection",
    "applicableLevel": "OB0301",
    "contentJson": {
      "academicTerm": "初中",
      "grade": "七年级",
      "edition": "统编版",
      "volume": "上册",
      "year": "new",
      "chapter": "第二单元 成长的时空",
      "section": "第五课 和谐的师生关系"
    }
  },
  {
    "identifier": "urn:jy:dwfz:SB0309:OB0301:Subsection:10",
    "title": "珍惜师生情谊",
    "description": "",
    "subject": "SB0309",
    "type": "Subsection",
    "applicableLevel": "OB0301",
    "contentJson": {
      "academicTerm": "初中",
      "grade": "七年级",
      "edition": "统编版",
      "volume": "上册",
      "year": "new",
      "chapter": "第二单元 成长的时空",
      "section": "第五课 和谐的师生关系"
    }
  },
  {
    "identifier": "urn:jy:dwfz:SB0309:OB0301:Subsection:11",
    "title": "友谊的真谛",
    "description": "",
    "subject": "SB0309",
    "type": "Subsection",
    "applicableLevel": "OB0301",
    "contentJson": {
      "academicTerm": "初中",
      "grade": "七年级",
      "edition": "统编版",
      "volume": "上册",
      "year": "new",
      "chapter": "第二单元 成长的时空",
      "section": "第六课 友谊之树常青"
    }
  },
  {
    "identifier": "urn:jy:dwfz:SB0309:OB0301:Subsection:12",
    "title": "交友的智慧",
    "description": "",
    "subject": "SB0309",
    "type": "Subsection",
    "applicableLevel": "OB0301",
    "contentJson": {
      "academicTerm": "初中",
      "grade": "七年级",
      "edition": "统编版",
      "volume": "上册",
      "year": "new",
      "chapter": "第二单元 成长的时空",
      "section": "第六课 友谊之树常青"
    }
  },
  {
    "identifier": "urn:jy:dwfz:SB0309:OB0301:Subsection:13",
    "title": "集体生活成就我",
    "description": "",
    "subject": "SB0309",
    "type": "Subsection",
    "applicableLevel": "OB0301",
    "contentJson": {
      "academicTerm": "初中",
      "grade": "七年级",
      "edition": "统编版",
      "volume": "上册",
      "year": "new",
      "chapter": "第二单元 成长的时空",
      "section": "第七课 在集体中成长"
    }
  },
  {
    "identifier": "urn:jy:dwfz:SB0309:OB0301:Subsection:14",
    "title": "共建美好集体",
    "description": "",
    "subject": "SB0309",
    "type": "Subsection",
    "applicableLevel": "OB0301",
    "contentJson": {
      "academicTerm": "初中",
      "grade": "七年级",
      "edition": "统编版",
      "volume": "上册",
      "year": "new",
      "chapter": "第二单元 成长的时空",
      "section": "第七课 在集体中成长"
    }
  },
  {
    "identifier": "urn:jy:dwfz:SB0309:OB0301:Subsection:15",
    "title": "认识生命",
    "description": "",
    "subject": "SB0309",
    "type": "Subsection",
    "applicableLevel": "OB0301",
    "contentJson": {
      "academicTerm": "初中",
      "grade": "七年级",
      "edition": "统编版",
      "volume": "上册",
      "year": "new",
      "chapter": "第三单元 珍爱我们的生命",
      "section": "第八课 生命可贵"
    }
  },
  {
    "identifier": "urn:jy:dwfz:SB0309:OB0301:Subsection:16",
    "title": "敬畏生命",
    "description": "",
    "subject": "SB0309",
    "type": "Subsection",
    "applicableLevel": "OB0301",
    "contentJson": {
      "academicTerm": "初中",
      "grade": "七年级",
      "edition": "统编版",
      "volume": "上册",
      "year": "new",
      "chapter": "第三单元 珍爱我们的生命",
      "section": "第八课 生命可贵"
    }
  },
  {
    "identifier": "urn:jy:dwfz:SB0309:OB0301:Subsection:17",
    "title": "增强安全意识",
    "description": "",
    "subject": "SB0309",
    "type": "Subsection",
    "applicableLevel": "OB0301",
    "contentJson": {
      "academicTerm": "初中",
      "grade": "七年级",
      "edition": "统编版",
      "volume": "上册",
      "year": "new",
      "chapter": "第三单元 珍爱我们的生命",
      "section": "第九课 守护生命安全"
    }
  },
  {
    "identifier": "urn:jy:dwfz:SB0309:OB0301:Subsection:18",
    "title": "提高防护能力",
    "description": "",
    "subject": "SB0309",
    "type": "Subsection",
    "applicableLevel": "OB0301",
    "contentJson": {
      "academicTerm": "初中",
      "grade": "七年级",
      "edition": "统编版",
      "volume": "上册",
      "year": "new",
      "chapter": "第三单元 珍爱我们的生命",
      "section": "第九课 守护生命安全"
    }
  },
  {
    "identifier": "urn:jy:dwfz:SB0309:OB0301:Subsection:19",
    "title": "爱护身体",
    "description": "",
    "subject": "SB0309",
    "type": "Subsection",
    "applicableLevel": "OB0301",
    "contentJson": {
      "academicTerm": "初中",
      "grade": "七年级",
      "edition": "统编版",
      "volume": "上册",
      "year": "new",
      "chapter": "第三单元 珍爱我们的生命",
      "section": "第十课 保持身心健康"
    }
  },
  {
    "identifier": "urn:jy:dwfz:SB0309:OB0301:Subsection:20",
    "title": "滋养心灵",
    "description": "",
    "subject": "SB0309",
    "type": "Subsection",
    "applicableLevel": "OB0301",
    "contentJson": {
      "academicTerm": "初中",
      "grade": "七年级",
      "edition": "统编版",
      "volume": "上册",
      "year": "new",
      "chapter": "第三单元 珍爱我们的生命",
      "section": "第十课 保持身心健康"
    }
  },
  {
    "identifier": "urn:jy:dwfz:SB0309:OB0301:Subsection:21",
    "title": "探问人生目标",
    "description": "",
    "subject": "SB0309",
    "type": "Subsection",
    "applicableLevel": "OB0301",
    "contentJson": {
      "academicTerm": "初中",
      "grade": "七年级",
      "edition": "统编版",
      "volume": "上册",
      "year": "new",
      "chapter": "第四单元 追求美好人生",
      "section": "第十一课 确立人生目标"
    }
  },
  {
    "identifier": "urn:jy:dwfz:SB0309:OB0301:Subsection:22",
    "title": "树立正确的人生目标",
    "description": "",
    "subject": "SB0309",
    "type": "Subsection",
    "applicableLevel": "OB0301",
    "contentJson": {
      "academicTerm": "初中",
      "grade": "七年级",
      "edition": "统编版",
      "volume": "上册",
      "year": "new",
      "chapter": "第四单元 追求美好人生",
      "section": "第十一课 确立人生目标"
    }
  },
  {
    "identifier": "urn:jy:dwfz:SB0309:OB0301:Subsection:23",
    "title": "拥有积极的人生态度",
    "description": "",
    "subject": "SB0309",
    "type": "Subsection",
    "applicableLevel": "OB0301",
    "contentJson": {
      "academicTerm": "初中",
      "grade": "七年级",
      "edition": "统编版",
      "volume": "上册",
      "year": "new",
      "chapter": "第四单元 追求美好人生",
      "section": "第十二课 端正人生态度"
    }
  },
  {
    "identifier": "urn:jy:dwfz:SB0309:OB0301:Subsection:24",
    "title": "正确对待顺境和逆境",
    "description": "",
    "subject": "SB0309",
    "type": "Subsection",
    "applicableLevel": "OB0301",
    "contentJson": {
      "academicTerm": "初中",
      "grade": "七年级",
      "edition": "统编版",
      "volume": "上册",
      "year": "new",
      "chapter": "第四单元 追求美好人生",
      "section": "第十二课 端正人生态度"
    }
  },
  {
    "identifier": "urn:jy:dwfz:SB0309:OB0301:Subsection:25",
    "title": "在劳动中创造人生价值",
    "description": "",
    "subject": "SB0309",
    "type": "Subsection",
    "applicableLevel": "OB0301",
    "contentJson": {
      "academicTerm": "初中",
      "grade": "七年级",
      "edition": "统编版",
      "volume": "上册",
      "year": "new",
      "chapter": "第四单元 追求美好人生",
      "section": "第十三课 实现人生价值"
    }
  },
  {
    "identifier": "urn:jy:dwfz:SB0309:OB0301:Subsection:26",
    "title": "在奉献中成就精彩人生",
    "description": "",
    "subject": "SB0309",
    "type": "Subsection",
    "applicableLevel": "OB0301",
    "contentJson": {
      "academicTerm": "初中",
      "grade": "七年级",
      "edition": "统编版",
      "volume": "上册",
      "year": "new",
      "chapter": "第四单元 追求美好人生",
      "section": "第十三课 实现人生价值"
    }
  },
  {
    "identifier": "urn:jy:dwfz:SB0309:OB0301:Subsection:27",
    "title": "青春的邀约",
    "description": "",
    "subject": "SB0309",
    "type": "Subsection",
    "applicableLevel": "OB0301",
    "contentJson": {
      "academicTerm": "初中",
      "grade": "七年级",
      "edition": "统编版",
      "volume": "下册",
      "year": "new",
      "chapter": "第一单元  珍惜青春时光",
      "section": "第一课  青春正当时"
    }
  },
  {
    "identifier": "urn:jy:dwfz:SB0309:OB0301:Subsection:28",
    "title": "男生女生",
    "description": "",
    "subject": "SB0309",
    "type": "Subsection",
    "applicableLevel": "OB0301",
    "contentJson": {
      "academicTerm": "初中",
      "grade": "七年级",
      "edition": "统编版",
      "volume": "下册",
      "year": "new",
      "chapter": "第一单元  珍惜青春时光",
      "section": "第一课  青春正当时"
    }
  },
  {
    "identifier": "urn:jy:dwfz:SB0309:OB0301:Subsection:29",
    "title": "学会自我保护",
    "description": "",
    "subject": "SB0309",
    "type": "Subsection",
    "applicableLevel": "OB0301",
    "contentJson": {
      "academicTerm": "初中",
      "grade": "七年级",
      "edition": "统编版",
      "volume": "下册",
      "year": "new",
      "chapter": "第一单元  珍惜青春时光",
      "section": "第一课  青春正当时"
    }
  },
  {
    "identifier": "urn:jy:dwfz:SB0309:OB0301:Subsection:30",
    "title": "揭开情绪的面纱",
    "description": "",
    "subject": "SB0309",
    "type": "Subsection",
    "applicableLevel": "OB0301",
    "contentJson": {
      "academicTerm": "初中",
      "grade": "七年级",
      "edition": "统编版",
      "volume": "下册",
      "year": "new",
      "chapter": "第一单元  珍惜青春时光",
      "section": "第二课  做情绪情感的主人"
    }
  },
  {
    "identifier": "urn:jy:dwfz:SB0309:OB0301:Subsection:31",
    "title": "学会管理情绪",
    "description": "",
    "subject": "SB0309",
    "type": "Subsection",
    "applicableLevel": "OB0301",
    "contentJson": {
      "academicTerm": "初中",
      "grade": "七年级",
      "edition": "统编版",
      "volume": "下册",
      "year": "new",
      "chapter": "第一单元  珍惜青春时光",
      "section": "第二课  做情绪情感的主人"
    }
  },
  {
    "identifier": "urn:jy:dwfz:SB0309:OB0301:Subsection:32",
    "title": "品味美好情感",
    "description": "",
    "subject": "SB0309",
    "type": "Subsection",
    "applicableLevel": "OB0301",
    "contentJson": {
      "academicTerm": "初中",
      "grade": "七年级",
      "edition": "统编版",
      "volume": "下册",
      "year": "new",
      "chapter": "第一单元  珍惜青春时光",
      "section": "第二课  做情绪情感的主人"
    }
  },
  {
    "identifier": "urn:jy:dwfz:SB0309:OB0301:Subsection:33",
    "title": "人须有自尊",
    "description": "",
    "subject": "SB0309",
    "type": "Subsection",
    "applicableLevel": "OB0301",
    "contentJson": {
      "academicTerm": "初中",
      "grade": "七年级",
      "edition": "统编版",
      "volume": "下册",
      "year": "new",
      "chapter": "第二单元  焕发青春活力",
      "section": "第三课  人贵自尊"
    }
  },
  {
    "identifier": "urn:jy:dwfz:SB0309:OB0301:Subsection:34",
    "title": "做自尊的人",
    "description": "",
    "subject": "SB0309",
    "type": "Subsection",
    "applicableLevel": "OB0301",
    "contentJson": {
      "academicTerm": "初中",
      "grade": "七年级",
      "edition": "统编版",
      "volume": "下册",
      "year": "new",
      "chapter": "第二单元  焕发青春活力",
      "section": "第三课  人贵自尊"
    }
  },
  {
    "identifier": "urn:jy:dwfz:SB0309:OB0301:Subsection:35",
    "title": "人要有自信",
    "description": "",
    "subject": "SB0309",
    "type": "Subsection",
    "applicableLevel": "OB0301",
    "contentJson": {
      "academicTerm": "初中",
      "grade": "七年级",
      "edition": "统编版",
      "volume": "下册",
      "year": "new",
      "chapter": "第二单元  焕发青春活力",
      "section": "第四课  自信给人力量"
    }
  },
  {
    "identifier": "urn:jy:dwfz:SB0309:OB0301:Subsection:36",
    "title": "做自信的人",
    "description": "",
    "subject": "SB0309",
    "type": "Subsection",
    "applicableLevel": "OB0301",
    "contentJson": {
      "academicTerm": "初中",
      "grade": "七年级",
      "edition": "统编版",
      "volume": "下册",
      "year": "new",
      "chapter": "第二单元  焕发青春活力",
      "section": "第四课  自信给人力量"
    }
  },
  {
    "identifier": "urn:jy:dwfz:SB0309:OB0301:Subsection:37",
    "title": "人要自强",
    "description": "",
    "subject": "SB0309",
    "type": "Subsection",
    "applicableLevel": "OB0301",
    "contentJson": {
      "academicTerm": "初中",
      "grade": "七年级",
      "edition": "统编版",
      "volume": "下册",
      "year": "new",
      "chapter": "第二单元  焕发青春活力",
      "section": "第五课  人生当自强"
    }
  },
  {
    "identifier": "urn:jy:dwfz:SB0309:OB0301:Subsection:38",
    "title": "做自强不息的中国人",
    "description": "",
    "subject": "SB0309",
    "type": "Subsection",
    "applicableLevel": "OB0301",
    "contentJson": {
      "academicTerm": "初中",
      "grade": "七年级",
      "edition": "统编版",
      "volume": "下册",
      "year": "new",
      "chapter": "第二单元  焕发青春活力",
      "section": "第五课  人生当自强"
    }
  },
  {
    "identifier": "urn:jy:dwfz:SB0309:OB0301:Subsection:39",
    "title": "历久弥新的思想理念",
    "description": "",
    "subject": "SB0309",
    "type": "Subsection",
    "applicableLevel": "OB0301",
    "contentJson": {
      "academicTerm": "初中",
      "grade": "七年级",
      "edition": "统编版",
      "volume": "下册",
      "year": "new",
      "chapter": "第三单元  传承中华优秀传统文化",
      "section": "第六课  传承核心思想理念"
    }
  },
  {
    "identifier": "urn:jy:dwfz:SB0309:OB0301:Subsection:40",
    "title": "做核心思想理念的传承者",
    "description": "",
    "subject": "SB0309",
    "type": "Subsection",
    "applicableLevel": "OB0301",
    "contentJson": {
      "academicTerm": "初中",
      "grade": "七年级",
      "edition": "统编版",
      "volume": "下册",
      "year": "new",
      "chapter": "第三单元  传承中华优秀传统文化",
      "section": "第六课  传承核心思想理念"
    }
  },
  {
    "identifier": "urn:jy:dwfz:SB0309:OB0301:Subsection:41",
    "title": "影响深远的人文精神",
    "description": "",
    "subject": "SB0309",
    "type": "Subsection",
    "applicableLevel": "OB0301",
    "contentJson": {
      "academicTerm": "初中",
      "grade": "七年级",
      "edition": "统编版",
      "volume": "下册",
      "year": "new",
      "chapter": "第三单元  传承中华优秀传统文化",
      "section": "第七课  弘扬中华人文精神"
    }
  },
  {
    "identifier": "urn:jy:dwfz:SB0309:OB0301:Subsection:42",
    "title": "做中华人文精神的弘扬者",
    "description": "",
    "subject": "SB0309",
    "type": "Subsection",
    "applicableLevel": "OB0301",
    "contentJson": {
      "academicTerm": "初中",
      "grade": "七年级",
      "edition": "统编版",
      "volume": "下册",
      "year": "new",
      "chapter": "第三单元  传承中华优秀传统文化",
      "section": "第七课  弘扬中华人文精神"
    }
  },
  {
    "identifier": "urn:jy:dwfz:SB0309:OB0301:Subsection:43",
    "title": "薪火相传的传统美德",
    "description": "",
    "subject": "SB0309",
    "type": "Subsection",
    "applicableLevel": "OB0301",
    "contentJson": {
      "academicTerm": "初中",
      "grade": "七年级",
      "edition": "统编版",
      "volume": "下册",
      "year": "new",
      "chapter": "第三单元  传承中华优秀传统文化",
      "section": "第八课  践行中华传统美德"
    }
  },
  {
    "identifier": "urn:jy:dwfz:SB0309:OB0301:Subsection:44",
    "title": "做中华传统美德的践行者",
    "description": "",
    "subject": "SB0309",
    "type": "Subsection",
    "applicableLevel": "OB0301",
    "contentJson": {
      "academicTerm": "初中",
      "grade": "七年级",
      "edition": "统编版",
      "volume": "下册",
      "year": "new",
      "chapter": "第三单元  传承中华优秀传统文化",
      "section": "第八课  践行中华传统美德"
    }
  },
  {
    "identifier": "urn:jy:dwfz:SB0309:OB0301:Subsection:45",
    "title": "日益完善的法律体系",
    "description": "",
    "subject": "SB0309",
    "type": "Subsection",
    "applicableLevel": "OB0301",
    "contentJson": {
      "academicTerm": "初中",
      "grade": "七年级",
      "edition": "统编版",
      "volume": "下册",
      "year": "new",
      "chapter": "第四单元  生活在法治社会",
      "section": "第九课  法律为我们护航"
    }
  },
  {
    "identifier": "urn:jy:dwfz:SB0309:OB0301:Subsection:46",
    "title": "法律保障生活",
    "description": "",
    "subject": "SB0309",
    "type": "Subsection",
    "applicableLevel": "OB0301",
    "contentJson": {
      "academicTerm": "初中",
      "grade": "七年级",
      "edition": "统编版",
      "volume": "下册",
      "year": "new",
      "chapter": "第四单元  生活在法治社会",
      "section": "第九课  法律为我们护航"
    }
  },
  {
    "identifier": "urn:jy:dwfz:SB0309:OB0301:Subsection:47",
    "title": "认识民法典",
    "description": "",
    "subject": "SB0309",
    "type": "Subsection",
    "applicableLevel": "OB0301",
    "contentJson": {
      "academicTerm": "初中",
      "grade": "七年级",
      "edition": "统编版",
      "volume": "下册",
      "year": "new",
      "chapter": "第四单元  生活在法治社会",
      "section": "第十课  走近民法典"
    }
  },
  {
    "identifier": "urn:jy:dwfz:SB0309:OB0301:Subsection:48",
    "title": "保护人身权",
    "description": "",
    "subject": "SB0309",
    "type": "Subsection",
    "applicableLevel": "OB0301",
    "contentJson": {
      "academicTerm": "初中",
      "grade": "七年级",
      "edition": "统编版",
      "volume": "下册",
      "year": "new",
      "chapter": "第四单元  生活在法治社会",
      "section": "第十课  走近民法典"
    }
  },
  {
    "identifier": "urn:jy:dwfz:SB0309:OB0301:Subsection:49",
    "title": "保障财产权",
    "description": "",
    "subject": "SB0309",
    "type": "Subsection",
    "applicableLevel": "OB0301",
    "contentJson": {
      "academicTerm": "初中",
      "grade": "七年级",
      "edition": "统编版",
      "volume": "下册",
      "year": "new",
      "chapter": "第四单元  生活在法治社会",
      "section": "第十课  走近民法典"
    }
  },
  {
    "identifier": "urn:jy:dwfz:SB0309:OB0301:Subsection:50",
    "title": "法不可违",
    "description": "",
    "subject": "SB0309",
    "type": "Subsection",
    "applicableLevel": "OB0301",
    "contentJson": {
      "academicTerm": "初中",
      "grade": "七年级",
      "edition": "统编版",
      "volume": "下册",
      "year": "new",
      "chapter": "第四单元  生活在法治社会",
      "section": "第十一课  远离违法犯罪"
    }
  },
  {
    "identifier": "urn:jy:dwfz:SB0309:OB0301:Subsection:51",
    "title": "犯罪与刑罚",
    "description": "",
    "subject": "SB0309",
    "type": "Subsection",
    "applicableLevel": "OB0301",
    "contentJson": {
      "academicTerm": "初中",
      "grade": "七年级",
      "edition": "统编版",
      "volume": "下册",
      "year": "new",
      "chapter": "第四单元  生活在法治社会",
      "section": "第十一课  远离违法犯罪"
    }
  },
  {
    "identifier": "urn:jy:dwfz:SB0309:OB0301:Subsection:52",
    "title": "严于律己",
    "description": "",
    "subject": "SB0309",
    "type": "Subsection",
    "applicableLevel": "OB0301",
    "contentJson": {
      "academicTerm": "初中",
      "grade": "七年级",
      "edition": "统编版",
      "volume": "下册",
      "year": "new",
      "chapter": "第四单元  生活在法治社会",
      "section": "第十一课  远离违法犯罪"
    }
  },
  {
    "identifier": "urn:jy:dwfz:SB0309:OB0302:Subsection:53",
    "title": "认识社会生活",
    "description": "",
    "subject": "SB0309",
    "type": "Subsection",
    "applicableLevel": "OB0302",
    "contentJson": {
      "academicTerm": "初中",
      "grade": "八年级",
      "edition": "统编版",
      "volume": "上册",
      "year": "new",
      "chapter": "第一单元走进社会生活",
      "section": "第一课丰富的社会生活"
    }
  },
  {
    "identifier": "urn:jy:dwfz:SB0309:OB0302:Subsection:54",
    "title": "我们都是社会的一员",
    "description": "",
    "subject": "SB0309",
    "type": "Subsection",
    "applicableLevel": "OB0302",
    "contentJson": {
      "academicTerm": "初中",
      "grade": "八年级",
      "edition": "统编版",
      "volume": "上册",
      "year": "new",
      "chapter": "第一单元走进社会生活",
      "section": "第一课丰富的社会生活"
    }
  },
  {
    "identifier": "urn:jy:dwfz:SB0309:OB0302:Subsection:55",
    "title": "人的社会化",
    "description": "",
    "subject": "SB0309",
    "type": "Subsection",
    "applicableLevel": "OB0302",
    "contentJson": {
      "academicTerm": "初中",
      "grade": "八年级",
      "edition": "统编版",
      "volume": "上册",
      "year": "new",
      "chapter": "第一单元走进社会生活",
      "section": "第二课在社会中健康成长"
    }
  },
  {
    "identifier": "urn:jy:dwfz:SB0309:OB0302:Subsection:56",
    "title": "养成亲社会行为",
    "description": "",
    "subject": "SB0309",
    "type": "Subsection",
    "applicableLevel": "OB0302",
    "contentJson": {
      "academicTerm": "初中",
      "grade": "八年级",
      "edition": "统编版",
      "volume": "上册",
      "year": "new",
      "chapter": "第一单元走进社会生活",
      "section": "第二课在社会中健康成长"
    }
  },
  {
    "identifier": "urn:jy:dwfz:SB0309:OB0302:Subsection:57",
    "title": "网络改变世界",
    "description": "",
    "subject": "SB0309",
    "type": "Subsection",
    "applicableLevel": "OB0302",
    "contentJson": {
      "academicTerm": "初中",
      "grade": "八年级",
      "edition": "统编版",
      "volume": "上册",
      "year": "new",
      "chapter": "第一单元走进社会生活",
      "section": "第三课共建网络美好家园"
    }
  },
  {
    "identifier": "urn:jy:dwfz:SB0309:OB0302:Subsection:58",
    "title": "营造清朗空间",
    "description": "",
    "subject": "SB0309",
    "type": "Subsection",
    "applicableLevel": "OB0302",
    "contentJson": {
      "academicTerm": "初中",
      "grade": "八年级",
      "edition": "统编版",
      "volume": "上册",
      "year": "new",
      "chapter": "第一单元走进社会生活",
      "section": "第三课共建网络美好家园"
    }
  },
  {
    "identifier": "urn:jy:dwfz:SB0309:OB0302:Subsection:59",
    "title": "维护秩序靠规则",
    "description": "",
    "subject": "SB0309",
    "type": "Subsection",
    "applicableLevel": "OB0302",
    "contentJson": {
      "academicTerm": "初中",
      "grade": "八年级",
      "edition": "统编版",
      "volume": "上册",
      "year": "new",
      "chapter": "第二单元 维护社会秩序",
      "section": "第四课 遵守社会规则"
    }
  },
  {
    "identifier": "urn:jy:dwfz:SB0309:OB0302:Subsection:60",
    "title": "遵守规则",
    "description": "",
    "subject": "SB0309",
    "type": "Subsection",
    "applicableLevel": "OB0302",
    "contentJson": {
      "academicTerm": "初中",
      "grade": "八年级",
      "edition": "统编版",
      "volume": "上册",
      "year": "new",
      "chapter": "第二单元 维护社会秩序",
      "section": "第四课 遵守社会规则"
    }
  },
  {
    "identifier": "urn:jy:dwfz:SB0309:OB0302:Subsection:61",
    "title": "文明有礼",
    "description": "",
    "subject": "SB0309",
    "type": "Subsection",
    "applicableLevel": "OB0302",
    "contentJson": {
      "academicTerm": "初中",
      "grade": "八年级",
      "edition": "统编版",
      "volume": "上册",
      "year": "new",
      "chapter": "第二单元 维护社会秩序",
      "section": "第五课 社会生活讲道德"
    }
  },
  {
    "identifier": "urn:jy:dwfz:SB0309:OB0302:Subsection:62",
    "title": "诚实守信",
    "description": "",
    "subject": "SB0309",
    "type": "Subsection",
    "applicableLevel": "OB0302",
    "contentJson": {
      "academicTerm": "初中",
      "grade": "八年级",
      "edition": "统编版",
      "volume": "上册",
      "year": "new",
      "chapter": "第二单元 维护社会秩序",
      "section": "第五课 社会生活讲道德"
    }
  },
  {
    "identifier": "urn:jy:dwfz:SB0309:OB0302:Subsection:63",
    "title": "友善待人",
    "description": "",
    "subject": "SB0309",
    "type": "Subsection",
    "applicableLevel": "OB0302",
    "contentJson": {
      "academicTerm": "初中",
      "grade": "八年级",
      "edition": "统编版",
      "volume": "上册",
      "year": "new",
      "chapter": "第二单元 维护社会秩序",
      "section": "第五课 社会生活讲道德"
    }
  },
  {
    "identifier": "urn:jy:dwfz:SB0309:OB0302:Subsection:64",
    "title": "树立法治观念",
    "description": "",
    "subject": "SB0309",
    "type": "Subsection",
    "applicableLevel": "OB0302",
    "contentJson": {
      "academicTerm": "初中",
      "grade": "八年级",
      "edition": "统编版",
      "volume": "上册",
      "year": "new",
      "chapter": "第二单元 维护社会秩序",
      "section": "第六课 提升法治素养"
    }
  },
  {
    "identifier": "urn:jy:dwfz:SB0309:OB0302:Subsection:65",
    "title": "学会依法办事",
    "description": "",
    "subject": "SB0309",
    "type": "Subsection",
    "applicableLevel": "OB0302",
    "contentJson": {
      "academicTerm": "初中",
      "grade": "八年级",
      "edition": "统编版",
      "volume": "上册",
      "year": "new",
      "chapter": "第二单元 维护社会秩序",
      "section": "第六课 提升法治素养"
    }
  },
  {
    "identifier": "urn:jy:dwfz:SB0309:OB0302:Subsection:66",
    "title": "珍视自由",
    "description": "",
    "subject": "SB0309",
    "type": "Subsection",
    "applicableLevel": "OB0302",
    "contentJson": {
      "academicTerm": "初中",
      "grade": "八年级",
      "edition": "统编版",
      "volume": "上册",
      "year": "new",
      "chapter": "第三单元 勇担社会责任",
      "section": "第七课 追求自由平等"
    }
  },
  {
    "identifier": "urn:jy:dwfz:SB0309:OB0302:Subsection:67",
    "title": "践行平等",
    "description": "",
    "subject": "SB0309",
    "type": "Subsection",
    "applicableLevel": "OB0302",
    "contentJson": {
      "academicTerm": "初中",
      "grade": "八年级",
      "edition": "统编版",
      "volume": "上册",
      "year": "new",
      "chapter": "第三单元 勇担社会责任",
      "section": "第七课 追求自由平等"
    }
  },
  {
    "identifier": "urn:jy:dwfz:SB0309:OB0302:Subsection:68",
    "title": "坚守公平",
    "description": "",
    "subject": "SB0309",
    "type": "Subsection",
    "applicableLevel": "OB0302",
    "contentJson": {
      "academicTerm": "初中",
      "grade": "八年级",
      "edition": "统编版",
      "volume": "上册",
      "year": "new",
      "chapter": "第三单元 勇担社会责任",
      "section": "第八课 维护公平正义"
    }
  },
  {
    "identifier": "urn:jy:dwfz:SB0309:OB0302:Subsection:69",
    "title": "守护正义",
    "description": "",
    "subject": "SB0309",
    "type": "Subsection",
    "applicableLevel": "OB0302",
    "contentJson": {
      "academicTerm": "初中",
      "grade": "八年级",
      "edition": "统编版",
      "volume": "上册",
      "year": "new",
      "chapter": "第三单元 勇担社会责任",
      "section": "第八课 维护公平正义"
    }
  },
  {
    "identifier": "urn:jy:dwfz:SB0309:OB0302:Subsection:70",
    "title": "社会责任我担当",
    "description": "",
    "subject": "SB0309",
    "type": "Subsection",
    "applicableLevel": "OB0302",
    "contentJson": {
      "academicTerm": "初中",
      "grade": "八年级",
      "edition": "统编版",
      "volume": "上册",
      "year": "new",
      "chapter": "第三单元 勇担社会责任",
      "section": "第九课 积极奉献社会"
    }
  },
  {
    "identifier": "urn:jy:dwfz:SB0309:OB0302:Subsection:71",
    "title": "奉献社会我践行",
    "description": "",
    "subject": "SB0309",
    "type": "Subsection",
    "applicableLevel": "OB0302",
    "contentJson": {
      "academicTerm": "初中",
      "grade": "八年级",
      "edition": "统编版",
      "volume": "上册",
      "year": "new",
      "chapter": "第三单元 勇担社会责任",
      "section": "第九课 积极奉献社会"
    }
  },
  {
    "identifier": "urn:jy:dwfz:SB0309:OB0302:Subsection:72",
    "title": "国家利益高于一切",
    "description": "",
    "subject": "SB0309",
    "type": "Subsection",
    "applicableLevel": "OB0302",
    "contentJson": {
      "academicTerm": "初中",
      "grade": "八年级",
      "edition": "统编版",
      "volume": "上册",
      "year": "new",
      "chapter": "第四单元 维护国家利益",
      "section": "第十课 国家利益至上"
    }
  },
  {
    "identifier": "urn:jy:dwfz:SB0309:OB0302:Subsection:73",
    "title": "捍卫国家利益",
    "description": "",
    "subject": "SB0309",
    "type": "Subsection",
    "applicableLevel": "OB0302",
    "contentJson": {
      "academicTerm": "初中",
      "grade": "八年级",
      "edition": "统编版",
      "volume": "上册",
      "year": "new",
      "chapter": "第四单元 维护国家利益",
      "section": "第十课 国家利益至上"
    }
  },
  {
    "identifier": "urn:jy:dwfz:SB0309:OB0302:Subsection:74",
    "title": "党和人民信赖的英雄军队",
    "description": "",
    "subject": "SB0309",
    "type": "Subsection",
    "applicableLevel": "OB0302",
    "contentJson": {
      "academicTerm": "初中",
      "grade": "八年级",
      "edition": "统编版",
      "volume": "上册",
      "year": "new",
      "chapter": "第四单元 维护国家利益",
      "section": "第十一课 军强才能国安"
    }
  },
  {
    "identifier": "urn:jy:dwfz:SB0309:OB0302:Subsection:75",
    "title": "全面推进国防和军队现代化",
    "description": "",
    "subject": "SB0309",
    "type": "Subsection",
    "applicableLevel": "OB0302",
    "contentJson": {
      "academicTerm": "初中",
      "grade": "八年级",
      "edition": "统编版",
      "volume": "上册",
      "year": "new",
      "chapter": "第四单元 维护国家利益",
      "section": "第十一课 军强才能国安"
    }
  },
  {
    "identifier": "urn:jy:dwfz:SB0309:OB0302:Subsection:76",
    "title": "认识国家安全",
    "description": "",
    "subject": "SB0309",
    "type": "Subsection",
    "applicableLevel": "OB0302",
    "contentJson": {
      "academicTerm": "初中",
      "grade": "八年级",
      "edition": "统编版",
      "volume": "上册",
      "year": "new",
      "chapter": "第四单元 维护国家利益",
      "section": "第十二课 树立总体国家安全观"
    }
  },
  {
    "identifier": "urn:jy:dwfz:SB0309:OB0302:Subsection:77",
    "title": "维护国家安全",
    "description": "",
    "subject": "SB0309",
    "type": "Subsection",
    "applicableLevel": "OB0302",
    "contentJson": {
      "academicTerm": "初中",
      "grade": "八年级",
      "edition": "统编版",
      "volume": "上册",
      "year": "new",
      "chapter": "第四单元 维护国家利益",
      "section": "第十二课 树立总体国家安全观"
    }
  },
  {
    "identifier": "urn:jy:dwfz:SB0309:OB0302:Subsection:78",
    "title": "公民权利的保障书",
    "description": "",
    "subject": "SB0309",
    "type": "Subsection",
    "applicableLevel": "OB0302",
    "contentJson": {
      "academicTerm": "初中",
      "grade": "八年级",
      "edition": "统编版",
      "volume": "下册",
      "year": "old",
      "chapter": "第一单元 坚持宪法至上",
      "section": "第一课 维护宪法权威"
    }
  },
  {
    "identifier": "urn:jy:dwfz:SB0309:OB0302:Subsection:79",
    "title": "治国安邦的总章程",
    "description": "",
    "subject": "SB0309",
    "type": "Subsection",
    "applicableLevel": "OB0302",
    "contentJson": {
      "academicTerm": "初中",
      "grade": "八年级",
      "edition": "统编版",
      "volume": "下册",
      "year": "old",
      "chapter": "第一单元 坚持宪法至上",
      "section": "第一课 维护宪法权威"
    }
  },
  {
    "identifier": "urn:jy:dwfz:SB0309:OB0302:Subsection:80",
    "title": "党的主张和人民意志的统一",
    "description": "",
    "subject": "SB0309",
    "type": "Subsection",
    "applicableLevel": "OB0302",
    "contentJson": {
      "academicTerm": "初中",
      "grade": "八年级",
      "edition": "统编版",
      "volume": "下册",
      "year": "old",
      "chapter": "第一单元 坚持宪法至上",
      "section": "第一课 维护宪法权威"
    }
  },
  {
    "identifier": "urn:jy:dwfz:SB0309:OB0302:Subsection:81",
    "title": "坚持依宪治国",
    "description": "",
    "subject": "SB0309",
    "type": "Subsection",
    "applicableLevel": "OB0302",
    "contentJson": {
      "academicTerm": "初中",
      "grade": "八年级",
      "edition": "统编版",
      "volume": "下册",
      "year": "old",
      "chapter": "第一单元 坚持宪法至上",
      "section": "第二课 保障宪法实施"
    }
  },
  {
    "identifier": "urn:jy:dwfz:SB0309:OB0302:Subsection:82",
    "title": "加强宪法监督",
    "description": "",
    "subject": "SB0309",
    "type": "Subsection",
    "applicableLevel": "OB0302",
    "contentJson": {
      "academicTerm": "初中",
      "grade": "八年级",
      "edition": "统编版",
      "volume": "下册",
      "year": "old",
      "chapter": "第一单元 坚持宪法至上",
      "section": "第二课 保障宪法实施"
    }
  },
  {
    "identifier": "urn:jy:dwfz:SB0309:OB0302:Subsection:83",
    "title": "公民基本权利",
    "description": "",
    "subject": "SB0309",
    "type": "Subsection",
    "applicableLevel": "OB0302",
    "contentJson": {
      "academicTerm": "初中",
      "grade": "八年级",
      "edition": "统编版",
      "volume": "下册",
      "year": "old",
      "chapter": "第二单元 理解权利义务",
      "section": "第三课 公民权利"
    }
  },
  {
    "identifier": "urn:jy:dwfz:SB0309:OB0302:Subsection:84",
    "title": "依法行使权利",
    "description": "",
    "subject": "SB0309",
    "type": "Subsection",
    "applicableLevel": "OB0302",
    "contentJson": {
      "academicTerm": "初中",
      "grade": "八年级",
      "edition": "统编版",
      "volume": "下册",
      "year": "old",
      "chapter": "第二单元 理解权利义务",
      "section": "第三课 公民权利"
    }
  },
  {
    "identifier": "urn:jy:dwfz:SB0309:OB0302:Subsection:85",
    "title": "公民基本义务",
    "description": "",
    "subject": "SB0309",
    "type": "Subsection",
    "applicableLevel": "OB0302",
    "contentJson": {
      "academicTerm": "初中",
      "grade": "八年级",
      "edition": "统编版",
      "volume": "下册",
      "year": "old",
      "chapter": "第二单元 理解权利义务",
      "section": "第四课 公民义务"
    }
  },
  {
    "identifier": "urn:jy:dwfz:SB0309:OB0302:Subsection:86",
    "title": "依法履行义务",
    "description": "",
    "subject": "SB0309",
    "type": "Subsection",
    "applicableLevel": "OB0302",
    "contentJson": {
      "academicTerm": "初中",
      "grade": "八年级",
      "edition": "统编版",
      "volume": "下册",
      "year": "old",
      "chapter": "第二单元 理解权利义务",
      "section": "第四课 公民义务"
    }
  },
  {
    "identifier": "urn:jy:dwfz:SB0309:OB0302:Subsection:87",
    "title": "基本经济制度",
    "description": "",
    "subject": "SB0309",
    "type": "Subsection",
    "applicableLevel": "OB0302",
    "contentJson": {
      "academicTerm": "初中",
      "grade": "八年级",
      "edition": "统编版",
      "volume": "下册",
      "year": "old",
      "chapter": "第三单元 人民当家作主",
      "section": "第五课 我国的政治和经济制度"
    }
  },
  {
    "identifier": "urn:jy:dwfz:SB0309:OB0302:Subsection:88",
    "title": "根本政治制度",
    "description": "",
    "subject": "SB0309",
    "type": "Subsection",
    "applicableLevel": "OB0302",
    "contentJson": {
      "academicTerm": "初中",
      "grade": "八年级",
      "edition": "统编版",
      "volume": "下册",
      "year": "old",
      "chapter": "第三单元 人民当家作主",
      "section": "第五课 我国的政治和经济制度"
    }
  },
  {
    "identifier": "urn:jy:dwfz:SB0309:OB0302:Subsection:89",
    "title": "基本政治制度",
    "description": "",
    "subject": "SB0309",
    "type": "Subsection",
    "applicableLevel": "OB0302",
    "contentJson": {
      "academicTerm": "初中",
      "grade": "八年级",
      "edition": "统编版",
      "volume": "下册",
      "year": "old",
      "chapter": "第三单元 人民当家作主",
      "section": "第五课 我国的政治和经济制度"
    }
  },
  {
    "identifier": "urn:jy:dwfz:SB0309:OB0302:Subsection:90",
    "title": "国家权力机关",
    "description": "",
    "subject": "SB0309",
    "type": "Subsection",
    "applicableLevel": "OB0302",
    "contentJson": {
      "academicTerm": "初中",
      "grade": "八年级",
      "edition": "统编版",
      "volume": "下册",
      "year": "old",
      "chapter": "第三单元 人民当家作主",
      "section": "第六课 我国国家机构"
    }
  },
  {
    "identifier": "urn:jy:dwfz:SB0309:OB0302:Subsection:91",
    "title": "中华人民共和国主席",
    "description": "",
    "subject": "SB0309",
    "type": "Subsection",
    "applicableLevel": "OB0302",
    "contentJson": {
      "academicTerm": "初中",
      "grade": "八年级",
      "edition": "统编版",
      "volume": "下册",
      "year": "old",
      "chapter": "第三单元 人民当家作主",
      "section": "第六课 我国国家机构"
    }
  },
  {
    "identifier": "urn:jy:dwfz:SB0309:OB0302:Subsection:92",
    "title": "国家行政机关",
    "description": "",
    "subject": "SB0309",
    "type": "Subsection",
    "applicableLevel": "OB0302",
    "contentJson": {
      "academicTerm": "初中",
      "grade": "八年级",
      "edition": "统编版",
      "volume": "下册",
      "year": "old",
      "chapter": "第三单元 人民当家作主",
      "section": "第六课 我国国家机构"
    }
  },
  {
    "identifier": "urn:jy:dwfz:SB0309:OB0302:Subsection:93",
    "title": "国家监察机关",
    "description": "",
    "subject": "SB0309",
    "type": "Subsection",
    "applicableLevel": "OB0302",
    "contentJson": {
      "academicTerm": "初中",
      "grade": "八年级",
      "edition": "统编版",
      "volume": "下册",
      "year": "old",
      "chapter": "第三单元 人民当家作主",
      "section": "第六课 我国国家机构"
    }
  },
  {
    "identifier": "urn:jy:dwfz:SB0309:OB0302:Subsection:94",
    "title": "国家司法机关",
    "description": "",
    "subject": "SB0309",
    "type": "Subsection",
    "applicableLevel": "OB0302",
    "contentJson": {
      "academicTerm": "初中",
      "grade": "八年级",
      "edition": "统编版",
      "volume": "下册",
      "year": "old",
      "chapter": "第三单元 人民当家作主",
      "section": "第六课 我国国家机构"
    }
  },
  {
    "identifier": "urn:jy:dwfz:SB0309:OB0302:Subsection:95",
    "title": "自由平等的真谛",
    "description": "",
    "subject": "SB0309",
    "type": "Subsection",
    "applicableLevel": "OB0302",
    "contentJson": {
      "academicTerm": "初中",
      "grade": "八年级",
      "edition": "统编版",
      "volume": "下册",
      "year": "old",
      "chapter": "第四单元 崇尚法治精神",
      "section": "第七课 尊重自由平等"
    }
  },
  {
    "identifier": "urn:jy:dwfz:SB0309:OB0302:Subsection:96",
    "title": "自由平等的追求",
    "description": "",
    "subject": "SB0309",
    "type": "Subsection",
    "applicableLevel": "OB0302",
    "contentJson": {
      "academicTerm": "初中",
      "grade": "八年级",
      "edition": "统编版",
      "volume": "下册",
      "year": "old",
      "chapter": "第四单元 崇尚法治精神",
      "section": "第七课 尊重自由平等"
    }
  },
  {
    "identifier": "urn:jy:dwfz:SB0309:OB0302:Subsection:97",
    "title": "公平正义的价值",
    "description": "",
    "subject": "SB0309",
    "type": "Subsection",
    "applicableLevel": "OB0302",
    "contentJson": {
      "academicTerm": "初中",
      "grade": "八年级",
      "edition": "统编版",
      "volume": "下册",
      "year": "old",
      "chapter": "第四单元 崇尚法治精神",
      "section": "第八课 维护公平正义"
    }
  },
  {
    "identifier": "urn:jy:dwfz:SB0309:OB0302:Subsection:98",
    "title": "公平正义的守护",
    "description": "",
    "subject": "SB0309",
    "type": "Subsection",
    "applicableLevel": "OB0302",
    "contentJson": {
      "academicTerm": "初中",
      "grade": "八年级",
      "edition": "统编版",
      "volume": "下册",
      "year": "old",
      "chapter": "第四单元 崇尚法治精神",
      "section": "第八课 维护公平正义"
    }
  },
  {
    "identifier": "urn:jy:dwfz:SB0309:OB0303:Subsection:99",
    "title": "坚持改革开放",
    "description": "",
    "subject": "SB0309",
    "type": "Subsection",
    "applicableLevel": "OB0303",
    "contentJson": {
      "academicTerm": "初中",
      "grade": "九年级",
      "edition": "统编版",
      "volume": "上册",
      "year": "old",
      "chapter": "第一单元 富强与创新",
      "section": "第一课 踏上强国之路"
    }
  },
  {
    "identifier": "urn:jy:dwfz:SB0309:OB0303:Subsection:100",
    "title": "走向共同富裕",
    "description": "",
    "subject": "SB0309",
    "type": "Subsection",
    "applicableLevel": "OB0303",
    "contentJson": {
      "academicTerm": "初中",
      "grade": "九年级",
      "edition": "统编版",
      "volume": "上册",
      "year": "old",
      "chapter": "第一单元 富强与创新",
      "section": "第一课 踏上强国之路"
    }
  },
  {
    "identifier": "urn:jy:dwfz:SB0309:OB0303:Subsection:101",
    "title": "创新改变生活",
    "description": "",
    "subject": "SB0309",
    "type": "Subsection",
    "applicableLevel": "OB0303",
    "contentJson": {
      "academicTerm": "初中",
      "grade": "九年级",
      "edition": "统编版",
      "volume": "上册",
      "year": "old",
      "chapter": "第一单元 富强与创新",
      "section": "第二课 创新驱动发展"
    }
  },
  {
    "identifier": "urn:jy:dwfz:SB0309:OB0303:Subsection:102",
    "title": "创新永无止境",
    "description": "",
    "subject": "SB0309",
    "type": "Subsection",
    "applicableLevel": "OB0303",
    "contentJson": {
      "academicTerm": "初中",
      "grade": "九年级",
      "edition": "统编版",
      "volume": "上册",
      "year": "old",
      "chapter": "第一单元 富强与创新",
      "section": "第二课 创新驱动发展"
    }
  },
  {
    "identifier": "urn:jy:dwfz:SB0309:OB0303:Subsection:103",
    "title": "生活在新型民主国家",
    "description": "",
    "subject": "SB0309",
    "type": "Subsection",
    "applicableLevel": "OB0303",
    "contentJson": {
      "academicTerm": "初中",
      "grade": "九年级",
      "edition": "统编版",
      "volume": "上册",
      "year": "old",
      "chapter": "第二单元 民主与法治",
      "section": "第三课 追求民主价值"
    }
  },
  {
    "identifier": "urn:jy:dwfz:SB0309:OB0303:Subsection:104",
    "title": "参与民主生活",
    "description": "",
    "subject": "SB0309",
    "type": "Subsection",
    "applicableLevel": "OB0303",
    "contentJson": {
      "academicTerm": "初中",
      "grade": "九年级",
      "edition": "统编版",
      "volume": "上册",
      "year": "old",
      "chapter": "第二单元 民主与法治",
      "section": "第三课 追求民主价值"
    }
  },
  {
    "identifier": "urn:jy:dwfz:SB0309:OB0303:Subsection:105",
    "title": "夯实法治基础",
    "description": "",
    "subject": "SB0309",
    "type": "Subsection",
    "applicableLevel": "OB0303",
    "contentJson": {
      "academicTerm": "初中",
      "grade": "九年级",
      "edition": "统编版",
      "volume": "上册",
      "year": "old",
      "chapter": "第二单元 民主与法治",
      "section": "第四课 建设法治中国"
    }
  },
  {
    "identifier": "urn:jy:dwfz:SB0309:OB0303:Subsection:106",
    "title": "凝聚法治共识",
    "description": "",
    "subject": "SB0309",
    "type": "Subsection",
    "applicableLevel": "OB0303",
    "contentJson": {
      "academicTerm": "初中",
      "grade": "九年级",
      "edition": "统编版",
      "volume": "上册",
      "year": "old",
      "chapter": "第二单元 民主与法治",
      "section": "第四课 建设法治中国"
    }
  },
  {
    "identifier": "urn:jy:dwfz:SB0309:OB0303:Subsection:107",
    "title": "延续文化血脉",
    "description": "",
    "subject": "SB0309",
    "type": "Subsection",
    "applicableLevel": "OB0303",
    "contentJson": {
      "academicTerm": "初中",
      "grade": "九年级",
      "edition": "统编版",
      "volume": "上册",
      "year": "old",
      "chapter": "第三单元 文明与家园",
      "section": "第五课 守望精神家园"
    }
  },
  {
    "identifier": "urn:jy:dwfz:SB0309:OB0303:Subsection:108",
    "title": "凝聚价值追求",
    "description": "",
    "subject": "SB0309",
    "type": "Subsection",
    "applicableLevel": "OB0303",
    "contentJson": {
      "academicTerm": "初中",
      "grade": "九年级",
      "edition": "统编版",
      "volume": "上册",
      "year": "old",
      "chapter": "第三单元 文明与家园",
      "section": "第五课 守望精神家园"
    }
  },
  {
    "identifier": "urn:jy:dwfz:SB0309:OB0303:Subsection:109",
    "title": "正视发展挑战",
    "description": "",
    "subject": "SB0309",
    "type": "Subsection",
    "applicableLevel": "OB0303",
    "contentJson": {
      "academicTerm": "初中",
      "grade": "九年级",
      "edition": "统编版",
      "volume": "上册",
      "year": "old",
      "chapter": "第三单元 文明与家园",
      "section": "第六课 建设美丽中国"
    }
  },
  {
    "identifier": "urn:jy:dwfz:SB0309:OB0303:Subsection:110",
    "title": "共筑生命家园",
    "description": "",
    "subject": "SB0309",
    "type": "Subsection",
    "applicableLevel": "OB0303",
    "contentJson": {
      "academicTerm": "初中",
      "grade": "九年级",
      "edition": "统编版",
      "volume": "上册",
      "year": "old",
      "chapter": "第三单元 文明与家园",
      "section": "第六课 建设美丽中国"
    }
  },
  {
    "identifier": "urn:jy:dwfz:SB0309:OB0303:Subsection:111",
    "title": "促进民族团结",
    "description": "",
    "subject": "SB0309",
    "type": "Subsection",
    "applicableLevel": "OB0303",
    "contentJson": {
      "academicTerm": "初中",
      "grade": "九年级",
      "edition": "统编版",
      "volume": "上册",
      "year": "old",
      "chapter": "第四单元 和谐与梦想",
      "section": "第七课 中华一家亲"
    }
  },
  {
    "identifier": "urn:jy:dwfz:SB0309:OB0303:Subsection:112",
    "title": "维护祖国统一",
    "description": "",
    "subject": "SB0309",
    "type": "Subsection",
    "applicableLevel": "OB0303",
    "contentJson": {
      "academicTerm": "初中",
      "grade": "九年级",
      "edition": "统编版",
      "volume": "上册",
      "year": "old",
      "chapter": "第四单元 和谐与梦想",
      "section": "第七课 中华一家亲"
    }
  },
  {
    "identifier": "urn:jy:dwfz:SB0309:OB0303:Subsection:113",
    "title": "我们的梦想",
    "description": "",
    "subject": "SB0309",
    "type": "Subsection",
    "applicableLevel": "OB0303",
    "contentJson": {
      "academicTerm": "初中",
      "grade": "九年级",
      "edition": "统编版",
      "volume": "上册",
      "year": "old",
      "chapter": "第四单元 和谐与梦想",
      "section": "第八课 中国人 中国梦"
    }
  },
  {
    "identifier": "urn:jy:dwfz:SB0309:OB0303:Subsection:114",
    "title": "共圆中国梦",
    "description": "",
    "subject": "SB0309",
    "type": "Subsection",
    "applicableLevel": "OB0303",
    "contentJson": {
      "academicTerm": "初中",
      "grade": "九年级",
      "edition": "统编版",
      "volume": "上册",
      "year": "old",
      "chapter": "第四单元 和谐与梦想",
      "section": "第八课 中国人 中国梦"
    }
  },
  {
    "identifier": "urn:jy:dwfz:SB0309:OB0303:Subsection:115",
    "title": "开放互动的世界",
    "description": "",
    "subject": "SB0309",
    "type": "Subsection",
    "applicableLevel": "OB0303",
    "contentJson": {
      "academicTerm": "初中",
      "grade": "九年级",
      "edition": "统编版",
      "volume": "下册",
      "year": "old",
      "chapter": "第一单元 我们共同的世界",
      "section": "第一课 同住地球村"
    }
  },
  {
    "identifier": "urn:jy:dwfz:SB0309:OB0303:Subsection:116",
    "title": "复杂多变的关系",
    "description": "",
    "subject": "SB0309",
    "type": "Subsection",
    "applicableLevel": "OB0303",
    "contentJson": {
      "academicTerm": "初中",
      "grade": "九年级",
      "edition": "统编版",
      "volume": "下册",
      "year": "old",
      "chapter": "第一单元 我们共同的世界",
      "section": "第一课 同住地球村"
    }
  },
  {
    "identifier": "urn:jy:dwfz:SB0309:OB0303:Subsection:117",
    "title": "推动和平与发展",
    "description": "",
    "subject": "SB0309",
    "type": "Subsection",
    "applicableLevel": "OB0303",
    "contentJson": {
      "academicTerm": "初中",
      "grade": "九年级",
      "edition": "统编版",
      "volume": "下册",
      "year": "old",
      "chapter": "第一单元 我们共同的世界",
      "section": "第二课 构建人类命运共同体"
    }
  },
  {
    "identifier": "urn:jy:dwfz:SB0309:OB0303:Subsection:118",
    "title": "谋求互利共赢",
    "description": "",
    "subject": "SB0309",
    "type": "Subsection",
    "applicableLevel": "OB0303",
    "contentJson": {
      "academicTerm": "初中",
      "grade": "九年级",
      "edition": "统编版",
      "volume": "下册",
      "year": "old",
      "chapter": "第一单元 我们共同的世界",
      "section": "第二课 构建人类命运共同体"
    }
  },
  {
    "identifier": "urn:jy:dwfz:SB0309:OB0303:Subsection:119",
    "title": "中国担当",
    "description": "",
    "subject": "SB0309",
    "type": "Subsection",
    "applicableLevel": "OB0303",
    "contentJson": {
      "academicTerm": "初中",
      "grade": "九年级",
      "edition": "统编版",
      "volume": "下册",
      "year": "old",
      "chapter": "第二单元 世界舞台上的中国",
      "section": "第三课 与世界紧相连"
    }
  },
  {
    "identifier": "urn:jy:dwfz:SB0309:OB0303:Subsection:120",
    "title": "与世界深度互动",
    "description": "",
    "subject": "SB0309",
    "type": "Subsection",
    "applicableLevel": "OB0303",
    "contentJson": {
      "academicTerm": "初中",
      "grade": "九年级",
      "edition": "统编版",
      "volume": "下册",
      "year": "old",
      "chapter": "第二单元 世界舞台上的中国",
      "section": "第三课 与世界紧相连"
    }
  },
  {
    "identifier": "urn:jy:dwfz:SB0309:OB0303:Subsection:121",
    "title": "中国的机遇与挑战",
    "description": "",
    "subject": "SB0309",
    "type": "Subsection",
    "applicableLevel": "OB0303",
    "contentJson": {
      "academicTerm": "初中",
      "grade": "九年级",
      "edition": "统编版",
      "volume": "下册",
      "year": "old",
      "chapter": "第二单元 世界舞台上的中国",
      "section": "第四课 与世界共发展"
    }
  },
  {
    "identifier": "urn:jy:dwfz:SB0309:OB0303:Subsection:122",
    "title": "携手促发展",
    "description": "",
    "subject": "SB0309",
    "type": "Subsection",
    "applicableLevel": "OB0303",
    "contentJson": {
      "academicTerm": "初中",
      "grade": "九年级",
      "edition": "统编版",
      "volume": "下册",
      "year": "old",
      "chapter": "第二单元 世界舞台上的中国",
      "section": "第四课 与世界共发展"
    }
  },
  {
    "identifier": "urn:jy:dwfz:SB0309:OB0303:Subsection:123",
    "title": "走向世界大舞台",
    "description": "",
    "subject": "SB0309",
    "type": "Subsection",
    "applicableLevel": "OB0303",
    "contentJson": {
      "academicTerm": "初中",
      "grade": "九年级",
      "edition": "统编版",
      "volume": "下册",
      "year": "old",
      "chapter": "第三单元 走向未来的少年",
      "section": "第五课 少年的担当"
    }
  },
  {
    "identifier": "urn:jy:dwfz:SB0309:OB0303:Subsection:124",
    "title": "少年当自强",
    "description": "",
    "subject": "SB0309",
    "type": "Subsection",
    "applicableLevel": "OB0303",
    "contentJson": {
      "academicTerm": "初中",
      "grade": "九年级",
      "edition": "统编版",
      "volume": "下册",
      "year": "old",
      "chapter": "第三单元 走向未来的少年",
      "section": "第五课 少年的担当"
    }
  },
  {
    "identifier": "urn:jy:dwfz:SB0309:OB0303:Subsection:125",
    "title": "学无止境",
    "description": "",
    "subject": "SB0309",
    "type": "Subsection",
    "applicableLevel": "OB0303",
    "contentJson": {
      "academicTerm": "初中",
      "grade": "九年级",
      "edition": "统编版",
      "volume": "下册",
      "year": "old",
      "chapter": "第三单元 走向未来的少年",
      "section": "第六课 我的毕业季"
    }
  },
  {
    "identifier": "urn:jy:dwfz:SB0309:OB0303:Subsection:126",
    "title": "多彩的职业",
    "description": "",
    "subject": "SB0309",
    "type": "Subsection",
    "applicableLevel": "OB0303",
    "contentJson": {
      "academicTerm": "初中",
      "grade": "九年级",
      "edition": "统编版",
      "volume": "下册",
      "year": "old",
      "chapter": "第三单元 走向未来的少年",
      "section": "第六课 我的毕业季"
    }
  },
  {
    "identifier": "urn:jy:dwfz:SB0309:OB0303:Subsection:127",
    "title": "回望成长",
    "description": "",
    "subject": "SB0309",
    "type": "Subsection",
    "applicableLevel": "OB0303",
    "contentJson": {
      "academicTerm": "初中",
      "grade": "九年级",
      "edition": "统编版",
      "volume": "下册",
      "year": "old",
      "chapter": "第三单元 走向未来的少年",
      "section": "第七课 从这里出发"
    }
  },
  {
    "identifier": "urn:jy:dwfz:SB0309:OB0303:Subsection:128",
    "title": "走向未来",
    "description": "",
    "subject": "SB0309",
    "type": "Subsection",
    "applicableLevel": "OB0303",
    "contentJson": {
      "academicTerm": "初中",
      "grade": "九年级",
      "edition": "统编版",
      "volume": "下册",
      "year": "old",
      "chapter": "第三单元 走向未来的少年",
      "section": "第七课 从这里出发"
    }
  },
  {
    "identifier": "urn:jy:dwfz:SB0309:OB0303:Subsection:129",
    "title": "“交往沟通”专题复习一",
    "description": "",
    "subject": "SB0309",
    "type": "Subsection",
    "applicableLevel": "OB0303",
    "contentJson": {
      "academicTerm": "初中",
      "grade": "九年级",
      "edition": "统编版",
      "volume": "下册",
      "year": "old",
      "chapter": "专题复习课",
      "section": "“交往沟通”专题"
    }
  },
  {
    "identifier": "urn:jy:dwfz:SB0309:OB0303:Subsection:130",
    "title": "“交往沟通”专题复习二",
    "description": "",
    "subject": "SB0309",
    "type": "Subsection",
    "applicableLevel": "OB0303",
    "contentJson": {
      "academicTerm": "初中",
      "grade": "九年级",
      "edition": "统编版",
      "volume": "下册",
      "year": "old",
      "chapter": "专题复习课",
      "section": "“交往沟通”专题"
    }
  },
  {
    "identifier": "urn:jy:dwfz:SB0309:OB0303:Subsection:131",
    "title": "“人际交往的品质”专题复习一",
    "description": "",
    "subject": "SB0309",
    "type": "Subsection",
    "applicableLevel": "OB0303",
    "contentJson": {
      "academicTerm": "初中",
      "grade": "九年级",
      "edition": "统编版",
      "volume": "下册",
      "year": "old",
      "chapter": "专题复习课",
      "section": "“人际交往的品质”专题"
    }
  },
  {
    "identifier": "urn:jy:dwfz:SB0309:OB0303:Subsection:132",
    "title": "“人际交往的品质”专题复习二",
    "description": "",
    "subject": "SB0309",
    "type": "Subsection",
    "applicableLevel": "OB0303",
    "contentJson": {
      "academicTerm": "初中",
      "grade": "九年级",
      "edition": "统编版",
      "volume": "下册",
      "year": "old",
      "chapter": "专题复习课",
      "section": "“人际交往的品质”专题"
    }
  },
  {
    "identifier": "urn:jy:dwfz:SB0309:OB0303:Subsection:133",
    "title": "“人际交往的品质”专题复习三",
    "description": "",
    "subject": "SB0309",
    "type": "Subsection",
    "applicableLevel": "OB0303",
    "contentJson": {
      "academicTerm": "初中",
      "grade": "九年级",
      "edition": "统编版",
      "volume": "下册",
      "year": "old",
      "chapter": "专题复习课",
      "section": "“人际交往的品质”专题"
    }
  },
  {
    "identifier": "urn:jy:dwfz:SB0309:OB0303:Subsection:134",
    "title": "“人际交往的品质”专题复习四",
    "description": "",
    "subject": "SB0309",
    "type": "Subsection",
    "applicableLevel": "OB0303",
    "contentJson": {
      "academicTerm": "初中",
      "grade": "九年级",
      "edition": "统编版",
      "volume": "下册",
      "year": "old",
      "chapter": "专题复习课",
      "section": "“人际交往的品质”专题"
    }
  },
  {
    "identifier": "urn:jy:dwfz:SB0309:OB0303:Subsection:135",
    "title": "“心中有法”专题复习一",
    "description": "",
    "subject": "SB0309",
    "type": "Subsection",
    "applicableLevel": "OB0303",
    "contentJson": {
      "academicTerm": "初中",
      "grade": "九年级",
      "edition": "统编版",
      "volume": "下册",
      "year": "old",
      "chapter": "专题复习课",
      "section": "“心中有法”专题"
    }
  },
  {
    "identifier": "urn:jy:dwfz:SB0309:OB0303:Subsection:136",
    "title": "“心中有法”专题复习二",
    "description": "",
    "subject": "SB0309",
    "type": "Subsection",
    "applicableLevel": "OB0303",
    "contentJson": {
      "academicTerm": "初中",
      "grade": "九年级",
      "edition": "统编版",
      "volume": "下册",
      "year": "old",
      "chapter": "专题复习课",
      "section": "“心中有法”专题"
    }
  },
  {
    "identifier": "urn:jy:dwfz:SB0309:OB0303:Subsection:137",
    "title": "“心中有法”专题复习三",
    "description": "",
    "subject": "SB0309",
    "type": "Subsection",
    "applicableLevel": "OB0303",
    "contentJson": {
      "academicTerm": "初中",
      "grade": "九年级",
      "edition": "统编版",
      "volume": "下册",
      "year": "old",
      "chapter": "专题复习课",
      "section": "“心中有法”专题"
    }
  },
  {
    "identifier": "urn:jy:dwfz:SB0309:OB0303:Subsection:138",
    "title": "“心中有法”专题复习四",
    "description": "",
    "subject": "SB0309",
    "type": "Subsection",
    "applicableLevel": "OB0303",
    "contentJson": {
      "academicTerm": "初中",
      "grade": "九年级",
      "edition": "统编版",
      "volume": "下册",
      "year": "old",
      "chapter": "专题复习课",
      "section": "“心中有法”专题"
    }
  },
  {
    "identifier": "urn:jy:dwfz:SB0309:OB0303:Subsection:139",
    "title": "成长中的我”专题复习一",
    "description": "",
    "subject": "SB0309",
    "type": "Subsection",
    "applicableLevel": "OB0303",
    "contentJson": {
      "academicTerm": "初中",
      "grade": "九年级",
      "edition": "统编版",
      "volume": "下册",
      "year": "old",
      "chapter": "专题复习课",
      "section": "“成长中的我”专题"
    }
  },
  {
    "identifier": "urn:jy:dwfz:SB0309:OB0303:Subsection:140",
    "title": "“成长中的我”专题复习二",
    "description": "",
    "subject": "SB0309",
    "type": "Subsection",
    "applicableLevel": "OB0303",
    "contentJson": {
      "academicTerm": "初中",
      "grade": "九年级",
      "edition": "统编版",
      "volume": "下册",
      "year": "old",
      "chapter": "专题复习课",
      "section": "“成长中的我”专题"
    }
  },
  {
    "identifier": "urn:jy:dwfz:SB0309:OB0303:Subsection:141",
    "title": "“成长中的我”专题复习三",
    "description": "",
    "subject": "SB0309",
    "type": "Subsection",
    "applicableLevel": "OB0303",
    "contentJson": {
      "academicTerm": "初中",
      "grade": "九年级",
      "edition": "统编版",
      "volume": "下册",
      "year": "old",
      "chapter": "专题复习课",
      "section": "“成长中的我”专题"
    }
  },
  {
    "identifier": "urn:jy:dwfz:SB0309:OB0303:Subsection:142",
    "title": "“成长中的我”专题复习四",
    "description": "",
    "subject": "SB0309",
    "type": "Subsection",
    "applicableLevel": "OB0303",
    "contentJson": {
      "academicTerm": "初中",
      "grade": "九年级",
      "edition": "统编版",
      "volume": "下册",
      "year": "old",
      "chapter": "专题复习课",
      "section": "“成长中的我”专题"
    }
  },
  {
    "identifier": "urn:jy:dwfz:SB0309:OB0303:Subsection:143",
    "title": "“成长中的我”专题复习五",
    "description": "",
    "subject": "SB0309",
    "type": "Subsection",
    "applicableLevel": "OB0303",
    "contentJson": {
      "academicTerm": "初中",
      "grade": "九年级",
      "edition": "统编版",
      "volume": "下册",
      "year": "old",
      "chapter": "专题复习课",
      "section": "“成长中的我”专题"
    }
  },
  {
    "identifier": "urn:jy:dwfz:SB0309:OB0303:Subsection:144",
    "title": "新闻时事专题一",
    "description": "",
    "subject": "SB0309",
    "type": "Subsection",
    "applicableLevel": "OB0303",
    "contentJson": {
      "academicTerm": "初中",
      "grade": "九年级",
      "edition": "统编版",
      "volume": "下册",
      "year": "old",
      "chapter": "专题复习课",
      "section": "“新闻时事”专题"
    }
  },
  {
    "identifier": "urn:jy:dwfz:SB0309:OB0303:Subsection:145",
    "title": "新闻时事专题二",
    "description": "",
    "subject": "SB0309",
    "type": "Subsection",
    "applicableLevel": "OB0303",
    "contentJson": {
      "academicTerm": "初中",
      "grade": "九年级",
      "edition": "统编版",
      "volume": "下册",
      "year": "old",
      "chapter": "专题复习课",
      "section": "“新闻时事”专题"
    }
  },
  {
    "identifier": "urn:jy:dwfz:SB0309:OB0303:Subsection:146",
    "title": "新闻时事专题三",
    "description": "",
    "subject": "SB0309",
    "type": "Subsection",
    "applicableLevel": "OB0303",
    "contentJson": {
      "academicTerm": "初中",
      "grade": "九年级",
      "edition": "统编版",
      "volume": "下册",
      "year": "old",
      "chapter": "专题复习课",
      "section": "“新闻时事”专题"
    }
  },
  {
    "identifier": "urn:jy:dwfz:SB0309:OB0303:Subsection:147",
    "title": "新闻时事专题四",
    "description": "",
    "subject": "SB0309",
    "type": "Subsection",
    "applicableLevel": "OB0303",
    "contentJson": {
      "academicTerm": "初中",
      "grade": "九年级",
      "edition": "统编版",
      "volume": "下册",
      "year": "old",
      "chapter": "专题复习课",
      "section": "“新闻时事”专题"
    }
  },
  {
    "identifier": "urn:jy:dwfz:SB0309:OB0303:Subsection:148",
    "title": "新闻时事专题五",
    "description": "",
    "subject": "SB0309",
    "type": "Subsection",
    "applicableLevel": "OB0303",
    "contentJson": {
      "academicTerm": "初中",
      "grade": "九年级",
      "edition": "统编版",
      "volume": "下册",
      "year": "old",
      "chapter": "专题复习课",
      "section": "“新闻时事”专题"
    }
  },
  {
    "identifier": "urn:jy:dwfz:SB0309:OB0303:Subsection:149",
    "title": "新闻时事专题六",
    "description": "",
    "subject": "SB0309",
    "type": "Subsection",
    "applicableLevel": "OB0303",
    "contentJson": {
      "academicTerm": "初中",
      "grade": "九年级",
      "edition": "统编版",
      "volume": "下册",
      "year": "old",
      "chapter": "专题复习课",
      "section": "“新闻时事”专题"
    }
  },
  {
    "identifier": "urn:jy:dwfz:SB0309:OB0303:Subsection:150",
    "title": "新闻时事专题七",
    "description": "",
    "subject": "SB0309",
    "type": "Subsection",
    "applicableLevel": "OB0303",
    "contentJson": {
      "academicTerm": "初中",
      "grade": "九年级",
      "edition": "统编版",
      "volume": "下册",
      "year": "old",
      "chapter": "专题复习课",
      "section": "“新闻时事”专题"
    }
  },
  {
    "identifier": "urn:jy:dwfz:SB0309:OB0303:Subsection:151",
    "title": "新闻时事专题八",
    "description": "",
    "subject": "SB0309",
    "type": "Subsection",
    "applicableLevel": "OB0303",
    "contentJson": {
      "academicTerm": "初中",
      "grade": "九年级",
      "edition": "统编版",
      "volume": "下册",
      "year": "old",
      "chapter": "专题复习课",
      "section": "“新闻时事”专题"
    }
  },
  {
    "identifier": "urn:jy:dwfz:SB0309:OB0303:Subsection:152",
    "title": "新闻时事专题九",
    "description": "",
    "subject": "SB0309",
    "type": "Subsection",
    "applicableLevel": "OB0303",
    "contentJson": {
      "academicTerm": "初中",
      "grade": "九年级",
      "edition": "统编版",
      "volume": "下册",
      "year": "old",
      "chapter": "专题复习课",
      "section": "“新闻时事”专题"
    }
  },
  {
    "identifier": "urn:jy:dwfz:SB0309:OB0303:Subsection:153",
    "title": "新闻时事专题十",
    "description": "",
    "subject": "SB0309",
    "type": "Subsection",
    "applicableLevel": "OB0303",
    "contentJson": {
      "academicTerm": "初中",
      "grade": "九年级",
      "edition": "统编版",
      "volume": "下册",
      "year": "old",
      "chapter": "专题复习课",
      "section": "“新闻时事”专题"
    }
  },
  {
    "identifier": "urn:jy:dwfz:SB0309:OB0303:Subsection:154",
    "title": "新闻时事专题十一",
    "description": "",
    "subject": "SB0309",
    "type": "Subsection",
    "applicableLevel": "OB0303",
    "contentJson": {
      "academicTerm": "初中",
      "grade": "九年级",
      "edition": "统编版",
      "volume": "下册",
      "year": "old",
      "chapter": "专题复习课",
      "section": "“新闻时事”专题"
    }
  },
  {
    "identifier": "urn:jy:dwfz:SB0309:OB0303:Subsection:155",
    "title": "新闻时事专题十二",
    "description": "",
    "subject": "SB0309",
    "type": "Subsection",
    "applicableLevel": "OB0303",
    "contentJson": {
      "academicTerm": "初中",
      "grade": "九年级",
      "edition": "统编版",
      "volume": "下册",
      "year": "old",
      "chapter": "专题复习课",
      "section": "“新闻时事”专题"
    }
  },
  {
    "identifier": "urn:jy:dwfz:SB0309:OB0303:Subsection:156",
    "title": "初中政治备考及复习建议 （上）",
    "description": "",
    "subject": "SB0309",
    "type": "Subsection",
    "applicableLevel": "OB0303",
    "contentJson": {
      "academicTerm": "初中",
      "grade": "九年级",
      "edition": "统编版",
      "volume": "下册",
      "year": "old",
      "chapter": "专题复习课",
      "section": "中考复习"
    }
  },
  {
    "identifier": "urn:jy:dwfz:SB0309:OB0303:Subsection:157",
    "title": "初中政治备考及复习建议 （中）",
    "description": "",
    "subject": "SB0309",
    "type": "Subsection",
    "applicableLevel": "OB0303",
    "contentJson": {
      "academicTerm": "初中",
      "grade": "九年级",
      "edition": "统编版",
      "volume": "下册",
      "year": "old",
      "chapter": "专题复习课",
      "section": "中考复习"
    }
  },
  {
    "identifier": "urn:jy:dwfz:SB0309:OB0303:Subsection:158",
    "title": "初中政治备考及复习建议 （下）",
    "description": "",
    "subject": "SB0309",
    "type": "Subsection",
    "applicableLevel": "OB0303",
    "contentJson": {
      "academicTerm": "初中",
      "grade": "九年级",
      "edition": "统编版",
      "volume": "下册",
      "year": "old",
      "chapter": "专题复习课",
      "section": "中考复习"
    }
  },
  {
    "identifier": "urn:jy:dwfz:SB0309:OB0303:Subsection:159",
    "title": "试题背后的思维方式与复习建议",
    "description": "",
    "subject": "SB0309",
    "type": "Subsection",
    "applicableLevel": "OB0303",
    "contentJson": {
      "academicTerm": "初中",
      "grade": "九年级",
      "edition": "统编版",
      "volume": "下册",
      "year": "old",
      "chapter": "专题复习课",
      "section": "中考复习"
    }
  },
  {
    "identifier": "urn:jy:dwfz:SB0309:OB0303:Subsection:160",
    "title": "“在集体中成长”专题复习",
    "description": "",
    "subject": "SB0309",
    "type": "Subsection",
    "applicableLevel": "OB0303",
    "contentJson": {
      "academicTerm": "初中",
      "grade": "九年级",
      "edition": "统编版",
      "volume": "下册",
      "year": "old",
      "chapter": "专题复习课",
      "section": "其他专题"
    }
  },
  {
    "identifier": "urn:jy:dwfz:SB0309:OB0303:Subsection:161",
    "title": "“亲社会行为、服务和奉献社会”专题复习",
    "description": "",
    "subject": "SB0309",
    "type": "Subsection",
    "applicableLevel": "OB0303",
    "contentJson": {
      "academicTerm": "初中",
      "grade": "九年级",
      "edition": "统编版",
      "volume": "下册",
      "year": "old",
      "chapter": "专题复习课",
      "section": "其他专题"
    }
  },
  {
    "identifier": "urn:jy:dwfz:SB0309:OB0303:Subsection:162",
    "title": "“合理利用互联网”专题复习",
    "description": "",
    "subject": "SB0309",
    "type": "Subsection",
    "applicableLevel": "OB0303",
    "contentJson": {
      "academicTerm": "初中",
      "grade": "九年级",
      "edition": "统编版",
      "volume": "下册",
      "year": "old",
      "chapter": "专题复习课",
      "section": "其他专题"
    }
  },
  {
    "identifier": "urn:jy:dwfz:SB0309:OB0303:Subsection:163",
    "title": "“坚持宪法至上”专题复习",
    "description": "",
    "subject": "SB0309",
    "type": "Subsection",
    "applicableLevel": "OB0303",
    "contentJson": {
      "academicTerm": "初中",
      "grade": "九年级",
      "edition": "统编版",
      "volume": "下册",
      "year": "old",
      "chapter": "专题复习课",
      "section": "其他专题"
    }
  },
  {
    "identifier": "urn:jy:dwfz:SB0309:OB0303:Subsection:164",
    "title": "“我国国家机构”专题复习",
    "description": "",
    "subject": "SB0309",
    "type": "Subsection",
    "applicableLevel": "OB0303",
    "contentJson": {
      "academicTerm": "初中",
      "grade": "九年级",
      "edition": "统编版",
      "volume": "下册",
      "year": "old",
      "chapter": "专题复习课",
      "section": "其他专题"
    }
  }
]