[
  {
    "identifier":"urn:jy:dwfz:SB0309:Theme:TH01",
    "title":"入学教育",
    "description":"",
    "subject":"SB0309",
    "type":"Theme",
    "applicableLevel":["OB0201","OB0202"],
    "contentJson":[
      {
        "stage":[1],
        "ContentRequirements":"·上学了,感受自己身份的变化,初步了解学校的环境。\n·知道课堂常规,学会整理书包和准备学习用品。学会自己的事情自己做。\n·能制订出切实可行的目标,认真完成自己承担的任务。\n·合理制订学习和作息计划,生活有规律。\n·尊敬师长,对师长有礼貌。\n·喜欢和同学、老师交往,高高兴兴地学,快快乐乐地玩。\n·融入集体生活,爱护班级荣誉。",
        "TeachingTips":"·在入学适应期,通过自我介绍和参观校园等活动,熟悉校园环境,尽快适应自己的新身份。\n·通过“我能行”活动,开展整理书包比赛,学会按照课程表准备和整理学习用品,展示基本的生活自理技能,能够遵守课堂纪律,养成自己的事情自己做的好习惯。\n·通过分享成功励志的故事,懂得做事要有目标,实现目标要努力,不推卸,不偷懒。\n·制作学习计划表和作息计划表,学会合理安排时间,有规律地生活。\n·观察学习与老师、长辈见面时的礼节和礼貌用语,见到师长能主动礼貌问候。\n·通过自我展示、游戏互动等方式认识新朋友,感受结交朋友的乐趣与美好。\n·通过运动会等集体活动,树立集体意识,萌发集体归属感和荣誉感。"
      }
    ]
  },
  {
    "identifier":"urn:jy:dwfz:SB0309:Theme:TH02",
    "title":"道德教育",
    "description":"",
    "subject":"SB0309",
    "type":"Theme",
    "applicableLevel":["OB02"],
    "contentJson":[
      {
        "stage":[1],
        "ContentRequirements":"·乐于探究,在学习与生活中遇到问题时能够想办法解决,提高动脑动手能力。\n·做事认真,有始有终,不拖拉。\n·学习分辨是非,做了错事勇于承认和改正,不撒谎。\n·能看到自己的成长和进步,学会正确对待自己的学习成绩。\n·欣赏他人的优点,并以此激励自己不断进步。\n·关心他人,乐于与同伴合作、分享。\n·在遇到困难和危险时懂得求助,懂得感恩,乐于助人。\n·亲近自然,感受自然的美,保护动物,爱护一草一木,保护自然环境。\n·了解家乡的风景名胜和主要物产,关注家乡的发展变化。\n·知道社会主义核心价值观的概念,能记住社会主义核心价值观。",
        "TeachingTips":"·围绕“热爱学习,创意生活”主题,小组合作设计制作简单、有创意的手工作品,培养动脑筋发现问题、解决问题的能力。\n·观看影视资料,明白做事拖拉的不良后果,养成善始善终的好习惯。\n·用讲故事、举例子的方式,了解分辨是非的标准,知道撒谎的不良后果,敢于承认错误,并积极改正。\n·围绕“我进步了”,开展写日记和交流活动,不断发现总结自己在生活与学习中的成长和进步。\n·围绕“寸有所长,尺有所短”展开讨论,主动发现他人的优点,学会取长补短。\n·通过游戏活动或共同完成一项任务,体会合作的重要性,知道合作中要认真完成自己所承担的任务,愿意与他人合作。\n·根据故事情境,进行角色扮演,认识到人与人需要互相帮助,帮助别人也会让自己快乐。\n·通过户外活动,接触自然环境,爱护身边的动植物,为保护自然环境做力所能及的事。\n·开展调查活动,制作家乡名片,交流展示家乡具有代表性的风景名胜和主要物产。\n·通过看宣传画、开故事会等方式,知道社会主义核心价值观的概念,能记住社会主义核心价值观的内容。"
      }
    ]
  },
  {
    "identifier":"urn:jy:dwfz:SB0309:Theme:TH03",
    "title":"道德教育",
    "description":"",
    "subject":"SB0309",
    "type":"Theme",
    "applicableLevel":["OB02"],
    "contentJson":[
      {
        "stage":[2],
        "ContentRequirements":"·关心家庭生活，主动分担家务劳动。\n·学习合理消费、勤俭节约的途径和方法，明白劳动创造财富的道理。\n·学习和掌握日常生活中待人接物的基本礼仪。\n·尊重老师,感受老师的辛劳;学会和同学平等相处,知道同学之间要相互尊重、友好交往。\n·了解个体与集体的关系,关心集体,有互助意识,积极参加集体活动,维护集体荣誉。\n·懂得邻里之间要和睦相处。\n·尊重劳动者,懂得职业没有高低贵贱之分,感受并感激他们的劳动给人们生活带来的便利,珍惜他们的劳动成果。\n·爱科学,崇尚科学精神。\n·体验公共设施给自己生活带来的便利,形成爱护公共设施人人有责的意识。\n·学习环境保护的基本常识,增强环境保护意识。\n·正确运用网络和电子产品;学习基本的网络道德规范,做到文明上网。\n·初步理解社会主义核心价值观的要求,并在日常生活和集体活动中践行社会主义核心价值观。",
        "TeachingTips":"·观察和体会日常生活中父母的辛苦操劳，选择自己可以承担的家务劳动，坚持去做。\n·了解家庭经济来源和生活必要的开支，初步了解不同商品的价格。\n·通过角色扮演，学习日常生活中得体的言谈举止和交往的基本礼仪。\n·了解老师的日常工作;讲述同学们互相关心的事例和自己的感受,针对同学中常出现的摩擦和冲突,讨论解决的办法。\n·尝试与同学合作完成一件事,并在班内交流参与合作活动的体会和感受。\n·交流自家与邻居相处的情况,讨论邻里怎样才能和睦相处。\n·在班级交流劳动模范、大国工匠、身边普通劳动者的故事,感受他们的社会贡献。\n·通过案例,了解科学技术的作用;收集科学家的事迹,感受和弘扬科学家精神,争做未来科学家。\n·观察生活中常见的公共设施及其使用、维护情况,提出改进的建议。\n·进行实地调查,说明环境问题产生的原因及其危害;参与节水、节能、垃圾分类等活动,或者组织节水、节能、垃圾分类等宣传活动。\n·分小组收集网络交往中不文明现象的资料,选取典型事例进行评价,讨论制订文明上网公约。\n·结合图片展览等方式,初步感受社会主义核心价值观在引领社会风尚中的作用。"
      }
    ]
  },
  {
    "identifier":"urn:jy:dwfz:SB0309:Theme:TH04",
    "title":"道德教育",
    "description":"",
    "subject":"SB0309",
    "type":"Theme",
    "applicableLevel":["OB02"],
    "contentJson":[
      {
        "stage":[3],
        "ContentRequirements":"·懂得做人要诚信、自尊、自爱、自强的道理。\n·愿意反思自己的生活和行为，学会理性思考，作出正确的判断与选择。\n·理解平等待人的意义，懂得谦让、友善和宽容，学会尊重、同情、关心和感恩，能够相互帮助，具有团结互助精神。\n·体贴父母长辈，能够与他们进行良好的沟通，主动参与力所能及的家务劳动，感受劳动的意义，为父母分忧，懂得感恩。\n·关心集体，在集体中承担相应的责任，具有集体意识和团队精神。\n·了解和感受社会生活，主动参与力所能及的服务性劳动，做一个热爱生活、乐于奉献的人，积极服务社会，增强社会责任感。\n·助人为乐，爱护公物，遵守社会交往、公共场所中的文明规范。",
        "TeachingTips":"·收集道德模范的故事，了解他们如何做人，体会诚信、自尊、自爱、自强的重要性。\n·制订生活计划，反思自己的言行，养成良好的自省习惯，提高判断和选择能力。\n·通过情景剧，展现生活中人与人之间的交往场景，讨论怎样才能维持良好的人际关系，在生活中学会关心，学会帮助，学会感恩，团结互助，帮助弱势群体。\n·通过与父母长辈交流，了解他们的工作情况，感受父母的辛劳和对子女的关爱。与同学交流怎样为父母分忧。\n·开展集体活动，如体育比赛、生产劳动、社会服务等，分享合作的体验，讨论合作的意义，感受团队的力量。\n·开展走进社会的实践活动，参加力所能及的社会公益和志愿活动等，感受团结互助的温暖。\n·了解与自己生活密切相关的社会规则，认识规则在社会生活中的重要性，懂得做一个现代文明人不仅要靠规则约束自己，还需要用道德良知要求自己。"
      }
    ]
  },
  {
    "identifier":"urn:jy:dwfz:SB0309:Theme:TH05",
    "title":"生命安全与健康教育",
    "description":"",
    "subject":"SB0309",
    "type":"Theme",
    "applicableLevel":["OB02","OB03"],
    "contentJson":[
      {
        "stage":[1],
        "ContentRequirements":"·认识道路交通标志,掌握报警的基本常识。\n·能够识别公共环境中的安全标识,安全有序使用和爱护公共设施。\n·学会发现和识别身边的安全隐患,保护自己。\n·学会用适当的方式化解自己的消极情绪。\n·养成良好的饮食和个人卫生习惯。\n·爱护家庭、学校和公共环境卫生。",
        "TeachingTips":"·观察道路交通标志,熟悉并识记常见的交通标志,识别交通信号灯。模拟生活中遇到的紧急或危险情况,掌握报警的方式、方法和基本要求。\n·通过调查体验,了解公共设施的使用规则,培养安全有序使用和自觉爱护公共设施的意识。\n·观察发现身边环境中的不安全因素,准确地判断分析,保护自己。\n·看图画书、听故事,在成人的帮助下学会用恰当的方法应对消极情绪,遇到问题和困难要积极、乐观地去面对。\n·围绕生活案例对比分析,改正不良的饮食习惯,关注自己的仪表,做到干净整洁。\n·通过收集相关信息和图片、观看公益广告等方式,感受美好环境带给人的愉悦,树立公共卫生意识,积极参与维护公共环境卫生的活动。"
      }
    ]
  },
  {
    "identifier":"urn:jy:dwfz:SB0309:Theme:TH06",
    "title":"生命安全与健康教育",
    "description":"",
    "subject":"SB0309",
    "type":"Theme",
    "applicableLevel":["OB02","OB03"],
    "contentJson":[
      {
        "stage":[2],
        "ContentRequirements":"·了解自己,学会悦纳自己;正确对待挫折和困难,增强抗挫折能力。\n·掌握良好的人际交往技能,学会倾听和表达,学会团结和包容,养成礼貌友好的交往品质,形成合群而独立的健康人格。\n·初步感受学习知识的乐趣,能够自主参与各种活动,养成自主学习的习惯;正确对待学习中的困难,学会化解消极情绪。\n·知道生命只有一次,理解生命的珍贵,懂得珍惜生命,呵护生命。\n·树立安全自律意识,学会自我保护技能,远离危险;知道保护隐私的重要性,能够识别陌生环境,谨慎与陌生人交往。",
        "TeachingTips":"·通过开展“我能行,你也行”等活动,了解自己的优缺点,知晓别人的长处和特点,学会悦纳自己;举办故事分享会,与同学分享克服困难、应对挫折的经验。\n·结合同学的日常交往讨论如何处理好同学关系,分享建立良好同学关系的经验。\n·结合具体情境,分享学习的快乐,交流学习方法。结合学习和生活中消极情绪的案例,分析原因,与同学一起探讨解决的办法。\n·通过模拟体验活动,体会生命来之不易,懂得感恩父母;了解生命权的有关知识,懂得珍惜自己生命、尊重他人生命。\n·结合日常生活案例,认识安全的重要性,树立安全自律意识;通过角色扮演,讨论如何与陌生人打交道,如何拒绝不良诱惑,掌握基本的拒绝和求助方法;通过情境表演,学习应对校园欺凌的正确方法。"
      }
    ]
  },
  {
    "identifier":"urn:jy:dwfz:SB0309:Theme:TH07",
    "title":"生命安全与健康教育",
    "description":"",
    "subject":"SB0309",
    "type":"Theme",
    "applicableLevel":["OB02","OB03"],
    "contentJson":[
      {
        "stage":[3],
        "ContentRequirements":"·珍爱生命，远离烟酒，拒绝毒品，形成良好的生活方式和健康的生活习惯。\n·了解和识别性侵害、欺凌行为的危害，学会自我保护和寻求帮助，预防和远离性侵害、欺凌和拐骗。\n·了解公共卫生事件、社会管控措施和个人行为要求，初步树立社会安全意识和遵守公共卫生规则的意识。\n·了解突发公共卫生事件、地震、洪水等抗疫抗灾的伟大实践，认识“把人民群众的生命安全与身体健康放在第一位”的价值理念。",
        "TeachingTips":"·通过案例分析，认识烟酒对健康的消极影响，毒品对生命、家庭及社会的危害，宣传并践行健康的生活方式。\n·通过情境演练，了解如何正确把握与异性同学交往的分寸，如何对待同学之间的欺凌；通过分析典型案例，识别可能发生性侵害和拐骗的情境，学会预防性侵害、欺凌和拐骗的自我保护方法和寻求帮助的基本途径。\n·结合近年来重大突发公共卫生事件或者其他重大突发事件，了解在不同级别下的社会管控措施和个人行为要求，遵守政府的规定，做好自我防护，维护社会安全。\n·选取典型案例，体会、感受党和政府怎样践行“把人民群众的生命安全与身体健康放在第一位”的理念，认识“人民至上、生命至上”的意义，感受社会主义制度的优越性。"
      }
    ]
  },
  {
    "identifier":"urn:jy:dwfz:SB0309:Theme:TH08",
    "title":"生命安全与健康教育",
    "description":"",
    "subject":"SB0309",
    "type":"Theme",
    "applicableLevel":["OB02","OB03"],
    "contentJson":[
      {
        "stage":[4],
        "ContentRequirements":"·了解青春期的生理和心理变化,体会青春期的美好,学会克服青春期烦恼;掌握青春期性心理知识,正确对待两性关系;提高预防性骚扰和性侵害的能力。\n·客观认识和对待自己,形成正确的自我认同,提高自我管理能力;理解不同的社会角色,形成亲社会的行为;能正确认识和处理自己与同学、朋友的关系,个人和集体的关系,在团队活动中增强合作精神。\n·正确认识顺境和逆境的关系,学会情绪调控,能够正确看待生活中的挫折,具备迎接挑战的能力。\n·树立正确的人生观和价值观,尊重和敬畏生命,热爱生活,追求生命高度,成就幸福人生。\n·遵守基本的社交礼仪,恪守诚信,理性维护社会公德,维护公共秩序,做文明的社会成员。",
        "TeachingTips":"·以“青春期的烦恼”为议题,探讨青春期的心理特征与性心理特点。可观看青春期性教育科普影视作品,了解个体生理及心理特点的差异,以及青春期性心理的特点和规律;可通过讨论,了解性骚扰和性侵害的可能方式,以及预防方法。\n·以“社会中的我”为议题,通过角色扮演和讨论等方式,理解社会上各种角色,以及各种角色之间的相互关系,认识“人是社会关系的总和”;在与他人的交往中认识自我,正确理解个人与集体、社会和国家的关系。\n·以“在逆境中自强不息”为议题,探讨应该如何正确面对困难和挫折,战胜困难,增强抗挫折能力;掌握处理负面情绪和减压的方法,学会利用专业心理干预解决心理困扰问题,预防自我伤害。\n·以“生命的意义是什么”为议题,结合突发公共卫生事件等,感悟生命的美好,理解生命健康的重要性 和实现生命价值的意义。通过生涯规划,合理规划自己的人生,努力为国家与社会作贡献。\n·以“我在社会中成长”为议题,探讨积极参与社会生活对于个人成长的意义,理解社会责任感的重要价值。"
      }
    ]
  },
  {
    "identifier":"urn:jy:dwfz:SB0309:Theme:TH09",
    "title":"法治教育",
    "description":"",
    "subject":"SB0309",
    "type":"Theme",
    "applicableLevel":["OB02","OB03"],
    "contentJson":[
      {
        "stage":[1],
        "ContentRequirements":"·知道学校生活有规则,树立规则意识。\n·讲信用,守约定,承诺的事情要做到。\n·懂得爱护国旗、国徽,知道法律不允许毁损、涂划国旗、国徽。",
        "TeachingTips":"·了解《中小学生守则》,知道学校规则的由来,懂得遵守规则的重要性,自觉遵守校园规则。\n·开展“诚实守信”故事会活动,懂得做人要讲信用,不失信于人。\n·观看升旗仪式,了解悬挂国旗、国徽,奏唱国歌的有关规定。"
      }
    ]
  },
  {
    "identifier":"urn:jy:dwfz:SB0309:Theme:TH10",
    "title":"法治教育",
    "description":"",
    "subject":"SB0309",
    "type":"Theme",
    "applicableLevel":["OB02","OB03"],
    "contentJson":[
      {
        "stage":[2],
        "ContentRequirements":"·了解制定规则要遵循一定的程序,树立参与意识和规则意识。\n·知道法律能够保护我们的生活,了解道路交通、环境保护、消防安全等生活中常用的法律。\n·树立民主、平等观念,积极参与民主管理,在集体生活中平等待人。\n·初步了解国家统一和民族团结的重要性,树立维护国家统一和民族团结的意识。",
        "TeachingTips":"·结合公共生活中制定规则的事例,感知制定规则需要遵循一定的程序;也可以小组、班级活动的形式,模拟制定规则的流程。\n·利用全国中小学生安全教育日、全国消防日、全国交通安全日等,开展走进消防队、警营等社会实践活动,请法治副校长讲课,普及有关生命安全、交通安全、消防安全等生活中常用的法律。\n·通过学校和班级等集体生活,体会民主、平等在学校生活中的意义;分析班级民主参与和管理的现状,提出建议。\n·结合国情教育主题中有关国家领土内容的学习,了解宪法有关国家统一和民族团结的规定。"
      }
    ]
  },
  {
    "identifier":"urn:jy:dwfz:SB0309:Theme:TH11",
    "title":"法治教育",
    "description":"",
    "subject":"SB0309",
    "type":"Theme",
    "applicableLevel":["OB02","OB03"],
    "contentJson":[
      {
        "stage":[3],
        "ContentRequirements":"·初步认识法律的概念及特征，感受法律对个人生活和公共生活的重要性，养成自觉守法、遇事找法、解决问题靠法的思维习惯和行为方式。\n·初步了解宪法的主要内容，知道宪法是国家根本法、社会主义制度是中华人民共和国的根本制度。\n·认识公民的内涵，了解公民的权利和义务，树立法律面前人人平等的观念。\n·认识民主、自由、平等、公正对社会生活的意义，初步具备民主参与、责任担当意识。\n·了解消费者权益保护、食品安全等法律常识，初步学会运用法律维护自己的合法权益。\n·了解未成年人的权利，增强自我保护的意识，学会自我保护。\n·认识未成年人不良行为的危害，知道违法要承担法律责任，自觉抵制不良行为，主动预防未成年人犯罪。\n·初步了解危害国家安全特别是社会安全的行为及防范措施。",
        "TeachingTips":"·结合身边的案例，感受良好的社会秩序既需要道德的滋养，也需要法律的规范；讨论我们为什么需要法律，法律对我们意味着什么，在生活中怎样做到遵纪守法，怎样借助于法律解决问题。\n·结合“12\n·4”国家宪法日，组织学宪法、讲宪法等活动。\n·结合真实案例，了解公民的权利和义务；通过角色扮演，学习行使公民权利、履行公民义务的方式和途径。\n·通过实例观察民主、平等在学校生活中的表现，体会公共参与在社会生活中的重要性，在参与集体生活中承担责任。\n·结合身边发生的消费者权益被侵害和食品安全方面的案例，了解消费者的权益和食品安全规定，知道合法权益受损后应如何维权。\n·结合身边的案例，学习法律知识，掌握运用法律维护自身合法权益的途径。结合《中华人民共和国未成年人保护法》及相关案例，了解对未成年人的家庭保护、学校保护、社会保护、网络保护、政府保护、司法保护的相关规定。\n·结合《中华人民共和国预防未成年人犯罪法》分析未成年人违法犯罪案例，认识违法犯罪的特点、危害和法律后果，培育和提高防范遭受侵害的意识和能力。\n·通过典型案例，认识社会安全对于国家安全的重要性，了解维护社会安全的意义，初步掌握维护社会安全的技能。"
      }
    ]
  },
  {
    "identifier":"urn:jy:dwfz:SB0309:Theme:TH12",
    "title":"法治教育",
    "description":"",
    "subject":"SB0309",
    "type":"Theme",
    "applicableLevel":["OB02","OB03"],
    "contentJson":[
      {
        "stage":[4],
        "ContentRequirements":"·了解习近平法治思想,理解坚持中国特色社会主义法治道路就要坚持党的领导、坚持以人民为中心。\n·了解宪法基本知识,明确宪法的地位与作用,树立宪法法律至上观念。\n·懂得公民的基本权利和义务,正确行使公民权利,自觉履行公民义务。\n·初步认识法治的内涵，理解法治是中国式现代化的重要保障。\n·认识国家统一是实现中华民族伟大复兴的历史前提和基本保证，理解“和平统一、一国两制”的重要意义，自觉维护国家统一。\n·了解人民代表大会制度是我国的根本政治制度，理解全过程人民民主的制度优势。\n·认识协商民主是实践全过程人民民主的重要形式，了解中国共产党领导的多党合作和政治协商制度。\n·了解民族区域自治制度对维护和发展平等团结互助和谐的社会主义民族关系的意义。\n·认识基层民主制度对保障人民知情权、参与权、表达权、监督权的作用。\n·认识主要国家机关，理解权力是由人民授予的，行使权力必须受法律的约束。\n·认识民法典对保护人身 权、财产权的意义。\n·认识犯罪的基本概念,了 解刑罚的主要类型; 认识 未成年人违法犯罪行为的危害,培育和提高自我保 护的意识和能力,自觉抵制 校园欺凌和违法犯罪行为。\n·辨别媒体中的不良信息, 了解网络环境中如何保护 未成年人隐私等合法权益。\n·了解环境保护的法律规 定,树立生态文明观念, 促进人与自然和谐共生。\n·认识国家安全的内涵,树 立国家利益至上的观念,理解国家安全是中国式现 代化行稳致远的重要基 础,了解国家新安全格 局,知道维护国家安全是 每个公民的义务,自觉维 护国家安全。\n·了解主要国际组织,理解 维护以联合国为核心的国际体系的意义。",
        "TeachingTips":"·以“坚持党对全面依法治国的领导”为议题,了解习近平法治思想的核心内容,结合法治实践,说明党的领导对社会主义法治建设的重要性。\n·以“宪法是根本法”为议题,明确宪法在我国法律体系中的地位。可观看全国“两会”和宪法宣誓的视频;可查找其他法律中体现宪法地位的条文,理解宪法的重要性。\n·以“权利与义务相统一”为议题,探讨权利与义务的关系。\n·以“奉法者强则国强”为议题，观看法治类节目，了解法治在推动国家治理现代化中的重要作用。\n·以“‘和平统一、一国两制’对实现祖国完全统一的意义”为议题，了解“一国两制”基本国策的实践过程，树立维护国家统一的责任意识。\n·以“认识国家最高权力机关”为议题，查阅资料，了解全国人民代表大会的性质和职权，增进对全过程人民民主的理解。\n·以“中国式协商民主”为议题，查阅资料，了解政治协商的作用。\n·以“铸牢中华民族共同体意识”为议题，认识各民族相互尊重的重要性，讨论我们能为民族团结做什么。\n·以“走进村委会、居委会”为议题，访谈村委会、居委会工作人员，了解基层民主制度在当代中国的生动实践。\n·以“如何把权力关进制度的笼子里”为议题，探究国家机关行使权力的方式。可选取新闻报道片段，理解中华人民共和国主席、国务院、中央军委、国家监察委员会、最高人民法院、最高人民检察院等国家机关的职权；可结合具体案例，了解国家机关行使权力的相关要求。\n·以“民法典是社会生活的百科全书”为议题,选取有关合同、婚姻、继承等案例,了解在现实生活中如何维护自身民事权利和尊重他人民事权利。\n·以“远离违法犯罪”为议题,以角色扮演、情景剧等方式,了解校园暴力和不良行为的表现形式及危害,做一个遵纪守法的好学生。\n·以“如何铸牢自我保护的防火墙”为议题,讨论网络信息安全和个人隐私保护的方法与策略。可采取主题班会的形式,或者举办图片展,交流分享成功经验,或者制订安全上网指导手册。\n·以“建设美丽中国”为议题,探讨个人如何参与环境保护,做维护生态文明的践行者。\n·以“国家安全是头等大事”为议题,参观国家安全方面的展览,结合具体事例,懂得主权神圣不可侵犯,领土完整不容分裂,理解《反分裂国家法》《中华人民共和国香港特别行政区维护国家安全法》的意义。\n·以“联合国与人类命运共同体”为议题,通过模拟联合国活动,理解构建人类命运共同体的意义。"
      }
    ]
  },
  {
    "identifier":"urn:jy:dwfz:SB0309:Theme:TH13",
    "title":"中华优秀传统文化与革命传统教育",
    "description":"",
    "subject":"SB0309",
    "type":"Theme",
    "applicableLevel":["OB02"],
    "contentJson":[
      {
        "stage":[1],
        "ContentRequirements":"·了解中华民族勤俭节约的传统美德,养成不浪费的习惯。\n·尊敬父母长辈,体贴家人,承担力所能及的家务劳动。\n·感受中华民族自强不息的传统美德。\n·认识国旗、国徽,学唱国歌,知道自己是中国人。\n·知道我们国家的全称是中华人民共和国,认识中国版图,了解全民国家安全教育日。\n·知道我国是一个统一的多民族国家,有56个民族。\n·认识党旗,热爱中国共产党,拥护中国共产党的领导,感受党的百年奋斗取得的重大成就。了解党和国家主要领导人。\n·了解中国少年先锋队是中国少年儿童的群团组织,是少年儿童学习中国特色社会主义和共产主义的学校,是建设社会主义和共产主义的预备队。\n·了解在民族独立、人民解放斗争中涌现出的革命领袖和英雄人物。\n·了解当代社会生活中的英雄模范人物,见贤思齐,学习他们高尚的道德情操。",
        "TeachingTips":"·讲述中华民族勤俭节约的故事,感受粮食等资源的来之不易,参与“光盘行动”,懂得节约的重要性。\n·手绘家庭树,分享亲情故事,在参与家务劳动中感受家的温暖。\n·分享交流中华民族从古至今自强不息的奋斗故事,结合生活中的典型事例,学习继承和发扬自强不息的奋斗精神。\n·以升旗仪式、少先队活动、重要节日活动等为契机,学唱国歌,了解国旗、国歌、国徽是国家的象征。\n·结合国庆节活动和开国大典的资料,知道1949年10月1日是中华人民共和国宣告成立的日子;了解中国版图的形状与轮廓;知道4月15日为全民国家安全教育日;知道人民币是我国的法定货币。\n·通过听歌曲、看视频、做调查等方式,了解我国有56个民族,是一个统一的多民族大家庭。\n·结合7月1日建党纪念日,了解中国共产党的诞生和百年奋斗的重大成就,认识党旗、党徽。通过新闻资料,认识和了解毛泽东主席等老一辈无产阶级革命家,以及现任中国共产党中央委员会总书记、国家主席。\n·参与“中国少年先锋队建队日”活动,以及学唱队歌、学系红领巾等活动,了解中国少年先锋队的由来,以及队旗、队徽的含义。\n·结合中国人民抗日战争胜利纪念日、南京大屠杀死难者国家公祭日、烈士纪念日等,观看影视资料,参观纪念展馆,学习我国近代抵抗外来侵略的革命领袖和英雄人物的伟大精神。\n·通过调查访问等方式,了解当代英雄模范人物的事迹,并向他们学习。"
      }
    ]
  },
  {
    "identifier":"urn:jy:dwfz:SB0309:Theme:TH14",
    "title":"中华优秀传统文化与革命传统教育",
    "description":"",
    "subject":"SB0309",
    "type":"Theme",
    "applicableLevel":["OB02"],
    "contentJson":[
      {
        "stage":[2],
        "ContentRequirements":"·感受父母长辈的养育之恩,以恰当的方式表达对他们的感激、尊敬和关心。\n·了解自己家庭的历史,知道弘扬优秀家风的意义,初步体会中国人的家庭观念。\n·理解中华民族传统美德,如仁爱、诚信、谦逊等。\n·知道我们辽阔的疆域是各民族共同开拓的,悠久的历史是各民族共同书写的,灿烂的文化是各民族共同创造的,伟大的精神是各民族共同培育的。\n·知道中华优秀传统文化的主要代表性成果，初步感受中华优秀传统文化的魅力。\n·了解革命英雄人物的故事，体会“没有共产党就没有新中国”。\n·从衣、食、住、行等方面，感受中华人民共和国成立以来的伟大成就。",
        "TeachingTips":"·结合父母长辈生日和有关节日,用写信或其他方式向父母长辈表达感恩之情。\n·向长辈了解家庭的历史,如祖辈来自什么地方、家庭住址等;收集我国古往今来优秀家风的故事。\n·通过收集格言、故事,理解中华民族传统美德的主要内涵。\n·选择、列举代表民族文化的实例,如传统节日、歌曲、民间传说、历史故事、服饰、建筑、饮食等,进行交流展示。\n·列举我国古代具有代表性的科技成果、文艺作品等中华文明标识，感受中华文化源远流长、博大精深，萌发民族自豪感，树立文化自信。\n·收集相关资料，举行“我敬佩的革命英雄人物”主题报告会，体会理想信念的力量，知道新中国来之不易。\n·分组收集资料，以图片展等形式呈现国家在保障和改善民生方面的伟大成就，激发对中国特色社会主义的认同感。"
      }
    ]
  },
  {
    "identifier":"urn:jy:dwfz:SB0309:Theme:TH15",
    "title":"中华优秀传统文化与革命传统教育",
    "description":"",
    "subject":"SB0309",
    "type":"Theme",
    "applicableLevel":["OB02"],
    "contentJson":[
      {
        "stage":[3],
        "ContentRequirements":"·了解中华文化的悠久历史和博大精深，体会中华优秀传统文化的精髓。\n·了解中华民族对人类文明的贡献，为中华民族创造的文明成就感到自豪，坚定文化自信。\n·了解不同文明之间交流互鉴的重要性，尊重不同文化的差异性，以包容的态度看待不同文明之间的交流对话。\n·了解人民军队在不同时期称谓的演变，了解人民军队的革命历史、英雄人物，知道人民军队始终是中国人民的守护者、国家安全的维护者、世界和平的捍卫者，感受人民军队英勇顽强、不怕牺牲的革命精神。\n·了解中国共产党的成立以及中国共产党带领中国人民取得革命胜利的历史，初步了解马克思主义中国化时代化的发展进程，知道全心全意为人民服务是中国共产党的根本宗旨，激发热爱中国共产党的情感。\n·初步了解中华人民共和国成立实现了从几千年封建专制政治向人民民主的伟大飞跃，知道中国人民从此站起来了。明确只有社会主义才能救中国，只有社会主义才能发展中国。",
        "TeachingTips":"·查阅资料，了解中国的黄河流域和长江流域是人类最早的文明发祥地之一，中国以礼仪之邦著称于世。\n·参观博物馆或收集资料，了解中华优秀传统文化的代表性成果和我国的文化遗产，积极参与文化遗产保护活动。\n·通过收集不同文明代表性成果的资料，懂得“和而不同”的道理，理解不同文明之间交流互鉴的意义。\n·结合八一建军节，认识中国人民解放军军旗；通过红军、八路军、新四军、东北抗日联军、解放军的故事，激发对人民军队的热爱，学习人民军队“压倒一切敌人”的英雄气概。\n·通过组织参观革命历史博物馆、革命圣地、烈士陵园等活动，讲述中国共产党人坚持以人民为中心、把人民的利益放在首位的可歌可泣的故事，感受五四精神、伟大建党精神、长征精神等，增强对中国共产党的认同和向往。\n·查阅资料，讲好党的故事、革命的故事、英雄模范的故事，参观革命烈士纪念馆、历史博物馆等，开展“我能为国家做什么”的讨论，增进对国家的认识，激发爱国情，砥砺强国志，增强维护国家利益和民族尊严的意识。"
      }
    ]
  },
  {
    "identifier":"urn:jy:dwfz:SB0309:Theme:TH16",
    "title":"国情教育",
    "description":"",
    "subject":"SB0309",
    "type":"Theme",
    "applicableLevel":["OB0203","OB0204","OB0205","OB0206"],
    "contentJson":[
      {
        "stage":[2],
        "ContentRequirements":"·知道我国的地理位置、领土面积、海陆疆域、行政区划，知道台湾是中国不可分割的一部分，祖国的领土神圣不可侵犯。\n·了解祖国的名山大川和名胜古迹，为生活在中国而自豪。\n·感受身边的变化，了解家乡的发展，对祖国未来充满信心。\n·领悟“绿水青山就是金山银山”的道理，懂得人与自然和谐共生的重要性，初步树立生态文明意识。",
        "TeachingTips":"·进行拼地图的游戏；观看反映我国领土面积或海陆疆域的纪录片；收集、分享和探讨有关“历史上的台湾”的故事。\n·观看有关祖国风光的影视片；收集整理名山大川和名胜古迹的图片、诗文、景点门票等资料，交流分享；选择一处名山大川或名胜古迹，进行合作探究。\n·通过对自己家庭、所在社区的观察或调查，了解家乡改革开放以来的发展；结合某地区的具体事例，了解乡村振兴的举措。\n·通过社会调查，了解家乡环境的变化并发现存在的问题，结合本地发展尝试提出建议；通过降碳、减污、扩绿等具体案例，认识国家加快完善落实“绿水青山就是金山银山”理念的举措。"
      }
    ]
  },
  {
    "identifier":"urn:jy:dwfz:SB0309:Theme:TH17",
    "title":"国情教育",
    "description":"",
    "subject":"SB0309",
    "type":"Theme",
    "applicableLevel":["OB0203","OB0204","OB0205","OB0206"],
    "contentJson":[
      {
        "stage":[3],
        "ContentRequirements":"·知道马克思主义在意识形态领域指导地位的根本制度，初步树立共产主义远大理想和中国特色社会主义共同理想。\n·初步理解社会主义核心价值观的内涵，并在日常学习和生活中广泛践行社会主义核心价值观。\n·了解改革开放以来我国所取得的伟大成就，明确中国特色社会主义道路是指引中国发展繁荣的正确道路，理解只有走中国特色社会主义道路才能够实现中华民族伟大复兴，初步了解中国式现代化的内涵与特征。\n·知道中国特色社会主义进入新时代，初步了解习近平新时代中国特色社会主义思想，明确习近平新时代中国特色社会主义思想的指导地位。\n·初步感受百年未有之大变局和世界发展大势，能够举例说明构建人类命运共同体的意义。",
        "TeachingTips":"·通过历史故事和模范人物事迹，以及中国特色社会主义建设的伟大成就，凝聚中国特色社会主义共同理想，坚定理想信念。\n·列举生活中社会主义核心价值观的行为表现，讨论我们怎么做才能更好地广泛践行社会主义核心价值观，立志为建成富强民主文明和谐美丽的社会主义现代化强国而努力学习。\n·观看有关主题展览和视频等，感知中国共产党团结带领中国人民取得的伟大成就，体会中国人民的奋斗精神和创造精神，感受中国特色社会主义的优越性，知道中国式现代化是中国共产党领导的社会主义现代化，坚定走中国特色社会主义道路的决心。\n·通过收看和阅读新闻报道，学习有关文献，初步领悟习近平新时代中国特色社会主义思想精髓，把个人理想与中国梦联系起来，感受新时代中国社会的发展成就。\n·通过收看新闻和查找生活中的例子，了解世界发展局势以及人类发展面临的挑战，初步感受中国坚定不移奉行互利共赢的开放战略、走和平发展道路的意义。"
      }
    ]
  },
  {
    "identifier":"urn:jy:dwfz:SB0309:Theme:TH18",
    "title":"国情教育",
    "description":"",
    "subject":"SB0309",
    "type":"Theme",
    "applicableLevel":["OB0203","OB0204","OB0205","OB0206"],
    "contentJson":[
      {
        "stage":[4],
        "ContentRequirements":"·了解中国特色社会主义新时代是我国发展新的历史方位，中国社会的主要矛盾发生了新变化，理解中国发展的历史方位。\n·了解世界正处于百年未有之大变局，了解全人类共同价值的内涵，领悟构建人类命运共同体的意义。\n·了解我国统筹国内国际两个大局，统筹推进“五位一体”总体布局，协调推进“四个全面”战略布局，认识我国推进中国式现代化建设的战略部署。\n·以实现中华民族伟大复兴为己任，树立“劳动光荣、创造伟大”的观念，进行合理的生涯规划，坚定为实现远大理想而奋斗的信念。",
        "TeachingTips":"·以“我们的美好生活”为议题，收集全面建成小康社会、脱贫攻坚所取得的伟大成就，知道党领导人民成功走出中国式现代化道路，创造了人类文明新形态，理解我国已开启全面建设社会主义现代化强国新征程。\n·以“于变局中开新局”为议题，结合实例分析如何应对人类共同面对的重大挑战，认识中国的发展离不开世界，世界的繁荣也需要中国。\n·以“中国式现代化的现实要求”为议题，分析中国式现代化的基本特征，认识中国式现代化是物质文明和精神文明相协调的现代化，是人与自然和谐共生的现代化，是走和平发展道路的现代化。\n·以“不负青春、不负韶华、不负时代”为议题，学会依据社会发展需要和自身特点做好生涯规划，强化作为时代新人的责任担当。"
      }
    ]
  },
  {
    "identifier":"urn:jy:dwfz:SB0309:Theme:TH19",
    "title":"中华优秀传统文化教育",
    "description":"",
    "subject":"SB0309",
    "type":"Theme",
    "applicableLevel":["OB03"],
    "contentJson":[
      {
        "stage":[4],
        "ContentRequirements":"·弘扬中华优秀传统文化讲仁爱、重民本、守诚信、崇正义、尚和合、求大同的核心理念。了解中华文明具有突出的连续性、创新性、统一性、包容性、和平性。\n·理解中华民族孝悌忠信、礼义廉耻的荣辱观念，崇德向善、见贤思齐的社会风尚。\n·践行中华民族自强不息、敬业乐群、脚踏实地、实事求是的思想。\n·了解中华优秀传统文化修齐治平的理想追求，锤炼高尚人格。\n·感悟天下兴亡、匹夫有责的担当意识，厚植爱国主义情怀。\n·明确新时代建设社会主义文化强国新的文化使命，坚定文化自信、担当使命、奋发有为，努力学习，致力提升国家文化软实力和中华文化影响力。",
        "TeachingTips":"·以“中华优秀传统文化的魅力何在”为议题，探究中华优秀传统文化核心理念的当代价值。可讨论中华优秀传统文化中的“大同”理想；可讨论“己所不欲，勿施于人”的原则是否普遍适用；可举行以“和而不同”为主题的讨论活动，了解中华民族俭约自守、中和泰和的生活理念，推己及人、和而不同的处世之道。\n·以“见贤思齐，见善则迁”为议题，收集体现正确荣辱观念的神话传说、经典故事、嘉言金句等，讨论传统荣辱观与社会主义核心价值观的关系。\n·以“自强不息，厚德载物”为议题，讨论在新时代如何做一个脚踏实地、积极进取、自立自强的时代新人。\n·以“如何理解‘学以成人’”为议题，理解做人做事第一位的是崇德修身。\n·以“如何理解‘家是最小国，国是千万家’”为议题，理解家国情怀的重要性，激发为中华民族伟大复兴而奋斗的使命感。\n·以“传统文化的创造性转化、创新性发展”为议题，结合中华民族几百万年的人类史、一万年的文化史、五千多年的文明史的发展脉络，理解中华民族对于人类文明的贡献，探讨新时代的文化使命。"
      }
    ]
  },
  {
    "identifier":"urn:jy:dwfz:SB0309:Theme:TH20",
    "title":"革命传统教育",
    "description":"",
    "subject":"SB0309",
    "type":"Theme",
    "applicableLevel":["OB03"],
    "contentJson":[
      {
        "stage":[4],
        "ContentRequirements":"·了解中国产生了共产党,这是开天辟地的大事变,理解伟大建党精神的内涵,领悟伟大建党精神是中国共产党的精神之源。\n·了解中国共产党领导人民解放思想、锐意进取，创造了改革开放和社会主义现代化建设的伟大成就，实现了人民生活从温饱不足到总体小康、奔向全面小康的历史性跨越，推进了中华民族从站起来到富起来的伟大飞跃，理解中国特色社会主义道路是指引中国发展繁荣的正确道路。\n·了解中国共产党领导人民自信自强、守正创新，创造了新时代中国特色社会主义的伟大成就，中华民族迎来了从富起来到强起来的伟大飞跃，理解确立习近平新时代中国特色社会主义思想的指导地位，对新时代党和国家事业发展、对推进中华民族伟大复兴历史进程具有决定性意义。",
        "TeachingTips":"·以“开天辟地大事变”为议题,观看建党题材的影视剧或专题片,例举中国共产党人的精神谱系的主要内容,理解在党和人民伟大斗争中孕育的社会主义先进文化和革命文化,积淀着中华民族最深层的精神追求,代表着中华民族独特的精神标识,坚定“四个自信”,讨论新时代青少年应该如何弘扬光荣传统、赓续红色基因。\n·以“不忘初心,牢记使命”为议题,从党史展览中的某件展品说起,回顾中国共产党百年来艰苦卓绝的奋斗历程,体会“幸福都是奋斗出来的”。\n·以“中华民族有史以来最为广泛而深刻的社会变革”为议题,查找资料,呈现我国确立社会主义制度的伟大意义。\n·以“改革开放铸就伟大改革开放精神”为议题，举办主题班会或展览，了解中国特色社会主义道路的开辟过程，举例说明伟大改革开放精神的作用。"
      }
    ]
  }
]
