{
  "entities": [
    {
      "identifier": "urn:jy:physics:SB0401:OB06:Section:1",
      "title": "一、长度和时间的测量",
      "description": "",
      "subject": "SB0401",
      "type": "Section",
      "applicableLevel": "OB06",
      "contentJson": {
        "academicTerm": "初中",
        "grade": "八年级",
        "edition": "北师大版（主编：郭玉英）",
        "volume": "全一册",
        "chapter": "第一章 常见的运动"
      }
    },
    {
      "identifier": "urn:jy:physics:SB0401:OB06:Section:2",
      "title": "二、机械运动",
      "description": "",
      "subject": "SB0401",
      "type": "Section",
      "applicableLevel": "OB06",
      "contentJson": {
        "academicTerm": "初中",
        "grade": "八年级",
        "edition": "北师大版（主编：郭玉英）",
        "volume": "全一册",
        "chapter": "第一章 常见的运动"
      }
    },
    {
      "identifier": "urn:jy:physics:SB0401:OB06:Section:3",
      "title": "三、比较运动的快慢",
      "description": "",
      "subject": "SB0401",
      "type": "Section",
      "applicableLevel": "OB06",
      "contentJson": {
        "academicTerm": "初中",
        "grade": "八年级",
        "edition": "北师大版（主编：郭玉英）",
        "volume": "全一册",
        "chapter": "第一章 常见的运动"
      }
    },
    {
      "identifier": "urn:jy:physics:SB0401:OB06:Section:4",
      "title": "四、学生实验：测量速度",
      "description": "",
      "subject": "SB0401",
      "type": "Section",
      "applicableLevel": "OB06",
      "contentJson": {
        "academicTerm": "初中",
        "grade": "八年级",
        "edition": "北师大版（主编：郭玉英）",
        "volume": "全一册",
        "chapter": "第一章 常见的运动"
      }
    },
    {
      "identifier": "urn:jy:physics:SB0401:OB06:Section:5",
      "title": "五、声音的产生和传播",
      "description": "",
      "subject": "SB0401",
      "type": "Section",
      "applicableLevel": "OB06",
      "contentJson": {
        "academicTerm": "初中",
        "grade": "八年级",
        "edition": "北师大版（主编：郭玉英）",
        "volume": "全一册",
        "chapter": "第一章 常见的运动"
      }
    },
    {
      "identifier": "urn:jy:physics:SB0401:OB06:Section:6",
      "title": "六、乐音和噪声",
      "description": "",
      "subject": "SB0401",
      "type": "Section",
      "applicableLevel": "OB06",
      "contentJson": {
        "academicTerm": "初中",
        "grade": "八年级",
        "edition": "北师大版（主编：郭玉英）",
        "volume": "全一册",
        "chapter": "第一章 常见的运动"
      }
    },
    {
      "identifier": "urn:jy:physics:SB0401:OB06:Section:7",
      "title": "七、超声波及其应用",
      "description": "",
      "subject": "SB0401",
      "type": "Section",
      "applicableLevel": "OB06",
      "contentJson": {
        "academicTerm": "初中",
        "grade": "八年级",
        "edition": "北师大版（主编：郭玉英）",
        "volume": "全一册",
        "chapter": "第一章 常见的运动"
      }
    },
    {
      "identifier": "urn:jy:physics:SB0401:OB06:Section:8",
      "title": "课外探究 水杯琴",
      "description": "",
      "subject": "SB0401",
      "type": "Section",
      "applicableLevel": "OB06",
      "contentJson": {
        "academicTerm": "初中",
        "grade": "八年级",
        "edition": "北师大版（主编：郭玉英）",
        "volume": "全一册",
        "chapter": "第一章 常见的运动"
      }
    },
    {
      "identifier": "urn:jy:physics:SB0401:OB06:Section:9",
      "title": "一、质量及其测量",
      "description": "",
      "subject": "SB0401",
      "type": "Section",
      "applicableLevel": "OB06",
      "contentJson": {
        "academicTerm": "初中",
        "grade": "八年级",
        "edition": "北师大版（主编：郭玉英）",
        "volume": "全一册",
        "chapter": "第二章 质量和密度"
      }
    },
    {
      "identifier": "urn:jy:physics:SB0401:OB06:Section:10",
      "title": "二、学生实验：测量质量",
      "description": "",
      "subject": "SB0401",
      "type": "Section",
      "applicableLevel": "OB06",
      "contentJson": {
        "academicTerm": "初中",
        "grade": "八年级",
        "edition": "北师大版（主编：郭玉英）",
        "volume": "全一册",
        "chapter": "第二章 质量和密度"
      }
    },
    {
      "identifier": "urn:jy:physics:SB0401:OB06:Section:11",
      "title": "三、物质的密度及其应用",
      "description": "",
      "subject": "SB0401",
      "type": "Section",
      "applicableLevel": "OB06",
      "contentJson": {
        "academicTerm": "初中",
        "grade": "八年级",
        "edition": "北师大版（主编：郭玉英）",
        "volume": "全一册",
        "chapter": "第二章 质量和密度"
      }
    },
    {
      "identifier": "urn:jy:physics:SB0401:OB06:Section:12",
      "title": "四、学生实验：测量密度",
      "description": "",
      "subject": "SB0401",
      "type": "Section",
      "applicableLevel": "OB06",
      "contentJson": {
        "academicTerm": "初中",
        "grade": "八年级",
        "edition": "北师大版（主编：郭玉英）",
        "volume": "全一册",
        "chapter": "第二章 质量和密度"
      }
    },
    {
      "identifier": "urn:jy:physics:SB0401:OB06:Section:13",
      "title": "一、力",
      "description": "",
      "subject": "SB0401",
      "type": "Section",
      "applicableLevel": "OB06",
      "contentJson": {
        "academicTerm": "初中",
        "grade": "八年级",
        "edition": "北师大版（主编：郭玉英）",
        "volume": "全一册",
        "chapter": "第三章 运动和力"
      }
    },
    {
      "identifier": "urn:jy:physics:SB0401:OB06:Section:14",
      "title": "二、力的测量",
      "description": "",
      "subject": "SB0401",
      "type": "Section",
      "applicableLevel": "OB06",
      "contentJson": {
        "academicTerm": "初中",
        "grade": "八年级",
        "edition": "北师大版（主编：郭玉英）",
        "volume": "全一册",
        "chapter": "第三章 运动和力"
      }
    },
    {
      "identifier": "urn:jy:physics:SB0401:OB06:Section:15",
      "title": "三、重力",
      "description": "",
      "subject": "SB0401",
      "type": "Section",
      "applicableLevel": "OB06",
      "contentJson": {
        "academicTerm": "初中",
        "grade": "八年级",
        "edition": "北师大版（主编：郭玉英）",
        "volume": "全一册",
        "chapter": "第三章 运动和力"
      }
    },
    {
      "identifier": "urn:jy:physics:SB0401:OB06:Section:16",
      "title": "四、二力平衡",
      "description": "",
      "subject": "SB0401",
      "type": "Section",
      "applicableLevel": "OB06",
      "contentJson": {
        "academicTerm": "初中",
        "grade": "八年级",
        "edition": "北师大版（主编：郭玉英）",
        "volume": "全一册",
        "chapter": "第三章 运动和力"
      }
    },
    {
      "identifier": "urn:jy:physics:SB0401:OB06:Section:17",
      "title": "五、滑动摩擦力",
      "description": "",
      "subject": "SB0401",
      "type": "Section",
      "applicableLevel": "OB06",
      "contentJson": {
        "academicTerm": "初中",
        "grade": "八年级",
        "edition": "北师大版（主编：郭玉英）",
        "volume": "全一册",
        "chapter": "第三章 运动和力"
      }
    },
    {
      "identifier": "urn:jy:physics:SB0401:OB06:Section:18",
      "title": "六、运动和力的关系",
      "description": "",
      "subject": "SB0401",
      "type": "Section",
      "applicableLevel": "OB06",
      "contentJson": {
        "academicTerm": "初中",
        "grade": "八年级",
        "edition": "北师大版（主编：郭玉英）",
        "volume": "全一册",
        "chapter": "第三章 运动和力"
      }
    },
    {
      "identifier": "urn:jy:physics:SB0401:OB06:Section:19",
      "title": "课外探究 防滑运动鞋",
      "description": "",
      "subject": "SB0401",
      "type": "Section",
      "applicableLevel": "OB06",
      "contentJson": {
        "academicTerm": "初中",
        "grade": "八年级",
        "edition": "北师大版（主编：郭玉英）",
        "volume": "全一册",
        "chapter": "第三章 运动和力"
      }
    },
    {
      "identifier": "urn:jy:physics:SB0401:OB06:Section:20",
      "title": "一、压力 压强",
      "description": "",
      "subject": "SB0401",
      "type": "Section",
      "applicableLevel": "OB06",
      "contentJson": {
        "academicTerm": "初中",
        "grade": "八年级",
        "edition": "北师大版（主编：郭玉英）",
        "volume": "全一册",
        "chapter": "第四章 压强与浮力"
      }
    },
    {
      "identifier": "urn:jy:physics:SB0401:OB06:Section:21",
      "title": "二、探究液体压强",
      "description": "",
      "subject": "SB0401",
      "type": "Section",
      "applicableLevel": "OB06",
      "contentJson": {
        "academicTerm": "初中",
        "grade": "八年级",
        "edition": "北师大版（主编：郭玉英）",
        "volume": "全一册",
        "chapter": "第四章 压强与浮力"
      }
    },
    {
      "identifier": "urn:jy:physics:SB0401:OB06:Section:22",
      "title": "三、连通器",
      "description": "",
      "subject": "SB0401",
      "type": "Section",
      "applicableLevel": "OB06",
      "contentJson": {
        "academicTerm": "初中",
        "grade": "八年级",
        "edition": "北师大版（主编：郭玉英）",
        "volume": "全一册",
        "chapter": "第四章 压强与浮力"
      }
    },
    {
      "identifier": "urn:jy:physics:SB0401:OB06:Section:23",
      "title": "四、大气压强",
      "description": "",
      "subject": "SB0401",
      "type": "Section",
      "applicableLevel": "OB06",
      "contentJson": {
        "academicTerm": "初中",
        "grade": "八年级",
        "edition": "北师大版（主编：郭玉英）",
        "volume": "全一册",
        "chapter": "第四章 压强与浮力"
      }
    },
    {
      "identifier": "urn:jy:physics:SB0401:OB06:Section:24",
      "title": "五、流体的压强与流速",
      "description": "",
      "subject": "SB0401",
      "type": "Section",
      "applicableLevel": "OB06",
      "contentJson": {
        "academicTerm": "初中",
        "grade": "八年级",
        "edition": "北师大版（主编：郭玉英）",
        "volume": "全一册",
        "chapter": "第四章 压强与浮力"
      }
    },
    {
      "identifier": "urn:jy:physics:SB0401:OB06:Section:25",
      "title": "六、浮力",
      "description": "",
      "subject": "SB0401",
      "type": "Section",
      "applicableLevel": "OB06",
      "contentJson": {
        "academicTerm": "初中",
        "grade": "八年级",
        "edition": "北师大版（主编：郭玉英）",
        "volume": "全一册",
        "chapter": "第四章 压强与浮力"
      }
    },
    {
      "identifier": "urn:jy:physics:SB0401:OB06:Section:26",
      "title": "七、物体的浮沉条件",
      "description": "",
      "subject": "SB0401",
      "type": "Section",
      "applicableLevel": "OB06",
      "contentJson": {
        "academicTerm": "初中",
        "grade": "八年级",
        "edition": "北师大版（主编：郭玉英）",
        "volume": "全一册",
        "chapter": "第四章 压强与浮力"
      }
    },
    {
      "identifier": "urn:jy:physics:SB0401:OB06:Section:27",
      "title": "一、杠杆",
      "description": "",
      "subject": "SB0401",
      "type": "Section",
      "applicableLevel": "OB06",
      "contentJson": {
        "academicTerm": "初中",
        "grade": "八年级",
        "edition": "北师大版（主编：郭玉英）",
        "volume": "全一册",
        "chapter": "第五章 简单机械"
      }
    },
    {
      "identifier": "urn:jy:physics:SB0401:OB06:Section:28",
      "title": "二、学生实验：探究杠杆",
      "description": "",
      "subject": "SB0401",
      "type": "Section",
      "applicableLevel": "OB06",
      "contentJson": {
        "academicTerm": "初中",
        "grade": "八年级",
        "edition": "北师大版（主编：郭玉英）",
        "volume": "全一册",
        "chapter": "第五章 简单机械"
      }
    },
    {
      "identifier": "urn:jy:physics:SB0401:OB06:Section:29",
      "title": "三、滑轮",
      "description": "",
      "subject": "SB0401",
      "type": "Section",
      "applicableLevel": "OB06",
      "contentJson": {
        "academicTerm": "初中",
        "grade": "八年级",
        "edition": "北师大版（主编：郭玉英）",
        "volume": "全一册",
        "chapter": "第五章 简单机械"
      }
    },
    {
      "identifier": "urn:jy:physics:SB0401:OB06:Section:30",
      "title": "课外探究 变速自行车",
      "description": "",
      "subject": "SB0401",
      "type": "Section",
      "applicableLevel": "OB06",
      "contentJson": {
        "academicTerm": "初中",
        "grade": "八年级",
        "edition": "北师大版（主编：郭玉英）",
        "volume": "全一册",
        "chapter": "第五章 简单机械"
      }
    },
    {
      "identifier": "urn:jy:physics:SB0401:OB06:Section:31",
      "title": "一、功",
      "description": "",
      "subject": "SB0401",
      "type": "Section",
      "applicableLevel": "OB06",
      "contentJson": {
        "academicTerm": "初中",
        "grade": "八年级",
        "edition": "北师大版（主编：郭玉英）",
        "volume": "全一册",
        "chapter": "第六章 功和能"
      }
    },
    {
      "identifier": "urn:jy:physics:SB0401:OB06:Section:32",
      "title": "二、功率",
      "description": "",
      "subject": "SB0401",
      "type": "Section",
      "applicableLevel": "OB06",
      "contentJson": {
        "academicTerm": "初中",
        "grade": "八年级",
        "edition": "北师大版（主编：郭玉英）",
        "volume": "全一册",
        "chapter": "第六章 功和能"
      }
    },
    {
      "identifier": "urn:jy:physics:SB0401:OB06:Section:33",
      "title": "三、功的原理",
      "description": "",
      "subject": "SB0401",
      "type": "Section",
      "applicableLevel": "OB06",
      "contentJson": {
        "academicTerm": "初中",
        "grade": "八年级",
        "edition": "北师大版（主编：郭玉英）",
        "volume": "全一册",
        "chapter": "第六章 功和能"
      }
    },
    {
      "identifier": "urn:jy:physics:SB0401:OB06:Section:34",
      "title": "四、机械能",
      "description": "",
      "subject": "SB0401",
      "type": "Section",
      "applicableLevel": "OB06",
      "contentJson": {
        "academicTerm": "初中",
        "grade": "八年级",
        "edition": "北师大版（主编：郭玉英）",
        "volume": "全一册",
        "chapter": "第六章 功和能"
      }
    },
    {
      "identifier": "urn:jy:physics:SB0401:OB06:Section:35",
      "title": "一、温度 温度计",
      "description": "",
      "subject": "SB0401",
      "type": "Section",
      "applicableLevel": "OB06",
      "contentJson": {
        "academicTerm": "初中",
        "grade": "八年级",
        "edition": "北师大版（主编：郭玉英）",
        "volume": "全一册",
        "chapter": "第七章 热现象"
      }
    },
    {
      "identifier": "urn:jy:physics:SB0401:OB06:Section:36",
      "title": "二、熔化和凝固",
      "description": "",
      "subject": "SB0401",
      "type": "Section",
      "applicableLevel": "OB06",
      "contentJson": {
        "academicTerm": "初中",
        "grade": "八年级",
        "edition": "北师大版（主编：郭玉英）",
        "volume": "全一册",
        "chapter": "第七章 热现象"
      }
    },
    {
      "identifier": "urn:jy:physics:SB0401:OB06:Section:37",
      "title": "三、汽化和液化",
      "description": "",
      "subject": "SB0401",
      "type": "Section",
      "applicableLevel": "OB06",
      "contentJson": {
        "academicTerm": "初中",
        "grade": "八年级",
        "edition": "北师大版（主编：郭玉英）",
        "volume": "全一册",
        "chapter": "第七章 热现象"
      }
    },
    {
      "identifier": "urn:jy:physics:SB0401:OB06:Section:38",
      "title": "四、升华和凝华",
      "description": "",
      "subject": "SB0401",
      "type": "Section",
      "applicableLevel": "OB06",
      "contentJson": {
        "academicTerm": "初中",
        "grade": "八年级",
        "edition": "北师大版（主编：郭玉英）",
        "volume": "全一册",
        "chapter": "第七章 热现象"
      }
    },
    {
      "identifier": "urn:jy:physics:SB0401:OB06:Section:39",
      "title": "五、物质结构的微观模型",
      "description": "",
      "subject": "SB0401",
      "type": "Section",
      "applicableLevel": "OB06",
      "contentJson": {
        "academicTerm": "初中",
        "grade": "八年级",
        "edition": "北师大版（主编：郭玉英）",
        "volume": "全一册",
        "chapter": "第七章 热现象"
      }
    },
    {
      "identifier": "urn:jy:physics:SB0401:OB06:Section:40",
      "title": "六、内能 能量转化",
      "description": "",
      "subject": "SB0401",
      "type": "Section",
      "applicableLevel": "OB06",
      "contentJson": {
        "academicTerm": "初中",
        "grade": "八年级",
        "edition": "北师大版（主编：郭玉英）",
        "volume": "全一册",
        "chapter": "第七章 热现象"
      }
    },
    {
      "identifier": "urn:jy:physics:SB0401:OB06:Section:41",
      "title": "七、比热容",
      "description": "",
      "subject": "SB0401",
      "type": "Section",
      "applicableLevel": "OB06",
      "contentJson": {
        "academicTerm": "初中",
        "grade": "八年级",
        "edition": "北师大版（主编：郭玉英）",
        "volume": "全一册",
        "chapter": "第七章 热现象"
      }
    },
    {
      "identifier": "urn:jy:physics:SB0401:OB06:Section:42",
      "title": "八、燃料 能源与环保",
      "description": "",
      "subject": "SB0401",
      "type": "Section",
      "applicableLevel": "OB06",
      "contentJson": {
        "academicTerm": "初中",
        "grade": "八年级",
        "edition": "北师大版（主编：郭玉英）",
        "volume": "全一册",
        "chapter": "第七章 热现象"
      }
    },
    {
      "identifier": "urn:jy:physics:SB0401:OB06:Section:43",
      "title": "九、热机",
      "description": "",
      "subject": "SB0401",
      "type": "Section",
      "applicableLevel": "OB06",
      "contentJson": {
        "academicTerm": "初中",
        "grade": "八年级",
        "edition": "北师大版（主编：郭玉英）",
        "volume": "全一册",
        "chapter": "第七章 热现象"
      }
    },
    {
      "identifier": "urn:jy:physics:SB0401:OB06:Section:44",
      "title": "一、光的传播",
      "description": "",
      "subject": "SB0401",
      "type": "Section",
      "applicableLevel": "OB06",
      "contentJson": {
        "academicTerm": "初中",
        "grade": "八年级",
        "edition": "北师大版（主编：郭玉英）",
        "volume": "全一册",
        "chapter": "第八章 光现象"
      }
    },
    {
      "identifier": "urn:jy:physics:SB0401:OB06:Section:45",
      "title": "二、学生实验：探究光的反射规律",
      "description": "",
      "subject": "SB0401",
      "type": "Section",
      "applicableLevel": "OB06",
      "contentJson": {
        "academicTerm": "初中",
        "grade": "八年级",
        "edition": "北师大版（主编：郭玉英）",
        "volume": "全一册",
        "chapter": "第八章 光现象"
      }
    },
    {
      "identifier": "urn:jy:physics:SB0401:OB06:Section:46",
      "title": "三、学生实验：探究平面镜成像",
      "description": "",
      "subject": "SB0401",
      "type": "Section",
      "applicableLevel": "OB06",
      "contentJson": {
        "academicTerm": "初中",
        "grade": "八年级",
        "edition": "北师大版（主编：郭玉英）",
        "volume": "全一册",
        "chapter": "第八章 光现象"
      }
    },
    {
      "identifier": "urn:jy:physics:SB0401:OB06:Section:47",
      "title": "四、探究光的折射现象",
      "description": "",
      "subject": "SB0401",
      "type": "Section",
      "applicableLevel": "OB06",
      "contentJson": {
        "academicTerm": "初中",
        "grade": "八年级",
        "edition": "北师大版（主编：郭玉英）",
        "volume": "全一册",
        "chapter": "第八章 光现象"
      }
    },
    {
      "identifier": "urn:jy:physics:SB0401:OB06:Section:48",
      "title": "五、透镜",
      "description": "",
      "subject": "SB0401",
      "type": "Section",
      "applicableLevel": "OB06",
      "contentJson": {
        "academicTerm": "初中",
        "grade": "八年级",
        "edition": "北师大版（主编：郭玉英）",
        "volume": "全一册",
        "chapter": "第八章 光现象"
      }
    },
    {
      "identifier": "urn:jy:physics:SB0401:OB06:Section:49",
      "title": "六、学生实验：探究凸透镜成像",
      "description": "",
      "subject": "SB0401",
      "type": "Section",
      "applicableLevel": "OB06",
      "contentJson": {
        "academicTerm": "初中",
        "grade": "八年级",
        "edition": "北师大版（主编：郭玉英）",
        "volume": "全一册",
        "chapter": "第八章 光现象"
      }
    },
    {
      "identifier": "urn:jy:physics:SB0401:OB06:Section:50",
      "title": "七、生活中的透镜",
      "description": "",
      "subject": "SB0401",
      "type": "Section",
      "applicableLevel": "OB06",
      "contentJson": {
        "academicTerm": "初中",
        "grade": "八年级",
        "edition": "北师大版（主编：郭玉英）",
        "volume": "全一册",
        "chapter": "第八章 光现象"
      }
    },
    {
      "identifier": "urn:jy:physics:SB0401:OB06:Section:51",
      "title": "八、眼睛和眼镜",
      "description": "",
      "subject": "SB0401",
      "type": "Section",
      "applicableLevel": "OB06",
      "contentJson": {
        "academicTerm": "初中",
        "grade": "八年级",
        "edition": "北师大版（主编：郭玉英）",
        "volume": "全一册",
        "chapter": "第八章 光现象"
      }
    },
    {
      "identifier": "urn:jy:physics:SB0401:OB06:Section:52",
      "title": "九、物体的颜色",
      "description": "",
      "subject": "SB0401",
      "type": "Section",
      "applicableLevel": "OB06",
      "contentJson": {
        "academicTerm": "初中",
        "grade": "八年级",
        "edition": "北师大版（主编：郭玉英）",
        "volume": "全一册",
        "chapter": "第八章 光现象"
      }
    },
    {
      "identifier": "urn:jy:physics:SB0401:OB06:Section:53",
      "title": "课外探究 门镜",
      "description": "",
      "subject": "SB0401",
      "type": "Section",
      "applicableLevel": "OB06",
      "contentJson": {
        "academicTerm": "初中",
        "grade": "八年级",
        "edition": "北师大版（主编：郭玉英）",
        "volume": "全一册",
        "chapter": "第八章 光现象"
      }
    },
    {
      "identifier": "urn:jy:physics:SB0401:OB06:Section:54",
      "title": "一、本册书中用到的物理量及其国际单位",
      "description": "",
      "subject": "SB0401",
      "type": "Section",
      "applicableLevel": "OB06",
      "contentJson": {
        "academicTerm": "初中",
        "grade": "八年级",
        "edition": "北师大版（主编：郭玉英）",
        "volume": "全一册",
        "chapter": "其他"
      }
    },
    {
      "identifier": "urn:jy:physics:SB0401:OB06:Section:55",
      "title": "二、物理名词汉英对照表",
      "description": "",
      "subject": "SB0401",
      "type": "Section",
      "applicableLevel": "OB06",
      "contentJson": {
        "academicTerm": "初中",
        "grade": "八年级",
        "edition": "北师大版（主编：郭玉英）",
        "volume": "全一册",
        "chapter": "其他"
      }
    },
    {
      "identifier": "urn:jy:physics:SB0401:OB06:Section:56",
      "title": "一、简单电现象",
      "description": "",
      "subject": "SB0401",
      "type": "Section",
      "applicableLevel": "OB06",
      "contentJson": {
        "academicTerm": "初中",
        "grade": "九年级",
        "edition": "北师大版（主编：郭玉英）",
        "volume": "全一册",
        "chapter": "第九章 简单电路"
      }
    },
    {
      "identifier": "urn:jy:physics:SB0401:OB06:Section:57",
      "title": "二、认识电路",
      "description": "",
      "subject": "SB0401",
      "type": "Section",
      "applicableLevel": "OB06",
      "contentJson": {
        "academicTerm": "初中",
        "grade": "九年级",
        "edition": "北师大版（主编：郭玉英）",
        "volume": "全一册",
        "chapter": "第九章 简单电路"
      }
    },
    {
      "identifier": "urn:jy:physics:SB0401:OB06:Section:58",
      "title": "三、不同物质的导电性能",
      "description": "",
      "subject": "SB0401",
      "type": "Section",
      "applicableLevel": "OB06",
      "contentJson": {
        "academicTerm": "初中",
        "grade": "九年级",
        "edition": "北师大版（主编：郭玉英）",
        "volume": "全一册",
        "chapter": "第九章 简单电路"
      }
    },
    {
      "identifier": "urn:jy:physics:SB0401:OB06:Section:59",
      "title": "四、电流及其测量",
      "description": "",
      "subject": "SB0401",
      "type": "Section",
      "applicableLevel": "OB06",
      "contentJson": {
        "academicTerm": "初中",
        "grade": "九年级",
        "edition": "北师大版（主编：郭玉英）",
        "volume": "全一册",
        "chapter": "第九章 简单电路"
      }
    },
    {
      "identifier": "urn:jy:physics:SB0401:OB06:Section:60",
      "title": "五、电压及其测量",
      "description": "",
      "subject": "SB0401",
      "type": "Section",
      "applicableLevel": "OB06",
      "contentJson": {
        "academicTerm": "初中",
        "grade": "九年级",
        "edition": "北师大版（主编：郭玉英）",
        "volume": "全一册",
        "chapter": "第九章 简单电路"
      }
    },
    {
      "identifier": "urn:jy:physics:SB0401:OB06:Section:61",
      "title": "六、电阻",
      "description": "",
      "subject": "SB0401",
      "type": "Section",
      "applicableLevel": "OB06",
      "contentJson": {
        "academicTerm": "初中",
        "grade": "九年级",
        "edition": "北师大版（主编：郭玉英）",
        "volume": "全一册",
        "chapter": "第九章 简单电路"
      }
    },
    {
      "identifier": "urn:jy:physics:SB0401:OB06:Section:62",
      "title": "七、变阻器",
      "description": "",
      "subject": "SB0401",
      "type": "Section",
      "applicableLevel": "OB06",
      "contentJson": {
        "academicTerm": "初中",
        "grade": "九年级",
        "edition": "北师大版（主编：郭玉英）",
        "volume": "全一册",
        "chapter": "第九章 简单电路"
      }
    },
    {
      "identifier": "urn:jy:physics:SB0401:OB06:Section:63",
      "title": "课外探究 什么材料的衣服更容易带电",
      "description": "",
      "subject": "SB0401",
      "type": "Section",
      "applicableLevel": "OB06",
      "contentJson": {
        "academicTerm": "初中",
        "grade": "九年级",
        "edition": "北师大版（主编：郭玉英）",
        "volume": "全一册",
        "chapter": "第九章 简单电路"
      }
    },
    {
      "identifier": "urn:jy:physics:SB0401:OB06:Section:64",
      "title": "一、学生实验：连接串、并联电路",
      "description": "",
      "subject": "SB0401",
      "type": "Section",
      "applicableLevel": "OB06",
      "contentJson": {
        "academicTerm": "初中",
        "grade": "九年级",
        "edition": "北师大版（主编：郭玉英）",
        "volume": "全一册",
        "chapter": "第十章 串联电路和并联电路"
      }
    },
    {
      "identifier": "urn:jy:physics:SB0401:OB06:Section:65",
      "title": "二、串、并联电路的特点",
      "description": "",
      "subject": "SB0401",
      "type": "Section",
      "applicableLevel": "OB06",
      "contentJson": {
        "academicTerm": "初中",
        "grade": "九年级",
        "edition": "北师大版（主编：郭玉英）",
        "volume": "全一册",
        "chapter": "第十章 串联电路和并联电路"
      }
    },
    {
      "identifier": "urn:jy:physics:SB0401:OB06:Section:66",
      "title": "三、学生实验：探究影响电流的因素",
      "description": "",
      "subject": "SB0401",
      "type": "Section",
      "applicableLevel": "OB06",
      "contentJson": {
        "academicTerm": "初中",
        "grade": "九年级",
        "edition": "北师大版（主编：郭玉英）",
        "volume": "全一册",
        "chapter": "第十章 串联电路和并联电路"
      }
    },
    {
      "identifier": "urn:jy:physics:SB0401:OB06:Section:67",
      "title": "四、欧姆定律的应用",
      "description": "",
      "subject": "SB0401",
      "type": "Section",
      "applicableLevel": "OB06",
      "contentJson": {
        "academicTerm": "初中",
        "grade": "九年级",
        "edition": "北师大版（主编：郭玉英）",
        "volume": "全一册",
        "chapter": "第十章 串联电路和并联电路"
      }
    },
    {
      "identifier": "urn:jy:physics:SB0401:OB06:Section:68",
      "title": "五、测量导体的电阻",
      "description": "",
      "subject": "SB0401",
      "type": "Section",
      "applicableLevel": "OB06",
      "contentJson": {
        "academicTerm": "初中",
        "grade": "九年级",
        "edition": "北师大版（主编：郭玉英）",
        "volume": "全一册",
        "chapter": "第十章 串联电路和并联电路"
      }
    },
    {
      "identifier": "urn:jy:physics:SB0401:OB06:Section:69",
      "title": "一、电功和电能",
      "description": "",
      "subject": "SB0401",
      "type": "Section",
      "applicableLevel": "OB06",
      "contentJson": {
        "academicTerm": "初中",
        "grade": "九年级",
        "edition": "北师大版（主编：郭玉英）",
        "volume": "全一册",
        "chapter": "第十一章 电功和电功率"
      }
    },
    {
      "identifier": "urn:jy:physics:SB0401:OB06:Section:70",
      "title": "二、电功率",
      "description": "",
      "subject": "SB0401",
      "type": "Section",
      "applicableLevel": "OB06",
      "contentJson": {
        "academicTerm": "初中",
        "grade": "九年级",
        "edition": "北师大版（主编：郭玉英）",
        "volume": "全一册",
        "chapter": "第十一章 电功和电功率"
      }
    },
    {
      "identifier": "urn:jy:physics:SB0401:OB06:Section:71",
      "title": "三、学生实验：测量小灯泡的电功率",
      "description": "",
      "subject": "SB0401",
      "type": "Section",
      "applicableLevel": "OB06",
      "contentJson": {
        "academicTerm": "初中",
        "grade": "九年级",
        "edition": "北师大版（主编：郭玉英）",
        "volume": "全一册",
        "chapter": "第十一章 电功和电功率"
      }
    },
    {
      "identifier": "urn:jy:physics:SB0401:OB06:Section:72",
      "title": "四、电流的热效应",
      "description": "",
      "subject": "SB0401",
      "type": "Section",
      "applicableLevel": "OB06",
      "contentJson": {
        "academicTerm": "初中",
        "grade": "九年级",
        "edition": "北师大版（主编：郭玉英）",
        "volume": "全一册",
        "chapter": "第十一章 电功和电功率"
      }
    },
    {
      "identifier": "urn:jy:physics:SB0401:OB06:Section:73",
      "title": "五、家庭电路",
      "description": "",
      "subject": "SB0401",
      "type": "Section",
      "applicableLevel": "OB06",
      "contentJson": {
        "academicTerm": "初中",
        "grade": "九年级",
        "edition": "北师大版（主编：郭玉英）",
        "volume": "全一册",
        "chapter": "第十一章 电功和电功率"
      }
    },
    {
      "identifier": "urn:jy:physics:SB0401:OB06:Section:74",
      "title": "一、简单磁现象",
      "description": "",
      "subject": "SB0401",
      "type": "Section",
      "applicableLevel": "OB06",
      "contentJson": {
        "academicTerm": "初中",
        "grade": "九年级",
        "edition": "北师大版（主编：郭玉英）",
        "volume": "全一册",
        "chapter": "第十二章 磁现象"
      }
    },
    {
      "identifier": "urn:jy:physics:SB0401:OB06:Section:75",
      "title": "二、磁场",
      "description": "",
      "subject": "SB0401",
      "type": "Section",
      "applicableLevel": "OB06",
      "contentJson": {
        "academicTerm": "初中",
        "grade": "九年级",
        "edition": "北师大版（主编：郭玉英）",
        "volume": "全一册",
        "chapter": "第十二章 磁现象"
      }
    },
    {
      "identifier": "urn:jy:physics:SB0401:OB06:Section:76",
      "title": "三、通电螺线管的磁场",
      "description": "",
      "subject": "SB0401",
      "type": "Section",
      "applicableLevel": "OB06",
      "contentJson": {
        "academicTerm": "初中",
        "grade": "九年级",
        "edition": "北师大版（主编：郭玉英）",
        "volume": "全一册",
        "chapter": "第十二章 磁现象"
      }
    },
    {
      "identifier": "urn:jy:physics:SB0401:OB06:Section:77",
      "title": "四、电磁铁及其应用",
      "description": "",
      "subject": "SB0401",
      "type": "Section",
      "applicableLevel": "OB06",
      "contentJson": {
        "academicTerm": "初中",
        "grade": "九年级",
        "edition": "北师大版（主编：郭玉英）",
        "volume": "全一册",
        "chapter": "第十二章 磁现象"
      }
    },
    {
      "identifier": "urn:jy:physics:SB0401:OB06:Section:78",
      "title": "五、磁场对通电导体的作用",
      "description": "",
      "subject": "SB0401",
      "type": "Section",
      "applicableLevel": "OB06",
      "contentJson": {
        "academicTerm": "初中",
        "grade": "九年级",
        "edition": "北师大版（主编：郭玉英）",
        "volume": "全一册",
        "chapter": "第十二章 磁现象"
      }
    },
    {
      "identifier": "urn:jy:physics:SB0401:OB06:Section:79",
      "title": "六、直流电动机",
      "description": "",
      "subject": "SB0401",
      "type": "Section",
      "applicableLevel": "OB06",
      "contentJson": {
        "academicTerm": "初中",
        "grade": "九年级",
        "edition": "北师大版（主编：郭玉英）",
        "volume": "全一册",
        "chapter": "第十二章 磁现象"
      }
    },
    {
      "identifier": "urn:jy:physics:SB0401:OB06:Section:80",
      "title": "七、电磁感应及其应用",
      "description": "",
      "subject": "SB0401",
      "type": "Section",
      "applicableLevel": "OB06",
      "contentJson": {
        "academicTerm": "初中",
        "grade": "九年级",
        "edition": "北师大版（主编：郭玉英）",
        "volume": "全一册",
        "chapter": "第十二章 磁现象"
      }
    },
    {
      "identifier": "urn:jy:physics:SB0401:OB06:Section:81",
      "title": "课外探究 影响电磁铁磁性强弱的其他因素",
      "description": "",
      "subject": "SB0401",
      "type": "Section",
      "applicableLevel": "OB06",
      "contentJson": {
        "academicTerm": "初中",
        "grade": "九年级",
        "edition": "北师大版（主编：郭玉英）",
        "volume": "全一册",
        "chapter": "第十二章 磁现象"
      }
    },
    {
      "identifier": "urn:jy:physics:SB0401:OB06:Section:82",
      "title": "一、通信发展简史",
      "description": "",
      "subject": "SB0401",
      "type": "Section",
      "applicableLevel": "OB06",
      "contentJson": {
        "academicTerm": "初中",
        "grade": "九年级",
        "edition": "北师大版（主编：郭玉英）",
        "volume": "全一册",
        "chapter": "第十三章 通信技术简介"
      }
    },
    {
      "identifier": "urn:jy:physics:SB0401:OB06:Section:83",
      "title": "二、电磁波",
      "description": "",
      "subject": "SB0401",
      "type": "Section",
      "applicableLevel": "OB06",
      "contentJson": {
        "academicTerm": "初中",
        "grade": "九年级",
        "edition": "北师大版（主编：郭玉英）",
        "volume": "全一册",
        "chapter": "第十三章 通信技术简介"
      }
    },
    {
      "identifier": "urn:jy:physics:SB0401:OB06:Section:84",
      "title": "三、广播和电视",
      "description": "",
      "subject": "SB0401",
      "type": "Section",
      "applicableLevel": "OB06",
      "contentJson": {
        "academicTerm": "初中",
        "grade": "九年级",
        "edition": "北师大版（主编：郭玉英）",
        "volume": "全一册",
        "chapter": "第十三章 通信技术简介"
      }
    },
    {
      "identifier": "urn:jy:physics:SB0401:OB06:Section:85",
      "title": "四、现代通信技术及发展前景",
      "description": "",
      "subject": "SB0401",
      "type": "Section",
      "applicableLevel": "OB06",
      "contentJson": {
        "academicTerm": "初中",
        "grade": "九年级",
        "edition": "北师大版（主编：郭玉英）",
        "volume": "全一册",
        "chapter": "第十三章 通信技术简介"
      }
    },
    {
      "identifier": "urn:jy:physics:SB0401:OB06:Section:86",
      "title": "课外探究 在不同情况下手机信号的强弱",
      "description": "",
      "subject": "SB0401",
      "type": "Section",
      "applicableLevel": "OB06",
      "contentJson": {
        "academicTerm": "初中",
        "grade": "九年级",
        "edition": "北师大版（主编：郭玉英）",
        "volume": "全一册",
        "chapter": "第十三章 通信技术简介"
      }
    },
    {
      "identifier": "urn:jy:physics:SB0401:OB06:Section:87",
      "title": "一、浩瀚的宇宙",
      "description": "",
      "subject": "SB0401",
      "type": "Section",
      "applicableLevel": "OB06",
      "contentJson": {
        "academicTerm": "初中",
        "grade": "九年级",
        "edition": "北师大版（主编：郭玉英）",
        "volume": "全一册",
        "chapter": "第十四章 宇宙和微观世界"
      }
    },
    {
      "identifier": "urn:jy:physics:SB0401:OB06:Section:88",
      "title": "二、微观世界的结构",
      "description": "",
      "subject": "SB0401",
      "type": "Section",
      "applicableLevel": "OB06",
      "contentJson": {
        "academicTerm": "初中",
        "grade": "九年级",
        "edition": "北师大版（主编：郭玉英）",
        "volume": "全一册",
        "chapter": "第十四章 宇宙和微观世界"
      }
    },
    {
      "identifier": "urn:jy:physics:SB0401:OB06:Section:89",
      "title": "参观科技场馆指导",
      "description": "",
      "subject": "SB0401",
      "type": "Section",
      "applicableLevel": "OB06",
      "contentJson": {
        "academicTerm": "初中",
        "grade": "九年级",
        "edition": "北师大版（主编：郭玉英）",
        "volume": "全一册",
        "chapter": "科学探究"
      }
    },
    {
      "identifier": "urn:jy:physics:SB0401:OB06:Section:90",
      "title": "科技阅读方法指导（1）",
      "description": "",
      "subject": "SB0401",
      "type": "Section",
      "applicableLevel": "OB06",
      "contentJson": {
        "academicTerm": "初中",
        "grade": "九年级",
        "edition": "北师大版（主编：郭玉英）",
        "volume": "全一册",
        "chapter": "科学探究"
      }
    },
    {
      "identifier": "urn:jy:physics:SB0401:OB06:Section:91",
      "title": "科技阅读方法指导（2）",
      "description": "",
      "subject": "SB0401",
      "type": "Section",
      "applicableLevel": "OB06",
      "contentJson": {
        "academicTerm": "初中",
        "grade": "九年级",
        "edition": "北师大版（主编：郭玉英）",
        "volume": "全一册",
        "chapter": "科学探究"
      }
    },
    {
      "identifier": "urn:jy:physics:SB0401:OB06:Section:92",
      "title": "跨学科实践活动指导（1）——科技小魔术",
      "description": "",
      "subject": "SB0401",
      "type": "Section",
      "applicableLevel": "OB06",
      "contentJson": {
        "academicTerm": "初中",
        "grade": "九年级",
        "edition": "北师大版（主编：郭玉英）",
        "volume": "全一册",
        "chapter": "科学探究"
      }
    },
    {
      "identifier": "urn:jy:physics:SB0401:OB06:Section:93",
      "title": "跨学科实践活动指导（2）——机械中的妙趣",
      "description": "",
      "subject": "SB0401",
      "type": "Section",
      "applicableLevel": "OB06",
      "contentJson": {
        "academicTerm": "初中",
        "grade": "九年级",
        "edition": "北师大版（主编：郭玉英）",
        "volume": "全一册",
        "chapter": "科学探究"
      }
    },
    {
      "identifier": "urn:jy:physics:SB0401:OB06:Section:94",
      "title": "在科学探究中怎样提出可探究的科学问题",
      "description": "",
      "subject": "SB0401",
      "type": "Section",
      "applicableLevel": "OB06",
      "contentJson": {
        "academicTerm": "初中",
        "grade": "九年级",
        "edition": "北师大版（主编：郭玉英）",
        "volume": "全一册",
        "chapter": "科学探究"
      }
    },
    {
      "identifier": "urn:jy:physics:SB0401:OB06:Section:95",
      "title": "科学探究中的测量与操作定义",
      "description": "",
      "subject": "SB0401",
      "type": "Section",
      "applicableLevel": "OB06",
      "contentJson": {
        "academicTerm": "初中",
        "grade": "九年级",
        "edition": "北师大版（主编：郭玉英）",
        "volume": "全一册",
        "chapter": "科学探究"
      }
    },
    {
      "identifier": "urn:jy:physics:SB0401:OB06:Section:96",
      "title": "科学探究中怎样控制变量",
      "description": "",
      "subject": "SB0401",
      "type": "Section",
      "applicableLevel": "OB06",
      "contentJson": {
        "academicTerm": "初中",
        "grade": "九年级",
        "edition": "北师大版（主编：郭玉英）",
        "volume": "全一册",
        "chapter": "科学探究"
      }
    },
    {
      "identifier": "urn:jy:physics:SB0401:OB06:Section:97",
      "title": "在科学探究中怎样处理实验数据",
      "description": "",
      "subject": "SB0401",
      "type": "Section",
      "applicableLevel": "OB06",
      "contentJson": {
        "academicTerm": "初中",
        "grade": "九年级",
        "edition": "北师大版（主编：郭玉英）",
        "volume": "全一册",
        "chapter": "科学探究"
      }
    },
    {
      "identifier": "urn:jy:physics:SB0401:OB06:Section:98",
      "title": "怎样用实验证明观点错误",
      "description": "",
      "subject": "SB0401",
      "type": "Section",
      "applicableLevel": "OB06",
      "contentJson": {
        "academicTerm": "初中",
        "grade": "九年级",
        "edition": "北师大版（主编：郭玉英）",
        "volume": "全一册",
        "chapter": "科学探究"
      }
    },
    {
      "identifier": "urn:jy:physics:SB0401:OB06:Section:99",
      "title": "从电路开关走向人工智能",
      "description": "",
      "subject": "SB0401",
      "type": "Section",
      "applicableLevel": "OB06",
      "contentJson": {
        "academicTerm": "初中",
        "grade": "九年级",
        "edition": "北师大版（主编：郭玉英）",
        "volume": "全一册",
        "chapter": "科学探究"
      }
    },
    {
      "identifier": "urn:jy:physics:SB0401:OB06:Section:100",
      "title": "一、本册书中用到的物理量及其国际单位",
      "description": "",
      "subject": "SB0401",
      "type": "Section",
      "applicableLevel": "OB06",
      "contentJson": {
        "academicTerm": "初中",
        "grade": "九年级",
        "edition": "北师大版（主编：郭玉英）",
        "volume": "全一册",
        "chapter": "其他"
      }
    },
    {
      "identifier": "urn:jy:physics:SB0401:OB06:Section:101",
      "title": "二、物理名词汉英对照表",
      "description": "",
      "subject": "SB0401",
      "type": "Section",
      "applicableLevel": "OB06",
      "contentJson": {
        "academicTerm": "初中",
        "grade": "九年级",
        "edition": "北师大版（主编：郭玉英）",
        "volume": "全一册",
        "chapter": "其他"
      }
    }
  ]
}