[
    {
        "identifier": "urn:jy:physics:OB05:AcademicQuality:1",
        "title": "学业质量一",
        "description": "能认识物质的形态、属性及结构，认识运动和力、声和光、电和磁，认识机械能、内能、电磁能及能量的转化与守恒，能掌握所学的物理概念和规律；在学习和日常生活中，能从物理学视角观察事物，把所学概念和规律与实际情境联系起来，解释常见自然现象和解决常见物理问题，能综合运用物理概念和规律，分析和解决熟悉情境下的简单物理问题，具有初步的物理观念。",
        "subject": "物理SB0401",
        "type": "AcademicQuality",
        "applicableLevel": "OB05",
        "contentJson": {}
    },
    {
        "identifier": "urn:jy:physics:OB05:AcademicQuality:2",
        "title": "学业质量二",
        "description": "在熟悉的情境中，会用所学模型分析常见的实际问题；在进行简单的物理实验和其他实践活动中，能对活动中的信息进行归纳推理，得到物理结论，在面对日常生活中的实际问题时，能运用所学物理概念、规律进行简单的演绎推理，得到结论；能依照证据形成自己的看法，具有利用证据进行论证的意识；在获取信息时，有判断信息的可靠性和合理性的意识，能从物理学视角对生活中不合理的说法进行质疑并说出理由，发表自己的见解。",
        "subject": "物理SB0401",
        "type": "AcademicQuality",
        "applicableLevel": "OB05",
        "contentJson": {}
    },
    {
        "identifier": "urn:jy:physics:OB05:AcademicQuality:3",
        "title": "学业质量三",
        "description": "能针对一些现象，发现并提出要探究的物理问题，能根据经验和已有知识作出猜想与假设；能针对提出的问题，运用控制变量法等制订比较合理的科学探究方案，会正确使用学生必做实验所涉及的实验器材，并根据实验方案进行规范、安全的实验操作，会正确读取和记录实验数据，能排除简单的实验故障；能根据实验目的整理信息，会用简单的图像或表格描述信息，能通过信息比较或图像分析发现其中的特点，进行初步的因果判断，形成结论并作出解释；能表述物理问题，会用物理学术语、符号、图表等描述探究过程，说明探究结果，撰写简单的科学探究报告。",
        "subject": "物理SB0401",
        "type": "AcademicQuality",
        "applicableLevel": "OB05",
        "contentJson": {}
    },
    {
        "identifier": "urn:jy:physics:OB05:AcademicQuality:4",
        "title": "学业质量四",
        "description": "能初步认识科学本质，体会物理学对人类认识深化及社会发展的推动作用；能保持对自然的好奇、对物理学的兴趣，具有严谨认真和实事求是的科学态度，既坚持原则，又能与他人合作；知道科学探索、技术应用及成果发表具有一定的道德规范，初步了解科学、技术、社会、环境之间的关系，具有保护环境、节约资源、促进可持续发展的责任感和实现中华民族伟大复兴的使命感。",
        "subject": "物理SB0401",
        "type": "AcademicQuality",
        "applicableLevel": "OB05",
        "contentJson": {}
    }
]