[
    {
        "identifier": "urn:jy:physics:OB05:CoreLiteracy:1",
        "title": "物理观念",
        "description": "通物理观念是从物理学视角形成的关于物质、运动和相互作用、能量等内容的总体认识，是物理概念和规律等在头脑中的提炼与升华，是从物理学视角解释自然现象和解决实际问题的基础。物理观念主要包括物质观念、运动和相互作用观念、能量观念等要素。",
        "subject": "物理SB0401",
        "type": "CoreLiteracy",
        "applicableLevel": "OB05",
        "contentJson": {}
    },
    {
        "identifier": "urn:jy:physics:OB05:CoreLiteracy:2",
        "title": "科学思维",
        "description": "科学思维是从物理学视角对客观事物的本质属性、内在规律及相互关系的认识方式；是建构物理模型的抽象概括过程；是分析综合、推理论证等方法在科学领域的具体运用；是基于事实证据和科学推理对不同信息、观点和结论进行质疑和批判，予以检验和修正，进而提出创造性见解的品格与能力。科学思维主要包括模型建构、科学推理、科学论证、质疑创新等要素。",
        "subject": "物理SB0401",
        "type": "CoreLiteracy",
        "applicableLevel": "OB05",
        "contentJson": {}
    },
    {
        "identifier": "urn:jy:physics:OB05:CoreLiteracy:3",
        "title": "科学探究",
        "description": "科学探究是指基于观察和实验提出物理问题、形成猜想与假设、设计实验与制订方案、获取与处理信息、基于证据得出结论并作出解释，以及对科学探究过程和结果进行交流、评估、反思的能力。科学探究主要包括问题、证据、解释、交流等要素。",
        "subject": "物理SB0401",
        "type": "CoreLiteracy",
        "applicableLevel": "OB05",
        "contentJson": {}
    },
    {
        "identifier": "urn:jy:physics:OB05:CoreLiteracy:4",
        "title": "科学态度与责任",
        "description": "科学态度与责任是指，在认识科学本质和了解科学、技术、社会、环境之间关系的基础上形成的，探索自然的内在动力，严谨认真、实事求是、持之以恒的品质，热爱自然、保护环境、遵守科学伦理的自觉行为，以及推动可持续发展和实现中华民族伟大复兴的使命担当。科学态度与责任主要包括科学本质观、科学态度、社会责任等要素。",
        "subject": "物理SB0401",
        "type": "CoreLiteracy",
        "applicableLevel": "OB05",
        "contentJson": {}
    }
]