[
  {
    "identifier": "urn:jy:physics:OB05:Example:001",
    "title": "例1",
    "description": "尝试对温室效应、热岛效应等发表自己的见解。",
    "subject": "SB0401",
    "type": "Example",
    "applicableLevel": "OB05",
    "contentJson": {
      "sourceImage": "page_012.png",
      "exampleLabel": "例1",
      "text": "尝试对温室效应、热岛效应等发表自己的见解。"
    },
    "ThemeL2": "urn:jy:physics:OB05:ThemeL2:1"
  },
  {
    "identifier": "urn:jy:physics:OB05:Example:002",
    "title": "例2",
    "description": "能运用物态变化知识，说明冰熔化、水沸腾等现象。",
    "subject": "SB0401",
    "type": "Example",
    "applicableLevel": "OB05",
    "contentJson": {
      "sourceImage": "page_012.png",
      "exampleLabel": "例2",
      "text": "能运用物态变化知识，说明冰熔化、水沸腾等现象。"
    },
    "ThemeL2": "urn:jy:physics:OB05:ThemeL2:1"
  },
  {
    "identifier": "urn:jy:physics:OB05:Example:003",
    "title": "例3",
    "description": "了解我国古代的铸造技术，并尝试运用物态变化知识进行解释。",
    "subject": "SB0401",
    "type": "Example",
    "applicableLevel": "OB05",
    "contentJson": {
      "sourceImage": "page_012.png",
      "exampleLabel": "例3",
      "text": "了解我国古代的铸造技术，并尝试运用物态变化知识进行解释。"
    },
    "ThemeL2": "urn:jy:physics:OB05:ThemeL2:1"
  },
  {
    "identifier": "urn:jy:physics:OB05:Example:004",
    "title": "例1",
    "description": "通过实验，了解橡胶的弹性。列举弹性在生活中的应用实例。",
    "subject": "SB0401",
    "type": "Example",
    "applicableLevel": "OB05",
    "contentJson": {
      "sourceImage": "page_013.png",
      "exampleLabel": "例1",
      "text": "通过实验，了解橡胶的弹性。列举弹性在生活中的应用实例。"
    },
    "ThemeL2": "urn:jy:physics:OB05:ThemeL2:2"
  },
  {
    "identifier": "urn:jy:physics:OB05:Example:005",
    "title": "例2",
    "description": "通过实验，了解物质的磁性和磁化现象。调查磁性材料在生活中的应用。",
    "subject": "SB0401",
    "type": "Example",
    "applicableLevel": "OB05",
    "contentJson": {
      "sourceImage": "page_013.png",
      "exampleLabel": "例2",
      "text": "通过实验，了解物质的磁性和磁化现象。调查磁性材料在生活中的应用。"
    },
    "ThemeL2": "urn:jy:physics:OB05:ThemeL2:2"
  },
  {
    "identifier": "urn:jy:physics:OB05:Example:006",
    "title": "例3",
    "description": "通过实验，了解物质的导电性，比较导体、半导体、绝缘体导电性能的差异。",
    "subject": "SB0401",
    "type": "Example",
    "applicableLevel": "OB05",
    "contentJson": {
      "sourceImage": "page_013.png",
      "exampleLabel": "例3",
      "text": "通过实验，了解物质的导电性，比较导体、半导体、绝缘体导电性能的差异。"
    },
    "ThemeL2": "urn:jy:physics:OB05:ThemeL2:2"
  },
  {
    "identifier": "urn:jy:physics:OB05:Example:007",
    "title": "例4",
    "description": "通过实验，了解金属与木材导热性能的差异。",
    "subject": "SB0401",
    "type": "Example",
    "applicableLevel": "OB05",
    "contentJson": {
      "sourceImage": "page_013.png",
      "exampleLabel": "例4",
      "text": "通过实验，了解金属与木材导热性能的差异。"
    },
    "ThemeL2": "urn:jy:physics:OB05:ThemeL2:2"
  },
  {
    "identifier": "urn:jy:physics:OB05:Example:008",
    "title": "例5",
    "description": "列举质量为几克、几十克、几百克和几千克的一些物品，能估测常见物体的质量。",
    "subject": "SB0401",
    "type": "Example",
    "applicableLevel": "OB05",
    "contentJson": {
      "sourceImage": "page_013.png",
      "exampleLabel": "例5",
      "text": "列举质量为几克、几十克、几百克和几千克的一些物品，能估测常见物体的质量。"
    },
    "ThemeL2": "urn:jy:physics:OB05:ThemeL2:2"
  },
  {
    "identifier": "urn:jy:physics:OB05:Example:009",
    "title": "例1",
    "description": "用图形、文字或语言描述原子的核式结构模型。",
    "subject": "SB0401",
    "type": "Example",
    "applicableLevel": "OB05",
    "contentJson": {
      "sourceImage": "page_014.png",
      "exampleLabel": "例1",
      "text": "用图形、文字或语言描述原子的核式结构模型。"
    },
    "ThemeL2": "urn:jy:physics:OB05:ThemeL2:3"
  },
  {
    "identifier": "urn:jy:physics:OB05:Example:010",
    "title": "例2",
    "description": "了解我国在载人航天及其他航天科技方面的新成就，体会我国航天人热爱祖国、为国争光的坚定信念和勇于登攀、敢于超越的进取精神。",
    "subject": "SB0401",
    "type": "Example",
    "applicableLevel": "OB05",
    "contentJson": {
      "sourceImage": "page_014.png",
      "exampleLabel": "例2",
      "text": "了解我国在载人航天及其他航天科技方面的新成就，体会我国航天人热爱祖国、为国争光的坚定信念和勇于登攀、敢于超越的进取精神。"
    },
    "ThemeL2": "urn:jy:physics:OB05:ThemeL2:3"
  },
  {
    "identifier": "urn:jy:physics:OB05:Example:011",
    "title": "例3",
    "description": "设计表格，按空间尺度大小的顺序排列列一些从宏观到微观有代表性的物体（如银河系、太阳系、地球、人、原子、原子核、夸克等）。",
    "subject": "SB0401",
    "type": "Example",
    "applicableLevel": "OB05",
    "contentJson": {
      "sourceImage": "page_014.png",
      "exampleLabel": "例3",
      "text": "设计表格，按空间尺度大小的顺序排列列一些从宏观到微观有代表性的物体（如银河系、太阳系、地球、人、原子、原子核、夸克等）。"
    },
    "ThemeL2": "urn:jy:physics:OB05:ThemeL2:3"
  },
  {
    "identifier": "urn:jy:physics:OB05:Example:012",
    "title": "例4",
    "description": "了解一些典型天体、粒子寿命的时间尺度。",
    "subject": "SB0401",
    "type": "Example",
    "applicableLevel": "OB05",
    "contentJson": {
      "sourceImage": "page_014.png",
      "exampleLabel": "例4",
      "text": "了解一些典型天体、粒子寿命的时间尺度。"
    },
    "ThemeL2": "urn:jy:physics:OB05:ThemeL2:3"
  },
  {
    "identifier": "urn:jy:physics:OB05:Example:013",
    "title": "例",
    "description": "观察扩散现象，能用分子动理论的观点加以说明。",
    "subject": "SB0401",
    "type": "Example",
    "applicableLevel": "OB05",
    "contentJson": {
      "sourceImage": "page_017.png",
      "exampleLabel": "例",
      "text": "观察扩散现象，能用分子动理论的观点加以说明。"
    },
    "ThemeL2": "urn:jy:physics:OB05:ThemeL2:4"
  },
  {
    "identifier": "urn:jy:physics:OB05:Example:014",
    "title": "例1",
    "description": "会利用自身的尺度（如步长）估测教室的长度。",
    "subject": "SB0401",
    "type": "Example",
    "applicableLevel": "OB05",
    "contentJson": {
      "sourceImage": "page_018.png",
      "exampleLabel": "例1",
      "text": "会利用自身的尺度（如步长）估测教室的长度。"
    },
    "ThemeL2": "urn:jy:physics:OB05:ThemeL2:5"
  },
  {
    "identifier": "urn:jy:physics:OB05:Example:015",
    "title": "例2",
    "description": "了解我国古代测量长度和时间的工具，体会古人解决问题的智慧。",
    "subject": "SB0401",
    "type": "Example",
    "applicableLevel": "OB05",
    "contentJson": {
      "sourceImage": "page_018.png",
      "exampleLabel": "例2",
      "text": "了解我国古代测量长度和时间的工具，体会古人解决问题的智慧。"
    },
    "ThemeL2": "urn:jy:physics:OB05:ThemeL2:5"
  },
  {
    "identifier": "urn:jy:physics:OB05:Example:016",
    "title": "例3",
    "description": "通过实验，认识力的作用是相互的。",
    "subject": "SB0401",
    "type": "Example",
    "applicableLevel": "OB05",
    "contentJson": {
      "sourceImage": "page_018.png",
      "exampleLabel": "例3",
      "text": "通过实验，认识力的作用是相互的。"
    },
    "ThemeL2": "urn:jy:physics:OB05:ThemeL2:5"
  },
  {
    "identifier": "urn:jy:physics:OB05:Example:017",
    "title": "例4",
    "description": "通过实验，认识力可以改变物体运动的方向和快慢，也可以改变物体的形状。",
    "subject": "SB0401",
    "type": "Example",
    "applicableLevel": "OB05",
    "contentJson": {
      "sourceImage": "page_018.png",
      "exampleLabel": "例4",
      "text": "通过实验，认识力可以改变物体运动的方向和快慢，也可以改变物体的形状。"
    },
    "ThemeL2": "urn:jy:physics:OB05:ThemeL2:5"
  },
  {
    "identifier": "urn:jy:physics:OB05:Example:018",
    "title": "例5",
    "description": "分析静止在水平桌面上杯子的受力情况。",
    "subject": "SB0401",
    "type": "Example",
    "applicableLevel": "OB05",
    "contentJson": {
      "sourceImage": "page_018.png",
      "exampleLabel": "例5",
      "text": "分析静止在水平桌面上杯子的受力情况。"
    },
    "ThemeL2": "urn:jy:physics:OB05:ThemeL2:5"
  },
  {
    "identifier": "urn:jy:physics:OB05:Example:019",
    "title": "例6",
    "description": "了解伽利略在探究与物体惯性有关问题时采用的思想实验，体会科学推理在科学研究中的作用。",
    "subject": "SB0401",
    "type": "Example",
    "applicableLevel": "OB05",
    "contentJson": {
      "sourceImage": "page_018.png",
      "exampleLabel": "例6",
      "text": "了解伽利略在探究与物体惯性有关问题时采用的思想实验，体会科学推理在科学研究中的作用。"
    },
    "ThemeL2": "urn:jy:physics:OB05:ThemeL2:5"
  },
  {
    "identifier": "urn:jy:physics:OB05:Example:020",
    "title": "例7",
    "description": "能运用惯性，解释当汽车急刹车、转弯时，车内可能发生的现象，讨论系安全带等保护措施的必要性。",
    "subject": "SB0401",
    "type": "Example",
    "applicableLevel": "OB05",
    "contentJson": {
      "sourceImage": "page_018.png",
      "exampleLabel": "例7",
      "text": "能运用惯性，解释当汽车急刹车、转弯时，车内可能发生的现象，讨论系安全带等保护措施的必要性。"
    },
    "ThemeL2": "urn:jy:physics:OB05:ThemeL2:5"
  },
  {
    "identifier": "urn:jy:physics:OB05:Example:021",
    "title": "例8",
    "description": "估测自己站立时对地面的压强。",
    "subject": "SB0401",
    "type": "Example",
    "applicableLevel": "OB05",
    "contentJson": {
      "sourceImage": "page_019.png",
      "exampleLabel": "例8",
      "text": "估测自己站立时对地面的压强。"
    },
    "ThemeL2": "urn:jy:physics:OB05:ThemeL2:5"
  },
  {
    "identifier": "urn:jy:physics:OB05:Example:022",
    "title": "例9",
    "description": "了解铁路站台上设置安全线的必要性。",
    "subject": "SB0401",
    "type": "Example",
    "applicableLevel": "OB05",
    "contentJson": {
      "sourceImage": "page_019.png",
      "exampleLabel": "例9",
      "text": "了解铁路站台上设置安全线的必要性。"
    },
    "ThemeL2": "urn:jy:physics:OB05:ThemeL2:5"
  },
  {
    "identifier": "urn:jy:physics:OB05:Example:023",
    "title": "例10",
    "description": "了解潜水艇的浮沉原理。",
    "subject": "SB0401",
    "type": "Example",
    "applicableLevel": "OB05",
    "contentJson": {
      "sourceImage": "page_019.png",
      "exampleLabel": "例10",
      "text": "了解潜水艇的浮沉原理。"
    },
    "ThemeL2": "urn:jy:physics:OB05:ThemeL2:5"
  },
  {
    "identifier": "urn:jy:physics:OB05:Example:024",
    "title": "例1",
    "description": "在鼓面上放碎纸屑，敲击鼓面，观察纸屑的运动；敲击音叉，观察与其接触的物体的运动。了解实验中将微小变化放大的方法。",
    "subject": "SB0401",
    "type": "Example",
    "applicableLevel": "OB05",
    "contentJson": {
      "sourceImage": "page_019.png",
      "exampleLabel": "例1",
      "text": "在鼓面上放碎纸屑，敲击鼓面，观察纸屑的运动；敲击音叉，观察与其接触的物体的运动。了解实验中将微小变化放大的方法。"
    },
    "ThemeL2": "urn:jy:physics:OB05:ThemeL2:6"
  },
  {
    "identifier": "urn:jy:physics:OB05:Example:025",
    "title": "例2",
    "description": "将发声器放入玻璃罩中，逐渐抽出罩内空气，会听到发声器发出的声音逐渐变小，分析导致该现象的原因。",
    "subject": "SB0401",
    "type": "Example",
    "applicableLevel": "OB05",
    "contentJson": {
      "sourceImage": "page_019.png",
      "exampleLabel": "例2",
      "text": "将发声器放入玻璃罩中，逐渐抽出罩内空气，会听到发声器发出的声音逐渐变小，分析导致该现象的原因。"
    },
    "ThemeL2": "urn:jy:physics:OB05:ThemeL2:6"
  },
  {
    "identifier": "urn:jy:physics:OB05:Example:026",
    "title": "例3",
    "description": "了解超声波在生产生活和科学研究等方面的应用，如超声雷达、金属探伤、医学检查等。",
    "subject": "SB0401",
    "type": "Example",
    "applicableLevel": "OB05",
    "contentJson": {
      "sourceImage": "page_020.png",
      "exampleLabel": "例3",
      "text": "了解超声波在生产生活和科学研究等方面的应用，如超声雷达、金属探伤、医学检查等。"
    },
    "ThemeL2": "urn:jy:physics:OB05:ThemeL2:6"
  },
  {
    "identifier": "urn:jy:physics:OB05:Example:027",
    "title": "例4",
    "description": "举例说明如何减弱生活环境中的噪声，具有保护自己、关心他人的意识。",
    "subject": "SB0401",
    "type": "Example",
    "applicableLevel": "OB05",
    "contentJson": {
      "sourceImage": "page_020.png",
      "exampleLabel": "例4",
      "text": "举例说明如何减弱生活环境中的噪声，具有保护自己、关心他人的意识。"
    },
    "ThemeL2": "urn:jy:physics:OB05:ThemeL2:6"
  },
  {
    "identifier": "urn:jy:physics:OB05:Example:028",
    "title": "例5",
    "description": "探究并了解光束在平面镜上反射时，反射角与入射角的关系。",
    "subject": "SB0401",
    "type": "Example",
    "applicableLevel": "OB05",
    "contentJson": {
      "sourceImage": "page_020.png",
      "exampleLabel": "例5",
      "text": "探究并了解光束在平面镜上反射时，反射角与入射角的关系。"
    },
    "ThemeL2": "urn:jy:physics:OB05:ThemeL2:6"
  },
  {
    "identifier": "urn:jy:physics:OB05:Example:029",
    "title": "例6",
    "description": "通过光束从空气射入水（或玻璃）中的实验，了解光的折射现象及其特点。",
    "subject": "SB0401",
    "type": "Example",
    "applicableLevel": "OB05",
    "contentJson": {
      "sourceImage": "page_020.png",
      "exampleLabel": "例6",
      "text": "通过光束从空气射入水（或玻璃）中的实验，了解光的折射现象及其特点。"
    },
    "ThemeL2": "urn:jy:physics:OB05:ThemeL2:6"
  },
  {
    "identifier": "urn:jy:physics:OB05:Example:030",
    "title": "例7",
    "description": "了解凸透镜成像规律在放大镜、照相机中的应用。",
    "subject": "SB0401",
    "type": "Example",
    "applicableLevel": "OB05",
    "contentJson": {
      "sourceImage": "page_020.png",
      "exampleLabel": "例7",
      "text": "了解凸透镜成像规律在放大镜、照相机中的应用。"
    },
    "ThemeL2": "urn:jy:physics:OB05:ThemeL2:6"
  },
  {
    "identifier": "urn:jy:physics:OB05:Example:031",
    "title": "例8",
    "description": "了解人眼成像的原理，了解近视眼和远视眼的成因与矫正方法。具有保护视力的意识。",
    "subject": "SB0401",
    "type": "Example",
    "applicableLevel": "OB05",
    "contentJson": {
      "sourceImage": "page_020.png",
      "exampleLabel": "例8",
      "text": "了解人眼成像的原理，了解近视眼和远视眼的成因与矫正方法。具有保护视力的意识。"
    },
    "ThemeL2": "urn:jy:physics:OB05:ThemeL2:6"
  },
  {
    "identifier": "urn:jy:physics:OB05:Example:032",
    "title": "例9",
    "description": "观察红、绿、蓝三束光照射在白墙上重叠部分的颜色。",
    "subject": "SB0401",
    "type": "Example",
    "applicableLevel": "OB05",
    "contentJson": {
      "sourceImage": "page_020.png",
      "exampleLabel": "例9",
      "text": "观察红、绿、蓝三束光照射在白墙上重叠部分的颜色。"
    },
    "ThemeL2": "urn:jy:physics:OB05:ThemeL2:6"
  },
  {
    "identifier": "urn:jy:physics:OB05:Example:033",
    "title": "例1",
    "description": "举例说明生活中的静电现象。",
    "subject": "SB0401",
    "type": "Example",
    "applicableLevel": "OB05",
    "contentJson": {
      "sourceImage": "page_021.png",
      "exampleLabel": "例1",
      "text": "举例说明生活中的静电现象。"
    },
    "ThemeL2": "urn:jy:physics:OB05:ThemeL2:7"
  },
  {
    "identifier": "urn:jy:physics:OB05:Example:034",
    "title": "例2",
    "description": "查阅资料，了解静电防止和利用的常用方法。",
    "subject": "SB0401",
    "type": "Example",
    "applicableLevel": "OB05",
    "contentJson": {
      "sourceImage": "page_021.png",
      "exampleLabel": "例2",
      "text": "查阅资料，了解静电防止和利用的常用方法。"
    },
    "ThemeL2": "urn:jy:physics:OB05:ThemeL2:7"
  },
  {
    "identifier": "urn:jy:physics:OB05:Example:035",
    "title": "例3",
    "description": "查阅资料，了解我国古代指南针的发明对人类社会发展的贡献。",
    "subject": "SB0401",
    "type": "Example",
    "applicableLevel": "OB05",
    "contentJson": {
      "sourceImage": "page_021.png",
      "exampleLabel": "例3",
      "text": "查阅资料，了解我国古代指南针的发明对人类社会发展的贡献。"
    },
    "ThemeL2": "urn:jy:physics:OB05:ThemeL2:7"
  },
  {
    "identifier": "urn:jy:physics:OB05:Example:036",
    "title": "例4",
    "description": "了解动圈式扬声器的结构和原理。",
    "subject": "SB0401",
    "type": "Example",
    "applicableLevel": "OB05",
    "contentJson": {
      "sourceImage": "page_021.png",
      "exampleLabel": "例4",
      "text": "了解动圈式扬声器的结构和原理。"
    },
    "ThemeL2": "urn:jy:physics:OB05:ThemeL2:7"
  },
  {
    "identifier": "urn:jy:physics:OB05:Example:037",
    "title": "例5",
    "description": "了解直流电动机的工作原理。",
    "subject": "SB0401",
    "type": "Example",
    "applicableLevel": "OB05",
    "contentJson": {
      "sourceImage": "page_021.png",
      "exampleLabel": "例5",
      "text": "了解直流电动机的工作原理。"
    },
    "ThemeL2": "urn:jy:physics:OB05:ThemeL2:7"
  },
  {
    "identifier": "urn:jy:physics:OB05:Example:038",
    "title": "例6",
    "description": "了解发电机的工作原理。",
    "subject": "SB0401",
    "type": "Example",
    "applicableLevel": "OB05",
    "contentJson": {
      "sourceImage": "page_021.png",
      "exampleLabel": "例6",
      "text": "了解发电机的工作原理。"
    },
    "ThemeL2": "urn:jy:physics:OB05:ThemeL2:7"
  },
  {
    "identifier": "urn:jy:physics:OB05:Example:039",
    "title": "例7",
    "description": "举例说明电磁波的存在。",
    "subject": "SB0401",
    "type": "Example",
    "applicableLevel": "OB05",
    "contentJson": {
      "sourceImage": "page_021.png",
      "exampleLabel": "例7",
      "text": "举例说明电磁波的存在。"
    },
    "ThemeL2": "urn:jy:physics:OB05:ThemeL2:7"
  },
  {
    "identifier": "urn:jy:physics:OB05:Example:040",
    "title": "例8",
    "description": "了解广播电台节目的发射频率和波长。",
    "subject": "SB0401",
    "type": "Example",
    "applicableLevel": "OB05",
    "contentJson": {
      "sourceImage": "page_021.png",
      "exampleLabel": "例8",
      "text": "了解广播电台节目的发射频率和波长。"
    },
    "ThemeL2": "urn:jy:physics:OB05:ThemeL2:7"
  },
  {
    "identifier": "urn:jy:physics:OB05:Example:041",
    "title": "例9",
    "description": "知道移动通信和卫星通信等都应用了电磁波。",
    "subject": "SB0401",
    "type": "Example",
    "applicableLevel": "OB05",
    "contentJson": {
      "sourceImage": "page_021.png",
      "exampleLabel": "例9",
      "text": "知道移动通信和卫星通信等都应用了电磁波。"
    },
    "ThemeL2": "urn:jy:physics:OB05:ThemeL2:7"
  },
  {
    "identifier": "urn:jy:physics:OB05:Example:042",
    "title": "例1",
    "description": "列举几种与生活密切相关的能量。",
    "subject": "SB0401",
    "type": "Example",
    "applicableLevel": "OB05",
    "contentJson": {
      "sourceImage": "page_025.png",
      "exampleLabel": "例1",
      "text": "列举几种与生活密切相关的能量。"
    },
    "ThemeL2": "urn:jy:physics:OB05:ThemeL2:8"
  },
  {
    "identifier": "urn:jy:physics:OB05:Example:043",
    "title": "例2",
    "description": "列举生活中能量转移和转化的实例。",
    "subject": "SB0401",
    "type": "Example",
    "applicableLevel": "OB05",
    "contentJson": {
      "sourceImage": "page_025.png",
      "exampleLabel": "例2",
      "text": "列举生活中能量转移和转化的实例。"
    },
    "ThemeL2": "urn:jy:physics:OB05:ThemeL2:8"
  },
  {
    "identifier": "urn:jy:physics:OB05:Example:044",
    "title": "例1",
    "description": "定性说明荡秋千过程中动能和势能的相互转化。",
    "subject": "SB0401",
    "type": "Example",
    "applicableLevel": "OB05",
    "contentJson": {
      "sourceImage": "page_025.png",
      "exampleLabel": "例1",
      "text": "定性说明荡秋千过程中动能和势能的相互转化。"
    },
    "ThemeL2": "urn:jy:physics:OB05:ThemeL2:9"
  },
  {
    "identifier": "urn:jy:physics:OB05:Example:045",
    "title": "例2",
    "description": "分析《天工开物》中汲水装置工作时的能量的相互转化。",
    "subject": "SB0401",
    "type": "Example",
    "applicableLevel": "OB05",
    "contentJson": {
      "sourceImage": "page_026.png",
      "exampleLabel": "例2",
      "text": "分析《天工开物》中汲水装置工作时的能量的相互转化。"
    },
    "ThemeL2": "urn:jy:physics:OB05:ThemeL2:9"
  },
  {
    "identifier": "urn:jy:physics:OB05:Example:046",
    "title": "例3",
    "description": "测量某种简单机械的机械效率。",
    "subject": "SB0401",
    "type": "Example",
    "applicableLevel": "OB05",
    "contentJson": {
      "sourceImage": "page_026.png",
      "exampleLabel": "例3",
      "text": "测量某种简单机械的机械效率。"
    },
    "ThemeL2": "urn:jy:physics:OB05:ThemeL2:9"
  },
  {
    "identifier": "urn:jy:physics:OB05:Example:047",
    "title": "例1",
    "description": "能运用比热容说明为什么沙漠中的昼夜温差比海边的大。",
    "subject": "SB0401",
    "type": "Example",
    "applicableLevel": "OB05",
    "contentJson": {
      "sourceImage": "page_026.png",
      "exampleLabel": "例1",
      "text": "能运用比热容说明为什么沙漠中的昼夜温差比海边的大。"
    },
    "ThemeL2": "urn:jy:physics:OB05:ThemeL2:10"
  },
  {
    "identifier": "urn:jy:physics:OB05:Example:048",
    "title": "例2",
    "description": "了解热机对社会发展所起的作用和对环境的影响。",
    "subject": "SB0401",
    "type": "Example",
    "applicableLevel": "OB05",
    "contentJson": {
      "sourceImage": "page_026.png",
      "exampleLabel": "例2",
      "text": "了解热机对社会发展所起的作用和对环境的影响。"
    },
    "ThemeL2": "urn:jy:physics:OB05:ThemeL2:10"
  },
  {
    "identifier": "urn:jy:physics:OB05:Example:049",
    "title": "例1",
    "description": "定性说明发电机、电热水壶、电风扇工作过程中能量转化的情况。",
    "subject": "SB0401",
    "type": "Example",
    "applicableLevel": "OB05",
    "contentJson": {
      "sourceImage": "page_027.png",
      "exampleLabel": "例1",
      "text": "定性说明发电机、电热水壶、电风扇工作过程中能量转化的情况。"
    },
    "ThemeL2": "urn:jy:physics:OB05:ThemeL2:11"
  },
  {
    "identifier": "urn:jy:physics:OB05:Example:050",
    "title": "例2",
    "description": "调查常见用电器的铭牌，比较它们的电功率。",
    "subject": "SB0401",
    "type": "Example",
    "applicableLevel": "OB05",
    "contentJson": {
      "sourceImage": "page_027.png",
      "exampleLabel": "例2",
      "text": "调查常见用电器的铭牌，比较它们的电功率。"
    },
    "ThemeL2": "urn:jy:physics:OB05:ThemeL2:11"
  },
  {
    "identifier": "urn:jy:physics:OB05:Example:051",
    "title": "例3",
    "description": "了解我国家庭用电的电压和频率，在家庭用电中有保护自己和他人的安全意识。",
    "subject": "SB0401",
    "type": "Example",
    "applicableLevel": "OB05",
    "contentJson": {
      "sourceImage": "page_027.png",
      "exampleLabel": "例3",
      "text": "了解我国家庭用电的电压和频率，在家庭用电中有保护自己和他人的安全意识。"
    },
    "ThemeL2": "urn:jy:physics:OB05:ThemeL2:11"
  },
  {
    "identifier": "urn:jy:physics:OB05:Example:052",
    "title": "例1",
    "description": "了解处理核废料的常用方法。",
    "subject": "SB0401",
    "type": "Example",
    "applicableLevel": "OB05",
    "contentJson": {
      "sourceImage": "page_028.png",
      "exampleLabel": "例1",
      "text": "了解处理核废料的常用方法。"
    },
    "ThemeL2": "urn:jy:physics:OB05:ThemeL2:13"
  },
  {
    "identifier": "urn:jy:physics:OB05:Example:053",
    "title": "例2",
    "description": "了解太阳能、风能、氢能等能源的开发对可持续发展的意义。",
    "subject": "SB0401",
    "type": "Example",
    "applicableLevel": "OB05",
    "contentJson": {
      "sourceImage": "page_028.png",
      "exampleLabel": "例2",
      "text": "了解太阳能、风能、氢能等能源的开发对可持续发展的意义。"
    },
    "ThemeL2": "urn:jy:physics:OB05:ThemeL2:13"
  },
  {
    "identifier": "urn:jy:physics:OB05:Example:054",
    "title": "例1",
    "description": "用托盘天平测量小木块和杯中水的质量。",
    "subject": "SB0401",
    "type": "Example",
    "applicableLevel": "OB05",
    "contentJson": {
      "sourceImage": "page_031.png",
      "exampleLabel": "例1",
      "text": "用托盘天平测量小木块和杯中水的质量。"
    },
    "ThemeL2": "urn:jy:physics:OB05:ThemeL2:14"
  },
  {
    "identifier": "urn:jy:physics:OB05:Example:055",
    "title": "例2",
    "description": "用天平、量筒等测量小石块和盐水的密度。",
    "subject": "SB0401",
    "type": "Example",
    "applicableLevel": "OB05",
    "contentJson": {
      "sourceImage": "page_031.png",
      "exampleLabel": "例2",
      "text": "用天平、量筒等测量小石块和盐水的密度。"
    },
    "ThemeL2": "urn:jy:physics:OB05:ThemeL2:14"
  },
  {
    "identifier": "urn:jy:physics:OB05:Example:056",
    "title": "例3",
    "description": "用实验室温度计测量水的温度，用体温计测量自己的体温。",
    "subject": "SB0401",
    "type": "Example",
    "applicableLevel": "OB05",
    "contentJson": {
      "sourceImage": "page_031.png",
      "exampleLabel": "例3",
      "text": "用实验室温度计测量水的温度，用体温计测量自己的体温。"
    },
    "ThemeL2": "urn:jy:physics:OB05:ThemeL2:14"
  },
  {
    "identifier": "urn:jy:physics:OB05:Example:057",
    "title": "例4",
    "description": "用刻度尺测量物理教科书的长和宽，利用具有秒表功能的设备测量自己脉搏跳动30次所用的时间。",
    "subject": "SB0401",
    "type": "Example",
    "applicableLevel": "OB05",
    "contentJson": {
      "sourceImage": "page_031.png",
      "exampleLabel": "例4",
      "text": "用刻度尺测量物理教科书的长和宽，利用具有秒表功能的设备测量自己脉搏跳动30次所用的时间。"
    },
    "ThemeL2": "urn:jy:physics:OB05:ThemeL2:14"
  },
  {
    "identifier": "urn:jy:physics:OB05:Example:058",
    "title": "例5",
    "description": "用秒表和刻度尺，测量小球通过某段距离的速度。",
    "subject": "SB0401",
    "type": "Example",
    "applicableLevel": "OB05",
    "contentJson": {
      "sourceImage": "page_032.png",
      "exampleLabel": "例5",
      "text": "用秒表和刻度尺，测量小球通过某段距离的速度。"
    },
    "ThemeL2": "urn:jy:physics:OB05:ThemeL2:14"
  },
  {
    "identifier": "urn:jy:physics:OB05:Example:059",
    "title": "例6",
    "description": "用手拉动弹簧测力计体验1 N、2 N、4 N力的大小，测量一本物理教科书所受的重力。",
    "subject": "SB0401",
    "type": "Example",
    "applicableLevel": "OB05",
    "contentJson": {
      "sourceImage": "page_032.png",
      "exampleLabel": "例6",
      "text": "用手拉动弹簧测力计体验1 N、2 N、4 N力的大小，测量一本物理教科书所受的重力。"
    },
    "ThemeL2": "urn:jy:physics:OB05:ThemeL2:14"
  },
  {
    "identifier": "urn:jy:physics:OB05:Example:060",
    "title": "例7",
    "description": "用实验室指针式电流表，测量直流电路中的电流。",
    "subject": "SB0401",
    "type": "Example",
    "applicableLevel": "OB05",
    "contentJson": {
      "sourceImage": "page_032.png",
      "exampleLabel": "例7",
      "text": "用实验室指针式电流表，测量直流电路中的电流。"
    },
    "ThemeL2": "urn:jy:physics:OB05:ThemeL2:14"
  },
  {
    "identifier": "urn:jy:physics:OB05:Example:061",
    "title": "例8",
    "description": "用实验室指针式电压表，测量直流电路中的电压。",
    "subject": "SB0401",
    "type": "Example",
    "applicableLevel": "OB05",
    "contentJson": {
      "sourceImage": "page_032.png",
      "exampleLabel": "例8",
      "text": "用实验室指针式电压表，测量直流电路中的电压。"
    },
    "ThemeL2": "urn:jy:physics:OB05:ThemeL2:14"
  },
  {
    "identifier": "urn:jy:physics:OB05:Example:062",
    "title": "例9",
    "description": "用电流表、电压表、滑动变阻器等，测量小灯泡正常发光时的电阻。",
    "subject": "SB0401",
    "type": "Example",
    "applicableLevel": "OB05",
    "contentJson": {
      "sourceImage": "page_032.png",
      "exampleLabel": "例9",
      "text": "用电流表、电压表、滑动变阻器等，测量小灯泡正常发光时的电阻。"
    },
    "ThemeL2": "urn:jy:physics:OB05:ThemeL2:14"
  },
  {
    "identifier": "urn:jy:physics:OB05:Example:063",
    "title": "例1",
    "description": "用酒精灯、烧杯、温度计等，探究水在沸腾前后温度变化的特点。",
    "subject": "SB0401",
    "type": "Example",
    "applicableLevel": "OB05",
    "contentJson": {
      "sourceImage": "page_032.png",
      "exampleLabel": "例1",
      "text": "用酒精灯、烧杯、温度计等，探究水在沸腾前后温度变化的特点。"
    },
    "ThemeL2": "urn:jy:physics:OB05:ThemeL2:15"
  },
  {
    "identifier": "urn:jy:physics:OB05:Example:064",
    "title": "例2",
    "description": "用弹簧测力计、平板、细绳、长方体物块、棉布、毛巾等，探究滑动摩擦力大小与哪些因素有关。",
    "subject": "SB0401",
    "type": "Example",
    "applicableLevel": "OB05",
    "contentJson": {
      "sourceImage": "page_032.png",
      "exampleLabel": "例2",
      "text": "用弹簧测力计、平板、细绳、长方体物块、棉布、毛巾等，探究滑动摩擦力大小与哪些因素有关。"
    },
    "ThemeL2": "urn:jy:physics:OB05:ThemeL2:15"
  },
  {
    "identifier": "urn:jy:physics:OB05:Example:065",
    "title": "例3",
    "description": "用水、盐水、压强计等，探究液体压强与哪些因素有关。",
    "subject": "SB0401",
    "type": "Example",
    "applicableLevel": "OB05",
    "contentJson": {
      "sourceImage": "page_032.png",
      "exampleLabel": "例3",
      "text": "用水、盐水、压强计等，探究液体压强与哪些因素有关。"
    },
    "ThemeL2": "urn:jy:physics:OB05:ThemeL2:15"
  },
  {
    "identifier": "urn:jy:physics:OB05:Example:066",
    "title": "例4",
    "description": "用水、盐水、金属块、弹簧测力计等，探究金属块所受浮力与哪些因素有关。",
    "subject": "SB0401",
    "type": "Example",
    "applicableLevel": "OB05",
    "contentJson": {
      "sourceImage": "page_033.png",
      "exampleLabel": "例4",
      "text": "用水、盐水、金属块、弹簧测力计等，探究金属块所受浮力与哪些因素有关。"
    },
    "ThemeL2": "urn:jy:physics:OB05:ThemeL2:15"
  },
  {
    "identifier": "urn:jy:physics:OB05:Example:067",
    "title": "例5",
    "description": "用杠杆、铁架台、钩码和弹簧测力计，探究杠杆平衡时动力、动力臂与阻力、阻力臂之间的定量关系。",
    "subject": "SB0401",
    "type": "Example",
    "applicableLevel": "OB05",
    "contentJson": {
      "sourceImage": "page_033.png",
      "exampleLabel": "例5",
      "text": "用杠杆、铁架台、钩码和弹簧测力计，探究杠杆平衡时动力、动力臂与阻力、阻力臂之间的定量关系。"
    },
    "ThemeL2": "urn:jy:physics:OB05:ThemeL2:15"
  },
  {
    "identifier": "urn:jy:physics:OB05:Example:068",
    "title": "例6",
    "description": "用激光笔、平面镜、光屏及量角器等探究光的反射定律。",
    "subject": "SB0401",
    "type": "Example",
    "applicableLevel": "OB05",
    "contentJson": {
      "sourceImage": "page_033.png",
      "exampleLabel": "例6",
      "text": "用激光笔、平面镜、光屏及量角器等探究光的反射定律。"
    },
    "ThemeL2": "urn:jy:physics:OB05:ThemeL2:15"
  },
  {
    "identifier": "urn:jy:physics:OB05:Example:069",
    "title": "例7",
    "description": "用蜡烛（或其他物品）、平板玻璃、刻度尺、白纸等，探究平面镜成像时，像的大小、位置、虚实等有什么特点。",
    "subject": "SB0401",
    "type": "Example",
    "applicableLevel": "OB05",
    "contentJson": {
      "sourceImage": "page_033.png",
      "exampleLabel": "例7",
      "text": "用蜡烛（或其他物品）、平板玻璃、刻度尺、白纸等，探究平面镜成像时，像的大小、位置、虚实等有什么特点。"
    },
    "ThemeL2": "urn:jy:physics:OB05:ThemeL2:15"
  },
  {
    "identifier": "urn:jy:physics:OB05:Example:070",
    "title": "例8",
    "description": "用蜡烛（或F形光源）、凸透镜、光具座、光屏等，探究凸透镜成像时，像的正倒、大小、位置、虚实等与物距的关系。",
    "subject": "SB0401",
    "type": "Example",
    "applicableLevel": "OB05",
    "contentJson": {
      "sourceImage": "page_033.png",
      "exampleLabel": "例8",
      "text": "用蜡烛（或F形光源）、凸透镜、光具座、光屏等，探究凸透镜成像时，像的正倒、大小、位置、虚实等与物距的关系。"
    },
    "ThemeL2": "urn:jy:physics:OB05:ThemeL2:15"
  },
  {
    "identifier": "urn:jy:physics:OB05:Example:071",
    "title": "例9",
    "description": "用小磁针、通电螺线管等，探究通电螺线管外部磁场的方向。",
    "subject": "SB0401",
    "type": "Example",
    "applicableLevel": "OB05",
    "contentJson": {
      "sourceImage": "page_033.png",
      "exampleLabel": "例9",
      "text": "用小磁针、通电螺线管等，探究通电螺线管外部磁场的方向。"
    },
    "ThemeL2": "urn:jy:physics:OB05:ThemeL2:15"
  },
  {
    "identifier": "urn:jy:physics:OB05:Example:072",
    "title": "例10",
    "description": "用矩形线圈或单根导线、磁体、灵敏电流计等探究产生感应电流的条件。",
    "subject": "SB0401",
    "type": "Example",
    "applicableLevel": "OB05",
    "contentJson": {
      "sourceImage": "page_033.png",
      "exampleLabel": "例10",
      "text": "用矩形线圈或单根导线、磁体、灵敏电流计等探究产生感应电流的条件。"
    },
    "ThemeL2": "urn:jy:physics:OB05:ThemeL2:15"
  },
  {
    "identifier": "urn:jy:physics:OB05:Example:073",
    "title": "例11",
    "description": "用电流表和电压表，分别探究串联电路和并联电路中电流、电压的特点。",
    "subject": "SB0401",
    "type": "Example",
    "applicableLevel": "OB05",
    "contentJson": {
      "sourceImage": "page_033.png",
      "exampleLabel": "例11",
      "text": "用电流表和电压表，分别探究串联电路和并联电路中电流、电压的特点。"
    },
    "ThemeL2": "urn:jy:physics:OB05:ThemeL2:15"
  },
  {
    "identifier": "urn:jy:physics:OB05:Example:074",
    "title": "例12",
    "description": "用定值电阻、滑动变阻器、电流表、电压表等，探究电流与电压、电阻的关系。",
    "subject": "SB0401",
    "type": "Example",
    "applicableLevel": "OB05",
    "contentJson": {
      "sourceImage": "page_033.png",
      "exampleLabel": "例12",
      "text": "用定值电阻、滑动变阻器、电流表、电压表等，探究电流与电压、电阻的关系。"
    },
    "ThemeL2": "urn:jy:physics:OB05:ThemeL2:15"
  },
  {
    "identifier": "urn:jy:physics:OB05:Example:075",
    "title": "例1",
    "description": "调查日常生活用品（如厨房用品）使用中的问题，并提出改进建议，能运用所学的知识论证自己所提建议的合理性。",
    "subject": "SB0401",
    "type": "Example",
    "applicableLevel": "OB05",
    "contentJson": {
      "sourceImage": "page_037.png",
      "exampleLabel": "例1",
      "text": "调查日常生活用品（如厨房用品）使用中的问题，并提出改进建议，能运用所学的知识论证自己所提建议的合理性。"
    },
    "ThemeL2": "urn:jy:physics:OB05:ThemeL2:16"
  },
  {
    "identifier": "urn:jy:physics:OB05:Example:076",
    "title": "例2",
    "description": "调查生活中（如用电、乘车、住高楼等）存在的安全隐患，提出安全与健康生活的建议。",
    "subject": "SB0401",
    "type": "Example",
    "applicableLevel": "OB05",
    "contentJson": {
      "sourceImage": "page_037.png",
      "exampleLabel": "例2",
      "text": "调查生活中（如用电、乘车、住高楼等）存在的安全隐患，提出安全与健康生活的建议。"
    },
    "ThemeL2": "urn:jy:physics:OB05:ThemeL2:16"
  },
  {
    "identifier": "urn:jy:physics:OB05:Example:077",
    "title": "例3",
    "description": "了解当地空气质量状况，并调查相关原因。",
    "subject": "SB0401",
    "type": "Example",
    "applicableLevel": "OB05",
    "contentJson": {
      "sourceImage": "page_037.png",
      "exampleLabel": "例3",
      "text": "了解当地空气质量状况，并调查相关原因。"
    },
    "ThemeL2": "urn:jy:physics:OB05:ThemeL2:16"
  },
  {
    "identifier": "urn:jy:physics:OB05:Example:078",
    "title": "例4",
    "description": "拟订《个人低碳生活行为指南》，对个人节能环保行为提出具体要求。",
    "subject": "SB0401",
    "type": "Example",
    "applicableLevel": "OB05",
    "contentJson": {
      "sourceImage": "page_037.png",
      "exampleLabel": "例4",
      "text": "拟订《个人低碳生活行为指南》，对个人节能环保行为提出具体要求。"
    },
    "ThemeL2": "urn:jy:physics:OB05:ThemeL2:16"
  },
  {
    "identifier": "urn:jy:physics:OB05:Example:079",
    "title": "例1",
    "description": "了解我国古代“龙骨水车”的工作原理，尝试设计相关装置。",
    "subject": "SB0401",
    "type": "Example",
    "applicableLevel": "OB05",
    "contentJson": {
      "sourceImage": "page_038.png",
      "exampleLabel": "例1",
      "text": "了解我国古代“龙骨水车”的工作原理，尝试设计相关装置。"
    },
    "ThemeL2": "urn:jy:physics:OB05:ThemeL2:17"
  },
  {
    "identifier": "urn:jy:physics:OB05:Example:080",
    "title": "例2",
    "description": "调查物理学在桥梁建筑技术方面的应用案例，体会物理学对桥梁发展的促进作用。",
    "subject": "SB0401",
    "type": "Example",
    "applicableLevel": "OB05",
    "contentJson": {
      "sourceImage": "page_038.png",
      "exampleLabel": "例2",
      "text": "调查物理学在桥梁建筑技术方面的应用案例，体会物理学对桥梁发展的促进作用。"
    },
    "ThemeL2": "urn:jy:physics:OB05:ThemeL2:17"
  },
  {
    "identifier": "urn:jy:physics:OB05:Example:081",
    "title": "例3",
    "description": "了解物理学在信息记录或传播中的应用。",
    "subject": "SB0401",
    "type": "Example",
    "applicableLevel": "OB05",
    "contentJson": {
      "sourceImage": "page_038.png",
      "exampleLabel": "例3",
      "text": "了解物理学在信息记录或传播中的应用。"
    },
    "ThemeL2": "urn:jy:physics:OB05:ThemeL2:17"
  },
  {
    "identifier": "urn:jy:physics:OB05:Example:082",
    "title": "例1",
    "description": "查阅资料并举办报告会，讨论能源利用对环境的影响，结合对当地能源利用现状的调查，提出改进建议。",
    "subject": "SB0401",
    "type": "Example",
    "applicableLevel": "OB05",
    "contentJson": {
      "sourceImage": "page_038.png",
      "exampleLabel": "例1",
      "text": "查阅资料并举办报告会，讨论能源利用对环境的影响，结合对当地能源利用现状的调查，提出改进建议。"
    },
    "ThemeL2": "urn:jy:physics:OB05:ThemeL2:18"
  },
  {
    "identifier": "urn:jy:physics:OB05:Example:083",
    "title": "例2",
    "description": "了解半导体、超导体的主要特点，展望超导体应用对社会发展的影响。",
    "subject": "SB0401",
    "type": "Example",
    "applicableLevel": "OB05",
    "contentJson": {
      "sourceImage": "page_039.png",
      "exampleLabel": "例2",
      "text": "了解半导体、超导体的主要特点，展望超导体应用对社会发展的影响。"
    },
    "ThemeL2": "urn:jy:physics:OB05:ThemeL2:18"
  },
  {
    "identifier": "urn:jy:physics:OB05:Example:084",
    "title": "例3",
    "description": "了解纳米材料等新型材料的主要特点，以及这些新材料技术的应用对社会发展的影响。",
    "subject": "SB0401",
    "type": "Example",
    "applicableLevel": "OB05",
    "contentJson": {
      "sourceImage": "page_039.png",
      "exampleLabel": "例3",
      "text": "了解纳米材料等新型材料的主要特点，以及这些新材料技术的应用对社会发展的影响。"
    },
    "ThemeL2": "urn:jy:physics:OB05:ThemeL2:18"
  },
  {
    "identifier": "urn:jy:physics:OB05:Example:085",
    "title": "例4",
    "description": "了解我国“两弹一星”的成就，体会科技作为国家发展战略支撑的重大意义，树立科技自立自强的信念；知道赵忠尧、钱学森、邓稼先等科学家的杰出贡献和爱国情怀，发扬勇攀科技高峰的精神。",
    "subject": "SB0401",
    "type": "Example",
    "applicableLevel": "OB05",
    "contentJson": {
      "sourceImage": "page_039.png",
      "exampleLabel": "例4",
      "text": "了解我国“两弹一星”的成就，体会科技作为国家发展战略支撑的重大意义，树立科技自立自强的信念；知道赵忠尧、钱学森、邓稼先等科学家的杰出贡献和爱国情怀，发扬勇攀科技高峰的精神。"
    },
    "ThemeL2": "urn:jy:physics:OB05:ThemeL2:18"
  }
]