{
  "experiments": [
    {
      "identifier": "urn:jy:physics:OB05:Experiment:4.1.1",
      "title": "用托盘天平测量物体的质量",
      "description": "使用托盘天平测量物体质量的实验，旨在帮助学生理解质量测量的基础方法。",
      "subject": "SB0401",
      "type": "Experiment",
      "applicableLevel": "OB05",
      "experiment_type": "测量类",
      "contentJson": {
        "学业要求": [
          "能够通过物理实验建构物理概念，深化对物理规律的认识，领悟其内涵及相互联系；有将实验探究方法及安全操作规范等运用于解决日常问题的意识，能根据所学知识和说明书等解决现实中的简单问题。",
          "知道科学探究会受到各种因素的影响，在实验中能关注主要因素，忽略次要因素；能根据实验数据通过归纳推理获得探究结论；有判断实验数据是否合理、有效的意识；能对实验进行反思，提出改进建议。",
          "在实验中有发现问题、提出问题的意识；能根据实验目的设计实验方案，会正确使用已学实验器材收集数据，能遵守实验室规则，注意实验中的安全问题；能对收集的数据进行整理，归纳总结，形成结论并作出解释；有合作交流的团队意识，能撰写简单的实验报告。",
          "能初步体会物理研究是建立在观察和实验基础上的创造性工作; 能通过实验获得结论, 产生成就感, 有学习物理的兴趣和严谨认真、实事求是的科学态度; 有节约资源、保护环境的责任感及自觉行为"
        ],
        "教学提示":  "# (1) 教学策略建议跨学科实践要紧密结合物理教学内容，体现综合性和实践性，注重激发学生的求知欲和学习热情，促进学生学以致用，养成良好学习习惯，提升团队意识和协作能力。(1)选择具有综合性、实践性的课题。结合当地特点，围绕现实生活和社会发展的热点问题，从多学科角度观察、思考和分析问题，挖掘、选取有教育意义的素材，将其改造成跨学科实践的问题或任务。  ②合理制订跨学科实践方案。以问题的解决过程为线索设计方案，将跨学科实践的课题分解为若干驱动性任务，以观察、实验、设计、制作、调查等方式设计活动，将跨学科实践的课题转化为可操作的教学设计和实施方案。  ③科学引导、循序渐进实施跨学科实践。布置适当的预习任务，引导学生提前了解活动的流程和要求，以及所需知识、方法和设备等；进行合理分组，使学生能相互取长补短、共同完成活动。引导学生主动学习、独立思考、大胆设计、敢于创新，在学生遇到困难时给予适当的指导和帮助。  ④重视活动成果的呈现和交流。注重活动总结，以设计作品、制作模型、撰写报告等多种形式呈现成果。根据物化形式的特点，组织开展成果展览、报告会、研讨会等多种方式的交流活动。# (2) 情境素材建议“跨学科实践”主题的情境素材很丰富，如与日常生活议题、实践操作、社会发展热点等有关的素材均可选择。下面侧重提出与日常生活、工程实践、社会发展相关的情境素材建议。①与日常生活相关的素材：观察和体验人在活动或劳动过程中的杠杆模型，从具体事例分析省力杠杆和省距离杠杆，尝试综合运用多学科知识解释生活现象；举办“自行车中的科学知识挑战赛”，以自行车为研究对象，确定挑战赛规则，通过趣味比赛引导学生理论联系实际，综合解决问题。 ②与工程实践相关的素材：举办关于我国古代科技发明的作品展览；举办“简易滑翔机制作比赛”，让学生利用所学知识分析原理、绘制设计图、选用材料、制作样机，进行比赛；了解水火箭的原理、结构、材料等，小组合作设计并制作简单的水火箭。  ③与社会发展相关的素材：设计一个节能环保小屋，思考如何在保护和改善环境的前提下利用太阳能、地热能、风能等能源，从地理位置、气候、成本等方面讨论每种能源利用的可行性，尝试制作节能环保小屋模型；举办“新材料研制与应用报告会”，小组合作收集和整理相关资料，在课堂上进行成果展示与答辩。"
        }
    },
    {
      "identifier": "urn:jy:physics:OB05:Experiment:4.1.2",
      "title": "测量固体和液体的密度",
      "description": "通过使用天平和量筒等工具，测量固体和液体的密度，帮助学生理解密度概念。",
      "subject": "SB0401",
      "type": "Experiment",
      "applicableLevel": "OB05",
      "experiment_type": "测量类",
      "contentJson": {
        "学业要求": [
          "能够通过物理实验建构物理概念，深化对物理规律的认识，领悟其内涵及相互联系；有将实验探究方法及安全操作规范等运用于解决日常问题的意识，能根据所学知识和说明书等解决现实中的简单问题。",
          "知道科学探究会受到各种因素的影响，在实验中能关注主要因素，忽略次要因素；能根据实验数据通过归纳推理获得探究结论；有判断实验数据是否合理、有效的意识；能对实验进行反思，提出改进建议。",
          "在实验中有发现问题、提出问题的意识；能根据实验目的设计实验方案，会正确使用已学实验器材收集数据，能遵守实验室规则，注意实验中的安全问题；能对收集的数据进行整理，归纳总结，形成结论并作出解释；有合作交流的团队意识，能撰写简单的实验报告。",
          "能初步体会物理研究是建立在观察和实验基础上的创造性工作; 能通过实验获得结论, 产生成就感, 有学习物理的兴趣和严谨认真、实事求是的科学态度; 有节约资源、保护环境的责任感及自觉行为"
        ],
        "教学提示":  "# (1) 教学策略建议跨学科实践要紧密结合物理教学内容，体现综合性和实践性，注重激发学生的求知欲和学习热情，促进学生学以致用，养成良好学习习惯，提升团队意识和协作能力。(1)选择具有综合性、实践性的课题。结合当地特点，围绕现实生活和社会发展的热点问题，从多学科角度观察、思考和分析问题，挖掘、选取有教育意义的素材，将其改造成跨学科实践的问题或任务。  ②合理制订跨学科实践方案。以问题的解决过程为线索设计方案，将跨学科实践的课题分解为若干驱动性任务，以观察、实验、设计、制作、调查等方式设计活动，将跨学科实践的课题转化为可操作的教学设计和实施方案。  ③科学引导、循序渐进实施跨学科实践。布置适当的预习任务，引导学生提前了解活动的流程和要求，以及所需知识、方法和设备等；进行合理分组，使学生能相互取长补短、共同完成活动。引导学生主动学习、独立思考、大胆设计、敢于创新，在学生遇到困难时给予适当的指导和帮助。  ④重视活动成果的呈现和交流。注重活动总结，以设计作品、制作模型、撰写报告等多种形式呈现成果。根据物化形式的特点，组织开展成果展览、报告会、研讨会等多种方式的交流活动。# (2) 情境素材建议“跨学科实践”主题的情境素材很丰富，如与日常生活议题、实践操作、社会发展热点等有关的素材均可选择。下面侧重提出与日常生活、工程实践、社会发展相关的情境素材建议。①与日常生活相关的素材：观察和体验人在活动或劳动过程中的杠杆模型，从具体事例分析省力杠杆和省距离杠杆，尝试综合运用多学科知识解释生活现象；举办“自行车中的科学知识挑战赛”，以自行车为研究对象，确定挑战赛规则，通过趣味比赛引导学生理论联系实际，综合解决问题。 ②与工程实践相关的素材：举办关于我国古代科技发明的作品展览；举办“简易滑翔机制作比赛”，让学生利用所学知识分析原理、绘制设计图、选用材料、制作样机，进行比赛；了解水火箭的原理、结构、材料等，小组合作设计并制作简单的水火箭。  ③与社会发展相关的素材：设计一个节能环保小屋，思考如何在保护和改善环境的前提下利用太阳能、地热能、风能等能源，从地理位置、气候、成本等方面讨论每种能源利用的可行性，尝试制作节能环保小屋模型；举办“新材料研制与应用报告会”，小组合作收集和整理相关资料，在课堂上进行成果展示与答辩。"
        }
    },
    {
      "identifier": "urn:jy:physics:OB05:Experiment:4.1.3",
      "title": "用常见温度计测量温度",
      "description": "通过使用常见的温度计测量水和体温，帮助学生理解温度测量的基础方法。",
      "subject": "SB0401",
      "type": "Experiment",
      "applicableLevel": "OB05",
      "experiment_type": "测量类",
      "contentJson": {
        "学业要求": [
          "能够通过物理实验建构物理概念，深化对物理规律的认识，领悟其内涵及相互联系；有将实验探究方法及安全操作规范等运用于解决日常问题的意识，能根据所学知识和说明书等解决现实中的简单问题。",
          "知道科学探究会受到各种因素的影响，在实验中能关注主要因素，忽略次要因素；能根据实验数据通过归纳推理获得探究结论；有判断实验数据是否合理、有效的意识；能对实验进行反思，提出改进建议。",
          "在实验中有发现问题、提出问题的意识；能根据实验目的设计实验方案，会正确使用已学实验器材收集数据，能遵守实验室规则，注意实验中的安全问题；能对收集的数据进行整理，归纳总结，形成结论并作出解释；有合作交流的团队意识，能撰写简单的实验报告。",
          "能初步体会物理研究是建立在观察和实验基础上的创造性工作; 能通过实验获得结论, 产生成就感, 有学习物理的兴趣和严谨认真、实事求是的科学态度; 有节约资源、保护环境的责任感及自觉行为"
        ],
        "教学提示":  "# (1) 教学策略建议跨学科实践要紧密结合物理教学内容，体现综合性和实践性，注重激发学生的求知欲和学习热情，促进学生学以致用，养成良好学习习惯，提升团队意识和协作能力。(1)选择具有综合性、实践性的课题。结合当地特点，围绕现实生活和社会发展的热点问题，从多学科角度观察、思考和分析问题，挖掘、选取有教育意义的素材，将其改造成跨学科实践的问题或任务。  ②合理制订跨学科实践方案。以问题的解决过程为线索设计方案，将跨学科实践的课题分解为若干驱动性任务，以观察、实验、设计、制作、调查等方式设计活动，将跨学科实践的课题转化为可操作的教学设计和实施方案。  ③科学引导、循序渐进实施跨学科实践。布置适当的预习任务，引导学生提前了解活动的流程和要求，以及所需知识、方法和设备等；进行合理分组，使学生能相互取长补短、共同完成活动。引导学生主动学习、独立思考、大胆设计、敢于创新，在学生遇到困难时给予适当的指导和帮助。  ④重视活动成果的呈现和交流。注重活动总结，以设计作品、制作模型、撰写报告等多种形式呈现成果。根据物化形式的特点，组织开展成果展览、报告会、研讨会等多种方式的交流活动。# (2) 情境素材建议“跨学科实践”主题的情境素材很丰富，如与日常生活议题、实践操作、社会发展热点等有关的素材均可选择。下面侧重提出与日常生活、工程实践、社会发展相关的情境素材建议。①与日常生活相关的素材：观察和体验人在活动或劳动过程中的杠杆模型，从具体事例分析省力杠杆和省距离杠杆，尝试综合运用多学科知识解释生活现象；举办“自行车中的科学知识挑战赛”，以自行车为研究对象，确定挑战赛规则，通过趣味比赛引导学生理论联系实际，综合解决问题。 ②与工程实践相关的素材：举办关于我国古代科技发明的作品展览；举办“简易滑翔机制作比赛”，让学生利用所学知识分析原理、绘制设计图、选用材料、制作样机，进行比赛；了解水火箭的原理、结构、材料等，小组合作设计并制作简单的水火箭。  ③与社会发展相关的素材：设计一个节能环保小屋，思考如何在保护和改善环境的前提下利用太阳能、地热能、风能等能源，从地理位置、气候、成本等方面讨论每种能源利用的可行性，尝试制作节能环保小屋模型；举办“新材料研制与应用报告会”，小组合作收集和整理相关资料，在课堂上进行成果展示与答辩。"
        }
    },
    {
      "identifier": "urn:jy:physics:OB05:Experiment:4.1.4",
      "title": "用刻度尺测量长度，用表测量时间",
      "description": "使用刻度尺和表来测量长度和时间，帮助学生理解测量的基础方法。",
      "subject": "SB0401",
      "type": "Experiment",
      "applicableLevel": "OB05",
      "experiment_type": "测量类",
      "contentJson": {
        "学业要求": [
          "能够通过物理实验建构物理概念，深化对物理规律的认识，领悟其内涵及相互联系；有将实验探究方法及安全操作规范等运用于解决日常问题的意识，能根据所学知识和说明书等解决现实中的简单问题。",
          "知道科学探究会受到各种因素的影响，在实验中能关注主要因素，忽略次要因素；能根据实验数据通过归纳推理获得探究结论；有判断实验数据是否合理、有效的意识；能对实验进行反思，提出改进建议。",
          "在实验中有发现问题、提出问题的意识；能根据实验目的设计实验方案，会正确使用已学实验器材收集数据，能遵守实验室规则，注意实验中的安全问题；能对收集的数据进行整理，归纳总结，形成结论并作出解释；有合作交流的团队意识，能撰写简单的实验报告。",
          "能初步体会物理研究是建立在观察和实验基础上的创造性工作; 能通过实验获得结论, 产生成就感, 有学习物理的兴趣和严谨认真、实事求是的科学态度; 有节约资源、保护环境的责任感及自觉行为"
        ],
        "教学提示":  "# (1) 教学策略建议跨学科实践要紧密结合物理教学内容，体现综合性和实践性，注重激发学生的求知欲和学习热情，促进学生学以致用，养成良好学习习惯，提升团队意识和协作能力。(1)选择具有综合性、实践性的课题。结合当地特点，围绕现实生活和社会发展的热点问题，从多学科角度观察、思考和分析问题，挖掘、选取有教育意义的素材，将其改造成跨学科实践的问题或任务。  ②合理制订跨学科实践方案。以问题的解决过程为线索设计方案，将跨学科实践的课题分解为若干驱动性任务，以观察、实验、设计、制作、调查等方式设计活动，将跨学科实践的课题转化为可操作的教学设计和实施方案。  ③科学引导、循序渐进实施跨学科实践。布置适当的预习任务，引导学生提前了解活动的流程和要求，以及所需知识、方法和设备等；进行合理分组，使学生能相互取长补短、共同完成活动。引导学生主动学习、独立思考、大胆设计、敢于创新，在学生遇到困难时给予适当的指导和帮助。  ④重视活动成果的呈现和交流。注重活动总结，以设计作品、制作模型、撰写报告等多种形式呈现成果。根据物化形式的特点，组织开展成果展览、报告会、研讨会等多种方式的交流活动。# (2) 情境素材建议“跨学科实践”主题的情境素材很丰富，如与日常生活议题、实践操作、社会发展热点等有关的素材均可选择。下面侧重提出与日常生活、工程实践、社会发展相关的情境素材建议。①与日常生活相关的素材：观察和体验人在活动或劳动过程中的杠杆模型，从具体事例分析省力杠杆和省距离杠杆，尝试综合运用多学科知识解释生活现象；举办“自行车中的科学知识挑战赛”，以自行车为研究对象，确定挑战赛规则，通过趣味比赛引导学生理论联系实际，综合解决问题。 ②与工程实践相关的素材：举办关于我国古代科技发明的作品展览；举办“简易滑翔机制作比赛”，让学生利用所学知识分析原理、绘制设计图、选用材料、制作样机，进行比赛；了解水火箭的原理、结构、材料等，小组合作设计并制作简单的水火箭。  ③与社会发展相关的素材：设计一个节能环保小屋，思考如何在保护和改善环境的前提下利用太阳能、地热能、风能等能源，从地理位置、气候、成本等方面讨论每种能源利用的可行性，尝试制作节能环保小屋模型；举办“新材料研制与应用报告会”，小组合作收集和整理相关资料，在课堂上进行成果展示与答辩。"
        }
    },
    {
      "identifier": "urn:jy:physics:OB05:Experiment:4.1.5",
      "title": "测量物体运动的速度",
      "description": "通过秒表和刻度尺测量物体运动的速度，帮助学生理解速度概念。",
      "subject": "SB0401",
      "type": "Experiment",
      "applicableLevel": "OB05",
      "experiment_type": "测量类",
      "contentJson": {
        "学业要求": [
          "能够通过物理实验建构物理概念，深化对物理规律的认识，领悟其内涵及相互联系；有将实验探究方法及安全操作规范等运用于解决日常问题的意识，能根据所学知识和说明书等解决现实中的简单问题。",
          "知道科学探究会受到各种因素的影响，在实验中能关注主要因素，忽略次要因素；能根据实验数据通过归纳推理获得探究结论；有判断实验数据是否合理、有效的意识；能对实验进行反思，提出改进建议。",
          "在实验中有发现问题、提出问题的意识；能根据实验目的设计实验方案，会正确使用已学实验器材收集数据，能遵守实验室规则，注意实验中的安全问题；能对收集的数据进行整理，归纳总结，形成结论并作出解释；有合作交流的团队意识，能撰写简单的实验报告。",
          "能初步体会物理研究是建立在观察和实验基础上的创造性工作; 能通过实验获得结论, 产生成就感, 有学习物理的兴趣和严谨认真、实事求是的科学态度; 有节约资源、保护环境的责任感及自觉行为"
        ],
        "教学提示":  "# (1) 教学策略建议跨学科实践要紧密结合物理教学内容，体现综合性和实践性，注重激发学生的求知欲和学习热情，促进学生学以致用，养成良好学习习惯，提升团队意识和协作能力。(1)选择具有综合性、实践性的课题。结合当地特点，围绕现实生活和社会发展的热点问题，从多学科角度观察、思考和分析问题，挖掘、选取有教育意义的素材，将其改造成跨学科实践的问题或任务。  ②合理制订跨学科实践方案。以问题的解决过程为线索设计方案，将跨学科实践的课题分解为若干驱动性任务，以观察、实验、设计、制作、调查等方式设计活动，将跨学科实践的课题转化为可操作的教学设计和实施方案。  ③科学引导、循序渐进实施跨学科实践。布置适当的预习任务，引导学生提前了解活动的流程和要求，以及所需知识、方法和设备等；进行合理分组，使学生能相互取长补短、共同完成活动。引导学生主动学习、独立思考、大胆设计、敢于创新，在学生遇到困难时给予适当的指导和帮助。  ④重视活动成果的呈现和交流。注重活动总结，以设计作品、制作模型、撰写报告等多种形式呈现成果。根据物化形式的特点，组织开展成果展览、报告会、研讨会等多种方式的交流活动。# (2) 情境素材建议“跨学科实践”主题的情境素材很丰富，如与日常生活议题、实践操作、社会发展热点等有关的素材均可选择。下面侧重提出与日常生活、工程实践、社会发展相关的情境素材建议。①与日常生活相关的素材：观察和体验人在活动或劳动过程中的杠杆模型，从具体事例分析省力杠杆和省距离杠杆，尝试综合运用多学科知识解释生活现象；举办“自行车中的科学知识挑战赛”，以自行车为研究对象，确定挑战赛规则，通过趣味比赛引导学生理论联系实际，综合解决问题。 ②与工程实践相关的素材：举办关于我国古代科技发明的作品展览；举办“简易滑翔机制作比赛”，让学生利用所学知识分析原理、绘制设计图、选用材料、制作样机，进行比赛；了解水火箭的原理、结构、材料等，小组合作设计并制作简单的水火箭。  ③与社会发展相关的素材：设计一个节能环保小屋，思考如何在保护和改善环境的前提下利用太阳能、地热能、风能等能源，从地理位置、气候、成本等方面讨论每种能源利用的可行性，尝试制作节能环保小屋模型；举办“新材料研制与应用报告会”，小组合作收集和整理相关资料，在课堂上进行成果展示与答辩。"
        }
    },
    {
      "identifier": "urn:jy:physics:OB05:Experiment:4.1.6",
      "title": "用弹簧测力计测量力",
      "description": "使用弹簧测力计测量力，帮助学生理解力的测量和应用。",
      "subject": "SB0401",
      "type": "Experiment",
      "applicableLevel": "OB05",
      "experiment_type": "测量类",
      "contentJson": {
        "学业要求": [
          "能够通过物理实验建构物理概念，深化对物理规律的认识，领悟其内涵及相互联系；有将实验探究方法及安全操作规范等运用于解决日常问题的意识，能根据所学知识和说明书等解决现实中的简单问题。",
          "知道科学探究会受到各种因素的影响，在实验中能关注主要因素，忽略次要因素；能根据实验数据通过归纳推理获得探究结论；有判断实验数据是否合理、有效的意识；能对实验进行反思，提出改进建议。",
          "在实验中有发现问题、提出问题的意识；能根据实验目的设计实验方案，会正确使用已学实验器材收集数据，能遵守实验室规则，注意实验中的安全问题；能对收集的数据进行整理，归纳总结，形成结论并作出解释；有合作交流的团队意识，能撰写简单的实验报告。",
          "能初步体会物理研究是建立在观察和实验基础上的创造性工作; 能通过实验获得结论, 产生成就感, 有学习物理的兴趣和严谨认真、实事求是的科学态度; 有节约资源、保护环境的责任感及自觉行为"
        ],
        "教学提示": "# (1) 教学策略建议跨学科实践要紧密结合物理教学内容，体现综合性和实践性，注重激发学生的求知欲和学习热情，促进学生学以致用，养成良好学习习惯，提升团队意识和协作能力。(1)选择具有综合性、实践性的课题。结合当地特点，围绕现实生活和社会发展的热点问题，从多学科角度观察、思考和分析问题，挖掘、选取有教育意义的素材，将其改造成跨学科实践的问题或任务。  ②合理制订跨学科实践方案。以问题的解决过程为线索设计方案，将跨学科实践的课题分解为若干驱动性任务，以观察、实验、设计、制作、调查等方式设计活动，将跨学科实践的课题转化为可操作的教学设计和实施方案。  ③科学引导、循序渐进实施跨学科实践。布置适当的预习任务，引导学生提前了解活动的流程和要求，以及所需知识、方法和设备等；进行合理分组，使学生能相互取长补短、共同完成活动。引导学生主动学习、独立思考、大胆设计、敢于创新，在学生遇到困难时给予适当的指导和帮助。  ④重视活动成果的呈现和交流。注重活动总结，以设计作品、制作模型、撰写报告等多种形式呈现成果。根据物化形式的特点，组织开展成果展览、报告会、研讨会等多种方式的交流活动。# (2) 情境素材建议“跨学科实践”主题的情境素材很丰富，如与日常生活议题、实践操作、社会发展热点等有关的素材均可选择。下面侧重提出与日常生活、工程实践、社会发展相关的情境素材建议。①与日常生活相关的素材：观察和体验人在活动或劳动过程中的杠杆模型，从具体事例分析省力杠杆和省距离杠杆，尝试综合运用多学科知识解释生活现象；举办“自行车中的科学知识挑战赛”，以自行车为研究对象，确定挑战赛规则，通过趣味比赛引导学生理论联系实际，综合解决问题。 ②与工程实践相关的素材：举办关于我国古代科技发明的作品展览；举办“简易滑翔机制作比赛”，让学生利用所学知识分析原理、绘制设计图、选用材料、制作样机，进行比赛；了解水火箭的原理、结构、材料等，小组合作设计并制作简单的水火箭。  ③与社会发展相关的素材：设计一个节能环保小屋，思考如何在保护和改善环境的前提下利用太阳能、地热能、风能等能源，从地理位置、气候、成本等方面讨论每种能源利用的可行性，尝试制作节能环保小屋模型；举办“新材料研制与应用报告会”，小组合作收集和整理相关资料，在课堂上进行成果展示与答辩。"
        }
    },
    {
      "identifier": "urn:jy:physics:OB05:Experiment:4.1.7",
      "title": "用电流表测量电流",
      "description": "通过电流表测量电流，帮助学生理解电流测量方法。",
      "subject": "SB0401",
      "type": "Experiment",
      "applicableLevel": "OB05",
      "experiment_type": "测量类",
      "contentJson": {
        "学业要求": [
          "能够通过物理实验建构物理概念，深化对物理规律的认识，领悟其内涵及相互联系；有将实验探究方法及安全操作规范等运用于解决日常问题的意识，能根据所学知识和说明书等解决现实中的简单问题。",
          "知道科学探究会受到各种因素的影响，在实验中能关注主要因素，忽略次要因素；能根据实验数据通过归纳推理获得探究结论；有判断实验数据是否合理、有效的意识；能对实验进行反思，提出改进建议。",
          "在实验中有发现问题、提出问题的意识；能根据实验目的设计实验方案，会正确使用已学实验器材收集数据，能遵守实验室规则，注意实验中的安全问题；能对收集的数据进行整理，归纳总结，形成结论并作出解释；有合作交流的团队意识，能撰写简单的实验报告。",
          "能初步体会物理研究是建立在观察和实验基础上的创造性工作; 能通过实验获得结论, 产生成就感, 有学习物理的兴趣和严谨认真、实事求是的科学态度; 有节约资源、保护环境的责任感及自觉行为"
        ],
        "教学提示":  "# (1) 教学策略建议跨学科实践要紧密结合物理教学内容，体现综合性和实践性，注重激发学生的求知欲和学习热情，促进学生学以致用，养成良好学习习惯，提升团队意识和协作能力。(1)选择具有综合性、实践性的课题。结合当地特点，围绕现实生活和社会发展的热点问题，从多学科角度观察、思考和分析问题，挖掘、选取有教育意义的素材，将其改造成跨学科实践的问题或任务。  ②合理制订跨学科实践方案。以问题的解决过程为线索设计方案，将跨学科实践的课题分解为若干驱动性任务，以观察、实验、设计、制作、调查等方式设计活动，将跨学科实践的课题转化为可操作的教学设计和实施方案。  ③科学引导、循序渐进实施跨学科实践。布置适当的预习任务，引导学生提前了解活动的流程和要求，以及所需知识、方法和设备等；进行合理分组，使学生能相互取长补短、共同完成活动。引导学生主动学习、独立思考、大胆设计、敢于创新，在学生遇到困难时给予适当的指导和帮助。  ④重视活动成果的呈现和交流。注重活动总结，以设计作品、制作模型、撰写报告等多种形式呈现成果。根据物化形式的特点，组织开展成果展览、报告会、研讨会等多种方式的交流活动。# (2) 情境素材建议“跨学科实践”主题的情境素材很丰富，如与日常生活议题、实践操作、社会发展热点等有关的素材均可选择。下面侧重提出与日常生活、工程实践、社会发展相关的情境素材建议。①与日常生活相关的素材：观察和体验人在活动或劳动过程中的杠杆模型，从具体事例分析省力杠杆和省距离杠杆，尝试综合运用多学科知识解释生活现象；举办“自行车中的科学知识挑战赛”，以自行车为研究对象，确定挑战赛规则，通过趣味比赛引导学生理论联系实际，综合解决问题。 ②与工程实践相关的素材：举办关于我国古代科技发明的作品展览；举办“简易滑翔机制作比赛”，让学生利用所学知识分析原理、绘制设计图、选用材料、制作样机，进行比赛；了解水火箭的原理、结构、材料等，小组合作设计并制作简单的水火箭。  ③与社会发展相关的素材：设计一个节能环保小屋，思考如何在保护和改善环境的前提下利用太阳能、地热能、风能等能源，从地理位置、气候、成本等方面讨论每种能源利用的可行性，尝试制作节能环保小屋模型；举办“新材料研制与应用报告会”，小组合作收集和整理相关资料，在课堂上进行成果展示与答辩。"
        }
    },
    {
      "identifier": "urn:jy:physics:OB05:Experiment:4.1.8",
      "title": "用电压表测量电压",
      "description": "通过电压表测量电压，帮助学生理解电压测量方法。",
      "subject": "SB0401",
      "type": "Experiment",
      "applicableLevel": "OB05",
      "experiment_type": "测量类",
      "contentJson": {
        "学业要求": [
          "能够通过物理实验建构物理概念，深化对物理规律的认识，领悟其内涵及相互联系；有将实验探究方法及安全操作规范等运用于解决日常问题的意识，能根据所学知识和说明书等解决现实中的简单问题。",
          "知道科学探究会受到各种因素的影响，在实验中能关注主要因素，忽略次要因素；能根据实验数据通过归纳推理获得探究结论；有判断实验数据是否合理、有效的意识；能对实验进行反思，提出改进建议。",
          "在实验中有发现问题、提出问题的意识；能根据实验目的设计实验方案，会正确使用已学实验器材收集数据，能遵守实验室规则，注意实验中的安全问题；能对收集的数据进行整理，归纳总结，形成结论并作出解释；有合作交流的团队意识，能撰写简单的实验报告。",
          "能初步体会物理研究是建立在观察和实验基础上的创造性工作; 能通过实验获得结论, 产生成就感, 有学习物理的兴趣和严谨认真、实事求是的科学态度; 有节约资源、保护环境的责任感及自觉行为"
        ],
        "教学提示":  "# (1) 教学策略建议跨学科实践要紧密结合物理教学内容，体现综合性和实践性，注重激发学生的求知欲和学习热情，促进学生学以致用，养成良好学习习惯，提升团队意识和协作能力。(1)选择具有综合性、实践性的课题。结合当地特点，围绕现实生活和社会发展的热点问题，从多学科角度观察、思考和分析问题，挖掘、选取有教育意义的素材，将其改造成跨学科实践的问题或任务。  ②合理制订跨学科实践方案。以问题的解决过程为线索设计方案，将跨学科实践的课题分解为若干驱动性任务，以观察、实验、设计、制作、调查等方式设计活动，将跨学科实践的课题转化为可操作的教学设计和实施方案。  ③科学引导、循序渐进实施跨学科实践。布置适当的预习任务，引导学生提前了解活动的流程和要求，以及所需知识、方法和设备等；进行合理分组，使学生能相互取长补短、共同完成活动。引导学生主动学习、独立思考、大胆设计、敢于创新，在学生遇到困难时给予适当的指导和帮助。  ④重视活动成果的呈现和交流。注重活动总结，以设计作品、制作模型、撰写报告等多种形式呈现成果。根据物化形式的特点，组织开展成果展览、报告会、研讨会等多种方式的交流活动。# (2) 情境素材建议“跨学科实践”主题的情境素材很丰富，如与日常生活议题、实践操作、社会发展热点等有关的素材均可选择。下面侧重提出与日常生活、工程实践、社会发展相关的情境素材建议。①与日常生活相关的素材：观察和体验人在活动或劳动过程中的杠杆模型，从具体事例分析省力杠杆和省距离杠杆，尝试综合运用多学科知识解释生活现象；举办“自行车中的科学知识挑战赛”，以自行车为研究对象，确定挑战赛规则，通过趣味比赛引导学生理论联系实际，综合解决问题。 ②与工程实践相关的素材：举办关于我国古代科技发明的作品展览；举办“简易滑翔机制作比赛”，让学生利用所学知识分析原理、绘制设计图、选用材料、制作样机，进行比赛；了解水火箭的原理、结构、材料等，小组合作设计并制作简单的水火箭。  ③与社会发展相关的素材：设计一个节能环保小屋，思考如何在保护和改善环境的前提下利用太阳能、地热能、风能等能源，从地理位置、气候、成本等方面讨论每种能源利用的可行性，尝试制作节能环保小屋模型；举办“新材料研制与应用报告会”，小组合作收集和整理相关资料，在课堂上进行成果展示与答辩。"
        }
    },
    {
      "identifier": "urn:jy:physics:OB05:Experiment:4.1.9",
      "title": "用电流表和电压表测量电阻",
      "description": "通过电流表和电压表测量电阻，帮助学生理解欧姆定律。",
      "subject": "SB0401",
      "type": "Experiment",
      "applicableLevel": "OB05",
      "experiment_type": "测量类",
      "contentJson": {
        "学业要求": [
          "能够通过物理实验建构物理概念，深化对物理规律的认识，领悟其内涵及相互联系；有将实验探究方法及安全操作规范等运用于解决日常问题的意识，能根据所学知识和说明书等解决现实中的简单问题。",
          "知道科学探究会受到各种因素的影响，在实验中能关注主要因素，忽略次要因素；能根据实验数据通过归纳推理获得探究结论；有判断实验数据是否合理、有效的意识；能对实验进行反思，提出改进建议。",
          "在实验中有发现问题、提出问题的意识；能根据实验目的设计实验方案，会正确使用已学实验器材收集数据，能遵守实验室规则，注意实验中的安全问题；能对收集的数据进行整理，归纳总结，形成结论并作出解释；有合作交流的团队意识，能撰写简单的实验报告。",
          "能初步体会物理研究是建立在观察和实验基础上的创造性工作; 能通过实验获得结论, 产生成就感, 有学习物理的兴趣和严谨认真、实事求是的科学态度; 有节约资源、保护环境的责任感及自觉行为"
        ],
        "教学提示": "# (1) 教学策略建议跨学科实践要紧密结合物理教学内容，体现综合性和实践性，注重激发学生的求知欲和学习热情，促进学生学以致用，养成良好学习习惯，提升团队意识和协作能力。(1)选择具有综合性、实践性的课题。结合当地特点，围绕现实生活和社会发展的热点问题，从多学科角度观察、思考和分析问题，挖掘、选取有教育意义的素材，将其改造成跨学科实践的问题或任务。  ②合理制订跨学科实践方案。以问题的解决过程为线索设计方案，将跨学科实践的课题分解为若干驱动性任务，以观察、实验、设计、制作、调查等方式设计活动，将跨学科实践的课题转化为可操作的教学设计和实施方案。  ③科学引导、循序渐进实施跨学科实践。布置适当的预习任务，引导学生提前了解活动的流程和要求，以及所需知识、方法和设备等；进行合理分组，使学生能相互取长补短、共同完成活动。引导学生主动学习、独立思考、大胆设计、敢于创新，在学生遇到困难时给予适当的指导和帮助。  ④重视活动成果的呈现和交流。注重活动总结，以设计作品、制作模型、撰写报告等多种形式呈现成果。根据物化形式的特点，组织开展成果展览、报告会、研讨会等多种方式的交流活动。# (2) 情境素材建议“跨学科实践”主题的情境素材很丰富，如与日常生活议题、实践操作、社会发展热点等有关的素材均可选择。下面侧重提出与日常生活、工程实践、社会发展相关的情境素材建议。①与日常生活相关的素材：观察和体验人在活动或劳动过程中的杠杆模型，从具体事例分析省力杠杆和省距离杠杆，尝试综合运用多学科知识解释生活现象；举办“自行车中的科学知识挑战赛”，以自行车为研究对象，确定挑战赛规则，通过趣味比赛引导学生理论联系实际，综合解决问题。 ②与工程实践相关的素材：举办关于我国古代科技发明的作品展览；举办“简易滑翔机制作比赛”，让学生利用所学知识分析原理、绘制设计图、选用材料、制作样机，进行比赛；了解水火箭的原理、结构、材料等，小组合作设计并制作简单的水火箭。  ③与社会发展相关的素材：设计一个节能环保小屋，思考如何在保护和改善环境的前提下利用太阳能、地热能、风能等能源，从地理位置、气候、成本等方面讨论每种能源利用的可行性，尝试制作节能环保小屋模型；举办“新材料研制与应用报告会”，小组合作收集和整理相关资料，在课堂上进行成果展示与答辩。"
        }
    },
    {
      "identifier": "urn:jy:physics:OB05:Experiment:4.2.1",
      "title": "探究水在沸腾前后温度变化的特点",
      "description": "探究水在沸腾前后的温度变化，帮助学生理解温度变化的规律。",
      "subject": "SB0401",
      "type": "Experiment",
      "applicableLevel": "OB05",
      "experiment_type": "探究类",
      "contentJson": {
        "学业要求": [
          "能够通过物理实验建构物理概念，深化对物理规律的认识，领悟其内涵及相互联系；有将实验探究方法及安全操作规范等运用于解决日常问题的意识，能根据所学知识和说明书等解决现实中的简单问题。",
          "知道科学探究会受到各种因素的影响，在实验中能关注主要因素，忽略次要因素；能根据实验数据通过归纳推理获得探究结论；有判断实验数据是否合理、有效的意识；能对实验进行反思，提出改进建议。",
          "在实验中有发现问题、提出问题的意识；能根据实验目的设计实验方案，会正确使用已学实验器材收集数据，能遵守实验室规则，注意实验中的安全问题；能对收集的数据进行整理，归纳总结，形成结论并作出解释；有合作交流的团队意识，能撰写简单的实验报告。",
          "能初步体会物理研究是建立在观察和实验基础上的创造性工作; 能通过实验获得结论, 产生成就感, 有学习物理的兴趣和严谨认真、实事求是的科学态度; 有节约资源、保护环境的责任感及自觉行为"
        ],
        "教学提示": "# (1) 教学策略建议跨学科实践要紧密结合物理教学内容，体现综合性和实践性，注重激发学生的求知欲和学习热情，促进学生学以致用，养成良好学习习惯，提升团队意识和协作能力。(1)选择具有综合性、实践性的课题。结合当地特点，围绕现实生活和社会发展的热点问题，从多学科角度观察、思考和分析问题，挖掘、选取有教育意义的素材，将其改造成跨学科实践的问题或任务。  ②合理制订跨学科实践方案。以问题的解决过程为线索设计方案，将跨学科实践的课题分解为若干驱动性任务，以观察、实验、设计、制作、调查等方式设计活动，将跨学科实践的课题转化为可操作的教学设计和实施方案。  ③科学引导、循序渐进实施跨学科实践。布置适当的预习任务，引导学生提前了解活动的流程和要求，以及所需知识、方法和设备等；进行合理分组，使学生能相互取长补短、共同完成活动。引导学生主动学习、独立思考、大胆设计、敢于创新，在学生遇到困难时给予适当的指导和帮助。  ④重视活动成果的呈现和交流。注重活动总结，以设计作品、制作模型、撰写报告等多种形式呈现成果。根据物化形式的特点，组织开展成果展览、报告会、研讨会等多种方式的交流活动。# (2) 情境素材建议“跨学科实践”主题的情境素材很丰富，如与日常生活议题、实践操作、社会发展热点等有关的素材均可选择。下面侧重提出与日常生活、工程实践、社会发展相关的情境素材建议。①与日常生活相关的素材：观察和体验人在活动或劳动过程中的杠杆模型，从具体事例分析省力杠杆和省距离杠杆，尝试综合运用多学科知识解释生活现象；举办“自行车中的科学知识挑战赛”，以自行车为研究对象，确定挑战赛规则，通过趣味比赛引导学生理论联系实际，综合解决问题。 ②与工程实践相关的素材：举办关于我国古代科技发明的作品展览；举办“简易滑翔机制作比赛”，让学生利用所学知识分析原理、绘制设计图、选用材料、制作样机，进行比赛；了解水火箭的原理、结构、材料等，小组合作设计并制作简单的水火箭。  ③与社会发展相关的素材：设计一个节能环保小屋，思考如何在保护和改善环境的前提下利用太阳能、地热能、风能等能源，从地理位置、气候、成本等方面讨论每种能源利用的可行性，尝试制作节能环保小屋模型；举办“新材料研制与应用报告会”，小组合作收集和整理相关资料，在课堂上进行成果展示与答辩。"
        }
    },
    {
      "identifier": "urn:jy:physics:OB05:Experiment:4.2.2",
      "title": "探究滑动摩擦力大小与哪些因素有关",
      "description": "探究滑动摩擦力的大小与物体的接触面、物体的质量等因素的关系。",
      "subject": "SB0401",
      "type": "Experiment",
      "applicableLevel": "OB05",
      "experiment_type": "探究类",
      "contentJson": {
        "学业要求": [
          "能够通过物理实验建构物理概念，深化对物理规律的认识，领悟其内涵及相互联系；有将实验探究方法及安全操作规范等运用于解决日常问题的意识，能根据所学知识和说明书等解决现实中的简单问题。",
          "知道科学探究会受到各种因素的影响，在实验中能关注主要因素，忽略次要因素；能根据实验数据通过归纳推理获得探究结论；有判断实验数据是否合理、有效的意识；能对实验进行反思，提出改进建议。",
          "在实验中有发现问题、提出问题的意识；能根据实验目的设计实验方案，会正确使用已学实验器材收集数据，能遵守实验室规则，注意实验中的安全问题；能对收集的数据进行整理，归纳总结，形成结论并作出解释；有合作交流的团队意识，能撰写简单的实验报告。",
          "能初步体会物理研究是建立在观察和实验基础上的创造性工作; 能通过实验获得结论, 产生成就感, 有学习物理的兴趣和严谨认真、实事求是的科学态度; 有节约资源、保护环境的责任感及自觉行为"
        ],
        "教学提示":  "# (1) 教学策略建议跨学科实践要紧密结合物理教学内容，体现综合性和实践性，注重激发学生的求知欲和学习热情，促进学生学以致用，养成良好学习习惯，提升团队意识和协作能力。(1)选择具有综合性、实践性的课题。结合当地特点，围绕现实生活和社会发展的热点问题，从多学科角度观察、思考和分析问题，挖掘、选取有教育意义的素材，将其改造成跨学科实践的问题或任务。  ②合理制订跨学科实践方案。以问题的解决过程为线索设计方案，将跨学科实践的课题分解为若干驱动性任务，以观察、实验、设计、制作、调查等方式设计活动，将跨学科实践的课题转化为可操作的教学设计和实施方案。  ③科学引导、循序渐进实施跨学科实践。布置适当的预习任务，引导学生提前了解活动的流程和要求，以及所需知识、方法和设备等；进行合理分组，使学生能相互取长补短、共同完成活动。引导学生主动学习、独立思考、大胆设计、敢于创新，在学生遇到困难时给予适当的指导和帮助。  ④重视活动成果的呈现和交流。注重活动总结，以设计作品、制作模型、撰写报告等多种形式呈现成果。根据物化形式的特点，组织开展成果展览、报告会、研讨会等多种方式的交流活动。# (2) 情境素材建议“跨学科实践”主题的情境素材很丰富，如与日常生活议题、实践操作、社会发展热点等有关的素材均可选择。下面侧重提出与日常生活、工程实践、社会发展相关的情境素材建议。①与日常生活相关的素材：观察和体验人在活动或劳动过程中的杠杆模型，从具体事例分析省力杠杆和省距离杠杆，尝试综合运用多学科知识解释生活现象；举办“自行车中的科学知识挑战赛”，以自行车为研究对象，确定挑战赛规则，通过趣味比赛引导学生理论联系实际，综合解决问题。 ②与工程实践相关的素材：举办关于我国古代科技发明的作品展览；举办“简易滑翔机制作比赛”，让学生利用所学知识分析原理、绘制设计图、选用材料、制作样机，进行比赛；了解水火箭的原理、结构、材料等，小组合作设计并制作简单的水火箭。  ③与社会发展相关的素材：设计一个节能环保小屋，思考如何在保护和改善环境的前提下利用太阳能、地热能、风能等能源，从地理位置、气候、成本等方面讨论每种能源利用的可行性，尝试制作节能环保小屋模型；举办“新材料研制与应用报告会”，小组合作收集和整理相关资料，在课堂上进行成果展示与答辩。"
        }
    },
    {
      "identifier": "urn:jy:physics:OB05:Experiment:4.2.3",
      "title": "探究液体压强与哪些因素有关",
      "description": "探究液体压强与液体密度、深度等因素的关系。",
      "subject": "SB0401",
      "type": "Experiment",
      "applicableLevel": "OB05",
      "experiment_type": "探究类",
      "contentJson": {
        "学业要求": [
          "能够通过物理实验建构物理概念，深化对物理规律的认识，领悟其内涵及相互联系；有将实验探究方法及安全操作规范等运用于解决日常问题的意识，能根据所学知识和说明书等解决现实中的简单问题。",
          "知道科学探究会受到各种因素的影响，在实验中能关注主要因素，忽略次要因素；能根据实验数据通过归纳推理获得探究结论；有判断实验数据是否合理、有效的意识；能对实验进行反思，提出改进建议。",
          "在实验中有发现问题、提出问题的意识；能根据实验目的设计实验方案，会正确使用已学实验器材收集数据，能遵守实验室规则，注意实验中的安全问题；能对收集的数据进行整理，归纳总结，形成结论并作出解释；有合作交流的团队意识，能撰写简单的实验报告。",
          "能初步体会物理研究是建立在观察和实验基础上的创造性工作; 能通过实验获得结论, 产生成就感, 有学习物理的兴趣和严谨认真、实事求是的科学态度; 有节约资源、保护环境的责任感及自觉行为"
        ],
        "教学提示": "# (1) 教学策略建议跨学科实践要紧密结合物理教学内容，体现综合性和实践性，注重激发学生的求知欲和学习热情，促进学生学以致用，养成良好学习习惯，提升团队意识和协作能力。(1)选择具有综合性、实践性的课题。结合当地特点，围绕现实生活和社会发展的热点问题，从多学科角度观察、思考和分析问题，挖掘、选取有教育意义的素材，将其改造成跨学科实践的问题或任务。  ②合理制订跨学科实践方案。以问题的解决过程为线索设计方案，将跨学科实践的课题分解为若干驱动性任务，以观察、实验、设计、制作、调查等方式设计活动，将跨学科实践的课题转化为可操作的教学设计和实施方案。  ③科学引导、循序渐进实施跨学科实践。布置适当的预习任务，引导学生提前了解活动的流程和要求，以及所需知识、方法和设备等；进行合理分组，使学生能相互取长补短、共同完成活动。引导学生主动学习、独立思考、大胆设计、敢于创新，在学生遇到困难时给予适当的指导和帮助。  ④重视活动成果的呈现和交流。注重活动总结，以设计作品、制作模型、撰写报告等多种形式呈现成果。根据物化形式的特点，组织开展成果展览、报告会、研讨会等多种方式的交流活动。# (2) 情境素材建议“跨学科实践”主题的情境素材很丰富，如与日常生活议题、实践操作、社会发展热点等有关的素材均可选择。下面侧重提出与日常生活、工程实践、社会发展相关的情境素材建议。①与日常生活相关的素材：观察和体验人在活动或劳动过程中的杠杆模型，从具体事例分析省力杠杆和省距离杠杆，尝试综合运用多学科知识解释生活现象；举办“自行车中的科学知识挑战赛”，以自行车为研究对象，确定挑战赛规则，通过趣味比赛引导学生理论联系实际，综合解决问题。 ②与工程实践相关的素材：举办关于我国古代科技发明的作品展览；举办“简易滑翔机制作比赛”，让学生利用所学知识分析原理、绘制设计图、选用材料、制作样机，进行比赛；了解水火箭的原理、结构、材料等，小组合作设计并制作简单的水火箭。  ③与社会发展相关的素材：设计一个节能环保小屋，思考如何在保护和改善环境的前提下利用太阳能、地热能、风能等能源，从地理位置、气候、成本等方面讨论每种能源利用的可行性，尝试制作节能环保小屋模型；举办“新材料研制与应用报告会”，小组合作收集和整理相关资料，在课堂上进行成果展示与答辩。"
        }
    },
    {
      "identifier": "urn:jy:physics:OB05:Experiment:4.2.4",
      "title": "探究浮力大小与哪些因素有关",
      "description": "探究浮力大小与物体的体积、液体密度等因素的关系。",
      "subject": "SB0401",
      "type": "Experiment",
      "applicableLevel": "OB05",
      "experiment_type": "探究类",
      "contentJson": {
        "学业要求": [
          "能够通过物理实验建构物理概念，深化对物理规律的认识，领悟其内涵及相互联系；有将实验探究方法及安全操作规范等运用于解决日常问题的意识，能根据所学知识和说明书等解决现实中的简单问题。",
          "知道科学探究会受到各种因素的影响，在实验中能关注主要因素，忽略次要因素；能根据实验数据通过归纳推理获得探究结论；有判断实验数据是否合理、有效的意识；能对实验进行反思，提出改进建议。",
          "在实验中有发现问题、提出问题的意识；能根据实验目的设计实验方案，会正确使用已学实验器材收集数据，能遵守实验室规则，注意实验中的安全问题；能对收集的数据进行整理，归纳总结，形成结论并作出解释；有合作交流的团队意识，能撰写简单的实验报告。",
          "能初步体会物理研究是建立在观察和实验基础上的创造性工作; 能通过实验获得结论, 产生成就感, 有学习物理的兴趣和严谨认真、实事求是的科学态度; 有节约资源、保护环境的责任感及自觉行为"
        ],
        "教学提示":  "# (1) 教学策略建议跨学科实践要紧密结合物理教学内容，体现综合性和实践性，注重激发学生的求知欲和学习热情，促进学生学以致用，养成良好学习习惯，提升团队意识和协作能力。(1)选择具有综合性、实践性的课题。结合当地特点，围绕现实生活和社会发展的热点问题，从多学科角度观察、思考和分析问题，挖掘、选取有教育意义的素材，将其改造成跨学科实践的问题或任务。  ②合理制订跨学科实践方案。以问题的解决过程为线索设计方案，将跨学科实践的课题分解为若干驱动性任务，以观察、实验、设计、制作、调查等方式设计活动，将跨学科实践的课题转化为可操作的教学设计和实施方案。  ③科学引导、循序渐进实施跨学科实践。布置适当的预习任务，引导学生提前了解活动的流程和要求，以及所需知识、方法和设备等；进行合理分组，使学生能相互取长补短、共同完成活动。引导学生主动学习、独立思考、大胆设计、敢于创新，在学生遇到困难时给予适当的指导和帮助。  ④重视活动成果的呈现和交流。注重活动总结，以设计作品、制作模型、撰写报告等多种形式呈现成果。根据物化形式的特点，组织开展成果展览、报告会、研讨会等多种方式的交流活动。# (2) 情境素材建议“跨学科实践”主题的情境素材很丰富，如与日常生活议题、实践操作、社会发展热点等有关的素材均可选择。下面侧重提出与日常生活、工程实践、社会发展相关的情境素材建议。①与日常生活相关的素材：观察和体验人在活动或劳动过程中的杠杆模型，从具体事例分析省力杠杆和省距离杠杆，尝试综合运用多学科知识解释生活现象；举办“自行车中的科学知识挑战赛”，以自行车为研究对象，确定挑战赛规则，通过趣味比赛引导学生理论联系实际，综合解决问题。 ②与工程实践相关的素材：举办关于我国古代科技发明的作品展览；举办“简易滑翔机制作比赛”，让学生利用所学知识分析原理、绘制设计图、选用材料、制作样机，进行比赛；了解水火箭的原理、结构、材料等，小组合作设计并制作简单的水火箭。  ③与社会发展相关的素材：设计一个节能环保小屋，思考如何在保护和改善环境的前提下利用太阳能、地热能、风能等能源，从地理位置、气候、成本等方面讨论每种能源利用的可行性，尝试制作节能环保小屋模型；举办“新材料研制与应用报告会”，小组合作收集和整理相关资料，在课堂上进行成果展示与答辩。"
        }
    },
    {
      "identifier": "urn:jy:physics:OB05:Experiment:4.2.4",
      "title": "探究浮力大小与哪些因素有关",
      "description": "探究浮力大小与物体的体积、液体密度等因素的关系。",
      "subject": "SB0401",
      "type": "Experiment",
      "applicableLevel": "OB05",
      "experiment_type": "探究类",
      "contentJson": {
        "学业要求": [
          "能够通过物理实验建构物理概念，深化对物理规律的认识，领悟其内涵及相互联系；有将实验探究方法及安全操作规范等运用于解决日常问题的意识，能根据所学知识和说明书等解决现实中的简单问题。",
          "知道科学探究会受到各种因素的影响，在实验中能关注主要因素，忽略次要因素；能根据实验数据通过归纳推理获得探究结论；有判断实验数据是否合理、有效的意识；能对实验进行反思，提出改进建议。",
          "在实验中有发现问题、提出问题的意识；能根据实验目的设计实验方案，会正确使用已学实验器材收集数据，能遵守实验室规则，注意实验中的安全问题；能对收集的数据进行整理，归纳总结，形成结论并作出解释；有合作交流的团队意识，能撰写简单的实验报告。",
          "能初步体会物理研究是建立在观察和实验基础上的创造性工作; 能通过实验获得结论, 产生成就感, 有学习物理的兴趣和严谨认真、实事求是的科学态度; 有节约资源、保护环境的责任感及自觉行为"
        ],
        "教学提示":  "# (1) 教学策略建议跨学科实践要紧密结合物理教学内容，体现综合性和实践性，注重激发学生的求知欲和学习热情，促进学生学以致用，养成良好学习习惯，提升团队意识和协作能力。(1)选择具有综合性、实践性的课题。结合当地特点，围绕现实生活和社会发展的热点问题，从多学科角度观察、思考和分析问题，挖掘、选取有教育意义的素材，将其改造成跨学科实践的问题或任务。  ②合理制订跨学科实践方案。以问题的解决过程为线索设计方案，将跨学科实践的课题分解为若干驱动性任务，以观察、实验、设计、制作、调查等方式设计活动，将跨学科实践的课题转化为可操作的教学设计和实施方案。  ③科学引导、循序渐进实施跨学科实践。布置适当的预习任务，引导学生提前了解活动的流程和要求，以及所需知识、方法和设备等；进行合理分组，使学生能相互取长补短、共同完成活动。引导学生主动学习、独立思考、大胆设计、敢于创新，在学生遇到困难时给予适当的指导和帮助。  ④重视活动成果的呈现和交流。注重活动总结，以设计作品、制作模型、撰写报告等多种形式呈现成果。根据物化形式的特点，组织开展成果展览、报告会、研讨会等多种方式的交流活动。# (2) 情境素材建议“跨学科实践”主题的情境素材很丰富，如与日常生活议题、实践操作、社会发展热点等有关的素材均可选择。下面侧重提出与日常生活、工程实践、社会发展相关的情境素材建议。①与日常生活相关的素材：观察和体验人在活动或劳动过程中的杠杆模型，从具体事例分析省力杠杆和省距离杠杆，尝试综合运用多学科知识解释生活现象；举办“自行车中的科学知识挑战赛”，以自行车为研究对象，确定挑战赛规则，通过趣味比赛引导学生理论联系实际，综合解决问题。 ②与工程实践相关的素材：举办关于我国古代科技发明的作品展览；举办“简易滑翔机制作比赛”，让学生利用所学知识分析原理、绘制设计图、选用材料、制作样机，进行比赛；了解水火箭的原理、结构、材料等，小组合作设计并制作简单的水火箭。  ③与社会发展相关的素材：设计一个节能环保小屋，思考如何在保护和改善环境的前提下利用太阳能、地热能、风能等能源，从地理位置、气候、成本等方面讨论每种能源利用的可行性，尝试制作节能环保小屋模型；举办“新材料研制与应用报告会”，小组合作收集和整理相关资料，在课堂上进行成果展示与答辩。"
        }
    },
    {
      "identifier": "urn:jy:physics:OB05:Experiment:4.2.5",
      "title": "探究杠杆的平衡条件",
      "description": "通过杠杆、铁架台、钩码和弹簧测力计等器材，探究杠杆平衡时动力、动力臂与阻力、阻力臂之间的定量关系。",
      "subject": "SB0401",
      "type": "Experiment",
      "applicableLevel": "OB05",
      "experiment_type": "探究类",
      "contentJson": {
        "学业要求": [
          "能够通过物理实验建构物理概念，深化对物理规律的认识，领悟其内涵及相互联系；有将实验探究方法及安全操作规范等运用于解决日常问题的意识，能根据所学知识和说明书等解决现实中的简单问题。",
          "知道科学探究会受到各种因素的影响，在实验中能关注主要因素，忽略次要因素；能根据实验数据通过归纳推理获得探究结论；有判断实验数据是否合理、有效的意识；能对实验进行反思，提出改进建议。",
          "在实验中有发现问题、提出问题的意识；能根据实验目的设计实验方案，会正确使用已学实验器材收集数据，能遵守实验室规则，注意实验中的安全问题；能对收集的数据进行整理，归纳总结，形成结论并作出解释；有合作交流的团队意识，能撰写简单的实验报告。",
          "能初步体会物理研究是建立在观察和实验基础上的创造性工作; 能通过实验获得结论, 产生成就感, 有学习物理的兴趣和严谨认真、实事求是的科学态度; 有节约资源、保护环境的责任感及自觉行为"
        ],
        "教学提示":  "# (1) 教学策略建议跨学科实践要紧密结合物理教学内容，体现综合性和实践性，注重激发学生的求知欲和学习热情，促进学生学以致用，养成良好学习习惯，提升团队意识和协作能力。(1)选择具有综合性、实践性的课题。结合当地特点，围绕现实生活和社会发展的热点问题，从多学科角度观察、思考和分析问题，挖掘、选取有教育意义的素材，将其改造成跨学科实践的问题或任务。  ②合理制订跨学科实践方案。以问题的解决过程为线索设计方案，将跨学科实践的课题分解为若干驱动性任务，以观察、实验、设计、制作、调查等方式设计活动，将跨学科实践的课题转化为可操作的教学设计和实施方案。  ③科学引导、循序渐进实施跨学科实践。布置适当的预习任务，引导学生提前了解活动的流程和要求，以及所需知识、方法和设备等；进行合理分组，使学生能相互取长补短、共同完成活动。引导学生主动学习、独立思考、大胆设计、敢于创新，在学生遇到困难时给予适当的指导和帮助。  ④重视活动成果的呈现和交流。注重活动总结，以设计作品、制作模型、撰写报告等多种形式呈现成果。根据物化形式的特点，组织开展成果展览、报告会、研讨会等多种方式的交流活动。# (2) 情境素材建议“跨学科实践”主题的情境素材很丰富，如与日常生活议题、实践操作、社会发展热点等有关的素材均可选择。下面侧重提出与日常生活、工程实践、社会发展相关的情境素材建议。①与日常生活相关的素材：观察和体验人在活动或劳动过程中的杠杆模型，从具体事例分析省力杠杆和省距离杠杆，尝试综合运用多学科知识解释生活现象；举办“自行车中的科学知识挑战赛”，以自行车为研究对象，确定挑战赛规则，通过趣味比赛引导学生理论联系实际，综合解决问题。 ②与工程实践相关的素材：举办关于我国古代科技发明的作品展览；举办“简易滑翔机制作比赛”，让学生利用所学知识分析原理、绘制设计图、选用材料、制作样机，进行比赛；了解水火箭的原理、结构、材料等，小组合作设计并制作简单的水火箭。  ③与社会发展相关的素材：设计一个节能环保小屋，思考如何在保护和改善环境的前提下利用太阳能、地热能、风能等能源，从地理位置、气候、成本等方面讨论每种能源利用的可行性，尝试制作节能环保小屋模型；举办“新材料研制与应用报告会”，小组合作收集和整理相关资料，在课堂上进行成果展示与答辩。"
        }
    },
    {
      "identifier": "urn:jy:physics:OB05:Experiment:4.2.6",
      "title": "探究光的反射定律",
      "description": "利用激光笔、平面镜、光屏及量角器等器材，探究光的反射现象是否遵循反射定律以及相关角度关系。",
      "subject": "SB0401",
      "type": "Experiment",
      "applicableLevel": "OB05",
      "experiment_type": "探究类",
      "contentJson": {
        "学业要求": [
          "能够通过物理实验建构物理概念，深化对物理规律的认识，领悟其内涵及相互联系；有将实验探究方法及安全操作规范等运用于解决日常问题的意识，能根据所学知识和说明书等解决现实中的简单问题。",
          "知道科学探究会受到各种因素的影响，在实验中能关注主要因素，忽略次要因素；能根据实验数据通过归纳推理获得探究结论；有判断实验数据是否合理、有效的意识；能对实验进行反思，提出改进建议。",
          "在实验中有发现问题、提出问题的意识；能根据实验目的设计实验方案，会正确使用已学实验器材收集数据，能遵守实验室规则，注意实验中的安全问题；能对收集的数据进行整理，归纳总结，形成结论并作出解释；有合作交流的团队意识，能撰写简单的实验报告。",
          "能初步体会物理研究是建立在观察和实验基础上的创造性工作; 能通过实验获得结论, 产生成就感, 有学习物理的兴趣和严谨认真、实事求是的科学态度; 有节约资源、保护环境的责任感及自觉行为"
        ],
        "教学提示": "# (1) 教学策略建议跨学科实践要紧密结合物理教学内容，体现综合性和实践性，注重激发学生的求知欲和学习热情，促进学生学以致用，养成良好学习习惯，提升团队意识和协作能力。(1)选择具有综合性、实践性的课题。结合当地特点，围绕现实生活和社会发展的热点问题，从多学科角度观察、思考和分析问题，挖掘、选取有教育意义的素材，将其改造成跨学科实践的问题或任务。  ②合理制订跨学科实践方案。以问题的解决过程为线索设计方案，将跨学科实践的课题分解为若干驱动性任务，以观察、实验、设计、制作、调查等方式设计活动，将跨学科实践的课题转化为可操作的教学设计和实施方案。  ③科学引导、循序渐进实施跨学科实践。布置适当的预习任务，引导学生提前了解活动的流程和要求，以及所需知识、方法和设备等；进行合理分组，使学生能相互取长补短、共同完成活动。引导学生主动学习、独立思考、大胆设计、敢于创新，在学生遇到困难时给予适当的指导和帮助。  ④重视活动成果的呈现和交流。注重活动总结，以设计作品、制作模型、撰写报告等多种形式呈现成果。根据物化形式的特点，组织开展成果展览、报告会、研讨会等多种方式的交流活动。# (2) 情境素材建议“跨学科实践”主题的情境素材很丰富，如与日常生活议题、实践操作、社会发展热点等有关的素材均可选择。下面侧重提出与日常生活、工程实践、社会发展相关的情境素材建议。①与日常生活相关的素材：观察和体验人在活动或劳动过程中的杠杆模型，从具体事例分析省力杠杆和省距离杠杆，尝试综合运用多学科知识解释生活现象；举办“自行车中的科学知识挑战赛”，以自行车为研究对象，确定挑战赛规则，通过趣味比赛引导学生理论联系实际，综合解决问题。 ②与工程实践相关的素材：举办关于我国古代科技发明的作品展览；举办“简易滑翔机制作比赛”，让学生利用所学知识分析原理、绘制设计图、选用材料、制作样机，进行比赛；了解水火箭的原理、结构、材料等，小组合作设计并制作简单的水火箭。  ③与社会发展相关的素材：设计一个节能环保小屋，思考如何在保护和改善环境的前提下利用太阳能、地热能、风能等能源，从地理位置、气候、成本等方面讨论每种能源利用的可行性，尝试制作节能环保小屋模型；举办“新材料研制与应用报告会”，小组合作收集和整理相关资料，在课堂上进行成果展示与答辩。"
        }
    },
    {
      "identifier": "urn:jy:physics:OB05:Experiment:4.2.7",
      "title": "探究平面镜成像的特点",
      "description": "利用蜡烛(或其他物品)、平板玻璃、刻度尺、白纸等器材，探究平面镜成像时像的大小、位置、虚实等特点。",
      "subject": "SB0401",
      "type": "Experiment",
      "applicableLevel": "OB05",
      "experiment_type": "探究类",
      "contentJson": {
        "学业要求": [
          "能够通过物理实验建构物理概念，深化对物理规律的认识，领悟其内涵及相互联系；有将实验探究方法及安全操作规范等运用于解决日常问题的意识，能根据所学知识和说明书等解决现实中的简单问题。",
          "知道科学探究会受到各种因素的影响，在实验中能关注主要因素，忽略次要因素；能根据实验数据通过归纳推理获得探究结论；有判断实验数据是否合理、有效的意识；能对实验进行反思，提出改进建议。",
          "在实验中有发现问题、提出问题的意识；能根据实验目的设计实验方案，会正确使用已学实验器材收集数据，能遵守实验室规则，注意实验中的安全问题；能对收集的数据进行整理，归纳总结，形成结论并作出解释；有合作交流的团队意识，能撰写简单的实验报告。",
          "能初步体会物理研究是建立在观察和实验基础上的创造性工作; 能通过实验获得结论, 产生成就感, 有学习物理的兴趣和严谨认真、实事求是的科学态度; 有节约资源、保护环境的责任感及自觉行为"
        ],
        "教学提示": "# (1) 教学策略建议跨学科实践要紧密结合物理教学内容，体现综合性和实践性，注重激发学生的求知欲和学习热情，促进学生学以致用，养成良好学习习惯，提升团队意识和协作能力。(1)选择具有综合性、实践性的课题。结合当地特点，围绕现实生活和社会发展的热点问题，从多学科角度观察、思考和分析问题，挖掘、选取有教育意义的素材，将其改造成跨学科实践的问题或任务。  ②合理制订跨学科实践方案。以问题的解决过程为线索设计方案，将跨学科实践的课题分解为若干驱动性任务，以观察、实验、设计、制作、调查等方式设计活动，将跨学科实践的课题转化为可操作的教学设计和实施方案。  ③科学引导、循序渐进实施跨学科实践。布置适当的预习任务，引导学生提前了解活动的流程和要求，以及所需知识、方法和设备等；进行合理分组，使学生能相互取长补短、共同完成活动。引导学生主动学习、独立思考、大胆设计、敢于创新，在学生遇到困难时给予适当的指导和帮助。  ④重视活动成果的呈现和交流。注重活动总结，以设计作品、制作模型、撰写报告等多种形式呈现成果。根据物化形式的特点，组织开展成果展览、报告会、研讨会等多种方式的交流活动。# (2) 情境素材建议“跨学科实践”主题的情境素材很丰富，如与日常生活议题、实践操作、社会发展热点等有关的素材均可选择。下面侧重提出与日常生活、工程实践、社会发展相关的情境素材建议。①与日常生活相关的素材：观察和体验人在活动或劳动过程中的杠杆模型，从具体事例分析省力杠杆和省距离杠杆，尝试综合运用多学科知识解释生活现象；举办“自行车中的科学知识挑战赛”，以自行车为研究对象，确定挑战赛规则，通过趣味比赛引导学生理论联系实际，综合解决问题。 ②与工程实践相关的素材：举办关于我国古代科技发明的作品展览；举办“简易滑翔机制作比赛”，让学生利用所学知识分析原理、绘制设计图、选用材料、制作样机，进行比赛；了解水火箭的原理、结构、材料等，小组合作设计并制作简单的水火箭。  ③与社会发展相关的素材：设计一个节能环保小屋，思考如何在保护和改善环境的前提下利用太阳能、地热能、风能等能源，从地理位置、气候、成本等方面讨论每种能源利用的可行性，尝试制作节能环保小屋模型；举办“新材料研制与应用报告会”，小组合作收集和整理相关资料，在课堂上进行成果展示与答辩。"
        }
    },
    {
      "identifier": "urn:jy:physics:OB05:Experiment:4.2.8",
      "title": "探究凸透镜成像的规律",
      "description": "利用蜡烛(或F形光源)、凸透镜、光具座、光屏等器材，探究凸透镜成像时像的正倒、大小、位置、虚实与物距的关系。",
      "subject": "SB0401",
      "type": "Experiment",
      "applicableLevel": "OB05",
      "experiment_type": "探究类",
      "contentJson": {
        "学业要求": [
          "能够通过物理实验建构物理概念，深化对物理规律的认识，领悟其内涵及相互联系；有将实验探究方法及安全操作规范等运用于解决日常问题的意识，能根据所学知识和说明书等解决现实中的简单问题。",
          "知道科学探究会受到各种因素的影响，在实验中能关注主要因素，忽略次要因素；能根据实验数据通过归纳推理获得探究结论；有判断实验数据是否合理、有效的意识；能对实验进行反思，提出改进建议。",
          "在实验中有发现问题、提出问题的意识；能根据实验目的设计实验方案，会正确使用已学实验器材收集数据，能遵守实验室规则，注意实验中的安全问题；能对收集的数据进行整理，归纳总结，形成结论并作出解释；有合作交流的团队意识，能撰写简单的实验报告。",
          "能初步体会物理研究是建立在观察和实验基础上的创造性工作; 能通过实验获得结论, 产生成就感, 有学习物理的兴趣和严谨认真、实事求是的科学态度; 有节约资源、保护环境的责任感及自觉行为"
        ],
        "教学提示":"# (1) 教学策略建议跨学科实践要紧密结合物理教学内容，体现综合性和实践性，注重激发学生的求知欲和学习热情，促进学生学以致用，养成良好学习习惯，提升团队意识和协作能力。(1)选择具有综合性、实践性的课题。结合当地特点，围绕现实生活和社会发展的热点问题，从多学科角度观察、思考和分析问题，挖掘、选取有教育意义的素材，将其改造成跨学科实践的问题或任务。  ②合理制订跨学科实践方案。以问题的解决过程为线索设计方案，将跨学科实践的课题分解为若干驱动性任务，以观察、实验、设计、制作、调查等方式设计活动，将跨学科实践的课题转化为可操作的教学设计和实施方案。  ③科学引导、循序渐进实施跨学科实践。布置适当的预习任务，引导学生提前了解活动的流程和要求，以及所需知识、方法和设备等；进行合理分组，使学生能相互取长补短、共同完成活动。引导学生主动学习、独立思考、大胆设计、敢于创新，在学生遇到困难时给予适当的指导和帮助。  ④重视活动成果的呈现和交流。注重活动总结，以设计作品、制作模型、撰写报告等多种形式呈现成果。根据物化形式的特点，组织开展成果展览、报告会、研讨会等多种方式的交流活动。# (2) 情境素材建议“跨学科实践”主题的情境素材很丰富，如与日常生活议题、实践操作、社会发展热点等有关的素材均可选择。下面侧重提出与日常生活、工程实践、社会发展相关的情境素材建议。①与日常生活相关的素材：观察和体验人在活动或劳动过程中的杠杆模型，从具体事例分析省力杠杆和省距离杠杆，尝试综合运用多学科知识解释生活现象；举办“自行车中的科学知识挑战赛”，以自行车为研究对象，确定挑战赛规则，通过趣味比赛引导学生理论联系实际，综合解决问题。 ②与工程实践相关的素材：举办关于我国古代科技发明的作品展览；举办“简易滑翔机制作比赛”，让学生利用所学知识分析原理、绘制设计图、选用材料、制作样机，进行比赛；了解水火箭的原理、结构、材料等，小组合作设计并制作简单的水火箭。  ③与社会发展相关的素材：设计一个节能环保小屋，思考如何在保护和改善环境的前提下利用太阳能、地热能、风能等能源，从地理位置、气候、成本等方面讨论每种能源利用的可行性，尝试制作节能环保小屋模型；举办“新材料研制与应用报告会”，小组合作收集和整理相关资料，在课堂上进行成果展示与答辩。"
        }
    },
    {
      "identifier": "urn:jy:physics:OB05:Experiment:4.2.9",
      "title": "探究通电螺线管外部磁场的方向",
      "description": "利用小磁针和通电螺线管等器材，探究通电螺线管外部磁场的方向。",
      "subject": "SB0401",
      "type": "Experiment",
      "applicableLevel": "OB05",
      "experiment_type": "探究类",
      "contentJson": {
        "学业要求": [
          "能够通过物理实验建构物理概念，深化对物理规律的认识，领悟其内涵及相互联系；有将实验探究方法及安全操作规范等运用于解决日常问题的意识，能根据所学知识和说明书等解决现实中的简单问题。",
          "知道科学探究会受到各种因素的影响，在实验中能关注主要因素，忽略次要因素；能根据实验数据通过归纳推理获得探究结论；有判断实验数据是否合理、有效的意识；能对实验进行反思，提出改进建议。",
          "在实验中有发现问题、提出问题的意识；能根据实验目的设计实验方案，会正确使用已学实验器材收集数据，能遵守实验室规则，注意实验中的安全问题；能对收集的数据进行整理，归纳总结，形成结论并作出解释；有合作交流的团队意识，能撰写简单的实验报告。",
          "能初步体会物理研究是建立在观察和实验基础上的创造性工作; 能通过实验获得结论, 产生成就感, 有学习物理的兴趣和严谨认真、实事求是的科学态度; 有节约资源、保护环境的责任感及自觉行为"
        ],
        "教学提示": "# (1) 教学策略建议跨学科实践要紧密结合物理教学内容，体现综合性和实践性，注重激发学生的求知欲和学习热情，促进学生学以致用，养成良好学习习惯，提升团队意识和协作能力。(1)选择具有综合性、实践性的课题。结合当地特点，围绕现实生活和社会发展的热点问题，从多学科角度观察、思考和分析问题，挖掘、选取有教育意义的素材，将其改造成跨学科实践的问题或任务。  ②合理制订跨学科实践方案。以问题的解决过程为线索设计方案，将跨学科实践的课题分解为若干驱动性任务，以观察、实验、设计、制作、调查等方式设计活动，将跨学科实践的课题转化为可操作的教学设计和实施方案。  ③科学引导、循序渐进实施跨学科实践。布置适当的预习任务，引导学生提前了解活动的流程和要求，以及所需知识、方法和设备等；进行合理分组，使学生能相互取长补短、共同完成活动。引导学生主动学习、独立思考、大胆设计、敢于创新，在学生遇到困难时给予适当的指导和帮助。  ④重视活动成果的呈现和交流。注重活动总结，以设计作品、制作模型、撰写报告等多种形式呈现成果。根据物化形式的特点，组织开展成果展览、报告会、研讨会等多种方式的交流活动。# (2) 情境素材建议“跨学科实践”主题的情境素材很丰富，如与日常生活议题、实践操作、社会发展热点等有关的素材均可选择。下面侧重提出与日常生活、工程实践、社会发展相关的情境素材建议。①与日常生活相关的素材：观察和体验人在活动或劳动过程中的杠杆模型，从具体事例分析省力杠杆和省距离杠杆，尝试综合运用多学科知识解释生活现象；举办“自行车中的科学知识挑战赛”，以自行车为研究对象，确定挑战赛规则，通过趣味比赛引导学生理论联系实际，综合解决问题。 ②与工程实践相关的素材：举办关于我国古代科技发明的作品展览；举办“简易滑翔机制作比赛”，让学生利用所学知识分析原理、绘制设计图、选用材料、制作样机，进行比赛；了解水火箭的原理、结构、材料等，小组合作设计并制作简单的水火箭。  ③与社会发展相关的素材：设计一个节能环保小屋，思考如何在保护和改善环境的前提下利用太阳能、地热能、风能等能源，从地理位置、气候、成本等方面讨论每种能源利用的可行性，尝试制作节能环保小屋模型；举办“新材料研制与应用报告会”，小组合作收集和整理相关资料，在课堂上进行成果展示与答辩。"
        }
    },
    {
      "identifier": "urn:jy:physics:OB05:Experiment:4.2.10",
      "title": "探究导体在磁场中运动时产生感应电流的条件",
      "description": "利用矩形线圈或单根导线、磁体、灵敏电流计等器材，探究导体在磁场中运动时产生感应电流的条件。",
      "subject": "SB0401",
      "type": "Experiment",
      "applicableLevel": "OB05",
      "experiment_type": "探究类",
      "contentJson": {
        "学业要求": [
          "能够通过物理实验建构物理概念，深化对物理规律的认识，领悟其内涵及相互联系；有将实验探究方法及安全操作规范等运用于解决日常问题的意识，能根据所学知识和说明书等解决现实中的简单问题。",
          "知道科学探究会受到各种因素的影响，在实验中能关注主要因素，忽略次要因素；能根据实验数据通过归纳推理获得探究结论；有判断实验数据是否合理、有效的意识；能对实验进行反思，提出改进建议。",
          "在实验中有发现问题、提出问题的意识；能根据实验目的设计实验方案，会正确使用已学实验器材收集数据，能遵守实验室规则，注意实验中的安全问题；能对收集的数据进行整理，归纳总结，形成结论并作出解释；有合作交流的团队意识，能撰写简单的实验报告。",
          "能初步体会物理研究是建立在观察和实验基础上的创造性工作; 能通过实验获得结论, 产生成就感, 有学习物理的兴趣和严谨认真、实事求是的科学态度; 有节约资源、保护环境的责任感及自觉行为"
        ],
        "教学提示": "# (1) 教学策略建议跨学科实践要紧密结合物理教学内容，体现综合性和实践性，注重激发学生的求知欲和学习热情，促进学生学以致用，养成良好学习习惯，提升团队意识和协作能力。(1)选择具有综合性、实践性的课题。结合当地特点，围绕现实生活和社会发展的热点问题，从多学科角度观察、思考和分析问题，挖掘、选取有教育意义的素材，将其改造成跨学科实践的问题或任务。  ②合理制订跨学科实践方案。以问题的解决过程为线索设计方案，将跨学科实践的课题分解为若干驱动性任务，以观察、实验、设计、制作、调查等方式设计活动，将跨学科实践的课题转化为可操作的教学设计和实施方案。  ③科学引导、循序渐进实施跨学科实践。布置适当的预习任务，引导学生提前了解活动的流程和要求，以及所需知识、方法和设备等；进行合理分组，使学生能相互取长补短、共同完成活动。引导学生主动学习、独立思考、大胆设计、敢于创新，在学生遇到困难时给予适当的指导和帮助。  ④重视活动成果的呈现和交流。注重活动总结，以设计作品、制作模型、撰写报告等多种形式呈现成果。根据物化形式的特点，组织开展成果展览、报告会、研讨会等多种方式的交流活动。# (2) 情境素材建议“跨学科实践”主题的情境素材很丰富，如与日常生活议题、实践操作、社会发展热点等有关的素材均可选择。下面侧重提出与日常生活、工程实践、社会发展相关的情境素材建议。①与日常生活相关的素材：观察和体验人在活动或劳动过程中的杠杆模型，从具体事例分析省力杠杆和省距离杠杆，尝试综合运用多学科知识解释生活现象；举办“自行车中的科学知识挑战赛”，以自行车为研究对象，确定挑战赛规则，通过趣味比赛引导学生理论联系实际，综合解决问题。 ②与工程实践相关的素材：举办关于我国古代科技发明的作品展览；举办“简易滑翔机制作比赛”，让学生利用所学知识分析原理、绘制设计图、选用材料、制作样机，进行比赛；了解水火箭的原理、结构、材料等，小组合作设计并制作简单的水火箭。  ③与社会发展相关的素材：设计一个节能环保小屋，思考如何在保护和改善环境的前提下利用太阳能、地热能、风能等能源，从地理位置、气候、成本等方面讨论每种能源利用的可行性，尝试制作节能环保小屋模型；举办“新材料研制与应用报告会”，小组合作收集和整理相关资料，在课堂上进行成果展示与答辩。"
        }
    },
    {
      "identifier": "urn:jy:physics:OB05:Experiment:4.2.11",
      "title": "探究串联电路和并联电路中电流、电压的特点",
      "description": "分别探究串联电路和并联电路中电流、电压的特点，理解电路连接方式与电流、电压分配规律的关系。",
      "subject": "SB0401",
      "type": "Experiment",
      "applicableLevel": "OB05",
      "experiment_type": "探究类",
      "contentJson": {
        "学业要求": [
          "能够通过物理实验建构物理概念，深化对物理规律的认识，领悟其内涵及相互联系；有将实验探究方法及安全操作规范等运用于解决日常问题的意识，能根据所学知识和说明书等解决现实中的简单问题。",
          "知道科学探究会受到各种因素的影响，在实验中能关注主要因素，忽略次要因素；能根据实验数据通过归纳推理获得探究结论；有判断实验数据是否合理、有效的意识；能对实验进行反思，提出改进建议。",
          "在实验中有发现问题、提出问题的意识；能根据实验目的设计实验方案，会正确使用已学实验器材收集数据，能遵守实验室规则，注意实验中的安全问题；能对收集的数据进行整理，归纳总结，形成结论并作出解释；有合作交流的团队意识，能撰写简单的实验报告。",
          "能初步体会物理研究是建立在观察和实验基础上的创造性工作; 能通过实验获得结论, 产生成就感, 有学习物理的兴趣和严谨认真、实事求是的科学态度; 有节约资源、保护环境的责任感及自觉行为"
        ],
        "教学提示":  "# (1) 教学策略建议跨学科实践要紧密结合物理教学内容，体现综合性和实践性，注重激发学生的求知欲和学习热情，促进学生学以致用，养成良好学习习惯，提升团队意识和协作能力。(1)选择具有综合性、实践性的课题。结合当地特点，围绕现实生活和社会发展的热点问题，从多学科角度观察、思考和分析问题，挖掘、选取有教育意义的素材，将其改造成跨学科实践的问题或任务。  ②合理制订跨学科实践方案。以问题的解决过程为线索设计方案，将跨学科实践的课题分解为若干驱动性任务，以观察、实验、设计、制作、调查等方式设计活动，将跨学科实践的课题转化为可操作的教学设计和实施方案。  ③科学引导、循序渐进实施跨学科实践。布置适当的预习任务，引导学生提前了解活动的流程和要求，以及所需知识、方法和设备等；进行合理分组，使学生能相互取长补短、共同完成活动。引导学生主动学习、独立思考、大胆设计、敢于创新，在学生遇到困难时给予适当的指导和帮助。  ④重视活动成果的呈现和交流。注重活动总结，以设计作品、制作模型、撰写报告等多种形式呈现成果。根据物化形式的特点，组织开展成果展览、报告会、研讨会等多种方式的交流活动。# (2) 情境素材建议“跨学科实践”主题的情境素材很丰富，如与日常生活议题、实践操作、社会发展热点等有关的素材均可选择。下面侧重提出与日常生活、工程实践、社会发展相关的情境素材建议。①与日常生活相关的素材：观察和体验人在活动或劳动过程中的杠杆模型，从具体事例分析省力杠杆和省距离杠杆，尝试综合运用多学科知识解释生活现象；举办“自行车中的科学知识挑战赛”，以自行车为研究对象，确定挑战赛规则，通过趣味比赛引导学生理论联系实际，综合解决问题。 ②与工程实践相关的素材：举办关于我国古代科技发明的作品展览；举办“简易滑翔机制作比赛”，让学生利用所学知识分析原理、绘制设计图、选用材料、制作样机，进行比赛；了解水火箭的原理、结构、材料等，小组合作设计并制作简单的水火箭。  ③与社会发展相关的素材：设计一个节能环保小屋，思考如何在保护和改善环境的前提下利用太阳能、地热能、风能等能源，从地理位置、气候、成本等方面讨论每种能源利用的可行性，尝试制作节能环保小屋模型；举办“新材料研制与应用报告会”，小组合作收集和整理相关资料，在课堂上进行成果展示与答辩。"
        }
    },
    {
      "identifier": "urn:jy:physics:OB05:Experiment:4.2.12",
      "title": "探究电流与电压、电阻的关系",
      "description": "利用定值电阻、滑动变阻器、电流表、电压表等器材，探究电流与电压、电阻的关系。",
      "subject": "SB0401",
      "type": "Experiment",
      "applicableLevel": "OB05",
      "experiment_type": "探究类",
      "contentJson": {
        "学业要求": [
          "能够通过物理实验建构物理概念，深化对物理规律的认识，领悟其内涵及相互联系；有将实验探究方法及安全操作规范等运用于解决日常问题的意识，能根据所学知识和说明书等解决现实中的简单问题。",
          "知道科学探究会受到各种因素的影响，在实验中能关注主要因素，忽略次要因素；能根据实验数据通过归纳推理获得探究结论；有判断实验数据是否合理、有效的意识；能对实验进行反思，提出改进建议。",
          "在实验中有发现问题、提出问题的意识；能根据实验目的设计实验方案，会正确使用已学实验器材收集数据，能遵守实验室规则，注意实验中的安全问题；能对收集的数据进行整理，归纳总结，形成结论并作出解释；有合作交流的团队意识，能撰写简单的实验报告。",
          "能初步体会物理研究是建立在观察和实验基础上的创造性工作; 能通过实验获得结论, 产生成就感, 有学习物理的兴趣和严谨认真、实事求是的科学态度; 有节约资源、保护环境的责任感及自觉行为"
        ],
        "教学提示": "# (1) 教学策略建议跨学科实践要紧密结合物理教学内容，体现综合性和实践性，注重激发学生的求知欲和学习热情，促进学生学以致用，养成良好学习习惯，提升团队意识和协作能力。(1)选择具有综合性、实践性的课题。结合当地特点，围绕现实生活和社会发展的热点问题，从多学科角度观察、思考和分析问题，挖掘、选取有教育意义的素材，将其改造成跨学科实践的问题或任务。  ②合理制订跨学科实践方案。以问题的解决过程为线索设计方案，将跨学科实践的课题分解为若干驱动性任务，以观察、实验、设计、制作、调查等方式设计活动，将跨学科实践的课题转化为可操作的教学设计和实施方案。  ③科学引导、循序渐进实施跨学科实践。布置适当的预习任务，引导学生提前了解活动的流程和要求，以及所需知识、方法和设备等；进行合理分组，使学生能相互取长补短、共同完成活动。引导学生主动学习、独立思考、大胆设计、敢于创新，在学生遇到困难时给予适当的指导和帮助。  ④重视活动成果的呈现和交流。注重活动总结，以设计作品、制作模型、撰写报告等多种形式呈现成果。根据物化形式的特点，组织开展成果展览、报告会、研讨会等多种方式的交流活动。# (2) 情境素材建议“跨学科实践”主题的情境素材很丰富，如与日常生活议题、实践操作、社会发展热点等有关的素材均可选择。下面侧重提出与日常生活、工程实践、社会发展相关的情境素材建议。①与日常生活相关的素材：观察和体验人在活动或劳动过程中的杠杆模型，从具体事例分析省力杠杆和省距离杠杆，尝试综合运用多学科知识解释生活现象；举办“自行车中的科学知识挑战赛”，以自行车为研究对象，确定挑战赛规则，通过趣味比赛引导学生理论联系实际，综合解决问题。 ②与工程实践相关的素材：举办关于我国古代科技发明的作品展览；举办“简易滑翔机制作比赛”，让学生利用所学知识分析原理、绘制设计图、选用材料、制作样机，进行比赛；了解水火箭的原理、结构、材料等，小组合作设计并制作简单的水火箭。  ③与社会发展相关的素材：设计一个节能环保小屋，思考如何在保护和改善环境的前提下利用太阳能、地热能、风能等能源，从地理位置、气候、成本等方面讨论每种能源利用的可行性，尝试制作节能环保小屋模型；举办“新材料研制与应用报告会”，小组合作收集和整理相关资料，在课堂上进行成果展示与答辩。"
        }
    }
  ]
}