{
  "entities": [
    {
      "identifier": "urn:jy:physics:SB0401:OB06:Section:1",
      "title": "一、简单电现象",
      "description": "",
      "subject": "SB0401",
      "type": "Section",
      "applicableLevel": "OB06",
      "contentJson": {
        "academicTerm": "初中",
        "grade": "九年级",
        "edition": "北师大版（主编：郭玉英）",
        "volume": "全一册",
        "chapter": "第九章 简单电路"
      }
    },
    {
      "identifier": "urn:jy:physics:SB0401:OB06:Section:2",
      "title": "二、认识电路",
      "description": "",
      "subject": "SB0401",
      "type": "Section",
      "applicableLevel": "OB06",
      "contentJson": {
        "academicTerm": "初中",
        "grade": "九年级",
        "edition": "北师大版（主编：郭玉英）",
        "volume": "全一册",
        "chapter": "第九章 简单电路"
      }
    },
    {
      "identifier": "urn:jy:physics:SB0401:OB06:Section:3",
      "title": "三、不同物质的导电性能",
      "description": "",
      "subject": "SB0401",
      "type": "Section",
      "applicableLevel": "OB06",
      "contentJson": {
        "academicTerm": "初中",
        "grade": "九年级",
        "edition": "北师大版（主编：郭玉英）",
        "volume": "全一册",
        "chapter": "第九章 简单电路"
      }
    },
    {
      "identifier": "urn:jy:physics:SB0401:OB06:Section:4",
      "title": "四、电流及其测量",
      "description": "",
      "subject": "SB0401",
      "type": "Section",
      "applicableLevel": "OB06",
      "contentJson": {
        "academicTerm": "初中",
        "grade": "九年级",
        "edition": "北师大版（主编：郭玉英）",
        "volume": "全一册",
        "chapter": "第九章 简单电路"
      }
    },
    {
      "identifier": "urn:jy:physics:SB0401:OB06:Section:5",
      "title": "五、电压及其测量",
      "description": "",
      "subject": "SB0401",
      "type": "Section",
      "applicableLevel": "OB06",
      "contentJson": {
        "academicTerm": "初中",
        "grade": "九年级",
        "edition": "北师大版（主编：郭玉英）",
        "volume": "全一册",
        "chapter": "第九章 简单电路"
      }
    },
    {
      "identifier": "urn:jy:physics:SB0401:OB06:Section:6",
      "title": "六、电阻",
      "description": "",
      "subject": "SB0401",
      "type": "Section",
      "applicableLevel": "OB06",
      "contentJson": {
        "academicTerm": "初中",
        "grade": "九年级",
        "edition": "北师大版（主编：郭玉英）",
        "volume": "全一册",
        "chapter": "第九章 简单电路"
      }
    },
    {
      "identifier": "urn:jy:physics:SB0401:OB06:Section:7",
      "title": "七、变阻器",
      "description": "",
      "subject": "SB0401",
      "type": "Section",
      "applicableLevel": "OB06",
      "contentJson": {
        "academicTerm": "初中",
        "grade": "九年级",
        "edition": "北师大版（主编：郭玉英）",
        "volume": "全一册",
        "chapter": "第九章 简单电路"
      }
    },
    {
      "identifier": "urn:jy:physics:SB0401:OB06:Section:8",
      "title": "课外探究 什么材料的衣服更容易带电",
      "description": "",
      "subject": "SB0401",
      "type": "Section",
      "applicableLevel": "OB06",
      "contentJson": {
        "academicTerm": "初中",
        "grade": "九年级",
        "edition": "北师大版（主编：郭玉英）",
        "volume": "全一册",
        "chapter": "第九章 简单电路"
      }
    },
    {
      "identifier": "urn:jy:physics:SB0401:OB06:Section:9",
      "title": "一、学生实验：连接串、并联电路",
      "description": "",
      "subject": "SB0401",
      "type": "Section",
      "applicableLevel": "OB06",
      "contentJson": {
        "academicTerm": "初中",
        "grade": "九年级",
        "edition": "北师大版（主编：郭玉英）",
        "volume": "全一册",
        "chapter": "第十章 串联电路和并联电路"
      }
    },
    {
      "identifier": "urn:jy:physics:SB0401:OB06:Section:10",
      "title": "二、串、并联电路的特点",
      "description": "",
      "subject": "SB0401",
      "type": "Section",
      "applicableLevel": "OB06",
      "contentJson": {
        "academicTerm": "初中",
        "grade": "九年级",
        "edition": "北师大版（主编：郭玉英）",
        "volume": "全一册",
        "chapter": "第十章 串联电路和并联电路"
      }
    },
    {
      "identifier": "urn:jy:physics:SB0401:OB06:Section:11",
      "title": "三、学生实验：探究影响电流的因素",
      "description": "",
      "subject": "SB0401",
      "type": "Section",
      "applicableLevel": "OB06",
      "contentJson": {
        "academicTerm": "初中",
        "grade": "九年级",
        "edition": "北师大版（主编：郭玉英）",
        "volume": "全一册",
        "chapter": "第十章 串联电路和并联电路"
      }
    },
    {
      "identifier": "urn:jy:physics:SB0401:OB06:Section:12",
      "title": "四、欧姆定律的应用",
      "description": "",
      "subject": "SB0401",
      "type": "Section",
      "applicableLevel": "OB06",
      "contentJson": {
        "academicTerm": "初中",
        "grade": "九年级",
        "edition": "北师大版（主编：郭玉英）",
        "volume": "全一册",
        "chapter": "第十章 串联电路和并联电路"
      }
    },
    {
      "identifier": "urn:jy:physics:SB0401:OB06:Section:13",
      "title": "五、测量导体的电阻",
      "description": "",
      "subject": "SB0401",
      "type": "Section",
      "applicableLevel": "OB06",
      "contentJson": {
        "academicTerm": "初中",
        "grade": "九年级",
        "edition": "北师大版（主编：郭玉英）",
        "volume": "全一册",
        "chapter": "第十章 串联电路和并联电路"
      }
    },
    {
      "identifier": "urn:jy:physics:SB0401:OB06:Section:14",
      "title": "一、电功和电能",
      "description": "",
      "subject": "SB0401",
      "type": "Section",
      "applicableLevel": "OB06",
      "contentJson": {
        "academicTerm": "初中",
        "grade": "九年级",
        "edition": "北师大版（主编：郭玉英）",
        "volume": "全一册",
        "chapter": "第十一章 电功和电功率"
      }
    },
    {
      "identifier": "urn:jy:physics:SB0401:OB06:Section:15",
      "title": "二、电功率",
      "description": "",
      "subject": "SB0401",
      "type": "Section",
      "applicableLevel": "OB06",
      "contentJson": {
        "academicTerm": "初中",
        "grade": "九年级",
        "edition": "北师大版（主编：郭玉英）",
        "volume": "全一册",
        "chapter": "第十一章 电功和电功率"
      }
    },
    {
      "identifier": "urn:jy:physics:SB0401:OB06:Section:16",
      "title": "三、学生实验：测量小灯泡的电功率",
      "description": "",
      "subject": "SB0401",
      "type": "Section",
      "applicableLevel": "OB06",
      "contentJson": {
        "academicTerm": "初中",
        "grade": "九年级",
        "edition": "北师大版（主编：郭玉英）",
        "volume": "全一册",
        "chapter": "第十一章 电功和电功率"
      }
    },
    {
      "identifier": "urn:jy:physics:SB0401:OB06:Section:17",
      "title": "四、电流的热效应",
      "description": "",
      "subject": "SB0401",
      "type": "Section",
      "applicableLevel": "OB06",
      "contentJson": {
        "academicTerm": "初中",
        "grade": "九年级",
        "edition": "北师大版（主编：郭玉英）",
        "volume": "全一册",
        "chapter": "第十一章 电功和电功率"
      }
    },
    {
      "identifier": "urn:jy:physics:SB0401:OB06:Section:18",
      "title": "五、家庭电路",
      "description": "",
      "subject": "SB0401",
      "type": "Section",
      "applicableLevel": "OB06",
      "contentJson": {
        "academicTerm": "初中",
        "grade": "九年级",
        "edition": "北师大版（主编：郭玉英）",
        "volume": "全一册",
        "chapter": "第十一章 电功和电功率"
      }
    },
    {
      "identifier": "urn:jy:physics:SB0401:OB06:Section:19",
      "title": "一、简单磁现象",
      "description": "",
      "subject": "SB0401",
      "type": "Section",
      "applicableLevel": "OB06",
      "contentJson": {
        "academicTerm": "初中",
        "grade": "九年级",
        "edition": "北师大版（主编：郭玉英）",
        "volume": "全一册",
        "chapter": "第十二章 磁现象"
      }
    },
    {
      "identifier": "urn:jy:physics:SB0401:OB06:Section:20",
      "title": "二、磁场",
      "description": "",
      "subject": "SB0401",
      "type": "Section",
      "applicableLevel": "OB06",
      "contentJson": {
        "academicTerm": "初中",
        "grade": "九年级",
        "edition": "北师大版（主编：郭玉英）",
        "volume": "全一册",
        "chapter": "第十二章 磁现象"
      }
    },
    {
      "identifier": "urn:jy:physics:SB0401:OB06:Section:21",
      "title": "三、通电螺线管的磁场",
      "description": "",
      "subject": "SB0401",
      "type": "Section",
      "applicableLevel": "OB06",
      "contentJson": {
        "academicTerm": "初中",
        "grade": "九年级",
        "edition": "北师大版（主编：郭玉英）",
        "volume": "全一册",
        "chapter": "第十二章 磁现象"
      }
    },
    {
      "identifier": "urn:jy:physics:SB0401:OB06:Section:22",
      "title": "四、电磁铁及其应用",
      "description": "",
      "subject": "SB0401",
      "type": "Section",
      "applicableLevel": "OB06",
      "contentJson": {
        "academicTerm": "初中",
        "grade": "九年级",
        "edition": "北师大版（主编：郭玉英）",
        "volume": "全一册",
        "chapter": "第十二章 磁现象"
      }
    },
    {
      "identifier": "urn:jy:physics:SB0401:OB06:Section:23",
      "title": "五、磁场对通电导体的作用",
      "description": "",
      "subject": "SB0401",
      "type": "Section",
      "applicableLevel": "OB06",
      "contentJson": {
        "academicTerm": "初中",
        "grade": "九年级",
        "edition": "北师大版（主编：郭玉英）",
        "volume": "全一册",
        "chapter": "第十二章 磁现象"
      }
    },
    {
      "identifier": "urn:jy:physics:SB0401:OB06:Section:24",
      "title": "六、直流电动机",
      "description": "",
      "subject": "SB0401",
      "type": "Section",
      "applicableLevel": "OB06",
      "contentJson": {
        "academicTerm": "初中",
        "grade": "九年级",
        "edition": "北师大版（主编：郭玉英）",
        "volume": "全一册",
        "chapter": "第十二章 磁现象"
      }
    },
    {
      "identifier": "urn:jy:physics:SB0401:OB06:Section:25",
      "title": "七、电磁感应及其应用",
      "description": "",
      "subject": "SB0401",
      "type": "Section",
      "applicableLevel": "OB06",
      "contentJson": {
        "academicTerm": "初中",
        "grade": "九年级",
        "edition": "北师大版（主编：郭玉英）",
        "volume": "全一册",
        "chapter": "第十二章 磁现象"
      }
    },
    {
      "identifier": "urn:jy:physics:SB0401:OB06:Section:26",
      "title": "课外探究 影响电磁铁磁性强弱的其他因素",
      "description": "",
      "subject": "SB0401",
      "type": "Section",
      "applicableLevel": "OB06",
      "contentJson": {
        "academicTerm": "初中",
        "grade": "九年级",
        "edition": "北师大版（主编：郭玉英）",
        "volume": "全一册",
        "chapter": "第十二章 磁现象"
      }
    },
    {
      "identifier": "urn:jy:physics:SB0401:OB06:Section:27",
      "title": "一、通信发展简史",
      "description": "",
      "subject": "SB0401",
      "type": "Section",
      "applicableLevel": "OB06",
      "contentJson": {
        "academicTerm": "初中",
        "grade": "九年级",
        "edition": "北师大版（主编：郭玉英）",
        "volume": "全一册",
        "chapter": "第十三章 通信技术简介"
      }
    },
    {
      "identifier": "urn:jy:physics:SB0401:OB06:Section:28",
      "title": "二、电磁波",
      "description": "",
      "subject": "SB0401",
      "type": "Section",
      "applicableLevel": "OB06",
      "contentJson": {
        "academicTerm": "初中",
        "grade": "九年级",
        "edition": "北师大版（主编：郭玉英）",
        "volume": "全一册",
        "chapter": "第十三章 通信技术简介"
      }
    },
    {
      "identifier": "urn:jy:physics:SB0401:OB06:Section:29",
      "title": "三、广播和电视",
      "description": "",
      "subject": "SB0401",
      "type": "Section",
      "applicableLevel": "OB06",
      "contentJson": {
        "academicTerm": "初中",
        "grade": "九年级",
        "edition": "北师大版（主编：郭玉英）",
        "volume": "全一册",
        "chapter": "第十三章 通信技术简介"
      }
    },
    {
      "identifier": "urn:jy:physics:SB0401:OB06:Section:30",
      "title": "四、现代通信技术及发展前景",
      "description": "",
      "subject": "SB0401",
      "type": "Section",
      "applicableLevel": "OB06",
      "contentJson": {
        "academicTerm": "初中",
        "grade": "九年级",
        "edition": "北师大版（主编：郭玉英）",
        "volume": "全一册",
        "chapter": "第十三章 通信技术简介"
      }
    },
    {
      "identifier": "urn:jy:physics:SB0401:OB06:Section:31",
      "title": "课外探究 在不同情况下手机信号的强弱",
      "description": "",
      "subject": "SB0401",
      "type": "Section",
      "applicableLevel": "OB06",
      "contentJson": {
        "academicTerm": "初中",
        "grade": "九年级",
        "edition": "北师大版（主编：郭玉英）",
        "volume": "全一册",
        "chapter": "第十三章 通信技术简介"
      }
    },
    {
      "identifier": "urn:jy:physics:SB0401:OB06:Section:32",
      "title": "一、浩瀚的宇宙",
      "description": "",
      "subject": "SB0401",
      "type": "Section",
      "applicableLevel": "OB06",
      "contentJson": {
        "academicTerm": "初中",
        "grade": "九年级",
        "edition": "北师大版（主编：郭玉英）",
        "volume": "全一册",
        "chapter": "第十四章 宇宙和微观世界"
      }
    },
    {
      "identifier": "urn:jy:physics:SB0401:OB06:Section:33",
      "title": "二、微观世界的结构",
      "description": "",
      "subject": "SB0401",
      "type": "Section",
      "applicableLevel": "OB06",
      "contentJson": {
        "academicTerm": "初中",
        "grade": "九年级",
        "edition": "北师大版（主编：郭玉英）",
        "volume": "全一册",
        "chapter": "第十四章 宇宙和微观世界"
      }
    },
    {
      "identifier": "urn:jy:physics:SB0401:OB06:Section:34",
      "title": "参观科技场馆指导",
      "description": "",
      "subject": "SB0401",
      "type": "Section",
      "applicableLevel": "OB06",
      "contentJson": {
        "academicTerm": "初中",
        "grade": "九年级",
        "edition": "北师大版（主编：郭玉英）",
        "volume": "全一册",
        "chapter": "科学探究"
      }
    },
    {
      "identifier": "urn:jy:physics:SB0401:OB06:Section:35",
      "title": "科技阅读方法指导（1）",
      "description": "",
      "subject": "SB0401",
      "type": "Section",
      "applicableLevel": "OB06",
      "contentJson": {
        "academicTerm": "初中",
        "grade": "九年级",
        "edition": "北师大版（主编：郭玉英）",
        "volume": "全一册",
        "chapter": "科学探究"
      }
    },
    {
      "identifier": "urn:jy:physics:SB0401:OB06:Section:36",
      "title": "科技阅读方法指导（2）",
      "description": "",
      "subject": "SB0401",
      "type": "Section",
      "applicableLevel": "OB06",
      "contentJson": {
        "academicTerm": "初中",
        "grade": "九年级",
        "edition": "北师大版（主编：郭玉英）",
        "volume": "全一册",
        "chapter": "科学探究"
      }
    },
    {
      "identifier": "urn:jy:physics:SB0401:OB06:Section:37",
      "title": "跨学科实践活动指导（1）——科技小魔术",
      "description": "",
      "subject": "SB0401",
      "type": "Section",
      "applicableLevel": "OB06",
      "contentJson": {
        "academicTerm": "初中",
        "grade": "九年级",
        "edition": "北师大版（主编：郭玉英）",
        "volume": "全一册",
        "chapter": "科学探究"
      }
    },
    {
      "identifier": "urn:jy:physics:SB0401:OB06:Section:38",
      "title": "跨学科实践活动指导（2）——机械中的妙趣",
      "description": "",
      "subject": "SB0401",
      "type": "Section",
      "applicableLevel": "OB06",
      "contentJson": {
        "academicTerm": "初中",
        "grade": "九年级",
        "edition": "北师大版（主编：郭玉英）",
        "volume": "全一册",
        "chapter": "科学探究"
      }
    },
    {
      "identifier": "urn:jy:physics:SB0401:OB06:Section:39",
      "title": "在科学探究中怎样提出可探究的科学问题",
      "description": "",
      "subject": "SB0401",
      "type": "Section",
      "applicableLevel": "OB06",
      "contentJson": {
        "academicTerm": "初中",
        "grade": "九年级",
        "edition": "北师大版（主编：郭玉英）",
        "volume": "全一册",
        "chapter": "科学探究"
      }
    },
    {
      "identifier": "urn:jy:physics:SB0401:OB06:Section:40",
      "title": "科学探究中的测量与操作定义",
      "description": "",
      "subject": "SB0401",
      "type": "Section",
      "applicableLevel": "OB06",
      "contentJson": {
        "academicTerm": "初中",
        "grade": "九年级",
        "edition": "北师大版（主编：郭玉英）",
        "volume": "全一册",
        "chapter": "科学探究"
      }
    },
    {
      "identifier": "urn:jy:physics:SB0401:OB06:Section:41",
      "title": "科学探究中怎样控制变量",
      "description": "",
      "subject": "SB0401",
      "type": "Section",
      "applicableLevel": "OB06",
      "contentJson": {
        "academicTerm": "初中",
        "grade": "九年级",
        "edition": "北师大版（主编：郭玉英）",
        "volume": "全一册",
        "chapter": "科学探究"
      }
    },
    {
      "identifier": "urn:jy:physics:SB0401:OB06:Section:42",
      "title": "在科学探究中怎样处理实验数据",
      "description": "",
      "subject": "SB0401",
      "type": "Section",
      "applicableLevel": "OB06",
      "contentJson": {
        "academicTerm": "初中",
        "grade": "九年级",
        "edition": "北师大版（主编：郭玉英）",
        "volume": "全一册",
        "chapter": "科学探究"
      }
    },
    {
      "identifier": "urn:jy:physics:SB0401:OB06:Section:43",
      "title": "怎样用实验证明观点错误",
      "description": "",
      "subject": "SB0401",
      "type": "Section",
      "applicableLevel": "OB06",
      "contentJson": {
        "academicTerm": "初中",
        "grade": "九年级",
        "edition": "北师大版（主编：郭玉英）",
        "volume": "全一册",
        "chapter": "科学探究"
      }
    },
    {
      "identifier": "urn:jy:physics:SB0401:OB06:Section:44",
      "title": "从电路开关走向人工智能",
      "description": "",
      "subject": "SB0401",
      "type": "Section",
      "applicableLevel": "OB06",
      "contentJson": {
        "academicTerm": "初中",
        "grade": "九年级",
        "edition": "北师大版（主编：郭玉英）",
        "volume": "全一册",
        "chapter": "科学探究"
      }
    },
    {
      "identifier": "urn:jy:physics:SB0401:OB06:Section:45",
      "title": "一、本册书中用到的物理量及其国际单位",
      "description": "",
      "subject": "SB0401",
      "type": "Section",
      "applicableLevel": "OB06",
      "contentJson": {
        "academicTerm": "初中",
        "grade": "九年级",
        "edition": "北师大版（主编：郭玉英）",
        "volume": "全一册",
        "chapter": "其他"
      }
    },
    {
      "identifier": "urn:jy:physics:SB0401:OB06:Section:46",
      "title": "二、物理名词汉英对照表",
      "description": "",
      "subject": "SB0401",
      "type": "Section",
      "applicableLevel": "OB06",
      "contentJson": {
        "academicTerm": "初中",
        "grade": "九年级",
        "edition": "北师大版（主编：郭玉英）",
        "volume": "全一册",
        "chapter": "其他"
      }
    },
    {
      "identifier": "urn:jy:physics:SB0401:OB06:Section:47",
      "title": "第一节 物态变化 温度",
      "description": "",
      "subject": "SB0401",
      "type": "Section",
      "applicableLevel": "OB06",
      "contentJson": {
        "academicTerm": "初中",
        "grade": "八年级",
        "edition": "北师大版（主编：郭玉英）",
        "volume": "上册",
        "chapter": "第一章 物态及其变化"
      }
    },
    {
      "identifier": "urn:jy:physics:SB0401:OB06:Section:48",
      "title": "第二节 熔化和凝固",
      "description": "",
      "subject": "SB0401",
      "type": "Section",
      "applicableLevel": "OB06",
      "contentJson": {
        "academicTerm": "初中",
        "grade": "八年级",
        "edition": "北师大版（主编：郭玉英）",
        "volume": "上册",
        "chapter": "第一章 物态及其变化"
      }
    },
    {
      "identifier": "urn:jy:physics:SB0401:OB06:Section:49",
      "title": "第三节 汽化和液化",
      "description": "",
      "subject": "SB0401",
      "type": "Section",
      "applicableLevel": "OB06",
      "contentJson": {
        "academicTerm": "初中",
        "grade": "八年级",
        "edition": "北师大版（主编：郭玉英）",
        "volume": "上册",
        "chapter": "第一章 物态及其变化"
      }
    },
    {
      "identifier": "urn:jy:physics:SB0401:OB06:Section:50",
      "title": "第四节 升华和凝华",
      "description": "",
      "subject": "SB0401",
      "type": "Section",
      "applicableLevel": "OB06",
      "contentJson": {
        "academicTerm": "初中",
        "grade": "八年级",
        "edition": "北师大版（主编：郭玉英）",
        "volume": "上册",
        "chapter": "第一章 物态及其变化"
      }
    },
    {
      "identifier": "urn:jy:physics:SB0401:OB06:Section:51",
      "title": "第五节 设计海水淡化装置",
      "description": "",
      "subject": "SB0401",
      "type": "Section",
      "applicableLevel": "OB06",
      "contentJson": {
        "academicTerm": "初中",
        "grade": "八年级",
        "edition": "北师大版（主编：郭玉英）",
        "volume": "上册",
        "chapter": "第一章 物态及其变化"
      }
    },
    {
      "identifier": "urn:jy:physics:SB0401:OB06:Section:52",
      "title": "整理与复习",
      "description": "",
      "subject": "SB0401",
      "type": "Section",
      "applicableLevel": "OB06",
      "contentJson": {
        "academicTerm": "初中",
        "grade": "八年级",
        "edition": "北师大版（主编：郭玉英）",
        "volume": "上册",
        "chapter": "第一章 物态及其变化"
      }
    },
    {
      "identifier": "urn:jy:physics:SB0401:OB06:Section:53",
      "title": "第一节 运动与静止",
      "description": "",
      "subject": "SB0401",
      "type": "Section",
      "applicableLevel": "OB06",
      "contentJson": {
        "academicTerm": "初中",
        "grade": "八年级",
        "edition": "北师大版（主编：郭玉英）",
        "volume": "上册",
        "chapter": "第二章 机械运动"
      }
    },
    {
      "identifier": "urn:jy:physics:SB0401:OB06:Section:54",
      "title": "第二节 长度及其测量",
      "description": "",
      "subject": "SB0401",
      "type": "Section",
      "applicableLevel": "OB06",
      "contentJson": {
        "academicTerm": "初中",
        "grade": "八年级",
        "edition": "北师大版（主编：郭玉英）",
        "volume": "上册",
        "chapter": "第二章 机械运动"
      }
    },
    {
      "identifier": "urn:jy:physics:SB0401:OB06:Section:55",
      "title": "第三节 比较物体运动的快慢",
      "description": "",
      "subject": "SB0401",
      "type": "Section",
      "applicableLevel": "OB06",
      "contentJson": {
        "academicTerm": "初中",
        "grade": "八年级",
        "edition": "北师大版（主编：郭玉英）",
        "volume": "上册",
        "chapter": "第二章 机械运动"
      }
    },
    {
      "identifier": "urn:jy:physics:SB0401:OB06:Section:56",
      "title": "第四节 平均速度",
      "description": "",
      "subject": "SB0401",
      "type": "Section",
      "applicableLevel": "OB06",
      "contentJson": {
        "academicTerm": "初中",
        "grade": "八年级",
        "edition": "北师大版（主编：郭玉英）",
        "volume": "上册",
        "chapter": "第二章 机械运动"
      }
    },
    {
      "identifier": "urn:jy:physics:SB0401:OB06:Section:57",
      "title": "第五节 平均速度的测量",
      "description": "",
      "subject": "SB0401",
      "type": "Section",
      "applicableLevel": "OB06",
      "contentJson": {
        "academicTerm": "初中",
        "grade": "八年级",
        "edition": "北师大版（主编：郭玉英）",
        "volume": "上册",
        "chapter": "第二章 机械运动"
      }
    },
    {
      "identifier": "urn:jy:physics:SB0401:OB06:Section:58",
      "title": "整理与复习",
      "description": "",
      "subject": "SB0401",
      "type": "Section",
      "applicableLevel": "OB06",
      "contentJson": {
        "academicTerm": "初中",
        "grade": "八年级",
        "edition": "北师大版（主编：郭玉英）",
        "volume": "上册",
        "chapter": "第二章 机械运动"
      }
    },
    {
      "identifier": "urn:jy:physics:SB0401:OB06:Section:59",
      "title": "第一节 声音的产生与传播",
      "description": "",
      "subject": "SB0401",
      "type": "Section",
      "applicableLevel": "OB06",
      "contentJson": {
        "academicTerm": "初中",
        "grade": "八年级",
        "edition": "北师大版（主编：郭玉英）",
        "volume": "上册",
        "chapter": "第三章 声现象"
      }
    },
    {
      "identifier": "urn:jy:physics:SB0401:OB06:Section:60",
      "title": "第二节 声音的特性",
      "description": "",
      "subject": "SB0401",
      "type": "Section",
      "applicableLevel": "OB06",
      "contentJson": {
        "academicTerm": "初中",
        "grade": "八年级",
        "edition": "北师大版（主编：郭玉英）",
        "volume": "上册",
        "chapter": "第三章 声现象"
      }
    },
    {
      "identifier": "urn:jy:physics:SB0401:OB06:Section:61",
      "title": "第三节 制作隔音箱",
      "description": "",
      "subject": "SB0401",
      "type": "Section",
      "applicableLevel": "OB06",
      "contentJson": {
        "academicTerm": "初中",
        "grade": "八年级",
        "edition": "北师大版（主编：郭玉英）",
        "volume": "上册",
        "chapter": "第三章 声现象"
      }
    },
    {
      "identifier": "urn:jy:physics:SB0401:OB06:Section:62",
      "title": "第四节 声波的应用",
      "description": "",
      "subject": "SB0401",
      "type": "Section",
      "applicableLevel": "OB06",
      "contentJson": {
        "academicTerm": "初中",
        "grade": "八年级",
        "edition": "北师大版（主编：郭玉英）",
        "volume": "上册",
        "chapter": "第三章 声现象"
      }
    },
    {
      "identifier": "urn:jy:physics:SB0401:OB06:Section:63",
      "title": "整理与复习",
      "description": "",
      "subject": "SB0401",
      "type": "Section",
      "applicableLevel": "OB06",
      "contentJson": {
        "academicTerm": "初中",
        "grade": "八年级",
        "edition": "北师大版（主编：郭玉英）",
        "volume": "上册",
        "chapter": "第三章 声现象"
      }
    },
    {
      "identifier": "urn:jy:physics:SB0401:OB06:Section:64",
      "title": "第一节 光的传播",
      "description": "",
      "subject": "SB0401",
      "type": "Section",
      "applicableLevel": "OB06",
      "contentJson": {
        "academicTerm": "初中",
        "grade": "八年级",
        "edition": "北师大版（主编：郭玉英）",
        "volume": "上册",
        "chapter": "第四章 光现象"
      }
    },
    {
      "identifier": "urn:jy:physics:SB0401:OB06:Section:65",
      "title": "第二节 光的反射",
      "description": "",
      "subject": "SB0401",
      "type": "Section",
      "applicableLevel": "OB06",
      "contentJson": {
        "academicTerm": "初中",
        "grade": "八年级",
        "edition": "北师大版（主编：郭玉英）",
        "volume": "上册",
        "chapter": "第四章 光现象"
      }
    },
    {
      "identifier": "urn:jy:physics:SB0401:OB06:Section:66",
      "title": "第三节 平面镜成像的特点",
      "description": "",
      "subject": "SB0401",
      "type": "Section",
      "applicableLevel": "OB06",
      "contentJson": {
        "academicTerm": "初中",
        "grade": "八年级",
        "edition": "北师大版（主编：郭玉英）",
        "volume": "上册",
        "chapter": "第四章 光现象"
      }
    },
    {
      "identifier": "urn:jy:physics:SB0401:OB06:Section:67",
      "title": "第四节 光的折射",
      "description": "",
      "subject": "SB0401",
      "type": "Section",
      "applicableLevel": "OB06",
      "contentJson": {
        "academicTerm": "初中",
        "grade": "八年级",
        "edition": "北师大版（主编：郭玉英）",
        "volume": "上册",
        "chapter": "第四章 光现象"
      }
    },
    {
      "identifier": "urn:jy:physics:SB0401:OB06:Section:68",
      "title": "第五节 设计舞台灯光秀",
      "description": "",
      "subject": "SB0401",
      "type": "Section",
      "applicableLevel": "OB06",
      "contentJson": {
        "academicTerm": "初中",
        "grade": "八年级",
        "edition": "北师大版（主编：郭玉英）",
        "volume": "上册",
        "chapter": "第四章 光现象"
      }
    },
    {
      "identifier": "urn:jy:physics:SB0401:OB06:Section:69",
      "title": "整理与复习",
      "description": "",
      "subject": "SB0401",
      "type": "Section",
      "applicableLevel": "OB06",
      "contentJson": {
        "academicTerm": "初中",
        "grade": "八年级",
        "edition": "北师大版（主编：郭玉英）",
        "volume": "上册",
        "chapter": "第四章 光现象"
      }
    },
    {
      "identifier": "urn:jy:physics:SB0401:OB06:Section:70",
      "title": "第一节 透镜",
      "description": "",
      "subject": "SB0401",
      "type": "Section",
      "applicableLevel": "OB06",
      "contentJson": {
        "academicTerm": "初中",
        "grade": "八年级",
        "edition": "北师大版（主编：郭玉英）",
        "volume": "上册",
        "chapter": "第五章 透镜及其应用"
      }
    },
    {
      "identifier": "urn:jy:physics:SB0401:OB06:Section:71",
      "title": "第二节 凸透镜成像的规律",
      "description": "",
      "subject": "SB0401",
      "type": "Section",
      "applicableLevel": "OB06",
      "contentJson": {
        "academicTerm": "初中",
        "grade": "八年级",
        "edition": "北师大版（主编：郭玉英）",
        "volume": "上册",
        "chapter": "第五章 透镜及其应用"
      }
    },
    {
      "identifier": "urn:jy:physics:SB0401:OB06:Section:72",
      "title": "第三节 生活中的透镜",
      "description": "",
      "subject": "SB0401",
      "type": "Section",
      "applicableLevel": "OB06",
      "contentJson": {
        "academicTerm": "初中",
        "grade": "八年级",
        "edition": "北师大版（主编：郭玉英）",
        "volume": "上册",
        "chapter": "第五章 透镜及其应用"
      }
    },
    {
      "identifier": "urn:jy:physics:SB0401:OB06:Section:73",
      "title": "第四节 爱眼宣传公益行",
      "description": "",
      "subject": "SB0401",
      "type": "Section",
      "applicableLevel": "OB06",
      "contentJson": {
        "academicTerm": "初中",
        "grade": "八年级",
        "edition": "北师大版（主编：郭玉英）",
        "volume": "上册",
        "chapter": "第五章 透镜及其应用"
      }
    },
    {
      "identifier": "urn:jy:physics:SB0401:OB06:Section:74",
      "title": "整理与复习",
      "description": "",
      "subject": "SB0401",
      "type": "Section",
      "applicableLevel": "OB06",
      "contentJson": {
        "academicTerm": "初中",
        "grade": "八年级",
        "edition": "北师大版（主编：郭玉英）",
        "volume": "上册",
        "chapter": "第五章 透镜及其应用"
      }
    },
    {
      "identifier": "urn:jy:physics:SB0401:OB06:Section:75",
      "title": "第一节 物体的质量及其测量",
      "description": "",
      "subject": "SB0401",
      "type": "Section",
      "applicableLevel": "OB06",
      "contentJson": {
        "academicTerm": "初中",
        "grade": "八年级",
        "edition": "北师大版（主编：郭玉英）",
        "volume": "下册",
        "chapter": "第六章 质量和密度"
      }
    },
    {
      "identifier": "urn:jy:physics:SB0401:OB06:Section:76",
      "title": "第二节 物质的密度",
      "description": "",
      "subject": "SB0401",
      "type": "Section",
      "applicableLevel": "OB06",
      "contentJson": {
        "academicTerm": "初中",
        "grade": "八年级",
        "edition": "北师大版（主编：郭玉英）",
        "volume": "下册",
        "chapter": "第六章 质量和密度"
      }
    },
    {
      "identifier": "urn:jy:physics:SB0401:OB06:Section:77",
      "title": "第三节 密度的测量与应用",
      "description": "",
      "subject": "SB0401",
      "type": "Section",
      "applicableLevel": "OB06",
      "contentJson": {
        "academicTerm": "初中",
        "grade": "八年级",
        "edition": "北师大版（主编：郭玉英）",
        "volume": "下册",
        "chapter": "第六章 质量和密度"
      }
    },
    {
      "identifier": "urn:jy:physics:SB0401:OB06:Section:78",
      "title": "第四节 探索新材料",
      "description": "",
      "subject": "SB0401",
      "type": "Section",
      "applicableLevel": "OB06",
      "contentJson": {
        "academicTerm": "初中",
        "grade": "八年级",
        "edition": "北师大版（主编：郭玉英）",
        "volume": "下册",
        "chapter": "第六章 质量和密度"
      }
    },
    {
      "identifier": "urn:jy:physics:SB0401:OB06:Section:79",
      "title": "第一节 力",
      "description": "",
      "subject": "SB0401",
      "type": "Section",
      "applicableLevel": "OB06",
      "contentJson": {
        "academicTerm": "初中",
        "grade": "八年级",
        "edition": "北师大版（主编：郭玉英）",
        "volume": "下册",
        "chapter": "第七章 运动和力"
      }
    },
    {
      "identifier": "urn:jy:physics:SB0401:OB06:Section:80",
      "title": "第二节 力的测量 弹力",
      "description": "",
      "subject": "SB0401",
      "type": "Section",
      "applicableLevel": "OB06",
      "contentJson": {
        "academicTerm": "初中",
        "grade": "八年级",
        "edition": "北师大版（主编：郭玉英）",
        "volume": "下册",
        "chapter": "第七章 运动和力"
      }
    },
    {
      "identifier": "urn:jy:physics:SB0401:OB06:Section:81",
      "title": "第三节 重力",
      "description": "",
      "subject": "SB0401",
      "type": "Section",
      "applicableLevel": "OB06",
      "contentJson": {
        "academicTerm": "初中",
        "grade": "八年级",
        "edition": "北师大版（主编：郭玉英）",
        "volume": "下册",
        "chapter": "第七章 运动和力"
      }
    },
    {
      "identifier": "urn:jy:physics:SB0401:OB06:Section:82",
      "title": "第四节 同一直线上二力的合成",
      "description": "",
      "subject": "SB0401",
      "type": "Section",
      "applicableLevel": "OB06",
      "contentJson": {
        "academicTerm": "初中",
        "grade": "八年级",
        "edition": "北师大版（主编：郭玉英）",
        "volume": "下册",
        "chapter": "第七章 运动和力"
      }
    },
    {
      "identifier": "urn:jy:physics:SB0401:OB06:Section:83",
      "title": "第五节 二力平衡",
      "description": "",
      "subject": "SB0401",
      "type": "Section",
      "applicableLevel": "OB06",
      "contentJson": {
        "academicTerm": "初中",
        "grade": "八年级",
        "edition": "北师大版（主编：郭玉英）",
        "volume": "下册",
        "chapter": "第七章 运动和力"
      }
    },
    {
      "identifier": "urn:jy:physics:SB0401:OB06:Section:84",
      "title": "第六节 摩擦力",
      "description": "",
      "subject": "SB0401",
      "type": "Section",
      "applicableLevel": "OB06",
      "contentJson": {
        "academicTerm": "初中",
        "grade": "八年级",
        "edition": "北师大版（主编：郭玉英）",
        "volume": "下册",
        "chapter": "第七章 运动和力"
      }
    },
    {
      "identifier": "urn:jy:physics:SB0401:OB06:Section:85",
      "title": "第七节 牛顿第一定律",
      "description": "",
      "subject": "SB0401",
      "type": "Section",
      "applicableLevel": "OB06",
      "contentJson": {
        "academicTerm": "初中",
        "grade": "八年级",
        "edition": "北师大版（主编：郭玉英）",
        "volume": "下册",
        "chapter": "第七章 运动和力"
      }
    },
    {
      "identifier": "urn:jy:physics:SB0401:OB06:Section:86",
      "title": "第一节 压强",
      "description": "",
      "subject": "SB0401",
      "type": "Section",
      "applicableLevel": "OB06",
      "contentJson": {
        "academicTerm": "初中",
        "grade": "八年级",
        "edition": "北师大版（主编：郭玉英）",
        "volume": "下册",
        "chapter": "第八章 压强和浮力"
      }
    },
    {
      "identifier": "urn:jy:physics:SB0401:OB06:Section:87",
      "title": "第二节 液体压强",
      "description": "",
      "subject": "SB0401",
      "type": "Section",
      "applicableLevel": "OB06",
      "contentJson": {
        "academicTerm": "初中",
        "grade": "八年级",
        "edition": "北师大版（主编：郭玉英）",
        "volume": "下册",
        "chapter": "第八章 压强和浮力"
      }
    },
    {
      "identifier": "urn:jy:physics:SB0401:OB06:Section:88",
      "title": "第三节 探寻连通器",
      "description": "",
      "subject": "SB0401",
      "type": "Section",
      "applicableLevel": "OB06",
      "contentJson": {
        "academicTerm": "初中",
        "grade": "八年级",
        "edition": "北师大版（主编：郭玉英）",
        "volume": "下册",
        "chapter": "第八章 压强和浮力"
      }
    },
    {
      "identifier": "urn:jy:physics:SB0401:OB06:Section:89",
      "title": "第四节 大气压强",
      "description": "",
      "subject": "SB0401",
      "type": "Section",
      "applicableLevel": "OB06",
      "contentJson": {
        "academicTerm": "初中",
        "grade": "八年级",
        "edition": "北师大版（主编：郭玉英）",
        "volume": "下册",
        "chapter": "第八章 压强和浮力"
      }
    },
    {
      "identifier": "urn:jy:physics:SB0401:OB06:Section:90",
      "title": "第五节 流体压强与流速的关系",
      "description": "",
      "subject": "SB0401",
      "type": "Section",
      "applicableLevel": "OB06",
      "contentJson": {
        "academicTerm": "初中",
        "grade": "八年级",
        "edition": "北师大版（主编：郭玉英）",
        "volume": "下册",
        "chapter": "第八章 压强和浮力"
      }
    },
    {
      "identifier": "urn:jy:physics:SB0401:OB06:Section:91",
      "title": "第六节 浮力",
      "description": "",
      "subject": "SB0401",
      "type": "Section",
      "applicableLevel": "OB06",
      "contentJson": {
        "academicTerm": "初中",
        "grade": "八年级",
        "edition": "北师大版（主编：郭玉英）",
        "volume": "下册",
        "chapter": "第八章 压强和浮力"
      }
    },
    {
      "identifier": "urn:jy:physics:SB0401:OB06:Section:92",
      "title": "第七节 物体的浮沉条件及其应用",
      "description": "",
      "subject": "SB0401",
      "type": "Section",
      "applicableLevel": "OB06",
      "contentJson": {
        "academicTerm": "初中",
        "grade": "八年级",
        "edition": "北师大版（主编：郭玉英）",
        "volume": "下册",
        "chapter": "第八章 压强和浮力"
      }
    },
    {
      "identifier": "urn:jy:physics:SB0401:OB06:Section:93",
      "title": "第一节 杠杆",
      "description": "",
      "subject": "SB0401",
      "type": "Section",
      "applicableLevel": "OB06",
      "contentJson": {
        "academicTerm": "初中",
        "grade": "八年级",
        "edition": "北师大版（主编：郭玉英）",
        "volume": "下册",
        "chapter": "第九章 机械和功"
      }
    },
    {
      "identifier": "urn:jy:physics:SB0401:OB06:Section:94",
      "title": "第二节 滑轮",
      "description": "",
      "subject": "SB0401",
      "type": "Section",
      "applicableLevel": "OB06",
      "contentJson": {
        "academicTerm": "初中",
        "grade": "八年级",
        "edition": "北师大版（主编：郭玉英）",
        "volume": "下册",
        "chapter": "第九章 机械和功"
      }
    },
    {
      "identifier": "urn:jy:physics:SB0401:OB06:Section:95",
      "title": "第三节 功",
      "description": "",
      "subject": "SB0401",
      "type": "Section",
      "applicableLevel": "OB06",
      "contentJson": {
        "academicTerm": "初中",
        "grade": "八年级",
        "edition": "北师大版（主编：郭玉英）",
        "volume": "下册",
        "chapter": "第九章 机械和功"
      }
    },
    {
      "identifier": "urn:jy:physics:SB0401:OB06:Section:96",
      "title": "第四节 比较做功的快慢",
      "description": "",
      "subject": "SB0401",
      "type": "Section",
      "applicableLevel": "OB06",
      "contentJson": {
        "academicTerm": "初中",
        "grade": "八年级",
        "edition": "北师大版（主编：郭玉英）",
        "volume": "下册",
        "chapter": "第九章 机械和功"
      }
    },
    {
      "identifier": "urn:jy:physics:SB0401:OB06:Section:97",
      "title": "第五节 探究使用机械是否省功",
      "description": "",
      "subject": "SB0401",
      "type": "Section",
      "applicableLevel": "OB06",
      "contentJson": {
        "academicTerm": "初中",
        "grade": "八年级",
        "edition": "北师大版（主编：郭玉英）",
        "volume": "下册",
        "chapter": "第九章 机械和功"
      }
    },
    {
      "identifier": "urn:jy:physics:SB0401:OB06:Section:98",
      "title": "第六节 制作简易升降机",
      "description": "",
      "subject": "SB0401",
      "type": "Section",
      "applicableLevel": "OB06",
      "contentJson": {
        "academicTerm": "初中",
        "grade": "八年级",
        "edition": "北师大版（主编：郭玉英）",
        "volume": "下册",
        "chapter": "第九章 机械和功"
      }
    }
  ]
}