[
  {
    "identifier": "urn:jy:physics:OB05:ThemeL3:1-1-1",
    "title": "1.1.1",
    "description": "能描述固态、液态和气态三种物态的基本特征，并列举自然界和日常生活中不同物态的物质及其应用。",
    "subject": "物理SB0401",
    "type": "ThemeL3",
    "ThemeL2": "urn:jy:physics:OB05:ThemeL2:1",
    "applicableLevel": "OB05",
    "contentJson": {
      "code": "1.1.1",
      "contentRequirement": "能描述固态、液态和气态三种物态的基本特征，并列举自然界和日常生活中不同物态的物质及其应用。"
    }
  },
  {
    "identifier": "urn:jy:physics:OB05:ThemeL3:1-1-2",
    "title": "1.1.2",
    "description": "了解液体温度计的工作原理。会用常见温度计测量温度。能说出生活环境中常见的温度值，尝试对环境温度问题发表自己的见解。",
    "subject": "物理SB0401",
    "type": "ThemeL3",
    "ThemeL2": "urn:jy:physics:OB05:ThemeL2:1",
    "applicableLevel": "OB05",
    "contentJson": {
      "code": "1.1.2",
      "contentRequirement": "了解液体温度计的工作原理。会用常见温度计测量温度。能说出生活环境中常见的温度值，尝试对环境温度问题发表自己的见解。"
    }
  },
  {
    "identifier": "urn:jy:physics:OB05:ThemeL3:1-1-3",
    "title": "1.1.3",
    "description": "经历物态变化的实验探究过程，知道物质的熔点、凝固点和沸点，了解物态变化过程中的吸热和放热现象。能运用物态变化知识说明自然界和生活中的有关现象。",
    "subject": "物理SB0401",
    "type": "ThemeL3",
    "ThemeL2": "urn:jy:physics:OB05:ThemeL2:1",
    "applicableLevel": "OB05",
    "contentJson": {
      "code": "1.1.3",
      "contentRequirement": "经历物态变化的实验探究过程，知道物质的熔点、凝固点和沸点，了解物态变化过程中的吸热和放热现象。能运用物态变化知识说明自然界和生活中的有关现象。"
    }
  },
  {
    "identifier": "urn:jy:physics:OB05:ThemeL3:1-1-4",
    "title": "1.1.4",
    "description": "能运用物态变化知识，说明自然界中的水循环现象。了解我国和当地的水资源状况，有节约用水和保护环境的意识。",
    "subject": "物理SB0401",
    "type": "ThemeL3",
    "ThemeL2": "urn:jy:physics:OB05:ThemeL2:1",
    "applicableLevel": "OB05",
    "contentJson": {
      "code": "1.1.4",
      "contentRequirement": "能运用物态变化知识，说明自然界中的水循环现象。了解我国和当地的水资源状况，有节约用水和保护环境的意识。"
    }
  },
  {
    "identifier": "urn:jy:physics:OB05:ThemeL3:1-2-1",
    "title": "1.2.1",
    "description": "通过实验，了解物质的一些物理属性，如弹性、磁性、导电性和导热性等，能用语言、文字或图表描述物质的物理属性。",
    "subject": "物理SB0401",
    "type": "ThemeL3",
    "ThemeL2": "urn:jy:physics:OB05:ThemeL2:2",
    "applicableLevel": "OB05",
    "contentJson": {
      "code": "1.2.1",
      "contentRequirement": "通过实验，了解物质的一些物理属性，如弹性、磁性、导电性和导热性等，能用语言、文字或图表描述物质的物理属性。"
    }
  },
  {
    "identifier": "urn:jy:physics:OB05:ThemeL3:1-2-2",
    "title": "1.2.2",
    "description": "知道质量的含义。会测量固体和液体的质量。",
    "subject": "物理SB0401",
    "type": "ThemeL3",
    "ThemeL2": "urn:jy:physics:OB05:ThemeL2:2",
    "applicableLevel": "OB05",
    "contentJson": {
      "code": "1.2.2",
      "contentRequirement": "知道质量的含义。会测量固体和液体的质量。"
    }
  },
  {
    "identifier": "urn:jy:physics:OB05:ThemeL3:1-2-3",
    "title": "1.2.3",
    "description": "通过实验，理解密度。会测量固体和液体的密度。能解释生活中与密度有关的一些物理现象。",
    "subject": "物理SB0401",
    "type": "ThemeL3",
    "ThemeL2": "urn:jy:physics:OB05:ThemeL2:2",
    "applicableLevel": "OB05",
    "contentJson": {
      "code": "1.2.3",
      "contentRequirement": "通过实验，理解密度。会测量固体和液体的密度。能解释生活中与密度有关的一些物理现象。"
    }
  },
  {
    "identifier": "urn:jy:physics:OB05:ThemeL3:1-2-4",
    "title": "1.2.4",
    "description": "了解关于物质属性的研究对生产生活和科技进步的影响。",
    "subject": "物理SB0401",
    "type": "ThemeL3",
    "ThemeL2": "urn:jy:physics:OB05:ThemeL2:2",
    "applicableLevel": "OB05",
    "contentJson": {
      "code": "1.2.4",
      "contentRequirement": "了解关于物质属性的研究对生产生活和科技进步的影响。"
    }
  },
  {
    "identifier": "urn:jy:physics:OB05:ThemeL3:1-3-1",
    "title": "1.3.1",
    "description": "知道常见的物质是由分子、原子构成的。",
    "subject": "物理SB0401",
    "type": "ThemeL3",
    "ThemeL2": "urn:jy:physics:OB05:ThemeL2:3",
    "applicableLevel": "OB05",
    "contentJson": {
      "code": "1.3.1",
      "contentRequirement": "知道常见的物质是由分子、原子构成的。"
    }
  },
  {
    "identifier": "urn:jy:physics:OB05:ThemeL3:1-3-2",
    "title": "1.3.2",
    "description": "知道原子是由原子核和电子构成的，了解原子的核式结构模型。了解人类探索微观世界的大致历程，关注人类探索微观世界的新进展。",
    "subject": "物理SB0401",
    "type": "ThemeL3",
    "ThemeL2": "urn:jy:physics:OB05:ThemeL2:3",
    "applicableLevel": "OB05",
    "contentJson": {
      "code": "1.3.2",
      "contentRequirement": "知道原子是由原子核和电子构成的，了解原子的核式结构模型。了解人类探索微观世界的大致历程，关注人类探索微观世界的新进展。"
    }
  },
  {
    "identifier": "urn:jy:physics:OB05:ThemeL3:1-3-3",
    "title": "1.3.3",
    "description": "了解人类探索太阳系及宇宙的大致历程，知道人类对宇宙的探索将不断深入，关注人类探索宇宙的一些重大活动。",
    "subject": "物理SB0401",
    "type": "ThemeL3",
    "ThemeL2": "urn:jy:physics:OB05:ThemeL2:3",
    "applicableLevel": "OB05",
    "contentJson": {
      "code": "1.3.3",
      "contentRequirement": "了解人类探索太阳系及宇宙的大致历程，知道人类对宇宙的探索将不断深入，关注人类探索宇宙的一些重大活动。"
    }
  },
  {
    "identifier": "urn:jy:physics:OB05:ThemeL3:1-3-4",
    "title": "1.3.4",
    "description": "了解物质世界的大致尺度。",
    "subject": "物理SB0401",
    "type": "ThemeL3",
    "ThemeL2": "urn:jy:physics:OB05:ThemeL2:3",
    "applicableLevel": "OB05",
    "contentJson": {
      "code": "1.3.4",
      "contentRequirement": "了解物质世界的大致尺度。"
    }
  },
  {
    "identifier": "urn:jy:physics:OB05:ThemeL3:2-1-1",
    "title": "2.1.1",
    "description": "知道机械运动，举例说明机械运动的相对性。",
    "subject": "物理SB0401",
    "type": "ThemeL3",
    "ThemeL2": "urn:jy:physics:OB05:ThemeL2:4",
    "applicableLevel": "OB05",
    "contentJson": {
      "code": "2.1.1",
      "contentRequirement": "知道机械运动，举例说明机械运动的相对性。"
    }
  },
  {
    "identifier": "urn:jy:physics:OB05:ThemeL3:2-1-2",
    "title": "2.1.2",
    "description": "知道自然界和生活中简单的热现象。了解分子热运动的主要特点，知道分子动理论的基本观点。",
    "subject": "物理SB0401",
    "type": "ThemeL3",
    "ThemeL2": "urn:jy:physics:OB05:ThemeL2:4",
    "applicableLevel": "OB05",
    "contentJson": {
      "code": "2.1.2",
      "contentRequirement": "知道自然界和生活中简单的热现象。了解分子热运动的主要特点，知道分子动理论的基本观点。"
    }
  },
  {
    "identifier": "urn:jy:physics:OB05:ThemeL3:2-1-3",
    "title": "2.1.3",
    "description": "举例说明自然界存在多种多样的运动形式。知道物质在不停地运动。",
    "subject": "物理SB0401",
    "type": "ThemeL3",
    "ThemeL2": "urn:jy:physics:OB05:ThemeL2:4",
    "applicableLevel": "OB05",
    "contentJson": {
      "code": "2.1.3",
      "contentRequirement": "举例说明自然界存在多种多样的运动形式。知道物质在不停地运动。"
    }
  },
  {
    "identifier": "urn:jy:physics:OB05:ThemeL3:2-2-1",
    "title": "2.2.1",
    "description": "会选用适当的工具测量长度和时间，会根据生活经验估测长度和时间。",
    "subject": "物理SB0401",
    "type": "ThemeL3",
    "ThemeL2": "urn:jy:physics:OB05:ThemeL2:5",
    "applicableLevel": "OB05",
    "contentJson": {
      "code": "2.2.1",
      "contentRequirement": "会选用适当的工具测量长度和时间，会根据生活经验估测长度和时间。"
    }
  },
  {
    "identifier": "urn:jy:physics:OB05:ThemeL3:2-2-2",
    "title": "2.2.2",
    "description": "能用速度描述物体运动的快慢，并能进行简单计算。会测量物体运动的速度。",
    "subject": "物理SB0401",
    "type": "ThemeL3",
    "ThemeL2": "urn:jy:physics:OB05:ThemeL2:5",
    "applicableLevel": "OB05",
    "contentJson": {
      "code": "2.2.2",
      "contentRequirement": "能用速度描述物体运动的快慢，并能进行简单计算。会测量物体运动的速度。"
    }
  },
  {
    "identifier": "urn:jy:physics:OB05:ThemeL3:2-2-3",
    "title": "2.2.3",
    "description": "通过常见事物或实验，了解重力、弹力和摩擦力，认识力的作用效果。探究并了解滑动摩擦力的大小与哪些因素有关。",
    "subject": "物理SB0401",
    "type": "ThemeL3",
    "ThemeL2": "urn:jy:physics:OB05:ThemeL2:5",
    "applicableLevel": "OB05",
    "contentJson": {
      "code": "2.2.3",
      "contentRequirement": "通过常见事物或实验，了解重力、弹力和摩擦力，认识力的作用效果。探究并了解滑动摩擦力的大小与哪些因素有关。"
    }
  },
  {
    "identifier": "urn:jy:physics:OB05:ThemeL3:2-2-4",
    "title": "2.2.4",
    "description": "能用示意图描述力。会测量力的大小。了解同一直线上的二力合成。知道二力平衡条件。",
    "subject": "物理SB0401",
    "type": "ThemeL3",
    "ThemeL2": "urn:jy:physics:OB05:ThemeL2:5",
    "applicableLevel": "OB05",
    "contentJson": {
      "code": "2.2.4",
      "contentRequirement": "能用示意图描述力。会测量力的大小。了解同一直线上的二力合成。知道二力平衡条件。"
    }
  },
  {
    "identifier": "urn:jy:physics:OB05:ThemeL3:2-2-5",
    "title": "2.2.5",
    "description": "通过实验和科学推理，认识牛顿第一定律。能运用物体的惯性解释自然界和生活中的有关现象。",
    "subject": "物理SB0401",
    "type": "ThemeL3",
    "ThemeL2": "urn:jy:physics:OB05:ThemeL2:5",
    "applicableLevel": "OB05",
    "contentJson": {
      "code": "2.2.5",
      "contentRequirement": "通过实验和科学推理，认识牛顿第一定律。能运用物体的惯性解释自然界和生活中的有关现象。"
    }
  },
  {
    "identifier": "urn:jy:physics:OB05:ThemeL3:2-2-6",
    "title": "2.2.6",
    "description": "知道简单机械。探究并了解杠杆的平衡条件。",
    "subject": "物理SB0401",
    "type": "ThemeL3",
    "ThemeL2": "urn:jy:physics:OB05:ThemeL2:5",
    "applicableLevel": "OB05",
    "contentJson": {
      "code": "2.2.6",
      "contentRequirement": "知道简单机械。探究并了解杠杆的平衡条件。"
    }
  },
  {
    "identifier": "urn:jy:physics:OB05:ThemeL3:2-2-7",
    "title": "2.2.7",
    "description": "通过实验，理解压强。知道增大和减小压强的方法，并了解其在生产生活中的应用。",
    "subject": "物理SB0401",
    "type": "ThemeL3",
    "ThemeL2": "urn:jy:physics:OB05:ThemeL2:5",
    "applicableLevel": "OB05",
    "contentJson": {
      "code": "2.2.7",
      "contentRequirement": "通过实验，理解压强。知道增大和减小压强的方法，并了解其在生产生活中的应用。"
    }
  },
  {
    "identifier": "urn:jy:physics:OB05:ThemeL3:2-2-8",
    "title": "2.2.8",
    "description": "探究并了解液体压强与哪些因素有关。知道大气压强及其与人类生活的关系。了解流体压强与流速的关系及其在生产生活中的应用。",
    "subject": "物理SB0401",
    "type": "ThemeL3",
    "ThemeL2": "urn:jy:physics:OB05:ThemeL2:5",
    "applicableLevel": "OB05",
    "contentJson": {
      "code": "2.2.8",
      "contentRequirement": "探究并了解液体压强与哪些因素有关。知道大气压强及其与人类生活的关系。了解流体压强与流速的关系及其在生产生活中的应用。"
    }
  },
  {
    "identifier": "urn:jy:physics:OB05:ThemeL3:2-2-9",
    "title": "2.2.9",
    "description": "通过实验，认识浮力。探究并了解浮力大小与哪些因素有关。知道阿基米德原理，能运用物体的浮沉条件说明生产生活中的有关现象。",
    "subject": "物理SB0401",
    "type": "ThemeL3",
    "ThemeL2": "urn:jy:physics:OB05:ThemeL2:5",
    "applicableLevel": "OB05",
    "contentJson": {
      "code": "2.2.9",
      "contentRequirement": "通过实验，认识浮力。探究并了解浮力大小与哪些因素有关。知道阿基米德原理，能运用物体的浮沉条件说明生产生活中的有关现象。"
    }
  },
  {
    "identifier": "urn:jy:physics:OB05:ThemeL3:2-3-1",
    "title": "2.3.1",
    "description": "通过实验，认识声的产生和传播条件。",
    "subject": "物理SB0401",
    "type": "ThemeL3",
    "ThemeL2": "urn:jy:physics:OB05:ThemeL2:6",
    "applicableLevel": "OB05",
    "contentJson": {
      "code": "2.3.1",
      "contentRequirement": "通过实验，认识声的产生和传播条件。"
    }
  },
  {
    "identifier": "urn:jy:physics:OB05:ThemeL3:2-3-2",
    "title": "2.3.2",
    "description": "了解声音的特性。了解现代技术中声学知识的一些应用。知道噪声的危害及控制方法。",
    "subject": "物理SB0401",
    "type": "ThemeL3",
    "ThemeL2": "urn:jy:physics:OB05:ThemeL2:6",
    "applicableLevel": "OB05",
    "contentJson": {
      "code": "2.3.2",
      "contentRequirement": "了解声音的特性。了解现代技术中声学知识的一些应用。知道噪声的危害及控制方法。"
    }
  },
  {
    "identifier": "urn:jy:physics:OB05:ThemeL3:2-3-3",
    "title": "2.3.3",
    "description": "探究并了解光的反射定律。通过实验，了解光的折射现象及其特点。",
    "subject": "物理SB0401",
    "type": "ThemeL3",
    "ThemeL2": "urn:jy:physics:OB05:ThemeL2:6",
    "applicableLevel": "OB05",
    "contentJson": {
      "code": "2.3.3",
      "contentRequirement": "探究并了解光的反射定律。通过实验，了解光的折射现象及其特点。"
    }
  },
  {
    "identifier": "urn:jy:physics:OB05:ThemeL3:2-3-4",
    "title": "2.3.4",
    "description": "探究并了解平面镜成像时像与物的关系。知道平面镜成像的特点及应用。",
    "subject": "物理SB0401",
    "type": "ThemeL3",
    "ThemeL2": "urn:jy:physics:OB05:ThemeL2:6",
    "applicableLevel": "OB05",
    "contentJson": {
      "code": "2.3.4",
      "contentRequirement": "探究并了解平面镜成像时像与物的关系。知道平面镜成像的特点及应用。"
    }
  },
  {
    "identifier": "urn:jy:physics:OB05:ThemeL3:2-3-5",
    "title": "2.3.5",
    "description": "了解凸透镜对光的会聚作用和凹透镜对光的发散作用。探究并了解凸透镜成像的规律。了解凸透镜成像规律的应用。",
    "subject": "物理SB0401",
    "type": "ThemeL3",
    "ThemeL2": "urn:jy:physics:OB05:ThemeL2:6",
    "applicableLevel": "OB05",
    "contentJson": {
      "code": "2.3.5",
      "contentRequirement": "了解凸透镜对光的会聚作用和凹透镜对光的发散作用。探究并了解凸透镜成像的规律。了解凸透镜成像规律的应用。"
    }
  },
  {
    "identifier": "urn:jy:physics:OB05:ThemeL3:2-3-6",
    "title": "2.3.6",
    "description": "通过实验，了解白光的组成和不同色光混合的现象。",
    "subject": "物理SB0401",
    "type": "ThemeL3",
    "ThemeL2": "urn:jy:physics:OB05:ThemeL2:6",
    "applicableLevel": "OB05",
    "contentJson": {
      "code": "2.3.6",
      "contentRequirement": "通过实验，了解白光的组成和不同色光混合的现象。"
    }
  },
  {
    "identifier": "urn:jy:physics:OB05:ThemeL3:2-4-1",
    "title": "2.4.1",
    "description": "观察摩擦起电现象，了解静电现象。了解生产生活中关于静电防止和利用的技术。",
    "subject": "物理SB0401",
    "type": "ThemeL3",
    "ThemeL2": "urn:jy:physics:OB05:ThemeL2:7",
    "applicableLevel": "OB05",
    "contentJson": {
      "code": "2.4.1",
      "contentRequirement": "观察摩擦起电现象，了解静电现象。了解生产生活中关于静电防止和利用的技术。"
    }
  },
  {
    "identifier": "urn:jy:physics:OB05:ThemeL3:2-4-2",
    "title": "2.4.2",
    "description": "通过实验，认识磁场。知道地磁场。",
    "subject": "物理SB0401",
    "type": "ThemeL3",
    "ThemeL2": "urn:jy:physics:OB05:ThemeL2:7",
    "applicableLevel": "OB05",
    "contentJson": {
      "code": "2.4.2",
      "contentRequirement": "通过实验，认识磁场。知道地磁场。"
    }
  },
  {
    "identifier": "urn:jy:physics:OB05:ThemeL3:2-4-3",
    "title": "2.4.3",
    "description": "通过实验，了解电流周围存在磁场。探究并了解通电螺线管外部磁场的方向。了解电磁铁在生产生活中的应用。",
    "subject": "物理SB0401",
    "type": "ThemeL3",
    "ThemeL2": "urn:jy:physics:OB05:ThemeL2:7",
    "applicableLevel": "OB05",
    "contentJson": {
      "code": "2.4.3",
      "contentRequirement": "通过实验，了解电流周围存在磁场。探究并了解通电螺线管外部磁场的方向。了解电磁铁在生产生活中的应用。"
    }
  },
  {
    "identifier": "urn:jy:physics:OB05:ThemeL3:2-4-4",
    "title": "2.4.4",
    "description": "通过实验，了解通电导线在磁场中会受到力的作用，并知道力的方向与哪些因素有关。",
    "subject": "物理SB0401",
    "type": "ThemeL3",
    "ThemeL2": "urn:jy:physics:OB05:ThemeL2:7",
    "applicableLevel": "OB05",
    "contentJson": {
      "code": "2.4.4",
      "contentRequirement": "通过实验，了解通电导线在磁场中会受到力的作用，并知道力的方向与哪些因素有关。"
    }
  },
  {
    "identifier": "urn:jy:physics:OB05:ThemeL3:2-4-5",
    "title": "2.4.5",
    "description": "探究并了解导体在磁场中运动时产生感应电流的条件。了解电磁感应在生产生活中的应用。",
    "subject": "物理SB0401",
    "type": "ThemeL3",
    "ThemeL2": "urn:jy:physics:OB05:ThemeL2:7",
    "applicableLevel": "OB05",
    "contentJson": {
      "code": "2.4.5",
      "contentRequirement": "探究并了解导体在磁场中运动时产生感应电流的条件。了解电磁感应在生产生活中的应用。"
    }
  },
  {
    "identifier": "urn:jy:physics:OB05:ThemeL3:2-4-6",
    "title": "2.4.6",
    "description": "知道电磁波。知道电磁波在真空中的传播速度。知道波长、频率和波速。了解电磁波的应用及其对人类生活和社会发展的影响。",
    "subject": "物理SB0401",
    "type": "ThemeL3",
    "ThemeL2": "urn:jy:physics:OB05:ThemeL2:7",
    "applicableLevel": "OB05",
    "contentJson": {
      "code": "2.4.6",
      "contentRequirement": "知道电磁波。知道电磁波在真空中的传播速度。知道波长、频率和波速。了解电磁波的应用及其对人类生活和社会发展的影响。"
    }
  },
  {
    "identifier": "urn:jy:physics:OB05:ThemeL3:3-1-1",
    "title": "3.1.1",
    "description": "了解能量及其存在的不同形式。能描述不同形式的能量和生产生活的联系。",
    "subject": "物理SB0401",
    "type": "ThemeL3",
    "ThemeL2": "urn:jy:physics:OB05:ThemeL2:8",
    "applicableLevel": "OB05",
    "contentJson": {
      "code": "3.1.1",
      "contentRequirement": "了解能量及其存在的不同形式。能描述不同形式的能量和生产生活的联系。"
    }
  },
  {
    "identifier": "urn:jy:physics:OB05:ThemeL3:3-1-2",
    "title": "3.1.2",
    "description": "通过实验，认识能量可以从一个物体转移到其他物体，不同形式的能量可以相互转化。",
    "subject": "物理SB0401",
    "type": "ThemeL3",
    "ThemeL2": "urn:jy:physics:OB05:ThemeL2:8",
    "applicableLevel": "OB05",
    "contentJson": {
      "code": "3.1.2",
      "contentRequirement": "通过实验，认识能量可以从一个物体转移到其他物体，不同形式的能量可以相互转化。"
    }
  },
  {
    "identifier": "urn:jy:physics:OB05:ThemeL3:3-1-3",
    "title": "3.1.3",
    "description": "结合实例，认识功的概念。知道做功的过程就是能量转化或转移的过程。",
    "subject": "物理SB0401",
    "type": "ThemeL3",
    "ThemeL2": "urn:jy:physics:OB05:ThemeL2:8",
    "applicableLevel": "OB05",
    "contentJson": {
      "code": "3.1.3",
      "contentRequirement": "结合实例，认识功的概念。知道做功的过程就是能量转化或转移的过程。"
    }
  },
  {
    "identifier": "urn:jy:physics:OB05:ThemeL3:3-2-1",
    "title": "3.2.1",
    "description": "知道动能、势能和机械能。通过实验，了解动能和势能的相互转化。举例说明机械能和其他形式能量的相互转化。",
    "subject": "物理SB0401",
    "type": "ThemeL3",
    "ThemeL2": "urn:jy:physics:OB05:ThemeL2:9",
    "applicableLevel": "OB05",
    "contentJson": {
      "code": "3.2.1",
      "contentRequirement": "知道动能、势能和机械能。通过实验，了解动能和势能的相互转化。举例说明机械能和其他形式能量的相互转化。"
    }
  },
  {
    "identifier": "urn:jy:physics:OB05:ThemeL3:3-2-2",
    "title": "3.2.2",
    "description": "知道机械功和功率。用生活中的实例说明机械功和功率的含义。",
    "subject": "物理SB0401",
    "type": "ThemeL3",
    "ThemeL2": "urn:jy:physics:OB05:ThemeL2:9",
    "applicableLevel": "OB05",
    "contentJson": {
      "code": "3.2.2",
      "contentRequirement": "知道机械功和功率。用生活中的实例说明机械功和功率的含义。"
    }
  },
  {
    "identifier": "urn:jy:physics:OB05:ThemeL3:3-2-3",
    "title": "3.2.3",
    "description": "知道机械效率。了解提高机械效率的意义和途径。",
    "subject": "物理SB0401",
    "type": "ThemeL3",
    "ThemeL2": "urn:jy:physics:OB05:ThemeL2:9",
    "applicableLevel": "OB05",
    "contentJson": {
      "code": "3.2.3",
      "contentRequirement": "知道机械效率。了解提高机械效率的意义和途径。"
    }
  },
  {
    "identifier": "urn:jy:physics:OB05:ThemeL3:3-2-4",
    "title": "3.2.4",
    "description": "能说出人类使用的一些机械。了解机械的使用对社会发展的作用。",
    "subject": "物理SB0401",
    "type": "ThemeL3",
    "ThemeL2": "urn:jy:physics:OB05:ThemeL2:9",
    "applicableLevel": "OB05",
    "contentJson": {
      "code": "3.2.4",
      "contentRequirement": "能说出人类使用的一些机械。了解机械的使用对社会发展的作用。"
    }
  },
  {
    "identifier": "urn:jy:physics:OB05:ThemeL3:3-3-1",
    "title": "3.3.1",
    "description": "了解内能和热量。从能量转化的角度认识燃料的热值。",
    "subject": "物理SB0401",
    "type": "ThemeL3",
    "ThemeL2": "urn:jy:physics:OB05:ThemeL2:10",
    "applicableLevel": "OB05",
    "contentJson": {
      "code": "3.3.1",
      "contentRequirement": "了解内能和热量。从能量转化的角度认识燃料的热值。"
    }
  },
  {
    "identifier": "urn:jy:physics:OB05:ThemeL3:3-3-2",
    "title": "3.3.2",
    "description": "通过实验，了解比热容。能运用比热容说明简单的自然现象。",
    "subject": "物理SB0401",
    "type": "ThemeL3",
    "ThemeL2": "urn:jy:physics:OB05:ThemeL2:10",
    "applicableLevel": "OB05",
    "contentJson": {
      "code": "3.3.2",
      "contentRequirement": "通过实验，了解比热容。能运用比热容说明简单的自然现象。"
    }
  },
  {
    "identifier": "urn:jy:physics:OB05:ThemeL3:3-3-3",
    "title": "3.3.3",
    "description": "了解热机的工作原理。知道内能的利用在人类社会发展史中的重要意义。",
    "subject": "物理SB0401",
    "type": "ThemeL3",
    "ThemeL2": "urn:jy:physics:OB05:ThemeL2:10",
    "applicableLevel": "OB05",
    "contentJson": {
      "code": "3.3.3",
      "contentRequirement": "了解热机的工作原理。知道内能的利用在人类社会发展史中的重要意义。"
    }
  },
  {
    "identifier": "urn:jy:physics:OB05:ThemeL3:3-4-1",
    "title": "3.4.1",
    "description": "从能量转化的角度认识电源和用电器的作用。",
    "subject": "物理SB0401",
    "type": "ThemeL3",
    "ThemeL2": "urn:jy:physics:OB05:ThemeL2:11",
    "applicableLevel": "OB05",
    "contentJson": {
      "code": "3.4.1",
      "contentRequirement": "从能量转化的角度认识电源和用电器的作用。"
    }
  },
  {
    "identifier": "urn:jy:physics:OB05:ThemeL3:3-4-2",
    "title": "3.4.2",
    "description": "知道电压、电流和电阻。探究电流与电压、电阻的关系，理解欧姆定律。",
    "subject": "物理SB0401",
    "type": "ThemeL3",
    "ThemeL2": "urn:jy:physics:OB05:ThemeL2:11",
    "applicableLevel": "OB05",
    "contentJson": {
      "code": "3.4.2",
      "contentRequirement": "知道电压、电流和电阻。探究电流与电压、电阻的关系，理解欧姆定律。"
    }
  },
  {
    "identifier": "urn:jy:physics:OB05:ThemeL3:3-4-3",
    "title": "3.4.3",
    "description": "会使用电流表和电压表。",
    "subject": "物理SB0401",
    "type": "ThemeL3",
    "ThemeL2": "urn:jy:physics:OB05:ThemeL2:11",
    "applicableLevel": "OB05",
    "contentJson": {
      "code": "3.4.3",
      "contentRequirement": "会使用电流表和电压表。"
    }
  },
  {
    "identifier": "urn:jy:physics:OB05:ThemeL3:3-4-4",
    "title": "3.4.4",
    "description": "会看、会画简单的电路图。会连接简单的串联电路和并联电路。能说出生产生活中采用简单串联电路或并联电路的实例。探究并了解串联电路和并联电路中电流、电压的特点。",
    "subject": "物理SB0401",
    "type": "ThemeL3",
    "ThemeL2": "urn:jy:physics:OB05:ThemeL2:11",
    "applicableLevel": "OB05",
    "contentJson": {
      "code": "3.4.4",
      "contentRequirement": "会看、会画简单的电路图。会连接简单的串联电路和并联电路。能说出生产生活中采用简单串联电路或并联电路的实例。探究并了解串联电路和并联电路中电流、电压的特点。"
    }
  },
  {
    "identifier": "urn:jy:physics:OB05:ThemeL3:3-4-5",
    "title": "3.4.5",
    "description": "结合实例，了解电功和电功率。知道用电器的额定功率和实际功率。",
    "subject": "物理SB0401",
    "type": "ThemeL3",
    "ThemeL2": "urn:jy:physics:OB05:ThemeL2:11",
    "applicableLevel": "OB05",
    "contentJson": {
      "code": "3.4.5",
      "contentRequirement": "结合实例，了解电功和电功率。知道用电器的额定功率和实际功率。"
    }
  },
  {
    "identifier": "urn:jy:physics:OB05:ThemeL3:3-4-6",
    "title": "3.4.6",
    "description": "通过实验，了解焦耳定律。能用焦耳定律说明生产生活中的有关现象。",
    "subject": "物理SB0401",
    "type": "ThemeL3",
    "ThemeL2": "urn:jy:physics:OB05:ThemeL2:11",
    "applicableLevel": "OB05",
    "contentJson": {
      "code": "3.4.6",
      "contentRequirement": "通过实验，了解焦耳定律。能用焦耳定律说明生产生活中的有关现象。"
    }
  },
  {
    "identifier": "urn:jy:physics:OB05:ThemeL3:3-4-7",
    "title": "3.4.7",
    "description": "了解家庭电路的组成。有安全用电和节约用电的意识。",
    "subject": "物理SB0401",
    "type": "ThemeL3",
    "ThemeL2": "urn:jy:physics:OB05:ThemeL2:11",
    "applicableLevel": "OB05",
    "contentJson": {
      "code": "3.4.7",
      "contentRequirement": "了解家庭电路的组成。有安全用电和节约用电的意识。"
    }
  },
  {
    "identifier": "urn:jy:physics:OB05:ThemeL3:3-5-1",
    "title": "3.5.1",
    "description": "知道能量守恒定律。列举日常生活中能量守恒的实例。",
    "subject": "物理SB0401",
    "type": "ThemeL3",
    "ThemeL2": "urn:jy:physics:OB05:ThemeL2:12",
    "applicableLevel": "OB05",
    "contentJson": {
      "code": "3.5.1",
      "contentRequirement": "知道能量守恒定律。列举日常生活中能量守恒的实例。"
    }
  },
  {
    "identifier": "urn:jy:physics:OB05:ThemeL3:3-5-2",
    "title": "3.5.2",
    "description": "从能量转化和转移的角度认识效率。",
    "subject": "物理SB0401",
    "type": "ThemeL3",
    "ThemeL2": "urn:jy:physics:OB05:ThemeL2:12",
    "applicableLevel": "OB05",
    "contentJson": {
      "code": "3.5.2",
      "contentRequirement": "从能量转化和转移的角度认识效率。"
    }
  },
  {
    "identifier": "urn:jy:physics:OB05:ThemeL3:3-5-3",
    "title": "3.5.3",
    "description": "列举能量转化和转移具有方向性的常见实例。",
    "subject": "物理SB0401",
    "type": "ThemeL3",
    "ThemeL2": "urn:jy:physics:OB05:ThemeL2:12",
    "applicableLevel": "OB05",
    "contentJson": {
      "code": "3.5.3",
      "contentRequirement": "列举能量转化和转移具有方向性的常见实例。"
    }
  },
  {
    "identifier": "urn:jy:physics:OB05:ThemeL3:3-6-1",
    "title": "3.6.1",
    "description": "列举常见的不可再生能源和可再生能源。",
    "subject": "物理SB0401",
    "type": "ThemeL3",
    "ThemeL2": "urn:jy:physics:OB05:ThemeL2:13",
    "applicableLevel": "OB05",
    "contentJson": {
      "code": "3.6.1",
      "contentRequirement": "列举常见的不可再生能源和可再生能源。"
    }
  },
  {
    "identifier": "urn:jy:physics:OB05:ThemeL3:3-6-2",
    "title": "3.6.2",
    "description": "知道核能的特点和核能利用可能带来的问题。",
    "subject": "物理SB0401",
    "type": "ThemeL3",
    "ThemeL2": "urn:jy:physics:OB05:ThemeL2:13",
    "applicableLevel": "OB05",
    "contentJson": {
      "code": "3.6.2",
      "contentRequirement": "知道核能的特点和核能利用可能带来的问题。"
    }
  },
  {
    "identifier": "urn:jy:physics:OB05:ThemeL3:3-6-3",
    "title": "3.6.3",
    "description": "从能源开发与利用的角度体会可持续发展的重要性。",
    "subject": "物理SB0401",
    "type": "ThemeL3",
    "ThemeL2": "urn:jy:physics:OB05:ThemeL2:13",
    "applicableLevel": "OB05",
    "contentJson": {
      "code": "3.6.3",
      "contentRequirement": "从能源开发与利用的角度体会可持续发展的重要性。"
    }
  },
  {
    "identifier": "urn:jy:physics:OB05:ThemeL3:4-1-1",
    "title": "4.1.1",
    "description": "用托盘天平测量物体的质量。",
    "subject": "物理SB0401",
    "type": "ThemeL3",
    "ThemeL2": "urn:jy:physics:OB05:ThemeL2:14",
    "applicableLevel": "OB05",
    "contentJson": {
      "code": "4.1.1",
      "contentRequirement": "用托盘天平测量物体的质量。"
    }
  },
  {
    "identifier": "urn:jy:physics:OB05:ThemeL3:4-1-2",
    "title": "4.1.2",
    "description": "测量固体和液体的密度。",
    "subject": "物理SB0401",
    "type": "ThemeL3",
    "ThemeL2": "urn:jy:physics:OB05:ThemeL2:14",
    "applicableLevel": "OB05",
    "contentJson": {
      "code": "4.1.2",
      "contentRequirement": "测量固体和液体的密度。"
    }
  },
  {
    "identifier": "urn:jy:physics:OB05:ThemeL3:4-1-3",
    "title": "4.1.3",
    "description": "用常见温度计测量温度。",
    "subject": "物理SB0401",
    "type": "ThemeL3",
    "ThemeL2": "urn:jy:physics:OB05:ThemeL2:14",
    "applicableLevel": "OB05",
    "contentJson": {
      "code": "4.1.3",
      "contentRequirement": "用常见温度计测量温度。"
    }
  },
  {
    "identifier": "urn:jy:physics:OB05:ThemeL3:4-1-4",
    "title": "4.1.4",
    "description": "用刻度尺测量长度，用表测量时间。",
    "subject": "物理SB0401",
    "type": "ThemeL3",
    "ThemeL2": "urn:jy:physics:OB05:ThemeL2:14",
    "applicableLevel": "OB05",
    "contentJson": {
      "code": "4.1.4",
      "contentRequirement": "用刻度尺测量长度，用表测量时间。"
    }
  },
  {
    "identifier": "urn:jy:physics:OB05:ThemeL3:4-1-5",
    "title": "4.1.5",
    "description": "测量物体运动的速度。",
    "subject": "物理SB0401",
    "type": "ThemeL3",
    "ThemeL2": "urn:jy:physics:OB05:ThemeL2:14",
    "applicableLevel": "OB05",
    "contentJson": {
      "code": "4.1.5",
      "contentRequirement": "测量物体运动的速度。"
    }
  },
  {
    "identifier": "urn:jy:physics:OB05:ThemeL3:4-1-6",
    "title": "4.1.6",
    "description": "用弹簧测力计测量力。",
    "subject": "物理SB0401",
    "type": "ThemeL3",
    "ThemeL2": "urn:jy:physics:OB05:ThemeL2:14",
    "applicableLevel": "OB05",
    "contentJson": {
      "code": "4.1.6",
      "contentRequirement": "用弹簧测力计测量力。"
    }
  },
  {
    "identifier": "urn:jy:physics:OB05:ThemeL3:4-1-7",
    "title": "4.1.7",
    "description": "用电流表测量电流。",
    "subject": "物理SB0401",
    "type": "ThemeL3",
    "ThemeL2": "urn:jy:physics:OB05:ThemeL2:14",
    "applicableLevel": "OB05",
    "contentJson": {
      "code": "4.1.7",
      "contentRequirement": "用电流表测量电流。"
    }
  },
  {
    "identifier": "urn:jy:physics:OB05:ThemeL3:4-1-8",
    "title": "4.1.8",
    "description": "用电压表测量电压。",
    "subject": "物理SB0401",
    "type": "ThemeL3",
    "ThemeL2": "urn:jy:physics:OB05:ThemeL2:14",
    "applicableLevel": "OB05",
    "contentJson": {
      "code": "4.1.8",
      "contentRequirement": "用电压表测量电压。"
    }
  },
  {
    "identifier": "urn:jy:physics:OB05:ThemeL3:4-1-9",
    "title": "4.1.9",
    "description": "用电流表和电压表测量电阻。",
    "subject": "物理SB0401",
    "type": "ThemeL3",
    "ThemeL2": "urn:jy:physics:OB05:ThemeL2:14",
    "applicableLevel": "OB05",
    "contentJson": {
      "code": "4.1.9",
      "contentRequirement": "用电流表和电压表测量电阻。"
    }
  },
  {
    "identifier": "urn:jy:physics:OB05:ThemeL3:4-2-1",
    "title": "4.2.1",
    "description": "探究水在沸腾前后温度变化的特点。",
    "subject": "物理SB0401",
    "type": "ThemeL3",
    "ThemeL2": "urn:jy:physics:OB05:ThemeL2:15",
    "applicableLevel": "OB05",
    "contentJson": {
      "code": "4.2.1",
      "contentRequirement": "探究水在沸腾前后温度变化的特点。"
    }
  },
  {
    "identifier": "urn:jy:physics:OB05:ThemeL3:4-2-2",
    "title": "4.2.2",
    "description": "探究滑动摩擦力大小与哪些因素有关。",
    "subject": "物理SB0401",
    "type": "ThemeL3",
    "ThemeL2": "urn:jy:physics:OB05:ThemeL2:15",
    "applicableLevel": "OB05",
    "contentJson": {
      "code": "4.2.2",
      "contentRequirement": "探究滑动摩擦力大小与哪些因素有关。"
    }
  },
  {
    "identifier": "urn:jy:physics:OB05:ThemeL3:4-2-3",
    "title": "4.2.3",
    "description": "探究液体压强与哪些因素有关。",
    "subject": "物理SB0401",
    "type": "ThemeL3",
    "ThemeL2": "urn:jy:physics:OB05:ThemeL2:15",
    "applicableLevel": "OB05",
    "contentJson": {
      "code": "4.2.3",
      "contentRequirement": "探究液体压强与哪些因素有关。"
    }
  },
  {
    "identifier": "urn:jy:physics:OB05:ThemeL3:4-2-4",
    "title": "4.2.4",
    "description": "探究浮力大小与哪些因素有关。",
    "subject": "物理SB0401",
    "type": "ThemeL3",
    "ThemeL2": "urn:jy:physics:OB05:ThemeL2:15",
    "applicableLevel": "OB05",
    "contentJson": {
      "code": "4.2.4",
      "contentRequirement": "探究浮力大小与哪些因素有关。"
    }
  },
  {
    "identifier": "urn:jy:physics:OB05:ThemeL3:4-2-5",
    "title": "4.2.5",
    "description": "探究杠杆的平衡条件。",
    "subject": "物理SB0401",
    "type": "ThemeL3",
    "ThemeL2": "urn:jy:physics:OB05:ThemeL2:15",
    "applicableLevel": "OB05",
    "contentJson": {
      "code": "4.2.5",
      "contentRequirement": "探究杠杆的平衡条件。"
    }
  },
  {
    "identifier": "urn:jy:physics:OB05:ThemeL3:4-2-6",
    "title": "4.2.6",
    "description": "探究光的反射定律。",
    "subject": "物理SB0401",
    "type": "ThemeL3",
    "ThemeL2": "urn:jy:physics:OB05:ThemeL2:15",
    "applicableLevel": "OB05",
    "contentJson": {
      "code": "4.2.6",
      "contentRequirement": "探究光的反射定律。"
    }
  },
  {
    "identifier": "urn:jy:physics:OB05:ThemeL3:4-2-7",
    "title": "4.2.7",
    "description": "探究平面镜成像的特点。",
    "subject": "物理SB0401",
    "type": "ThemeL3",
    "ThemeL2": "urn:jy:physics:OB05:ThemeL2:15",
    "applicableLevel": "OB05",
    "contentJson": {
      "code": "4.2.7",
      "contentRequirement": "探究平面镜成像的特点。"
    }
  },
  {
    "identifier": "urn:jy:physics:OB05:ThemeL3:4-2-8",
    "title": "4.2.8",
    "description": "探究凸透镜成像的规律。",
    "subject": "物理SB0401",
    "type": "ThemeL3",
    "ThemeL2": "urn:jy:physics:OB05:ThemeL2:15",
    "applicableLevel": "OB05",
    "contentJson": {
      "code": "4.2.8",
      "contentRequirement": "探究凸透镜成像的规律。"
    }
  },
  {
    "identifier": "urn:jy:physics:OB05:ThemeL3:4-2-9",
    "title": "4.2.9",
    "description": "探究通电螺线管外部磁场的方向。",
    "subject": "物理SB0401",
    "type": "ThemeL3",
    "ThemeL2": "urn:jy:physics:OB05:ThemeL2:15",
    "applicableLevel": "OB05",
    "contentJson": {
      "code": "4.2.9",
      "contentRequirement": "探究通电螺线管外部磁场的方向。"
    }
  },
  {
    "identifier": "urn:jy:physics:OB05:ThemeL3:4-2-10",
    "title": "4.2.10",
    "description": "探究导体在磁场中运动时产生感应电流的条件。",
    "subject": "物理SB0401",
    "type": "ThemeL3",
    "ThemeL2": "urn:jy:physics:OB05:ThemeL2:15",
    "applicableLevel": "OB05",
    "contentJson": {
      "code": "4.2.10",
      "contentRequirement": "探究导体在磁场中运动时产生感应电流的条件。"
    }
  },
  {
    "identifier": "urn:jy:physics:OB05:ThemeL3:4-2-11",
    "title": "4.2.11",
    "description": "探究串联电路和并联电路中电流、电压的特点。",
    "subject": "物理SB0401",
    "type": "ThemeL3",
    "ThemeL2": "urn:jy:physics:OB05:ThemeL2:15",
    "applicableLevel": "OB05",
    "contentJson": {
      "code": "4.2.11",
      "contentRequirement": "探究串联电路和并联电路中电流、电压的特点。"
    }
  },
  {
    "identifier": "urn:jy:physics:OB05:ThemeL3:4-2-12",
    "title": "4.2.12",
    "description": "探究电流与电压、电阻的关系。",
    "subject": "物理SB0401",
    "type": "ThemeL3",
    "ThemeL2": "urn:jy:physics:OB05:ThemeL2:15",
    "applicableLevel": "OB05",
    "contentJson": {
      "code": "4.2.12",
      "contentRequirement": "探究电流与电压、电阻的关系。"
    }
  },
  {
    "identifier": "urn:jy:physics:OB05:ThemeL3:5-1-1",
    "title": "5.1.1",
    "description": "能发现日常生活中与物理学有关的问题，提出解决方案。",
    "subject": "物理SB0401",
    "type": "ThemeL3",
    "ThemeL2": "urn:jy:physics:OB05:ThemeL2:16",
    "applicableLevel": "OB05",
    "contentJson": {
      "code": "5.1.1",
      "contentRequirement": "能发现日常生活中与物理学有关的问题，提出解决方案。"
    }
  },
  {
    "identifier": "urn:jy:physics:OB05:ThemeL3:5-1-2",
    "title": "5.1.2",
    "description": "能运用所学知识分析日常生活中的安全问题，提出解决方案，践行安全与健康生活。",
    "subject": "物理SB0401",
    "type": "ThemeL3",
    "ThemeL2": "urn:jy:physics:OB05:ThemeL2:16",
    "applicableLevel": "OB05",
    "contentJson": {
      "code": "5.1.2",
      "contentRequirement": "能运用所学知识分析日常生活中的安全问题，提出解决方案，践行安全与健康生活。"
    }
  },
  {
    "identifier": "urn:jy:physics:OB05:ThemeL3:5-1-3",
    "title": "5.1.3",
    "description": "能运用所学知识指导和规范个人行为，践行低碳生活，具有节能环保意识。",
    "subject": "物理SB0401",
    "type": "ThemeL3",
    "ThemeL2": "urn:jy:physics:OB05:ThemeL2:16",
    "applicableLevel": "OB05",
    "contentJson": {
      "code": "5.1.3",
      "contentRequirement": "能运用所学知识指导和规范个人行为，践行低碳生活，具有节能环保意识。"
    }
  },
  {
    "identifier": "urn:jy:physics:OB05:ThemeL3:5-2-1",
    "title": "5.2.1",
    "description": "了解我国古代的技术应用案例，体会我国古代科技对人类文明发展的促进作用。",
    "subject": "物理SB0401",
    "type": "ThemeL3",
    "ThemeL2": "urn:jy:physics:OB05:ThemeL2:17",
    "applicableLevel": "OB05",
    "contentJson": {
      "code": "5.2.1",
      "contentRequirement": "了解我国古代的技术应用案例，体会我国古代科技对人类文明发展的促进作用。"
    }
  },
  {
    "identifier": "urn:jy:physics:OB05:ThemeL3:5-2-2",
    "title": "5.2.2",
    "description": "调查物理学应用于工程技术的案例，体会物理学对工程技术发展的促进作用。",
    "subject": "物理SB0401",
    "type": "ThemeL3",
    "ThemeL2": "urn:jy:physics:OB05:ThemeL2:17",
    "applicableLevel": "OB05",
    "contentJson": {
      "code": "5.2.2",
      "contentRequirement": "调查物理学应用于工程技术的案例，体会物理学对工程技术发展的促进作用。"
    }
  },
  {
    "identifier": "urn:jy:physics:OB05:ThemeL3:5-2-3",
    "title": "5.2.3",
    "description": "了解物理学在信息技术中的应用。",
    "subject": "物理SB0401",
    "type": "ThemeL3",
    "ThemeL2": "urn:jy:physics:OB05:ThemeL2:17",
    "applicableLevel": "OB05",
    "contentJson": {
      "code": "5.2.3",
      "contentRequirement": "了解物理学在信息技术中的应用。"
    }
  },
  {
    "identifier": "urn:jy:physics:OB05:ThemeL3:5-3-1",
    "title": "5.3.1",
    "description": "结合实例，尝试分析能源的开发与利用对社会发展的影响。",
    "subject": "物理SB0401",
    "type": "ThemeL3",
    "ThemeL2": "urn:jy:physics:OB05:ThemeL2:18",
    "applicableLevel": "OB05",
    "contentJson": {
      "code": "5.3.1",
      "contentRequirement": "结合实例，尝试分析能源的开发与利用对社会发展的影响。"
    }
  },
  {
    "identifier": "urn:jy:physics:OB05:ThemeL3:5-3-2",
    "title": "5.3.2",
    "description": "结合实例，了解一些新材料的特点及其应用。了解新材料的研发与应用对社会发展的影响。",
    "subject": "物理SB0401",
    "type": "ThemeL3",
    "ThemeL2": "urn:jy:physics:OB05:ThemeL2:18",
    "applicableLevel": "OB05",
    "contentJson": {
      "code": "5.3.2",
      "contentRequirement": "结合实例，了解一些新材料的特点及其应用。了解新材料的研发与应用对社会发展的影响。"
    }
  },
  {
    "identifier": "urn:jy:physics:OB05:ThemeL3:5-3-3",
    "title": "5.3.3",
    "description": "了解我国科技发展的成就，增强科技强国的责任感和使命感。",
    "subject": "物理SB0401",
    "type": "ThemeL3",
    "ThemeL2": "urn:jy:physics:OB05:ThemeL2:18",
    "applicableLevel": "OB05",
    "contentJson": {
      "code": "5.3.3",
      "contentRequirement": "了解我国科技发展的成就，增强科技强国的责任感和使命感。"
    }
  }
]