[
    {
        "identifier": "urn:jy:physics:OB05:ThemeL2:1",
        "title": "1.1 物质的形态和变化",
        "description": "",
        "subject": "物理SB0401",
        "type": "ThemeL2",
        "ThemeL1":"urn:jy:physics:OB05:ThemeL1:1",
        "applicableLevel": "OB05",
        "contentJson": {}
    },
    {
        "identifier": "urn:jy:physics:OB05:ThemeL2:2",
        "title": "1.2 物质的属性",
        "description": "",
        "subject": "物理SB0401",
        "type": "ThemeL2",
        "ThemeL1":"urn:jy:physics:OB05:ThemeL1:1",
        "applicableLevel": "OB05",
        "contentJson": {}
    },
    {
        "identifier": "urn:jy:physics:OB05:ThemeL2:3",
        "title": "1.3 物质的结构和物质世界的尺度",
        "description": "",
        "subject": "物理SB0401",
        "type": "ThemeL2",
        "ThemeL1":"urn:jy:physics:OB05:ThemeL1:1",
        "applicableLevel": "OB05",
        "contentJson": {}
    },
    {
        "identifier": "urn:jy:physics:OB05:ThemeL2:4",
        "title": "2.1 多种多样的运动形式",
        "description": "",
        "subject": "物理SB0401",
        "type": "ThemeL2",
        "ThemeL1":"urn:jy:physics:OB05:ThemeL1:2",
        "applicableLevel": "OB05",
        "contentJson": {}
    },
    {
        "identifier": "urn:jy:physics:OB05:ThemeL2:5",
        "title": "2.2 机械运动和力",
        "description": "",
        "subject": "物理SB0401",
        "type": "ThemeL2",
        "ThemeL1":"urn:jy:physics:OB05:ThemeL1:2",
        "applicableLevel": "OB05",
        "contentJson": {}
    },
    {
        "identifier": "urn:jy:physics:OB05:ThemeL2:6",
        "title": "2.3 声和光",
        "description": "",
        "subject": "物理SB0401",
        "type": "ThemeL2",
        "ThemeL1":"urn:jy:physics:OB05:ThemeL1:2",
        "applicableLevel": "OB05",
        "contentJson": {}
    },
    {
        "identifier": "urn:jy:physics:OB05:ThemeL2:7",
        "title": "2.4 电和磁",
        "description": "",
        "subject": "物理SB0401",
        "type": "ThemeL2",
        "ThemeL1":"urn:jy:physics:OB05:ThemeL1:2",
        "applicableLevel": "OB05",
        "contentJson": {}
    },
    {
        "identifier": "urn:jy:physics:OB05:ThemeL2:8",
        "title": "3.1 能量、能量的转化和转移",
        "description": "",
        "subject": "物理SB0401",
        "type": "ThemeL2",
        "ThemeL1":"urn:jy:physics:OB05:ThemeL1:3",
        "applicableLevel": "OB05",
        "contentJson": {}
    },
    {
        "identifier": "urn:jy:physics:OB05:ThemeL2:9",
        "title": "3.2 机械能",
        "description": "",
        "subject": "物理SB0401",
        "type": "ThemeL2",
        "ThemeL1":"urn:jy:physics:OB05:ThemeL1:3",
        "applicableLevel": "OB05",
        "contentJson": {}
    },
    {
        "identifier": "urn:jy:physics:OB05:ThemeL2:10",
        "title": "3.3 内能",
        "description": "",
        "subject": "物理SB0401",
        "type": "ThemeL2",
        "ThemeL1":"urn:jy:physics:OB05:ThemeL1:3",
        "applicableLevel": "OB05",
        "contentJson": {}
    },
    {
        "identifier": "urn:jy:physics:OB05:ThemeL2:11",
        "title": "3.4 电磁能",
        "description": "",
        "subject": "物理SB0401",
        "type": "ThemeL2",
        "ThemeL1":"urn:jy:physics:OB05:ThemeL1:3",
        "applicableLevel": "OB05",
        "contentJson": {}
    },
    {
        "identifier": "urn:jy:physics:OB05:ThemeL2:12",
        "title": "3.5 能量守恒",
        "description": "",
        "subject": "物理SB0401",
        "type": "ThemeL2",
        "ThemeL1":"urn:jy:physics:OB05:ThemeL1:3",
        "applicableLevel": "OB05",
        "contentJson": {}
    },
    {
        "identifier": "urn:jy:physics:OB05:ThemeL2:13",
        "title": "3.6 能源与可持续发展",
        "description": "",
        "subject": "物理SB0401",
        "type": "ThemeL2",
        "ThemeL1":"urn:jy:physics:OB05:ThemeL1:3",
        "applicableLevel": "OB05",
        "contentJson": {}
    },
    {
        "identifier": "urn:jy:physics:OB05:ThemeL2:14",
        "title": "4.1 测量类学生必做实验",
        "description": "",
        "subject": "物理SB0401",
        "type": "ThemeL2",
        "ThemeL1":"urn:jy:physics:OB05:ThemeL1:4",
        "applicableLevel": "OB05",
        "contentJson": {}
    },
    {
        "identifier": "urn:jy:physics:OB05:ThemeL2:15",
        "title": "4.2 探究类学生必做实验",
        "description": "",
        "subject": "物理SB0401",
        "type": "ThemeL2",
        "ThemeL1":"urn:jy:physics:OB05:ThemeL1:4",
        "applicableLevel": "OB05",
        "contentJson": {}
    },
    {
        "identifier": "urn:jy:physics:OB05:ThemeL2:16",
        "title": "5.1 物理学与日常生活",
        "description": "",
        "subject": "物理SB0401",
        "type": "ThemeL2",
        "ThemeL1":"urn:jy:physics:OB05:ThemeL1:5",
        "applicableLevel": "OB05",
        "contentJson": {}
    },
    {
        "identifier": "urn:jy:physics:OB05:ThemeL2:17",
        "title": "5.2 物理学与工程实践",
        "description": "",
        "subject": "物理SB0401",
        "type": "ThemeL2",
        "ThemeL1":"urn:jy:physics:OB05:ThemeL1:5",
        "applicableLevel": "OB05",
        "contentJson": {}
    },
    {
        "identifier": "urn:jy:physics:OB05:ThemeL2:18",
        "title": "5.3 物理学与社会发展",
        "description": "",
        "subject": "物理SB0401",
        "type": "ThemeL2",
        "ThemeL1":"urn:jy:physics:OB05:ThemeL1:5",
        "applicableLevel": "OB05",
        "contentJson": {}
    }
]