{
  "entities": [
    {
      "identifier": "urn:jy:English:SB0102:OB02,OB03:CourseContent:01",
      "type": "CourseContent",
      "title": "主题",
      "description": "主题包括人与自我、人与社会、人与自然三大范畴。其中，“人与自我”以“我”为视角，设置“生活与学习”和“做人与做事”等主题群；“人与社会”以“社会”为视角，设置“社会服务与人际沟通”“文学、艺术与体育”“历史、社会与文化”和“科学与技术”等主题群；“人与自然”以“自然”为视角，设置“自然生态”“环境保护”“灾害防范”和“宇宙探索”等主题群。各主题群下设若干子主题。具体内容要求见表5至表7。",
      "subject": "SB0102",
      "applicableLevel": [
        "OB02",
        "OB03"
      ],
      "contentJson": {}
    },
    {
      "identifier": "urn:jy:English:SB0102:OB02,OB03:CourseContent:02",
      "type": "CourseContent",
      "title": "语篇",
      "description": "语篇分不同的类型。语篇类型既包括连续性文本，如对话、访谈、记叙文、说明文、应用文、议论文、歌曲、歌谣、韵文等，也包括非连续性文本，如图表、图示、网页、广告等。语篇类型也可分为口语与书面语等形式，还可分为文字、音频、视频、数码等模态。语篇类型体现基础性、通用性和适宜性。具体内容要求见表8。",
      "subject": "SB0102",
      "applicableLevel": [
        "OB02",
        "OB03"
      ],
      "contentJson": {}
    },
    {
      "identifier": "urn:jy:English:SB0102:OB02,OB03:CourseContent:03",
      "type": "CourseContent",
      "title": "语言知识",
      "description": "语言知识包括语音、词汇、语法、语篇和语用知识，是发展语言技能的重要基础。以下针对语言知识所包含的各要素，列出学生应学习的内容和要求。",
      "subject": "SB0102",
      "applicableLevel": [
        "OB02",
        "OB03"
      ],
      "contentJson": {}
    },
    {
      "identifier": "urn:jy:English:SB0102:OB02,OB03:CourseContent:04",
      "type": "CourseContent",
      "title": "文化知识",
      "description": "文化知识既包括饮食、服饰、建筑、交通，以及相关发明与创造等物质文化的知识，也包括哲学、科学、历史、语言、文学、艺术、教育，以及价值观、道德修养、审美情趣、劳动意识、社会规约和风俗习惯等非物质文化的知识。文化知识的学习不限于了解和记忆具体的知识点，更重要的是发现、判断其背后的态度和价值观。具体内容要求见表14。",
      "subject": "SB0102",
      "applicableLevel": [
        "OB02",
        "OB03"
      ],
      "contentJson": {}
    },
    {
      "identifier": "urn:jy:English:SB0102:OB02,OB03:CourseContent:05",
      "type": "CourseContent",
      "title": "语言技能",
      "description": "语言技能分理解性技能和表达性技能，具体包括听、说、读、看、写等方面的技能及其综合运用。听、读、看是理解性技能，说、写是表达性技能。语言技能中的“看”通常指利用多模态语篇中的图形、表格、动画、符号，以及视频等理解意义的技能。理解多模态语篇，除了需要使用传统的阅读技能之外，还需要观察图表中的信息，理解符号和动画的意义。理解性技能和表达性技能在语言学习过程中相辅相成、相互促进。具体内容要求见表15至表19。",
      "subject": "SB0102",
      "applicableLevel": [
        "OB02",
        "OB03"
      ],
      "contentJson": {}
    },
    {
      "identifier": "urn:jy:English:SB0102:OB02,OB03:CourseContent:06",
      "type": "CourseContent",
      "title": "学习策略",
      "description": "学习策略主要包括元认知策略、认知策略、交际策略、情感管理策略等。其中，元认知策略有助于学生计划、监控、评价、反思和调整学习过程，提升自主学习能力；认知策略有助于学生采用适宜的学习方式、方法和技术加工语言信息，提高学习效率；交际策略有助于学生发起、维持交际，提高交际效果；情感管理策略有助于学生调控学习情绪，保持积极的学习态度。具体内容要求见表20。",
      "subject": "SB0102",
      "applicableLevel": [
        "OB02",
        "OB03"
      ],
      "contentJson": {}
    },
    {
      "identifier": "urn:jy:English:SB0102:OB02,OB03:CourseContent:07",
      "type": "CourseContent",
      "title": "教学提示",
      "EducationalStage": "预备级（1～2年级）",
      "description": "",
      "subject": "SB0102",
      "applicableLevel": [
        "OB02",
        "OB03"
      ],
      "contentJson": {
        "contentRequirement": "第一，低年级学生刚开始接触英语，语言学习以视、听、说为主。课堂上要创设良好的学习氛围，提供自然、地道的视听语言输入，引导学生注意倾听、乐于模仿、大胆表达，帮助学生在理解意义的前提下，初步积累听说词汇，积极开展简单的日常交流，培养良好的学习习惯。\n第二，注重学生的体验、感知和实践，激发低年级学生的英语学习兴趣，保持他们学习的注意力。选取贴近学生日常生活的主题，如家庭生活、学校生活、动植物等，通过直观、形象、生动、有趣的教学方式，调动学生多感官参与学习；利用视频、图片、实物等，带领学生声情并茂地朗读故事、演唱歌曲、说唱歌谣；通过游戏激发学生的好奇心和求知欲，引导他们积极投入语言学习和实践。\n第三，采用以激励为主的评价方式，鼓励学生大胆开口、乐于参与学习活动。重点关注学生的课堂表现和参与程度，通过口头表扬、发放英语点赞卡等方式，调动学生学习英语的积极性，帮助学生增强自信心，获得成就感。",
        "TeacherTips": [
          {
            "LearningActivities": "听做",
            "LearningRequirement": "1. 听懂课堂简短的指令，并作出适当的反应；\n2. 根据听到的词语或指令做事情，如指认图片或实物、涂颜色、画图、做动作等；\n3. 在图片和动作的提示下，听懂简单的小故事，并作出适当的反应。"
          },
          {
            "LearningActivities": "说唱",
            "LearningRequirement": "1. 根据录音模仿说英语；\n2. 相互致以简单的问候；\n3. 相互交流简单的个人信息，如姓名、年龄等；\n4. 根据表演猜测意思，说出词语；\n5. 独立或合作演唱学过的歌曲和歌谣；\n6. 根据图片说出单词或短句；\n7. 表达简单的情感，如喜欢和不喜欢。"
          },
          {
            "LearningActivities": "玩演",
            "LearningRequirement": "1. 在教师指导下用英语做游戏，并在游戏中进行简单的交流；\n2. 在教师指导下进行简单的角色扮演。"
          },
          {
            "LearningActivities": "视听",
            "LearningRequirement": "1. 观看语言简单的英语动画片或英语教学节目，理解大意，并模仿其中简单的话语；\n2. 课堂视听时间每周不少于20分钟。"
          }
        ]
      }
    },
    {
      "identifier": "urn:jy:English:SB0102:OB02,OB03:CourseContent:08",
      "type": "CourseContent",
      "title": "教学提示",
      "EducationalStage": "一级（3～4年级）",
      "description": "",
      "subject": "SB0102",
      "applicableLevel": [
        "OB02",
        "OB03"
      ],
      "contentJson": {
        "contentRequirement": "第一，营造积极的课堂生态，构建互尊互爱的师生关系。创设宽松、平等、和谐、向上的课堂氛围，在交流中引导学生注意倾听、敢于开口、不怕出错、大胆表达自己的观点或转述他人的观点等。\n第二，突出听说，重视模仿，培养学生良好的学习习惯。设计多途径的听说活动，借助图片、视频、简笔画、手势等帮助学生理解所听、所看语言材料，引导学生在感知、理解、模仿和运用中习得语言，学会表达。通过让学生听说韵文、韵句，听唱歌曲，听读课文录音等，模仿语音、语调和情绪表达，初步形成语感，奠定良好的语音基础。此外，在起始年段的英语教学中，帮助学生制订简单的学习计划。\n第三，创设丰富的语境，在理解和表达活动中帮助学生习得词汇和语法知识。针对词汇教学，采用“音”“形”“义”和“用”相结合的方法，在语境中引导学生感知单词的发音；借助图片、实物等教具，以及表情、手势和动作等帮助学生认读并理解词汇含义。在语境中反复再现词汇，帮助学生有意识地使用词汇表达意义，避免脱离语境的机械记忆与操练。针对语法教学，应遵循形式、意义和使用统一的原则，让学生感知和体验形式与意义的联系，在语境中运用所学语法进行交流和表达。\n第四，围绕语篇主题意义设计逻辑关联的语言实践活动。在教学中，围绕主题，依托语篇，设计体验、模仿、理解、应用等体现逻辑关联的语言实践活动，帮助学生建构基于主题的结构化知识；借助课堂任务单和板书，采用问答、描述和表演等活动内化所学语言和文化知识；通过小组讨论、制作展板或海报、创编故事，以及表演等活动，用英语交流和表达新的认知，体现对主题的理解。"
      }
    },
    {
      "identifier": "urn:jy:English:SB0102:OB02,OB03:CourseContent:09",
      "type": "CourseContent",
      "title": "教学提示",
      "EducationalStage": "二级（5～6年级）",
      "description": "",
      "subject": "SB0102",
      "applicableLevel": [
        "OB02",
        "OB03"
      ],
      "contentJson": {
        "contentRequirement": "第一，关注学生不同的学习需求，采用多种教学方式激发学生的学习兴趣，为学生创设体验成功的机会。因材施教，针对不同能力水平、不同学习风格的学生，设计不同难易程度的学习任务，布置体现差异化的作业，组织开展生动多样的活动，如对话交流、短剧展示、歌曲演唱、故事创编、海报设计等，引导学生做到“想表达”“能表达”和“会表达”，体验英语学习的乐趣与意义，获得成就感和自信心。要减少对教学的过度控制与统一要求，为学生提供多样化的选择和个性化的指导，如让学生选择自己感兴趣的内容开展学习，用自己喜欢的方式完成学习任务，展示学习收获等。对学习有困难的学生，要给予更多帮助，充分肯定他们的努力与进步，鼓励他们主动向老师和同学请教，帮助他们找到有效的方式解决学习困惑，学会制订可实现的近期目标，并通过个人的努力逐步达成目标。\n第二，基于有意义的学习素材，通过感知、体验、运用、实践等循序渐进的方式，发展学生的拼读能力和语音意识。在开展拼读教学时，要为学生提供有意义的学习素材，如语言简单、图文并茂、情节生动有趣、渗透拼读规则并配有录音的阅读材料。学生在阅读、理解语篇内容的基础上，通过反复倾听、认真观察，发现单词的拼读规则，继而进行巩固与内化。要给学生充分的观察、发现和总结拼读规则的时间，不宜用机械跟读和记忆代替学生的思考和实践。通过丰富的语言实践活动，如听录音模仿，朗读语篇，为故事配音，演唱歌曲、韵文等，引导学生感知、体会英语的重音、意群、语调与节奏等，为准确、得体地表达与交流奠定基础。\n第三，重视对学生英语学习方法的指导，为他们学会学习奠定基础。教学过程中有机融入对学习方法的指导，帮助学生学会根据实际需求选择恰当的学习方法完成学习任务，解决学习问题，逐步形成适合自己的学习策略。具体而言，应在以下几个方面给予学生必要的指导：做好课前预习和课后复习，借助图表及时梳理和归纳所学内容，自主进行课外阅读和英语视听活动，运用拼读规则记忆单词，借助词典等工具书辅助学习等。鼓励学生主动寻找学习资源，遇到问题积极向他人请教，引导他们学会学习。\n第四，通过开展英语综合实践活动，促进学生核心素养的全面发展。教师应基于一定的课程目标，以学生的兴趣和直接经验为基础，以与学生学习、生活密切相关的各类现实性和实践性问题为内容，本着“学用结合、课内外结合、学科融合”的原则，开展英语综合实践活动，把学生的学习从书本引向更广阔的现实世界。"
      }
    },
    {
      "identifier": "urn:jy:English:SB0102:OB02,OB03:CourseContent:10",
      "type": "CourseContent",
      "title": "教学提示",
      "EducationalStage": "三级（7～9年级）",
      "description": "",
      "subject": "SB0102",
      "applicableLevel": [
        "OB02",
        "OB03"
      ],
      "contentJson": {
        "contentRequirement": "第一，做好初中和小学的教学衔接，帮助学生顺利适应初中阶段的英语学习。衔接要关注学生在知识、能力、习惯、方法等各方面的进阶。对学生在小学阶段的语言水平实际达成情况开展调研，通过问卷、访谈、测评等方式获取相关数据，分析并总结学生的学习基础和个体学习特征。明确初中各年级学生语言水平发展的侧重点和达成度，并以此为依据做好教学规划，结合学情指导学习。引导学生树立目标意识并做好远期、中期、近期的学习规划，激发学生的责任感和自主性，提升学生的自律意识和情绪管理能力，鼓励学生主动适应初中学习的特点和节奏。重视培养学生良好的学习习惯和策略，结合教学内容，分阶段为学生示范不同策略的使用方法，并引导学生在语言实践活动中模仿使用和组合运用多种学习策略，如查词典、记笔记、按规则拼读单词、梳理结构化知识、预习、复习等，坚持课内外的语言实践和积累，逐步形成适合自己的学习方法。指导学生采用适当的方式，如学习日志、档案袋等，在完成学习活动后适时总结学习的得失，反思学习的效果，改进、优化并持续推进自己的学习。\n第二，依托语境开展教学，引导学生在真实、有意义的语言应用中整合性地学习语言知识。语音知识方面，要让学生学会根据重音、意群、语调与节奏等语音方面的变化，感知说话人表达的不同意义，准确地理解说话人的意图和态度，体会重音、语调和节奏等具有表意功能，并进行模仿、练习和内化，学会运用语音知识更好地表达自己的意图和态度。音标是初中阶段需要学习的语音知识内容。要帮助学生学习和掌握音标，借助音标准确读出和记忆单词，为学生开展自主学习奠定基础。词汇知识方面，要让学生认识到词汇学习不是单纯的词汇记忆和机械的操练，而是要学会运用词语在特定情境中理解和表达意义。尽量以词块的形式呈现生词，引导学生关注词语的搭配和固定的表达方式，并在围绕主题意义建构结构化知识的过程中，提炼词语的搭配和固定表达方式，构建词汇语义网，积累词块，扩大词汇量。帮助学生在大量的语言实践活动中，规范语音，练习拼读，强化语感，加强运用，内化所学。结合主题，在课堂话语和学习活动中，有意识地通过对话、讨论等复现所学词语，引导学生围绕主题使用思维导图梳理词汇。指导学生借助构词法知识和词典、词表等工具学习词语，大胆使用新的词块自主表达意义、解决新问题。语法知识方面，要帮助学生建立以语言运用为导向的“形式—意义—使用”语法观，引导学生在理解主题意义的基础上，认识到语法形式的选择取决于具体语境。重视在语境中呈现新的语法知识，指导学生在语境中观察和归纳所学语法的使用场合、表达形式、基本意义、使用规则和语用功能。根据学生的实际需求，选择和设计既有层次又强调整合的不同类型的练习和活动，巩固所学语法知识，引导学生在语境中学会应用语法知识准确地理解他人和得体地表达自己。语篇知识方面，要为学生提供接触和体验各种语篇类型的机会，指导学生学习不同文体特有的语篇结构和语言特征，关注语篇的各个组成部分及所用的语言是如何表达意义的，建立文体图式、内容图式和语言图式，避免单纯讲授语篇知识。引导学生充分利用语篇知识有效获取和传递信息，表达观点和态度。如确需补充语篇，应注意选取长度适中、难易恰当的语篇，确保所选语篇具有正确的价值导向，并有利于促进学生的知识建构和思维发展。语用知识方面，要帮助学生树立语境意识，在语言交际中关注时间、地点、场合、交际对象、人物关系、心情处境和交际目的等因素。在输出活动中，注意创设真实的、与问题解决紧密关联的语境，明确交际的目的和参与人的角色、身份、年龄及其之间的关系，引导学生根据正式或非正式场合，选择得体的方式进行沟通与交流。帮助学生了解世界主要国家人们待人接物的基本礼仪和交际方式，有效实现与他人的沟通与合作。\n第三，指导学生自主建构和内化新知，发展独立思考和合作解决问题的能力。注意在教学中放手，从关注教师教学行为的实际发生转到关注学生学习的过程和效果。以英语学习活动观为指导组织教学，引导学生在探究主题意义的活动中，利用多种工具和手段，如思维导图、信息结构图等，学会在零散的信息和新旧知识之间建立关联，自主建构基于语篇的结构化新知。重视内化环节的作用，利用个人自述、同伴互述和小组分享等活动形式巩固学生的结构化新知。设计和提出指向不同思维层次的问题，引导学生独立思考，促进他们的思维从低阶向高阶稳步发展，逐渐形成对问题的认识和态度。注意避免将教师对主题意义的理解告诉或强加给学生，以及以教师的逻辑限制学生的思考。充分利用课堂的交互性和社会性特点，为学生创造合作学习的机会，如阅读圈、读者剧场等，引领学生多角度分析、审视、赏析和评价语篇，比较文化异同，产生思维碰撞。通过语言、内容和思维融合的学习方式，引领学生在真实情境中，利用结构化新知完成真实任务，解决实际问题。\n第四，指导学生坚持开展课外阅读，注重培养和发展阅读素养。为学生提供课外阅读的环境、资源和方法，创设良好的课外阅读氛围，帮助学生在阅读中得到全方位的发展。一方面，注意选择并补充符合初中阶段学生认知发展需求和语言发展水平、题材丰富、体裁多样、国内正式出版的英语（分级）读物，或指导学生选择适合自身语言水平和兴趣爱好的阅读材料，制订课外读书计划或阅读任务清单，参照课程内容遴选阅读主题范围，如青春期学生感兴趣的，与成长、家庭、校园、科普、社会问题等相关的主题，确保内容积极向上。另一方面，督促学生每天保证一定的阅读时间，坚持精读与泛读、课内阅读与课外阅读相结合，将课外阅读任务统整至课后作业中，并组织学生定期交流展示阅读成果。教师要遵循学习规律，满足差异化需求，辅导并支持学生开展如持续默读、阅读日志、故事会、戏剧表演和读书心得分享等活动；鼓励学生将阅读经验与现实生活相联系，引发情感共鸣和阅读期待；帮助学生进一步发展阅读技能和策略，提升阅读流畅性，扩大阅读量，保持持续的阅读兴趣，养成良好的阅读习惯，形成健康的阅读情趣。\n第五，开展英语综合实践活动，提升学生运用所学语言和跨学科知识创造性解决问题的能力。引导学生结合个人生活经验和社会生活需要，围绕特定主题，由真实的问题或任务驱动，综合运用其他相关课程的知识自主开展项目学习，如与化学联合的“调查大气污染”，与道德与法治联合的“探析中华传统节日”，与历史、生物学等联合的“走进博物馆”，与地理联合的“家乡一日游”等。结合教材内容，遵循项目学习的路径，适当运用信息化手段，将语言学习和内容学习有机融合。在英语综合实践活动中，确立并引导学生围绕复杂的、来自真实情境的主题，自主、合作参与实践和探究，用英语完成设计、计划、问题解决、决策、作品创作和成果交流等一系列项目任务。在此过程中，学生运用所学语言进行有意义的思考、建构、交流和表达，呈现和展示最终的学习成果，实现学以致用、学用一体。"
      }
    },
    {
      "identifier": "urn:jy:English:SB0102:OB02,OB03:CoreLiteracy:01",
      "type": "CoreLiteracy",
      "title": "语言能力",
      "description": "语言能力指运用语言和非语言知识以及各种策略，参与特定情境下相关主题的语言活动时表现出来的语言理解和表达能力。英语语言能力的提高有助于学生提升文化意识、思维品质和学习能力，发展跨文化沟通与交流的能力。",
      "subject": "SB0102",
      "applicableLevel": [
        "OB02",
        "OB03"
      ],
      "contentJson": {
        "stageFeatures": [
          {
            "EducationalStage": "3～4年级",
            "featuresDescription": "能在教师指导和帮助下，围绕相应级别的主题，理解日常生活中熟悉的简单语言材料，识别、提取、梳理信息；运用所学语言与他人交流，描述熟悉的生活和身边的事物，并表明态度等，必要时借助模仿、重复、手势和表情等非语言手段，实现简单的沟通与交流。"
          },
          {
            "EducationalStage": "5～6年级",
            "featuresDescription": "能在教师引导和启发下，围绕相应级别的主题，理解日常生活中常见的简单语言材料，领悟其基本意义，获取和整合基本的事实性信息，把握主要内容；运用所学语言与他人交流，传递信息，叙述事件，表达看法及观点，实现基本的沟通与交流。"
          },
          {
            "EducationalStage": "7～9年级",
            "featuresDescription": "能在教师引导和协助下，围绕相应级别的主题，理解日常生活中的简单语言材料，具备一定的获取和归纳特定信息或关键信息的能力，抓住要点，分析、推断隐含的信息；运用所学语言与他人交流，描述现象与经历，介绍熟悉的人和事物，表达观点和情感态度等，表达基本准确、连贯、顺畅。"
          }
        ]
      }
    },
    {
      "identifier": "urn:jy:English:SB0102:OB02,OB03:CoreLiteracy:02",
      "type": "CoreLiteracy",
      "title": "文化意识",
      "description": "文化意识指对中外文化的理解和对优秀文化的鉴赏，是学生在新时代表现出的跨文化认知、态度和行为选择。文化意识的培育有助于学生增强家国情怀、文化自信和人类命运共同体意识，涵养品格，提升文明素养和社会责任感。",
      "subject": "SB0102",
      "applicableLevel": [
        "OB02",
        "OB03"
      ],
      "contentJson": {
        "stageFeatures": [
          {
            "EducationalStage": "3～4年级",
            "featuresDescription": "能在教师指导和帮助下，观察、感知不同国家或文化背景下人们的生活、饮食和重大节日等，有主动了解中外文化的愿望；能通过图片、简单的语言材料（如歌谣、韵文等），获取中外文化的简单信息，对所学语篇的文化内容进行比较；能用简单的单词、短语和句子描述与中外文化有关的图片、熟悉的具体现象和事物。尝试比较和识别中外文化，具有身份意识和国家认同感。"
          },
          {
            "EducationalStage": "5～6年级",
            "featuresDescription": "能在教师引导和启发下，初步了解与中外文化有关的具体现象和事物，对学习、探索中外文化有兴趣；通过常见的简单语言材料（如故事、介绍、日常对话、动画等），获取中外文化的简单信息，感知与体验文化多样性；能用简短的句子描述所学的与中外文化有关的具体事物；认同中华文化，发现和感悟其中蕴含的人生哲理或价值观，形成正确的价值观和良好的品格；初步具备比较和识别中外文化异同的能力。"
          },
          {
            "EducationalStage": "7～9年级",
            "featuresDescription": "能在教师引导和协助下，采用合适的方式、方法认识与中外文化有关的具体现象和事物；尊重并包容不同文化，涵养家国情怀，初步理解人类命运共同体的概念；能通过语言简单、主题相关的语篇材料获取并归纳中外文化信息；在参与交际活动时，意识到文化差异在语言交流中的表现，能尝试采用多种策略进行沟通和交流；能基于已有经验和知识，用所学英语描述熟悉的文化现象和文化差异；具备比较、判断常见的中外文化差异性和相似性的基本能力；能理解与感悟优秀文化的内涵，有正确的价值观、健康的审美情趣和良好的品格。"
          }
        ]
      }
    },
    {
      "identifier": "urn:jy:English:SB0102:OB02,OB03:CoreLiteracy:03",
      "type": "CoreLiteracy",
      "title": "思维品质",
      "description": "思维品质指人的思维个性特征，反映学生在理解、分析、比较、推断、批判、评价、创造等方面的层次和水平。思维品质的提升有助于学生学会发现问题、分析问题和解决问题，对事物作出正确的价值判断。",
      "subject": "SB0102",
      "applicableLevel": [
        "OB02",
        "OB03"
      ],
      "contentJson": {
        "stageFeatures": [
          {
            "EducationalStage": "3～4年级",
            "featuresDescription": "能在教师指导和帮助下，注意观察、识别所学语篇中的语言和文化现象，发现各种现象的异同；能根据获取的信息，判断主要信息和观点；初步具有问题意识，尝试从不同角度观察世界，积极提出问题。"
          },
          {
            "EducationalStage": "5～6年级",
            "featuresDescription": "能在教师引导和启发下，主动观察所学语篇中语言和文化的各种现象；通过比较，识别各种信息的相似性和差异性，发现并推断因果关系；能根据获取的信息，归纳、概括共同特征；具有问题意识，能提出自己的想法，有条理地表达观点；学会换位思考，尝试多角度认识世界，辩证地看待事物并对事物作出正确的价值判断；能初步进行独立思考，避免盲目接受或否定。"
          },
          {
            "EducationalStage": "7～9年级",
            "featuresDescription": "能在教师引导和协助下，自主采用合适的方式、方法，观察和理解所学语篇中语言和文化的各种现象；通过比较，识别关键信息，区分事实性和非事实性信息，分析和推断各种信息之间的关联和逻辑关系；能根据获取的信息，尝试归纳、概括主要观点和规律，发现问题、分析问题并逐步创造性地解决新的问题；能从不同角度认识和理解世界，对各种观点进行独立思考，判断信息的真实性，作出正确的价值判断，尝试提出合理的疑问。"
          }
        ]
      }
    },
    {
      "identifier": "urn:jy:English:SB0102:OB02,OB03:CoreLiteracy:04",
      "type": "CoreLiteracy",
      "title": "学习能力",
      "description": "学习能力指积极运用和主动调适英语学习策略、拓展英语学习渠道、努力提升英语学习效率的意识和能力。学习能力的发展有助于学生掌握科学的学习方法，养成良好的终身学习习惯。",
      "subject": "SB0102",
      "applicableLevel": [
        "OB02",
        "OB03"
      ],
      "contentJson": {
        "stageFeatures": [
          {
            "EducationalStage": "3～4年级",
            "featuresDescription": "能在教师指导和帮助下，感受英语学习的乐趣；初步认识到英语学习和汉语学习的不同；初步感受英语的发音、语调等特点，并发现简单的拼读规则；能尝试通过模仿、说唱、表演等方式参与语言实践活动。能意识到英语学习需要大胆表达，不怕犯错；能意识到在交流中需要倾听，并有礼貌地表达自己的想法。能初步制订自己的学习计划并尝试努力完成；能发现同伴的学习优点并主动请教；积极参与合作学习，初步养成良好的学习习惯。"
          },
          {
            "EducationalStage": "5～6年级",
            "featuresDescription": "能在教师引导和启发下，基本认识到英语学习的重要性，英语学习的兴趣增强；初步了解英语学习的特点和规律，尝试运用不同的英语学习策略提高学习效率，制订合理的学习计划并努力完成；根据学习进展情况对学习计划和方法进行调整和优化，初步找到适合自己的英语学习方法并加以运用；利用多种资源开展学习，初步形成自主学习的意识，基本养成良好的学习习惯。"
          },
          {
            "EducationalStage": "7～9年级",
            "featuresDescription": "能在教师引导和协助下，认识到英语学习的重要性；进一步激发英语学习的兴趣，遇到困难时具备一定的抗挫折能力；了解英语学习的特点和规律，积极尝试运用不同的英语学习策略提高学习效率，制订适合自己的学习计划并努力完成；及时反思，并根据学习进展对学习计划和策略进行调整，找到适合自己的英语学习方法并加以运用；能主动利用图书馆和其他资源进行拓展学习，初步具备自主学习、合作学习、探究学习的能力，养成良好的学习习惯。"
          }
        ]
      }
    }
  ],
  "relations": [
    {
      "relationName": "contentSupportsLiteracyDevelopment",
      "label": "支撑核心素养发展 / supportsLiteracyDevelopment",
      "source": "urn:jy:English:SB0102:OB02,OB03:CourseContent:01",
      "target": "urn:jy:English:SB0102:OB02,OB03:CoreLiteracy:01"
    },
    {
      "relationName": "literacyDevelopedByContent",
      "label": "通过课程内容发展 / developedByContent",
      "source": "urn:jy:English:SB0102:OB02,OB03:CoreLiteracy:01",
      "target": "urn:jy:English:SB0102:OB02,OB03:CourseContent:01"
    },
    {
      "relationName": "contentSupportsLiteracyDevelopment",
      "label": "支撑核心素养发展 / supportsLiteracyDevelopment",
      "source": "urn:jy:English:SB0102:OB02,OB03:CourseContent:01",
      "target": "urn:jy:English:SB0102:OB02,OB03:CoreLiteracy:02"
    },
    {
      "relationName": "literacyDevelopedByContent",
      "label": "通过课程内容发展 / developedByContent",
      "source": "urn:jy:English:SB0102:OB02,OB03:CoreLiteracy:02",
      "target": "urn:jy:English:SB0102:OB02,OB03:CourseContent:01"
    },
    {
      "relationName": "contentSupportsLiteracyDevelopment",
      "label": "支撑核心素养发展 / supportsLiteracyDevelopment",
      "source": "urn:jy:English:SB0102:OB02,OB03:CourseContent:01",
      "target": "urn:jy:English:SB0102:OB02,OB03:CoreLiteracy:03"
    },
    {
      "relationName": "literacyDevelopedByContent",
      "label": "通过课程内容发展 / developedByContent",
      "source": "urn:jy:English:SB0102:OB02,OB03:CoreLiteracy:03",
      "target": "urn:jy:English:SB0102:OB02,OB03:CourseContent:01"
    },
    {
      "relationName": "contentSupportsLiteracyDevelopment",
      "label": "支撑核心素养发展 / supportsLiteracyDevelopment",
      "source": "urn:jy:English:SB0102:OB02,OB03:CourseContent:01",
      "target": "urn:jy:English:SB0102:OB02,OB03:CoreLiteracy:04"
    },
    {
      "relationName": "literacyDevelopedByContent",
      "label": "通过课程内容发展 / developedByContent",
      "source": "urn:jy:English:SB0102:OB02,OB03:CoreLiteracy:04",
      "target": "urn:jy:English:SB0102:OB02,OB03:CourseContent:01"
    },
    {
      "relationName": "contentSupportsLiteracyDevelopment",
      "label": "支撑核心素养发展 / supportsLiteracyDevelopment",
      "source": "urn:jy:English:SB0102:OB02,OB03:CourseContent:02",
      "target": "urn:jy:English:SB0102:OB02,OB03:CoreLiteracy:01"
    },
    {
      "relationName": "literacyDevelopedByContent",
      "label": "通过课程内容发展 / developedByContent",
      "source": "urn:jy:English:SB0102:OB02,OB03:CoreLiteracy:01",
      "target": "urn:jy:English:SB0102:OB02,OB03:CourseContent:02"
    },
    {
      "relationName": "contentSupportsLiteracyDevelopment",
      "label": "支撑核心素养发展 / supportsLiteracyDevelopment",
      "source": "urn:jy:English:SB0102:OB02,OB03:CourseContent:02",
      "target": "urn:jy:English:SB0102:OB02,OB03:CoreLiteracy:02"
    },
    {
      "relationName": "literacyDevelopedByContent",
      "label": "通过课程内容发展 / developedByContent",
      "source": "urn:jy:English:SB0102:OB02,OB03:CoreLiteracy:02",
      "target": "urn:jy:English:SB0102:OB02,OB03:CourseContent:02"
    },
    {
      "relationName": "contentSupportsLiteracyDevelopment",
      "label": "支撑核心素养发展 / supportsLiteracyDevelopment",
      "source": "urn:jy:English:SB0102:OB02,OB03:CourseContent:02",
      "target": "urn:jy:English:SB0102:OB02,OB03:CoreLiteracy:03"
    },
    {
      "relationName": "literacyDevelopedByContent",
      "label": "通过课程内容发展 / developedByContent",
      "source": "urn:jy:English:SB0102:OB02,OB03:CoreLiteracy:03",
      "target": "urn:jy:English:SB0102:OB02,OB03:CourseContent:02"
    },
    {
      "relationName": "contentSupportsLiteracyDevelopment",
      "label": "支撑核心素养发展 / supportsLiteracyDevelopment",
      "source": "urn:jy:English:SB0102:OB02,OB03:CourseContent:02",
      "target": "urn:jy:English:SB0102:OB02,OB03:CoreLiteracy:04"
    },
    {
      "relationName": "literacyDevelopedByContent",
      "label": "通过课程内容发展 / developedByContent",
      "source": "urn:jy:English:SB0102:OB02,OB03:CoreLiteracy:04",
      "target": "urn:jy:English:SB0102:OB02,OB03:CourseContent:02"
    },
    {
      "relationName": "contentSupportsLiteracyDevelopment",
      "label": "支撑核心素养发展 / supportsLiteracyDevelopment",
      "source": "urn:jy:English:SB0102:OB02,OB03:CourseContent:03",
      "target": "urn:jy:English:SB0102:OB02,OB03:CoreLiteracy:01"
    },
    {
      "relationName": "literacyDevelopedByContent",
      "label": "通过课程内容发展 / developedByContent",
      "source": "urn:jy:English:SB0102:OB02,OB03:CoreLiteracy:01",
      "target": "urn:jy:English:SB0102:OB02,OB03:CourseContent:03"
    },
    {
      "relationName": "contentSupportsLiteracyDevelopment",
      "label": "支撑核心素养发展 / supportsLiteracyDevelopment",
      "source": "urn:jy:English:SB0102:OB02,OB03:CourseContent:03",
      "target": "urn:jy:English:SB0102:OB02,OB03:CoreLiteracy:02"
    },
    {
      "relationName": "literacyDevelopedByContent",
      "label": "通过课程内容发展 / developedByContent",
      "source": "urn:jy:English:SB0102:OB02,OB03:CoreLiteracy:02",
      "target": "urn:jy:English:SB0102:OB02,OB03:CourseContent:03"
    },
    {
      "relationName": "contentSupportsLiteracyDevelopment",
      "label": "支撑核心素养发展 / supportsLiteracyDevelopment",
      "source": "urn:jy:English:SB0102:OB02,OB03:CourseContent:03",
      "target": "urn:jy:English:SB0102:OB02,OB03:CoreLiteracy:03"
    },
    {
      "relationName": "literacyDevelopedByContent",
      "label": "通过课程内容发展 / developedByContent",
      "source": "urn:jy:English:SB0102:OB02,OB03:CoreLiteracy:03",
      "target": "urn:jy:English:SB0102:OB02,OB03:CourseContent:03"
    },
    {
      "relationName": "contentSupportsLiteracyDevelopment",
      "label": "支撑核心素养发展 / supportsLiteracyDevelopment",
      "source": "urn:jy:English:SB0102:OB02,OB03:CourseContent:03",
      "target": "urn:jy:English:SB0102:OB02,OB03:CoreLiteracy:04"
    },
    {
      "relationName": "literacyDevelopedByContent",
      "label": "通过课程内容发展 / developedByContent",
      "source": "urn:jy:English:SB0102:OB02,OB03:CoreLiteracy:04",
      "target": "urn:jy:English:SB0102:OB02,OB03:CourseContent:03"
    },
    {
      "relationName": "contentSupportsLiteracyDevelopment",
      "label": "支撑核心素养发展 / supportsLiteracyDevelopment",
      "source": "urn:jy:English:SB0102:OB02,OB03:CourseContent:04",
      "target": "urn:jy:English:SB0102:OB02,OB03:CoreLiteracy:01"
    },
    {
      "relationName": "literacyDevelopedByContent",
      "label": "通过课程内容发展 / developedByContent",
      "source": "urn:jy:English:SB0102:OB02,OB03:CoreLiteracy:01",
      "target": "urn:jy:English:SB0102:OB02,OB03:CourseContent:04"
    },
    {
      "relationName": "contentSupportsLiteracyDevelopment",
      "label": "支撑核心素养发展 / supportsLiteracyDevelopment",
      "source": "urn:jy:English:SB0102:OB02,OB03:CourseContent:04",
      "target": "urn:jy:English:SB0102:OB02,OB03:CoreLiteracy:02"
    },
    {
      "relationName": "literacyDevelopedByContent",
      "label": "通过课程内容发展 / developedByContent",
      "source": "urn:jy:English:SB0102:OB02,OB03:CoreLiteracy:02",
      "target": "urn:jy:English:SB0102:OB02,OB03:CourseContent:04"
    },
    {
      "relationName": "contentSupportsLiteracyDevelopment",
      "label": "支撑核心素养发展 / supportsLiteracyDevelopment",
      "source": "urn:jy:English:SB0102:OB02,OB03:CourseContent:04",
      "target": "urn:jy:English:SB0102:OB02,OB03:CoreLiteracy:03"
    },
    {
      "relationName": "literacyDevelopedByContent",
      "label": "通过课程内容发展 / developedByContent",
      "source": "urn:jy:English:SB0102:OB02,OB03:CoreLiteracy:03",
      "target": "urn:jy:English:SB0102:OB02,OB03:CourseContent:04"
    },
    {
      "relationName": "contentSupportsLiteracyDevelopment",
      "label": "支撑核心素养发展 / supportsLiteracyDevelopment",
      "source": "urn:jy:English:SB0102:OB02,OB03:CourseContent:04",
      "target": "urn:jy:English:SB0102:OB02,OB03:CoreLiteracy:04"
    },
    {
      "relationName": "literacyDevelopedByContent",
      "label": "通过课程内容发展 / developedByContent",
      "source": "urn:jy:English:SB0102:OB02,OB03:CoreLiteracy:04",
      "target": "urn:jy:English:SB0102:OB02,OB03:CourseContent:04"
    },
    {
      "relationName": "contentSupportsLiteracyDevelopment",
      "label": "支撑核心素养发展 / supportsLiteracyDevelopment",
      "source": "urn:jy:English:SB0102:OB02,OB03:CourseContent:05",
      "target": "urn:jy:English:SB0102:OB02,OB03:CoreLiteracy:01"
    },
    {
      "relationName": "literacyDevelopedByContent",
      "label": "通过课程内容发展 / developedByContent",
      "source": "urn:jy:English:SB0102:OB02,OB03:CoreLiteracy:01",
      "target": "urn:jy:English:SB0102:OB02,OB03:CourseContent:05"
    },
    {
      "relationName": "contentSupportsLiteracyDevelopment",
      "label": "支撑核心素养发展 / supportsLiteracyDevelopment",
      "source": "urn:jy:English:SB0102:OB02,OB03:CourseContent:05",
      "target": "urn:jy:English:SB0102:OB02,OB03:CoreLiteracy:02"
    },
    {
      "relationName": "literacyDevelopedByContent",
      "label": "通过课程内容发展 / developedByContent",
      "source": "urn:jy:English:SB0102:OB02,OB03:CoreLiteracy:02",
      "target": "urn:jy:English:SB0102:OB02,OB03:CourseContent:05"
    },
    {
      "relationName": "contentSupportsLiteracyDevelopment",
      "label": "支撑核心素养发展 / supportsLiteracyDevelopment",
      "source": "urn:jy:English:SB0102:OB02,OB03:CourseContent:05",
      "target": "urn:jy:English:SB0102:OB02,OB03:CoreLiteracy:03"
    },
    {
      "relationName": "literacyDevelopedByContent",
      "label": "通过课程内容发展 / developedByContent",
      "source": "urn:jy:English:SB0102:OB02,OB03:CoreLiteracy:03",
      "target": "urn:jy:English:SB0102:OB02,OB03:CourseContent:05"
    },
    {
      "relationName": "contentSupportsLiteracyDevelopment",
      "label": "支撑核心素养发展 / supportsLiteracyDevelopment",
      "source": "urn:jy:English:SB0102:OB02,OB03:CourseContent:05",
      "target": "urn:jy:English:SB0102:OB02,OB03:CoreLiteracy:04"
    },
    {
      "relationName": "literacyDevelopedByContent",
      "label": "通过课程内容发展 / developedByContent",
      "source": "urn:jy:English:SB0102:OB02,OB03:CoreLiteracy:04",
      "target": "urn:jy:English:SB0102:OB02,OB03:CourseContent:05"
    },
    {
      "relationName": "contentSupportsLiteracyDevelopment",
      "label": "支撑核心素养发展 / supportsLiteracyDevelopment",
      "source": "urn:jy:English:SB0102:OB02,OB03:CourseContent:06",
      "target": "urn:jy:English:SB0102:OB02,OB03:CoreLiteracy:01"
    },
    {
      "relationName": "literacyDevelopedByContent",
      "label": "通过课程内容发展 / developedByContent",
      "source": "urn:jy:English:SB0102:OB02,OB03:CoreLiteracy:01",
      "target": "urn:jy:English:SB0102:OB02,OB03:CourseContent:06"
    },
    {
      "relationName": "contentSupportsLiteracyDevelopment",
      "label": "支撑核心素养发展 / supportsLiteracyDevelopment",
      "source": "urn:jy:English:SB0102:OB02,OB03:CourseContent:06",
      "target": "urn:jy:English:SB0102:OB02,OB03:CoreLiteracy:02"
    },
    {
      "relationName": "literacyDevelopedByContent",
      "label": "通过课程内容发展 / developedByContent",
      "source": "urn:jy:English:SB0102:OB02,OB03:CoreLiteracy:02",
      "target": "urn:jy:English:SB0102:OB02,OB03:CourseContent:06"
    },
    {
      "relationName": "contentSupportsLiteracyDevelopment",
      "label": "支撑核心素养发展 / supportsLiteracyDevelopment",
      "source": "urn:jy:English:SB0102:OB02,OB03:CourseContent:06",
      "target": "urn:jy:English:SB0102:OB02,OB03:CoreLiteracy:03"
    },
    {
      "relationName": "literacyDevelopedByContent",
      "label": "通过课程内容发展 / developedByContent",
      "source": "urn:jy:English:SB0102:OB02,OB03:CoreLiteracy:03",
      "target": "urn:jy:English:SB0102:OB02,OB03:CourseContent:06"
    },
    {
      "relationName": "contentSupportsLiteracyDevelopment",
      "label": "支撑核心素养发展 / supportsLiteracyDevelopment",
      "source": "urn:jy:English:SB0102:OB02,OB03:CourseContent:06",
      "target": "urn:jy:English:SB0102:OB02,OB03:CoreLiteracy:04"
    },
    {
      "relationName": "literacyDevelopedByContent",
      "label": "通过课程内容发展 / developedByContent",
      "source": "urn:jy:English:SB0102:OB02,OB03:CoreLiteracy:04",
      "target": "urn:jy:English:SB0102:OB02,OB03:CourseContent:06"
    },
    {
      "relationName": "contentSupportsLiteracyDevelopment",
      "label": "支撑核心素养发展 / supportsLiteracyDevelopment",
      "source": "urn:jy:English:SB0102:OB02,OB03:CourseContent:07",
      "target": "urn:jy:English:SB0102:OB02,OB03:CoreLiteracy:01"
    },
    {
      "relationName": "literacyDevelopedByContent",
      "label": "通过课程内容发展 / developedByContent",
      "source": "urn:jy:English:SB0102:OB02,OB03:CoreLiteracy:01",
      "target": "urn:jy:English:SB0102:OB02,OB03:CourseContent:07"
    },
    {
      "relationName": "contentSupportsLiteracyDevelopment",
      "label": "支撑核心素养发展 / supportsLiteracyDevelopment",
      "source": "urn:jy:English:SB0102:OB02,OB03:CourseContent:07",
      "target": "urn:jy:English:SB0102:OB02,OB03:CoreLiteracy:02"
    },
    {
      "relationName": "literacyDevelopedByContent",
      "label": "通过课程内容发展 / developedByContent",
      "source": "urn:jy:English:SB0102:OB02,OB03:CoreLiteracy:02",
      "target": "urn:jy:English:SB0102:OB02,OB03:CourseContent:07"
    },
    {
      "relationName": "contentSupportsLiteracyDevelopment",
      "label": "支撑核心素养发展 / supportsLiteracyDevelopment",
      "source": "urn:jy:English:SB0102:OB02,OB03:CourseContent:07",
      "target": "urn:jy:English:SB0102:OB02,OB03:CoreLiteracy:03"
    },
    {
      "relationName": "literacyDevelopedByContent",
      "label": "通过课程内容发展 / developedByContent",
      "source": "urn:jy:English:SB0102:OB02,OB03:CoreLiteracy:03",
      "target": "urn:jy:English:SB0102:OB02,OB03:CourseContent:07"
    },
    {
      "relationName": "contentSupportsLiteracyDevelopment",
      "label": "支撑核心素养发展 / supportsLiteracyDevelopment",
      "source": "urn:jy:English:SB0102:OB02,OB03:CourseContent:07",
      "target": "urn:jy:English:SB0102:OB02,OB03:CoreLiteracy:04"
    },
    {
      "relationName": "literacyDevelopedByContent",
      "label": "通过课程内容发展 / developedByContent",
      "source": "urn:jy:English:SB0102:OB02,OB03:CoreLiteracy:04",
      "target": "urn:jy:English:SB0102:OB02,OB03:CourseContent:07"
    },
    {
      "relationName": "contentSupportsLiteracyDevelopment",
      "label": "支撑核心素养发展 / supportsLiteracyDevelopment",
      "source": "urn:jy:English:SB0102:OB02,OB03:CourseContent:08",
      "target": "urn:jy:English:SB0102:OB02,OB03:CoreLiteracy:01"
    },
    {
      "relationName": "literacyDevelopedByContent",
      "label": "通过课程内容发展 / developedByContent",
      "source": "urn:jy:English:SB0102:OB02,OB03:CoreLiteracy:01",
      "target": "urn:jy:English:SB0102:OB02,OB03:CourseContent:08"
    },
    {
      "relationName": "contentSupportsLiteracyDevelopment",
      "label": "支撑核心素养发展 / supportsLiteracyDevelopment",
      "source": "urn:jy:English:SB0102:OB02,OB03:CourseContent:08",
      "target": "urn:jy:English:SB0102:OB02,OB03:CoreLiteracy:02"
    },
    {
      "relationName": "literacyDevelopedByContent",
      "label": "通过课程内容发展 / developedByContent",
      "source": "urn:jy:English:SB0102:OB02,OB03:CoreLiteracy:02",
      "target": "urn:jy:English:SB0102:OB02,OB03:CourseContent:08"
    },
    {
      "relationName": "contentSupportsLiteracyDevelopment",
      "label": "支撑核心素养发展 / supportsLiteracyDevelopment",
      "source": "urn:jy:English:SB0102:OB02,OB03:CourseContent:08",
      "target": "urn:jy:English:SB0102:OB02,OB03:CoreLiteracy:03"
    },
    {
      "relationName": "literacyDevelopedByContent",
      "label": "通过课程内容发展 / developedByContent",
      "source": "urn:jy:English:SB0102:OB02,OB03:CoreLiteracy:03",
      "target": "urn:jy:English:SB0102:OB02,OB03:CourseContent:08"
    },
    {
      "relationName": "contentSupportsLiteracyDevelopment",
      "label": "支撑核心素养发展 / supportsLiteracyDevelopment",
      "source": "urn:jy:English:SB0102:OB02,OB03:CourseContent:08",
      "target": "urn:jy:English:SB0102:OB02,OB03:CoreLiteracy:04"
    },
    {
      "relationName": "literacyDevelopedByContent",
      "label": "通过课程内容发展 / developedByContent",
      "source": "urn:jy:English:SB0102:OB02,OB03:CoreLiteracy:04",
      "target": "urn:jy:English:SB0102:OB02,OB03:CourseContent:08"
    },
    {
      "relationName": "contentSupportsLiteracyDevelopment",
      "label": "支撑核心素养发展 / supportsLiteracyDevelopment",
      "source": "urn:jy:English:SB0102:OB02,OB03:CourseContent:09",
      "target": "urn:jy:English:SB0102:OB02,OB03:CoreLiteracy:01"
    },
    {
      "relationName": "literacyDevelopedByContent",
      "label": "通过课程内容发展 / developedByContent",
      "source": "urn:jy:English:SB0102:OB02,OB03:CoreLiteracy:01",
      "target": "urn:jy:English:SB0102:OB02,OB03:CourseContent:09"
    },
    {
      "relationName": "contentSupportsLiteracyDevelopment",
      "label": "支撑核心素养发展 / supportsLiteracyDevelopment",
      "source": "urn:jy:English:SB0102:OB02,OB03:CourseContent:09",
      "target": "urn:jy:English:SB0102:OB02,OB03:CoreLiteracy:02"
    },
    {
      "relationName": "literacyDevelopedByContent",
      "label": "通过课程内容发展 / developedByContent",
      "source": "urn:jy:English:SB0102:OB02,OB03:CoreLiteracy:02",
      "target": "urn:jy:English:SB0102:OB02,OB03:CourseContent:09"
    },
    {
      "relationName": "contentSupportsLiteracyDevelopment",
      "label": "支撑核心素养发展 / supportsLiteracyDevelopment",
      "source": "urn:jy:English:SB0102:OB02,OB03:CourseContent:09",
      "target": "urn:jy:English:SB0102:OB02,OB03:CoreLiteracy:03"
    },
    {
      "relationName": "literacyDevelopedByContent",
      "label": "通过课程内容发展 / developedByContent",
      "source": "urn:jy:English:SB0102:OB02,OB03:CoreLiteracy:03",
      "target": "urn:jy:English:SB0102:OB02,OB03:CourseContent:09"
    },
    {
      "relationName": "contentSupportsLiteracyDevelopment",
      "label": "支撑核心素养发展 / supportsLiteracyDevelopment",
      "source": "urn:jy:English:SB0102:OB02,OB03:CourseContent:09",
      "target": "urn:jy:English:SB0102:OB02,OB03:CoreLiteracy:04"
    },
    {
      "relationName": "literacyDevelopedByContent",
      "label": "通过课程内容发展 / developedByContent",
      "source": "urn:jy:English:SB0102:OB02,OB03:CoreLiteracy:04",
      "target": "urn:jy:English:SB0102:OB02,OB03:CourseContent:09"
    },
    {
      "relationName": "contentSupportsLiteracyDevelopment",
      "label": "支撑核心素养发展 / supportsLiteracyDevelopment",
      "source": "urn:jy:English:SB0102:OB02,OB03:CourseContent:10",
      "target": "urn:jy:English:SB0102:OB02,OB03:CoreLiteracy:01"
    },
    {
      "relationName": "literacyDevelopedByContent",
      "label": "通过课程内容发展 / developedByContent",
      "source": "urn:jy:English:SB0102:OB02,OB03:CoreLiteracy:01",
      "target": "urn:jy:English:SB0102:OB02,OB03:CourseContent:10"
    },
    {
      "relationName": "contentSupportsLiteracyDevelopment",
      "label": "支撑核心素养发展 / supportsLiteracyDevelopment",
      "source": "urn:jy:English:SB0102:OB02,OB03:CourseContent:10",
      "target": "urn:jy:English:SB0102:OB02,OB03:CoreLiteracy:02"
    },
    {
      "relationName": "literacyDevelopedByContent",
      "label": "通过课程内容发展 / developedByContent",
      "source": "urn:jy:English:SB0102:OB02,OB03:CoreLiteracy:02",
      "target": "urn:jy:English:SB0102:OB02,OB03:CourseContent:10"
    },
    {
      "relationName": "contentSupportsLiteracyDevelopment",
      "label": "支撑核心素养发展 / supportsLiteracyDevelopment",
      "source": "urn:jy:English:SB0102:OB02,OB03:CourseContent:10",
      "target": "urn:jy:English:SB0102:OB02,OB03:CoreLiteracy:03"
    },
    {
      "relationName": "literacyDevelopedByContent",
      "label": "通过课程内容发展 / developedByContent",
      "source": "urn:jy:English:SB0102:OB02,OB03:CoreLiteracy:03",
      "target": "urn:jy:English:SB0102:OB02,OB03:CourseContent:10"
    },
    {
      "relationName": "contentSupportsLiteracyDevelopment",
      "label": "支撑核心素养发展 / supportsLiteracyDevelopment",
      "source": "urn:jy:English:SB0102:OB02,OB03:CourseContent:10",
      "target": "urn:jy:English:SB0102:OB02,OB03:CoreLiteracy:04"
    },
    {
      "relationName": "literacyDevelopedByContent",
      "label": "通过课程内容发展 / developedByContent",
      "source": "urn:jy:English:SB0102:OB02,OB03:CoreLiteracy:04",
      "target": "urn:jy:English:SB0102:OB02,OB03:CourseContent:10"
    }
  ]
}