[
  {
    "relationName": "coreLiteracyAlignsWithAcademicQuality",
    "label": "核心素养对齐学业质量 / alignsWithAcademicQuality",
    "source": "urn:jy:physics:SB0401:OB06:CoreLiteracy:1",
    "target": "urn:jy:physics:SB0401:OB06:AcademicQuality:1",
    "evidence": {
      "fromCoreLiteracy": "能从物理学视角描述物理现象，具有对物质的初步认识。",
      "fromAcademicQuality": "1.1 能从物理学视角描述物理现象，具有对物质、运动和相互作用、能量的初步认识；有探索自然、了解自然奥秘的兴趣，知道物理学是人类对自然现象有意识的探究，需要接受实践的检验；了解物理研究与应用会涉及的基本道德与规范问题，了解科学、技术、社会及环境的关系，认识保护环境、节约资源、促进可持续发展的重要性，能为我国在科技领域的卓越成就感到自豪，具有科技强国和实现中华民族伟大复兴的责任感。 1.2 能在熟悉的实际情境中，应用力学、电磁学等领域的概念和规律，对物理现象进行简单分析，解释自然现象和解决实际问题；能从物理学视角提出物理问题，会运用常见的物理模型解决问题；能根据已有的科学探究方案，借助基本实验器材进行实验等方式获得证据；能通过分析和综…",
      "standardLevel": "1"
    }
  },
  {
    "relationName": "academicQualityReflectsCoreLiteracy",
    "label": "学业质量体现核心素养 / reflectsCoreLiteracy",
    "source": "urn:jy:physics:SB0401:OB06:AcademicQuality:1",
    "target": "urn:jy:physics:SB0401:OB06:CoreLiteracy:1",
    "evidence": {
      "fromAcademicQuality": "1.1 能从物理学视角描述物理现象，具有对物质、运动和相互作用、能量的初步认识；有探索自然、了解自然奥秘的兴趣，知道物理学是人类对自然现象有意识的探究，需要接受实践的检验；了解物理研究与应用会涉及的基本道德与规范问题，了解科学、技术、社会及环境的关系，认识保护环境、节约资源、促进可持续发展的重要性，能为我国在科技领域的卓越成就感到自豪，具有科技强国和实现中华民族伟大复兴的责任感。 1.2 能在熟悉的实际情境中，应用力学、电磁学等领域的概念和规律，对物理现象进行简单分析，解释自然现象和解决实际问题；能从物理学视角提出物理问题，会运用常见的物理模型解决问题；能根据已有的科学探究方案，借助基本实验器材进行实验等方式获得证据；能通过分析和综…",
      "fromCoreLiteracy": "能从物理学视角描述物理现象，具有对物质的初步认识。",
      "standardLevel": "1"
    }
  },
  {
    "relationName": "coreLiteracyAlignsWithAcademicQuality",
    "label": "核心素养对齐学业质量 / alignsWithAcademicQuality",
    "source": "urn:jy:physics:SB0401:OB06:CoreLiteracy:2",
    "target": "urn:jy:physics:SB0401:OB06:AcademicQuality:2",
    "evidence": {
      "fromCoreLiteracy": "能从物理学视角描述和分析实际情境中的物理现象，具有对物质的基本认识。",
      "fromAcademicQuality": "2.1 能从物理学视角描述和分析实际情境中的物理现象，具有对物质、运动和相互作用、能量的基本认识；有较强的学习和研究物理的兴趣，认识到物理研究是建立在观察和实验基础上的一项创造性工作；知道物理研究与应用应考虑道德与规范的要求，认识科学、技术、社会及环境的关系，有保护环境、节约资源、促进可持续发展的意识，能为我国在科技领域的卓越成就感到自豪，具有科技强国和实现中华民族伟大复兴的责任感和使命感。 2.2 能在熟悉的实际情境中，应用力学、电磁学、光学、热学及原子物理学等领域的概念和规律，对物理现象进行描述与分析，解释自然现象和解决实际问题；能从物理学视角提出可探究的物理问题，选用恰当的物理模型作出猜想和假设；能在他人的帮助下制订可行的科学…",
      "standardLevel": "2"
    }
  },
  {
    "relationName": "academicQualityReflectsCoreLiteracy",
    "label": "学业质量体现核心素养 / reflectsCoreLiteracy",
    "source": "urn:jy:physics:SB0401:OB06:AcademicQuality:2",
    "target": "urn:jy:physics:SB0401:OB06:CoreLiteracy:2",
    "evidence": {
      "fromAcademicQuality": "2.1 能从物理学视角描述和分析实际情境中的物理现象，具有对物质、运动和相互作用、能量的基本认识；有较强的学习和研究物理的兴趣，认识到物理研究是建立在观察和实验基础上的一项创造性工作；知道物理研究与应用应考虑道德与规范的要求，认识科学、技术、社会及环境的关系，有保护环境、节约资源、促进可持续发展的意识，能为我国在科技领域的卓越成就感到自豪，具有科技强国和实现中华民族伟大复兴的责任感和使命感。 2.2 能在熟悉的实际情境中，应用力学、电磁学、光学、热学及原子物理学等领域的概念和规律，对物理现象进行描述与分析，解释自然现象和解决实际问题；能从物理学视角提出可探究的物理问题，选用恰当的物理模型作出猜想和假设；能在他人的帮助下制订可行的科学…",
      "fromCoreLiteracy": "能从物理学视角描述和分析实际情境中的物理现象，具有对物质的基本认识。",
      "standardLevel": "2"
    }
  },
  {
    "relationName": "coreLiteracyAlignsWithAcademicQuality",
    "label": "核心素养对齐学业质量 / alignsWithAcademicQuality",
    "source": "urn:jy:physics:SB0401:OB06:CoreLiteracy:3",
    "target": "urn:jy:physics:SB0401:OB06:AcademicQuality:3",
    "evidence": {
      "fromCoreLiteracy": "能从物理学视角解释实际情境中的物理现象，具有对物质的清晰认识。",
      "fromAcademicQuality": "3.1 能从物理学视角解释实际情境中的物理现象，具有对物质、运动和相互作用、能量的清晰认识；有学习和研究物理的内在动机，认识到物理研究是一种对自然现象进行抽象的创造性工作；能依据普遍接受的道德与规范认识和评价物理研究与应用，理解科学、技术、社会及环境的关系，有保护环境、节约资源、促进可持续发展的行为，为我国在科技领域的卓越成就感到光荣和自豪，具有科技强国和全面推进中华民族伟大复兴的责任感和使命感。 3.2 能在实际情境中，综合应用力学、电磁学、光学、热学及原子物理学等领域的概念和规律，科学地解释自然现象，熟练地解决实际问题；能从物理学视角提出并准确表述可探究的物理问题，根据问题情境和物理模型的关键特征，将研究对象转换成物理模型，并进…",
      "standardLevel": "3"
    }
  },
  {
    "relationName": "academicQualityReflectsCoreLiteracy",
    "label": "学业质量体现核心素养 / reflectsCoreLiteracy",
    "source": "urn:jy:physics:SB0401:OB06:AcademicQuality:3",
    "target": "urn:jy:physics:SB0401:OB06:CoreLiteracy:3",
    "evidence": {
      "fromAcademicQuality": "3.1 能从物理学视角解释实际情境中的物理现象，具有对物质、运动和相互作用、能量的清晰认识；有学习和研究物理的内在动机，认识到物理研究是一种对自然现象进行抽象的创造性工作；能依据普遍接受的道德与规范认识和评价物理研究与应用，理解科学、技术、社会及环境的关系，有保护环境、节约资源、促进可持续发展的行为，为我国在科技领域的卓越成就感到光荣和自豪，具有科技强国和全面推进中华民族伟大复兴的责任感和使命感。 3.2 能在实际情境中，综合应用力学、电磁学、光学、热学及原子物理学等领域的概念和规律，科学地解释自然现象，熟练地解决实际问题；能从物理学视角提出并准确表述可探究的物理问题，根据问题情境和物理模型的关键特征，将研究对象转换成物理模型，并进…",
      "fromCoreLiteracy": "能从物理学视角解释实际情境中的物理现象，具有对物质的清晰认识。",
      "standardLevel": "3"
    }
  },
  {
    "relationName": "coreLiteracyAlignsWithAcademicQuality",
    "label": "核心素养对齐学业质量 / alignsWithAcademicQuality",
    "source": "urn:jy:physics:SB0401:OB06:CoreLiteracy:4",
    "target": "urn:jy:physics:SB0401:OB06:AcademicQuality:1",
    "evidence": {
      "fromCoreLiteracy": "能从物理学视角描述物理现象，具有对运动和相互作用的初步认识。",
      "fromAcademicQuality": "1.1 能从物理学视角描述物理现象，具有对物质、运动和相互作用、能量的初步认识；有探索自然、了解自然奥秘的兴趣，知道物理学是人类对自然现象有意识的探究，需要接受实践的检验；了解物理研究与应用会涉及的基本道德与规范问题，了解科学、技术、社会及环境的关系，认识保护环境、节约资源、促进可持续发展的重要性，能为我国在科技领域的卓越成就感到自豪，具有科技强国和实现中华民族伟大复兴的责任感。 1.2 能在熟悉的实际情境中，应用力学、电磁学等领域的概念和规律，对物理现象进行简单分析，解释自然现象和解决实际问题；能从物理学视角提出物理问题，会运用常见的物理模型解决问题；能根据已有的科学探究方案，借助基本实验器材进行实验等方式获得证据；能通过分析和综…",
      "standardLevel": "1"
    }
  },
  {
    "relationName": "academicQualityReflectsCoreLiteracy",
    "label": "学业质量体现核心素养 / reflectsCoreLiteracy",
    "source": "urn:jy:physics:SB0401:OB06:AcademicQuality:1",
    "target": "urn:jy:physics:SB0401:OB06:CoreLiteracy:4",
    "evidence": {
      "fromAcademicQuality": "1.1 能从物理学视角描述物理现象，具有对物质、运动和相互作用、能量的初步认识；有探索自然、了解自然奥秘的兴趣，知道物理学是人类对自然现象有意识的探究，需要接受实践的检验；了解物理研究与应用会涉及的基本道德与规范问题，了解科学、技术、社会及环境的关系，认识保护环境、节约资源、促进可持续发展的重要性，能为我国在科技领域的卓越成就感到自豪，具有科技强国和实现中华民族伟大复兴的责任感。 1.2 能在熟悉的实际情境中，应用力学、电磁学等领域的概念和规律，对物理现象进行简单分析，解释自然现象和解决实际问题；能从物理学视角提出物理问题，会运用常见的物理模型解决问题；能根据已有的科学探究方案，借助基本实验器材进行实验等方式获得证据；能通过分析和综…",
      "fromCoreLiteracy": "能从物理学视角描述物理现象，具有对运动和相互作用的初步认识。",
      "standardLevel": "1"
    }
  },
  {
    "relationName": "coreLiteracyAlignsWithAcademicQuality",
    "label": "核心素养对齐学业质量 / alignsWithAcademicQuality",
    "source": "urn:jy:physics:SB0401:OB06:CoreLiteracy:5",
    "target": "urn:jy:physics:SB0401:OB06:AcademicQuality:2",
    "evidence": {
      "fromCoreLiteracy": "能从物理学视角描述和分析实际情境中的物理现象，具有对运动和相互作用的基本认识。",
      "fromAcademicQuality": "2.1 能从物理学视角描述和分析实际情境中的物理现象，具有对物质、运动和相互作用、能量的基本认识；有较强的学习和研究物理的兴趣，认识到物理研究是建立在观察和实验基础上的一项创造性工作；知道物理研究与应用应考虑道德与规范的要求，认识科学、技术、社会及环境的关系，有保护环境、节约资源、促进可持续发展的意识，能为我国在科技领域的卓越成就感到自豪，具有科技强国和实现中华民族伟大复兴的责任感和使命感。 2.2 能在熟悉的实际情境中，应用力学、电磁学、光学、热学及原子物理学等领域的概念和规律，对物理现象进行描述与分析，解释自然现象和解决实际问题；能从物理学视角提出可探究的物理问题，选用恰当的物理模型作出猜想和假设；能在他人的帮助下制订可行的科学…",
      "standardLevel": "2"
    }
  },
  {
    "relationName": "academicQualityReflectsCoreLiteracy",
    "label": "学业质量体现核心素养 / reflectsCoreLiteracy",
    "source": "urn:jy:physics:SB0401:OB06:AcademicQuality:2",
    "target": "urn:jy:physics:SB0401:OB06:CoreLiteracy:5",
    "evidence": {
      "fromAcademicQuality": "2.1 能从物理学视角描述和分析实际情境中的物理现象，具有对物质、运动和相互作用、能量的基本认识；有较强的学习和研究物理的兴趣，认识到物理研究是建立在观察和实验基础上的一项创造性工作；知道物理研究与应用应考虑道德与规范的要求，认识科学、技术、社会及环境的关系，有保护环境、节约资源、促进可持续发展的意识，能为我国在科技领域的卓越成就感到自豪，具有科技强国和实现中华民族伟大复兴的责任感和使命感。 2.2 能在熟悉的实际情境中，应用力学、电磁学、光学、热学及原子物理学等领域的概念和规律，对物理现象进行描述与分析，解释自然现象和解决实际问题；能从物理学视角提出可探究的物理问题，选用恰当的物理模型作出猜想和假设；能在他人的帮助下制订可行的科学…",
      "fromCoreLiteracy": "能从物理学视角描述和分析实际情境中的物理现象，具有对运动和相互作用的基本认识。",
      "standardLevel": "2"
    }
  },
  {
    "relationName": "coreLiteracyAlignsWithAcademicQuality",
    "label": "核心素养对齐学业质量 / alignsWithAcademicQuality",
    "source": "urn:jy:physics:SB0401:OB06:CoreLiteracy:6",
    "target": "urn:jy:physics:SB0401:OB06:AcademicQuality:3",
    "evidence": {
      "fromCoreLiteracy": "能从物理学视角解释实际情境中的物理现象，具有对运动和相互作用的清晰认识。",
      "fromAcademicQuality": "3.1 能从物理学视角解释实际情境中的物理现象，具有对物质、运动和相互作用、能量的清晰认识；有学习和研究物理的内在动机，认识到物理研究是一种对自然现象进行抽象的创造性工作；能依据普遍接受的道德与规范认识和评价物理研究与应用，理解科学、技术、社会及环境的关系，有保护环境、节约资源、促进可持续发展的行为，为我国在科技领域的卓越成就感到光荣和自豪，具有科技强国和全面推进中华民族伟大复兴的责任感和使命感。 3.2 能在实际情境中，综合应用力学、电磁学、光学、热学及原子物理学等领域的概念和规律，科学地解释自然现象，熟练地解决实际问题；能从物理学视角提出并准确表述可探究的物理问题，根据问题情境和物理模型的关键特征，将研究对象转换成物理模型，并进…",
      "standardLevel": "3"
    }
  },
  {
    "relationName": "academicQualityReflectsCoreLiteracy",
    "label": "学业质量体现核心素养 / reflectsCoreLiteracy",
    "source": "urn:jy:physics:SB0401:OB06:AcademicQuality:3",
    "target": "urn:jy:physics:SB0401:OB06:CoreLiteracy:6",
    "evidence": {
      "fromAcademicQuality": "3.1 能从物理学视角解释实际情境中的物理现象，具有对物质、运动和相互作用、能量的清晰认识；有学习和研究物理的内在动机，认识到物理研究是一种对自然现象进行抽象的创造性工作；能依据普遍接受的道德与规范认识和评价物理研究与应用，理解科学、技术、社会及环境的关系，有保护环境、节约资源、促进可持续发展的行为，为我国在科技领域的卓越成就感到光荣和自豪，具有科技强国和全面推进中华民族伟大复兴的责任感和使命感。 3.2 能在实际情境中，综合应用力学、电磁学、光学、热学及原子物理学等领域的概念和规律，科学地解释自然现象，熟练地解决实际问题；能从物理学视角提出并准确表述可探究的物理问题，根据问题情境和物理模型的关键特征，将研究对象转换成物理模型，并进…",
      "fromCoreLiteracy": "能从物理学视角解释实际情境中的物理现象，具有对运动和相互作用的清晰认识。",
      "standardLevel": "3"
    }
  },
  {
    "relationName": "coreLiteracyAlignsWithAcademicQuality",
    "label": "核心素养对齐学业质量 / alignsWithAcademicQuality",
    "source": "urn:jy:physics:SB0401:OB06:CoreLiteracy:7",
    "target": "urn:jy:physics:SB0401:OB06:AcademicQuality:1",
    "evidence": {
      "fromCoreLiteracy": "能从物理学视角描述物理现象，具有对能量的初步认识。",
      "fromAcademicQuality": "1.1 能从物理学视角描述物理现象，具有对物质、运动和相互作用、能量的初步认识；有探索自然、了解自然奥秘的兴趣，知道物理学是人类对自然现象有意识的探究，需要接受实践的检验；了解物理研究与应用会涉及的基本道德与规范问题，了解科学、技术、社会及环境的关系，认识保护环境、节约资源、促进可持续发展的重要性，能为我国在科技领域的卓越成就感到自豪，具有科技强国和实现中华民族伟大复兴的责任感。 1.2 能在熟悉的实际情境中，应用力学、电磁学等领域的概念和规律，对物理现象进行简单分析，解释自然现象和解决实际问题；能从物理学视角提出物理问题，会运用常见的物理模型解决问题；能根据已有的科学探究方案，借助基本实验器材进行实验等方式获得证据；能通过分析和综…",
      "standardLevel": "1"
    }
  },
  {
    "relationName": "academicQualityReflectsCoreLiteracy",
    "label": "学业质量体现核心素养 / reflectsCoreLiteracy",
    "source": "urn:jy:physics:SB0401:OB06:AcademicQuality:1",
    "target": "urn:jy:physics:SB0401:OB06:CoreLiteracy:7",
    "evidence": {
      "fromAcademicQuality": "1.1 能从物理学视角描述物理现象，具有对物质、运动和相互作用、能量的初步认识；有探索自然、了解自然奥秘的兴趣，知道物理学是人类对自然现象有意识的探究，需要接受实践的检验；了解物理研究与应用会涉及的基本道德与规范问题，了解科学、技术、社会及环境的关系，认识保护环境、节约资源、促进可持续发展的重要性，能为我国在科技领域的卓越成就感到自豪，具有科技强国和实现中华民族伟大复兴的责任感。 1.2 能在熟悉的实际情境中，应用力学、电磁学等领域的概念和规律，对物理现象进行简单分析，解释自然现象和解决实际问题；能从物理学视角提出物理问题，会运用常见的物理模型解决问题；能根据已有的科学探究方案，借助基本实验器材进行实验等方式获得证据；能通过分析和综…",
      "fromCoreLiteracy": "能从物理学视角描述物理现象，具有对能量的初步认识。",
      "standardLevel": "1"
    }
  },
  {
    "relationName": "coreLiteracyAlignsWithAcademicQuality",
    "label": "核心素养对齐学业质量 / alignsWithAcademicQuality",
    "source": "urn:jy:physics:SB0401:OB06:CoreLiteracy:8",
    "target": "urn:jy:physics:SB0401:OB06:AcademicQuality:2",
    "evidence": {
      "fromCoreLiteracy": "能从物理学视角描述和分析实际情境中的物理现象，具有对能量的基本认识。",
      "fromAcademicQuality": "2.1 能从物理学视角描述和分析实际情境中的物理现象，具有对物质、运动和相互作用、能量的基本认识；有较强的学习和研究物理的兴趣，认识到物理研究是建立在观察和实验基础上的一项创造性工作；知道物理研究与应用应考虑道德与规范的要求，认识科学、技术、社会及环境的关系，有保护环境、节约资源、促进可持续发展的意识，能为我国在科技领域的卓越成就感到自豪，具有科技强国和实现中华民族伟大复兴的责任感和使命感。 2.2 能在熟悉的实际情境中，应用力学、电磁学、光学、热学及原子物理学等领域的概念和规律，对物理现象进行描述与分析，解释自然现象和解决实际问题；能从物理学视角提出可探究的物理问题，选用恰当的物理模型作出猜想和假设；能在他人的帮助下制订可行的科学…",
      "standardLevel": "2"
    }
  },
  {
    "relationName": "academicQualityReflectsCoreLiteracy",
    "label": "学业质量体现核心素养 / reflectsCoreLiteracy",
    "source": "urn:jy:physics:SB0401:OB06:AcademicQuality:2",
    "target": "urn:jy:physics:SB0401:OB06:CoreLiteracy:8",
    "evidence": {
      "fromAcademicQuality": "2.1 能从物理学视角描述和分析实际情境中的物理现象，具有对物质、运动和相互作用、能量的基本认识；有较强的学习和研究物理的兴趣，认识到物理研究是建立在观察和实验基础上的一项创造性工作；知道物理研究与应用应考虑道德与规范的要求，认识科学、技术、社会及环境的关系，有保护环境、节约资源、促进可持续发展的意识，能为我国在科技领域的卓越成就感到自豪，具有科技强国和实现中华民族伟大复兴的责任感和使命感。 2.2 能在熟悉的实际情境中，应用力学、电磁学、光学、热学及原子物理学等领域的概念和规律，对物理现象进行描述与分析，解释自然现象和解决实际问题；能从物理学视角提出可探究的物理问题，选用恰当的物理模型作出猜想和假设；能在他人的帮助下制订可行的科学…",
      "fromCoreLiteracy": "能从物理学视角描述和分析实际情境中的物理现象，具有对能量的基本认识。",
      "standardLevel": "2"
    }
  },
  {
    "relationName": "coreLiteracyAlignsWithAcademicQuality",
    "label": "核心素养对齐学业质量 / alignsWithAcademicQuality",
    "source": "urn:jy:physics:SB0401:OB06:CoreLiteracy:9",
    "target": "urn:jy:physics:SB0401:OB06:AcademicQuality:3",
    "evidence": {
      "fromCoreLiteracy": "能从物理学视角解释实际情境中的物理现象，具有对能量的清晰认识。",
      "fromAcademicQuality": "3.1 能从物理学视角解释实际情境中的物理现象，具有对物质、运动和相互作用、能量的清晰认识；有学习和研究物理的内在动机，认识到物理研究是一种对自然现象进行抽象的创造性工作；能依据普遍接受的道德与规范认识和评价物理研究与应用，理解科学、技术、社会及环境的关系，有保护环境、节约资源、促进可持续发展的行为，为我国在科技领域的卓越成就感到光荣和自豪，具有科技强国和全面推进中华民族伟大复兴的责任感和使命感。 3.2 能在实际情境中，综合应用力学、电磁学、光学、热学及原子物理学等领域的概念和规律，科学地解释自然现象，熟练地解决实际问题；能从物理学视角提出并准确表述可探究的物理问题，根据问题情境和物理模型的关键特征，将研究对象转换成物理模型，并进…",
      "standardLevel": "3"
    }
  },
  {
    "relationName": "academicQualityReflectsCoreLiteracy",
    "label": "学业质量体现核心素养 / reflectsCoreLiteracy",
    "source": "urn:jy:physics:SB0401:OB06:AcademicQuality:3",
    "target": "urn:jy:physics:SB0401:OB06:CoreLiteracy:9",
    "evidence": {
      "fromAcademicQuality": "3.1 能从物理学视角解释实际情境中的物理现象，具有对物质、运动和相互作用、能量的清晰认识；有学习和研究物理的内在动机，认识到物理研究是一种对自然现象进行抽象的创造性工作；能依据普遍接受的道德与规范认识和评价物理研究与应用，理解科学、技术、社会及环境的关系，有保护环境、节约资源、促进可持续发展的行为，为我国在科技领域的卓越成就感到光荣和自豪，具有科技强国和全面推进中华民族伟大复兴的责任感和使命感。 3.2 能在实际情境中，综合应用力学、电磁学、光学、热学及原子物理学等领域的概念和规律，科学地解释自然现象，熟练地解决实际问题；能从物理学视角提出并准确表述可探究的物理问题，根据问题情境和物理模型的关键特征，将研究对象转换成物理模型，并进…",
      "fromCoreLiteracy": "能从物理学视角解释实际情境中的物理现象，具有对能量的清晰认识。",
      "standardLevel": "3"
    }
  },
  {
    "relationName": "coreLiteracyAlignsWithAcademicQuality",
    "label": "核心素养对齐学业质量 / alignsWithAcademicQuality",
    "source": "urn:jy:physics:SB0401:OB06:CoreLiteracy:10",
    "target": "urn:jy:physics:SB0401:OB06:AcademicQuality:1",
    "evidence": {
      "fromCoreLiteracy": "能在熟悉情境中对现象进行简单分析；会运用常见物理模型解决问题；能通过分析与综合、推理与论证形成初步结论，分析实验误差；能判断信息的可靠性与合理性，并进行初步的合理质疑与创新。",
      "fromAcademicQuality": "1.1 能从物理学视角描述物理现象，具有对物质、运动和相互作用、能量的初步认识；有探索自然、了解自然奥秘的兴趣，知道物理学是人类对自然现象有意识的探究，需要接受实践的检验；了解物理研究与应用会涉及的基本道德与规范问题，了解科学、技术、社会及环境的关系，认识保护环境、节约资源、促进可持续发展的重要性，能为我国在科技领域的卓越成就感到自豪，具有科技强国和实现中华民族伟大复兴的责任感。 1.2 能在熟悉的实际情境中，应用力学、电磁学等领域的概念和规律，对物理现象进行简单分析，解释自然现象和解决实际问题；能从物理学视角提出物理问题，会运用常见的物理模型解决问题；能根据已有的科学探究方案，借助基本实验器材进行实验等方式获得证据；能通过分析和综…",
      "standardLevel": "1"
    }
  },
  {
    "relationName": "academicQualityReflectsCoreLiteracy",
    "label": "学业质量体现核心素养 / reflectsCoreLiteracy",
    "source": "urn:jy:physics:SB0401:OB06:AcademicQuality:1",
    "target": "urn:jy:physics:SB0401:OB06:CoreLiteracy:10",
    "evidence": {
      "fromAcademicQuality": "1.1 能从物理学视角描述物理现象，具有对物质、运动和相互作用、能量的初步认识；有探索自然、了解自然奥秘的兴趣，知道物理学是人类对自然现象有意识的探究，需要接受实践的检验；了解物理研究与应用会涉及的基本道德与规范问题，了解科学、技术、社会及环境的关系，认识保护环境、节约资源、促进可持续发展的重要性，能为我国在科技领域的卓越成就感到自豪，具有科技强国和实现中华民族伟大复兴的责任感。 1.2 能在熟悉的实际情境中，应用力学、电磁学等领域的概念和规律，对物理现象进行简单分析，解释自然现象和解决实际问题；能从物理学视角提出物理问题，会运用常见的物理模型解决问题；能根据已有的科学探究方案，借助基本实验器材进行实验等方式获得证据；能通过分析和综…",
      "fromCoreLiteracy": "能在熟悉情境中对现象进行简单分析；会运用常见物理模型解决问题；能通过分析与综合、推理与论证形成初步结论，分析实验误差；能判断信息的可靠性与合理性，并进行初步的合理质疑与创新。",
      "standardLevel": "1"
    }
  },
  {
    "relationName": "coreLiteracyAlignsWithAcademicQuality",
    "label": "核心素养对齐学业质量 / alignsWithAcademicQuality",
    "source": "urn:jy:physics:SB0401:OB06:CoreLiteracy:11",
    "target": "urn:jy:physics:SB0401:OB06:AcademicQuality:2",
    "evidence": {
      "fromCoreLiteracy": "能对现象进行描述与分析并解释与解决问题；能选用恰当模型作出猜想与假设；能运用分析与综合、推理与论证找出联系与特点，合理分析误差并解释结论；能评估证据可靠性，规范交流探究过程与结果；能在合作中尊重他人意见，对已有观点提出质疑，从不同角度思考问题。",
      "fromAcademicQuality": "2.1 能从物理学视角描述和分析实际情境中的物理现象，具有对物质、运动和相互作用、能量的基本认识；有较强的学习和研究物理的兴趣，认识到物理研究是建立在观察和实验基础上的一项创造性工作；知道物理研究与应用应考虑道德与规范的要求，认识科学、技术、社会及环境的关系，有保护环境、节约资源、促进可持续发展的意识，能为我国在科技领域的卓越成就感到自豪，具有科技强国和实现中华民族伟大复兴的责任感和使命感。 2.2 能在熟悉的实际情境中，应用力学、电磁学、光学、热学及原子物理学等领域的概念和规律，对物理现象进行描述与分析，解释自然现象和解决实际问题；能从物理学视角提出可探究的物理问题，选用恰当的物理模型作出猜想和假设；能在他人的帮助下制订可行的科学…",
      "standardLevel": "2"
    }
  },
  {
    "relationName": "academicQualityReflectsCoreLiteracy",
    "label": "学业质量体现核心素养 / reflectsCoreLiteracy",
    "source": "urn:jy:physics:SB0401:OB06:AcademicQuality:2",
    "target": "urn:jy:physics:SB0401:OB06:CoreLiteracy:11",
    "evidence": {
      "fromAcademicQuality": "2.1 能从物理学视角描述和分析实际情境中的物理现象，具有对物质、运动和相互作用、能量的基本认识；有较强的学习和研究物理的兴趣，认识到物理研究是建立在观察和实验基础上的一项创造性工作；知道物理研究与应用应考虑道德与规范的要求，认识科学、技术、社会及环境的关系，有保护环境、节约资源、促进可持续发展的意识，能为我国在科技领域的卓越成就感到自豪，具有科技强国和实现中华民族伟大复兴的责任感和使命感。 2.2 能在熟悉的实际情境中，应用力学、电磁学、光学、热学及原子物理学等领域的概念和规律，对物理现象进行描述与分析，解释自然现象和解决实际问题；能从物理学视角提出可探究的物理问题，选用恰当的物理模型作出猜想和假设；能在他人的帮助下制订可行的科学…",
      "fromCoreLiteracy": "能对现象进行描述与分析并解释与解决问题；能选用恰当模型作出猜想与假设；能运用分析与综合、推理与论证找出联系与特点，合理分析误差并解释结论；能评估证据可靠性，规范交流探究过程与结果；能在合作中尊重他人意见，对已有观点提出质疑，从不同角度思考问题。",
      "standardLevel": "2"
    }
  },
  {
    "relationName": "coreLiteracyAlignsWithAcademicQuality",
    "label": "核心素养对齐学业质量 / alignsWithAcademicQuality",
    "source": "urn:jy:physics:SB0401:OB06:CoreLiteracy:12",
    "target": "urn:jy:physics:SB0401:OB06:AcademicQuality:3",
    "evidence": {
      "fromCoreLiteracy": "能综合应用多领域概念与规律科学解释现象、熟练解决问题；能准确表述可探究问题并将研究对象转换成物理模型进行分析，作出有依据的猜想与假设；能熟练运用分析与综合、推理与论证发现规律并准确分析误差；能对信息进行准确判断，对已有结论提出有证据的质疑，从不同角度分析解决问题。",
      "fromAcademicQuality": "3.1 能从物理学视角解释实际情境中的物理现象，具有对物质、运动和相互作用、能量的清晰认识；有学习和研究物理的内在动机，认识到物理研究是一种对自然现象进行抽象的创造性工作；能依据普遍接受的道德与规范认识和评价物理研究与应用，理解科学、技术、社会及环境的关系，有保护环境、节约资源、促进可持续发展的行为，为我国在科技领域的卓越成就感到光荣和自豪，具有科技强国和全面推进中华民族伟大复兴的责任感和使命感。 3.2 能在实际情境中，综合应用力学、电磁学、光学、热学及原子物理学等领域的概念和规律，科学地解释自然现象，熟练地解决实际问题；能从物理学视角提出并准确表述可探究的物理问题，根据问题情境和物理模型的关键特征，将研究对象转换成物理模型，并进…",
      "standardLevel": "3"
    }
  },
  {
    "relationName": "academicQualityReflectsCoreLiteracy",
    "label": "学业质量体现核心素养 / reflectsCoreLiteracy",
    "source": "urn:jy:physics:SB0401:OB06:AcademicQuality:3",
    "target": "urn:jy:physics:SB0401:OB06:CoreLiteracy:12",
    "evidence": {
      "fromAcademicQuality": "3.1 能从物理学视角解释实际情境中的物理现象，具有对物质、运动和相互作用、能量的清晰认识；有学习和研究物理的内在动机，认识到物理研究是一种对自然现象进行抽象的创造性工作；能依据普遍接受的道德与规范认识和评价物理研究与应用，理解科学、技术、社会及环境的关系，有保护环境、节约资源、促进可持续发展的行为，为我国在科技领域的卓越成就感到光荣和自豪，具有科技强国和全面推进中华民族伟大复兴的责任感和使命感。 3.2 能在实际情境中，综合应用力学、电磁学、光学、热学及原子物理学等领域的概念和规律，科学地解释自然现象，熟练地解决实际问题；能从物理学视角提出并准确表述可探究的物理问题，根据问题情境和物理模型的关键特征，将研究对象转换成物理模型，并进…",
      "fromCoreLiteracy": "能综合应用多领域概念与规律科学解释现象、熟练解决问题；能准确表述可探究问题并将研究对象转换成物理模型进行分析，作出有依据的猜想与假设；能熟练运用分析与综合、推理与论证发现规律并准确分析误差；能对信息进行准确判断，对已有结论提出有证据的质疑，从不同角度分析解决问题。",
      "standardLevel": "3"
    }
  },
  {
    "relationName": "coreLiteracyAlignsWithAcademicQuality",
    "label": "核心素养对齐学业质量 / alignsWithAcademicQuality",
    "source": "urn:jy:physics:SB0401:OB06:CoreLiteracy:13",
    "target": "urn:jy:physics:SB0401:OB06:AcademicQuality:1",
    "evidence": {
      "fromCoreLiteracy": "能从物理学视角提出物理问题；能根据已有探究方案借助基本器材通过实验等方式获得证据；能用物理学术语、符号、公式、图表等对探究过程与结果作初步描述与分析，撰写简单的科学探究报告。",
      "fromAcademicQuality": "1.1 能从物理学视角描述物理现象，具有对物质、运动和相互作用、能量的初步认识；有探索自然、了解自然奥秘的兴趣，知道物理学是人类对自然现象有意识的探究，需要接受实践的检验；了解物理研究与应用会涉及的基本道德与规范问题，了解科学、技术、社会及环境的关系，认识保护环境、节约资源、促进可持续发展的重要性，能为我国在科技领域的卓越成就感到自豪，具有科技强国和实现中华民族伟大复兴的责任感。 1.2 能在熟悉的实际情境中，应用力学、电磁学等领域的概念和规律，对物理现象进行简单分析，解释自然现象和解决实际问题；能从物理学视角提出物理问题，会运用常见的物理模型解决问题；能根据已有的科学探究方案，借助基本实验器材进行实验等方式获得证据；能通过分析和综…",
      "standardLevel": "1"
    }
  },
  {
    "relationName": "academicQualityReflectsCoreLiteracy",
    "label": "学业质量体现核心素养 / reflectsCoreLiteracy",
    "source": "urn:jy:physics:SB0401:OB06:AcademicQuality:1",
    "target": "urn:jy:physics:SB0401:OB06:CoreLiteracy:13",
    "evidence": {
      "fromAcademicQuality": "1.1 能从物理学视角描述物理现象，具有对物质、运动和相互作用、能量的初步认识；有探索自然、了解自然奥秘的兴趣，知道物理学是人类对自然现象有意识的探究，需要接受实践的检验；了解物理研究与应用会涉及的基本道德与规范问题，了解科学、技术、社会及环境的关系，认识保护环境、节约资源、促进可持续发展的重要性，能为我国在科技领域的卓越成就感到自豪，具有科技强国和实现中华民族伟大复兴的责任感。 1.2 能在熟悉的实际情境中，应用力学、电磁学等领域的概念和规律，对物理现象进行简单分析，解释自然现象和解决实际问题；能从物理学视角提出物理问题，会运用常见的物理模型解决问题；能根据已有的科学探究方案，借助基本实验器材进行实验等方式获得证据；能通过分析和综…",
      "fromCoreLiteracy": "能从物理学视角提出物理问题；能根据已有探究方案借助基本器材通过实验等方式获得证据；能用物理学术语、符号、公式、图表等对探究过程与结果作初步描述与分析，撰写简单的科学探究报告。",
      "standardLevel": "1"
    }
  },
  {
    "relationName": "coreLiteracyAlignsWithAcademicQuality",
    "label": "核心素养对齐学业质量 / alignsWithAcademicQuality",
    "source": "urn:jy:physics:SB0401:OB06:CoreLiteracy:14",
    "target": "urn:jy:physics:SB0401:OB06:AcademicQuality:2",
    "evidence": {
      "fromCoreLiteracy": "能提出可探究的物理问题；能在他人帮助下制订可行探究方案，使用基本器材通过实验获得合理证据；能规范表达与交流探究过程与结果，撰写科学探究报告。",
      "fromAcademicQuality": "2.1 能从物理学视角描述和分析实际情境中的物理现象，具有对物质、运动和相互作用、能量的基本认识；有较强的学习和研究物理的兴趣，认识到物理研究是建立在观察和实验基础上的一项创造性工作；知道物理研究与应用应考虑道德与规范的要求，认识科学、技术、社会及环境的关系，有保护环境、节约资源、促进可持续发展的意识，能为我国在科技领域的卓越成就感到自豪，具有科技强国和实现中华民族伟大复兴的责任感和使命感。 2.2 能在熟悉的实际情境中，应用力学、电磁学、光学、热学及原子物理学等领域的概念和规律，对物理现象进行描述与分析，解释自然现象和解决实际问题；能从物理学视角提出可探究的物理问题，选用恰当的物理模型作出猜想和假设；能在他人的帮助下制订可行的科学…",
      "standardLevel": "2"
    }
  },
  {
    "relationName": "academicQualityReflectsCoreLiteracy",
    "label": "学业质量体现核心素养 / reflectsCoreLiteracy",
    "source": "urn:jy:physics:SB0401:OB06:AcademicQuality:2",
    "target": "urn:jy:physics:SB0401:OB06:CoreLiteracy:14",
    "evidence": {
      "fromAcademicQuality": "2.1 能从物理学视角描述和分析实际情境中的物理现象，具有对物质、运动和相互作用、能量的基本认识；有较强的学习和研究物理的兴趣，认识到物理研究是建立在观察和实验基础上的一项创造性工作；知道物理研究与应用应考虑道德与规范的要求，认识科学、技术、社会及环境的关系，有保护环境、节约资源、促进可持续发展的意识，能为我国在科技领域的卓越成就感到自豪，具有科技强国和实现中华民族伟大复兴的责任感和使命感。 2.2 能在熟悉的实际情境中，应用力学、电磁学、光学、热学及原子物理学等领域的概念和规律，对物理现象进行描述与分析，解释自然现象和解决实际问题；能从物理学视角提出可探究的物理问题，选用恰当的物理模型作出猜想和假设；能在他人的帮助下制订可行的科学…",
      "fromCoreLiteracy": "能提出可探究的物理问题；能在他人帮助下制订可行探究方案，使用基本器材通过实验获得合理证据；能规范表达与交流探究过程与结果，撰写科学探究报告。",
      "standardLevel": "2"
    }
  },
  {
    "relationName": "coreLiteracyAlignsWithAcademicQuality",
    "label": "核心素养对齐学业质量 / alignsWithAcademicQuality",
    "source": "urn:jy:physics:SB0401:OB06:CoreLiteracy:15",
    "target": "urn:jy:physics:SB0401:OB06:AcademicQuality:3",
    "evidence": {
      "fromCoreLiteracy": "能制订科学探究方案，选用合适器材规范实验操作并准确获得证据；能准确运用物理学术语、符号、公式、图表等交流与反思探究过程与结果，撰写完整的科学探究报告。",
      "fromAcademicQuality": "3.1 能从物理学视角解释实际情境中的物理现象，具有对物质、运动和相互作用、能量的清晰认识；有学习和研究物理的内在动机，认识到物理研究是一种对自然现象进行抽象的创造性工作；能依据普遍接受的道德与规范认识和评价物理研究与应用，理解科学、技术、社会及环境的关系，有保护环境、节约资源、促进可持续发展的行为，为我国在科技领域的卓越成就感到光荣和自豪，具有科技强国和全面推进中华民族伟大复兴的责任感和使命感。 3.2 能在实际情境中，综合应用力学、电磁学、光学、热学及原子物理学等领域的概念和规律，科学地解释自然现象，熟练地解决实际问题；能从物理学视角提出并准确表述可探究的物理问题，根据问题情境和物理模型的关键特征，将研究对象转换成物理模型，并进…",
      "standardLevel": "3"
    }
  },
  {
    "relationName": "academicQualityReflectsCoreLiteracy",
    "label": "学业质量体现核心素养 / reflectsCoreLiteracy",
    "source": "urn:jy:physics:SB0401:OB06:AcademicQuality:3",
    "target": "urn:jy:physics:SB0401:OB06:CoreLiteracy:15",
    "evidence": {
      "fromAcademicQuality": "3.1 能从物理学视角解释实际情境中的物理现象，具有对物质、运动和相互作用、能量的清晰认识；有学习和研究物理的内在动机，认识到物理研究是一种对自然现象进行抽象的创造性工作；能依据普遍接受的道德与规范认识和评价物理研究与应用，理解科学、技术、社会及环境的关系，有保护环境、节约资源、促进可持续发展的行为，为我国在科技领域的卓越成就感到光荣和自豪，具有科技强国和全面推进中华民族伟大复兴的责任感和使命感。 3.2 能在实际情境中，综合应用力学、电磁学、光学、热学及原子物理学等领域的概念和规律，科学地解释自然现象，熟练地解决实际问题；能从物理学视角提出并准确表述可探究的物理问题，根据问题情境和物理模型的关键特征，将研究对象转换成物理模型，并进…",
      "fromCoreLiteracy": "能制订科学探究方案，选用合适器材规范实验操作并准确获得证据；能准确运用物理学术语、符号、公式、图表等交流与反思探究过程与结果，撰写完整的科学探究报告。",
      "standardLevel": "3"
    }
  },
  {
    "relationName": "coreLiteracyAlignsWithAcademicQuality",
    "label": "核心素养对齐学业质量 / alignsWithAcademicQuality",
    "source": "urn:jy:physics:SB0401:OB06:CoreLiteracy:16",
    "target": "urn:jy:physics:SB0401:OB06:AcademicQuality:1",
    "evidence": {
      "fromCoreLiteracy": "有探索自然、了解自然奥秘的兴趣；知道物理学探究需要接受实践检验；了解物理研究与应用涉及的基本道德与规范问题；认识保护环境、节约资源、促进可持续发展的重要性，具有科技强国与民族复兴的责任感，并具有认真求证、追求真理的求实精神和实事求是的科学态度。",
      "fromAcademicQuality": "1.1 能从物理学视角描述物理现象，具有对物质、运动和相互作用、能量的初步认识；有探索自然、了解自然奥秘的兴趣，知道物理学是人类对自然现象有意识的探究，需要接受实践的检验；了解物理研究与应用会涉及的基本道德与规范问题，了解科学、技术、社会及环境的关系，认识保护环境、节约资源、促进可持续发展的重要性，能为我国在科技领域的卓越成就感到自豪，具有科技强国和实现中华民族伟大复兴的责任感。 1.2 能在熟悉的实际情境中，应用力学、电磁学等领域的概念和规律，对物理现象进行简单分析，解释自然现象和解决实际问题；能从物理学视角提出物理问题，会运用常见的物理模型解决问题；能根据已有的科学探究方案，借助基本实验器材进行实验等方式获得证据；能通过分析和综…",
      "standardLevel": "1"
    }
  },
  {
    "relationName": "academicQualityReflectsCoreLiteracy",
    "label": "学业质量体现核心素养 / reflectsCoreLiteracy",
    "source": "urn:jy:physics:SB0401:OB06:AcademicQuality:1",
    "target": "urn:jy:physics:SB0401:OB06:CoreLiteracy:16",
    "evidence": {
      "fromAcademicQuality": "1.1 能从物理学视角描述物理现象，具有对物质、运动和相互作用、能量的初步认识；有探索自然、了解自然奥秘的兴趣，知道物理学是人类对自然现象有意识的探究，需要接受实践的检验；了解物理研究与应用会涉及的基本道德与规范问题，了解科学、技术、社会及环境的关系，认识保护环境、节约资源、促进可持续发展的重要性，能为我国在科技领域的卓越成就感到自豪，具有科技强国和实现中华民族伟大复兴的责任感。 1.2 能在熟悉的实际情境中，应用力学、电磁学等领域的概念和规律，对物理现象进行简单分析，解释自然现象和解决实际问题；能从物理学视角提出物理问题，会运用常见的物理模型解决问题；能根据已有的科学探究方案，借助基本实验器材进行实验等方式获得证据；能通过分析和综…",
      "fromCoreLiteracy": "有探索自然、了解自然奥秘的兴趣；知道物理学探究需要接受实践检验；了解物理研究与应用涉及的基本道德与规范问题；认识保护环境、节约资源、促进可持续发展的重要性，具有科技强国与民族复兴的责任感，并具有认真求证、追求真理的求实精神和实事求是的科学态度。",
      "standardLevel": "1"
    }
  },
  {
    "relationName": "coreLiteracyAlignsWithAcademicQuality",
    "label": "核心素养对齐学业质量 / alignsWithAcademicQuality",
    "source": "urn:jy:physics:SB0401:OB06:CoreLiteracy:17",
    "target": "urn:jy:physics:SB0401:OB06:AcademicQuality:2",
    "evidence": {
      "fromCoreLiteracy": "有较强的学习与研究物理兴趣，认识到物理研究是基于观察与实验的创造性工作；知道研究与应用应考虑道德与规范要求；具有保护环境、节约资源、促进可持续发展的意识；具有科技强国与民族复兴的责任感和使命感，并能从物理学视角判断信息可靠性与合理性。",
      "fromAcademicQuality": "2.1 能从物理学视角描述和分析实际情境中的物理现象，具有对物质、运动和相互作用、能量的基本认识；有较强的学习和研究物理的兴趣，认识到物理研究是建立在观察和实验基础上的一项创造性工作；知道物理研究与应用应考虑道德与规范的要求，认识科学、技术、社会及环境的关系，有保护环境、节约资源、促进可持续发展的意识，能为我国在科技领域的卓越成就感到自豪，具有科技强国和实现中华民族伟大复兴的责任感和使命感。 2.2 能在熟悉的实际情境中，应用力学、电磁学、光学、热学及原子物理学等领域的概念和规律，对物理现象进行描述与分析，解释自然现象和解决实际问题；能从物理学视角提出可探究的物理问题，选用恰当的物理模型作出猜想和假设；能在他人的帮助下制订可行的科学…",
      "standardLevel": "2"
    }
  },
  {
    "relationName": "academicQualityReflectsCoreLiteracy",
    "label": "学业质量体现核心素养 / reflectsCoreLiteracy",
    "source": "urn:jy:physics:SB0401:OB06:AcademicQuality:2",
    "target": "urn:jy:physics:SB0401:OB06:CoreLiteracy:17",
    "evidence": {
      "fromAcademicQuality": "2.1 能从物理学视角描述和分析实际情境中的物理现象，具有对物质、运动和相互作用、能量的基本认识；有较强的学习和研究物理的兴趣，认识到物理研究是建立在观察和实验基础上的一项创造性工作；知道物理研究与应用应考虑道德与规范的要求，认识科学、技术、社会及环境的关系，有保护环境、节约资源、促进可持续发展的意识，能为我国在科技领域的卓越成就感到自豪，具有科技强国和实现中华民族伟大复兴的责任感和使命感。 2.2 能在熟悉的实际情境中，应用力学、电磁学、光学、热学及原子物理学等领域的概念和规律，对物理现象进行描述与分析，解释自然现象和解决实际问题；能从物理学视角提出可探究的物理问题，选用恰当的物理模型作出猜想和假设；能在他人的帮助下制订可行的科学…",
      "fromCoreLiteracy": "有较强的学习与研究物理兴趣，认识到物理研究是基于观察与实验的创造性工作；知道研究与应用应考虑道德与规范要求；具有保护环境、节约资源、促进可持续发展的意识；具有科技强国与民族复兴的责任感和使命感，并能从物理学视角判断信息可靠性与合理性。",
      "standardLevel": "2"
    }
  },
  {
    "relationName": "coreLiteracyAlignsWithAcademicQuality",
    "label": "核心素养对齐学业质量 / alignsWithAcademicQuality",
    "source": "urn:jy:physics:SB0401:OB06:CoreLiteracy:18",
    "target": "urn:jy:physics:SB0401:OB06:AcademicQuality:3",
    "evidence": {
      "fromCoreLiteracy": "有学习和研究物理的内在动机，认识到物理研究具有抽象与创造性；能依据普遍接受的道德与规范认识和评价研究与应用，理解科学、技术、社会及环境的关系，形成保护环境、节约资源、促进可持续发展的行为；为我国科技成就感到光荣自豪，具有科技强国和民族复兴的责任感和使命感，并具有认真求证、追求真理、实事求是的科学精神。",
      "fromAcademicQuality": "3.1 能从物理学视角解释实际情境中的物理现象，具有对物质、运动和相互作用、能量的清晰认识；有学习和研究物理的内在动机，认识到物理研究是一种对自然现象进行抽象的创造性工作；能依据普遍接受的道德与规范认识和评价物理研究与应用，理解科学、技术、社会及环境的关系，有保护环境、节约资源、促进可持续发展的行为，为我国在科技领域的卓越成就感到光荣和自豪，具有科技强国和全面推进中华民族伟大复兴的责任感和使命感。 3.2 能在实际情境中，综合应用力学、电磁学、光学、热学及原子物理学等领域的概念和规律，科学地解释自然现象，熟练地解决实际问题；能从物理学视角提出并准确表述可探究的物理问题，根据问题情境和物理模型的关键特征，将研究对象转换成物理模型，并进…",
      "standardLevel": "3"
    }
  },
  {
    "relationName": "academicQualityReflectsCoreLiteracy",
    "label": "学业质量体现核心素养 / reflectsCoreLiteracy",
    "source": "urn:jy:physics:SB0401:OB06:AcademicQuality:3",
    "target": "urn:jy:physics:SB0401:OB06:CoreLiteracy:18",
    "evidence": {
      "fromAcademicQuality": "3.1 能从物理学视角解释实际情境中的物理现象，具有对物质、运动和相互作用、能量的清晰认识；有学习和研究物理的内在动机，认识到物理研究是一种对自然现象进行抽象的创造性工作；能依据普遍接受的道德与规范认识和评价物理研究与应用，理解科学、技术、社会及环境的关系，有保护环境、节约资源、促进可持续发展的行为，为我国在科技领域的卓越成就感到光荣和自豪，具有科技强国和全面推进中华民族伟大复兴的责任感和使命感。 3.2 能在实际情境中，综合应用力学、电磁学、光学、热学及原子物理学等领域的概念和规律，科学地解释自然现象，熟练地解决实际问题；能从物理学视角提出并准确表述可探究的物理问题，根据问题情境和物理模型的关键特征，将研究对象转换成物理模型，并进…",
      "fromCoreLiteracy": "有学习和研究物理的内在动机，认识到物理研究具有抽象与创造性；能依据普遍接受的道德与规范认识和评价研究与应用，理解科学、技术、社会及环境的关系，形成保护环境、节约资源、促进可持续发展的行为；为我国科技成就感到光荣自豪，具有科技强国和民族复兴的责任感和使命感，并具有认真求证、追求真理、实事求是的科学精神。",
      "standardLevel": "3"
    }
  }
]