[
  {
    "relationName": "exampleBelongsToSection",
    "label": "例题属于节 / belongsToSection；解题所需知识点: 了解伽利、略的实验、研究工作、认识伽利、略有关实、验的科学",
    "source": "urn:jy:physics:SB0401:OB06:Example:1",
    "target": "urn:jy:physics:SB0401:OB06:Section:128"
  },
  {
    "relationName": "sectionHasExample",
    "label": "节包含例题 / hasExample；例题训练点: 了解伽利、略的实验、研究工作、认识伽利、略有关实、验的科学",
    "source": "urn:jy:physics:SB0401:OB06:Section:128",
    "target": "urn:jy:physics:SB0401:OB06:Example:1"
  },
  {
    "relationName": "exampleBelongsToSection",
    "label": "例题属于节 / belongsToSection；解题所需知识点: 质点",
    "source": "urn:jy:physics:SB0401:OB06:Example:2",
    "target": "urn:jy:physics:SB0401:OB06:Section:133"
  },
  {
    "relationName": "sectionHasExample",
    "label": "节包含例题 / hasExample；例题训练点: 质点",
    "source": "urn:jy:physics:SB0401:OB06:Section:133",
    "target": "urn:jy:physics:SB0401:OB06:Example:2"
  },
  {
    "relationName": "exampleBelongsToSection",
    "label": "例题属于节 / belongsToSection；解题所需知识点: 速度、瞬时速度",
    "source": "urn:jy:physics:SB0401:OB06:Example:3",
    "target": "urn:jy:physics:SB0401:OB06:Section:4"
  },
  {
    "relationName": "sectionHasExample",
    "label": "节包含例题 / hasExample；例题训练点: 速度、瞬时速度",
    "source": "urn:jy:physics:SB0401:OB06:Section:4",
    "target": "urn:jy:physics:SB0401:OB06:Example:3"
  },
  {
    "relationName": "exampleBelongsToSection",
    "label": "例题属于节 / belongsToSection；解题所需知识点: 速度、加速度",
    "source": "urn:jy:physics:SB0401:OB06:Example:4",
    "target": "urn:jy:physics:SB0401:OB06:Section:4"
  },
  {
    "relationName": "sectionHasExample",
    "label": "节包含例题 / hasExample；例题训练点: 速度、加速度",
    "source": "urn:jy:physics:SB0401:OB06:Section:4",
    "target": "urn:jy:physics:SB0401:OB06:Example:4"
  },
  {
    "relationName": "exampleBelongsToSection",
    "label": "例题属于节 / belongsToSection；解题所需知识点: 匀变速",
    "source": "urn:jy:physics:SB0401:OB06:Example:5",
    "target": "urn:jy:physics:SB0401:OB06:Section:6"
  },
  {
    "relationName": "sectionHasExample",
    "label": "节包含例题 / hasExample；例题训练点: 匀变速",
    "source": "urn:jy:physics:SB0401:OB06:Section:6",
    "target": "urn:jy:physics:SB0401:OB06:Example:5"
  },
  {
    "relationName": "exampleBelongsToSection",
    "label": "例题属于节 / belongsToSection；解题所需知识点: 力",
    "source": "urn:jy:physics:SB0401:OB06:Example:6",
    "target": "urn:jy:physics:SB0401:OB06:Section:134"
  },
  {
    "relationName": "sectionHasExample",
    "label": "节包含例题 / hasExample；例题训练点: 力",
    "source": "urn:jy:physics:SB0401:OB06:Section:134",
    "target": "urn:jy:physics:SB0401:OB06:Example:6"
  },
  {
    "relationName": "exampleBelongsToSection",
    "label": "例题属于节 / belongsToSection；解题所需知识点: 自由落体",
    "source": "urn:jy:physics:SB0401:OB06:Example:7",
    "target": "urn:jy:physics:SB0401:OB06:Section:8"
  },
  {
    "relationName": "sectionHasExample",
    "label": "节包含例题 / hasExample；例题训练点: 自由落体",
    "source": "urn:jy:physics:SB0401:OB06:Section:8",
    "target": "urn:jy:physics:SB0401:OB06:Example:7"
  },
  {
    "relationName": "exampleBelongsToSection",
    "label": "例题属于节 / belongsToSection；解题所需知识点: 调查生产、生活中所、用弹簧的、形状及使、用目的",
    "source": "urn:jy:physics:SB0401:OB06:Example:8",
    "target": "urn:jy:physics:SB0401:OB06:Section:27"
  },
  {
    "relationName": "sectionHasExample",
    "label": "节包含例题 / hasExample；例题训练点: 调查生产、生活中所、用弹簧的、形状及使、用目的",
    "source": "urn:jy:physics:SB0401:OB06:Section:27",
    "target": "urn:jy:physics:SB0401:OB06:Example:8"
  },
  {
    "relationName": "exampleBelongsToSection",
    "label": "例题属于节 / belongsToSection；解题所需知识点: 力",
    "source": "urn:jy:physics:SB0401:OB06:Example:9",
    "target": "urn:jy:physics:SB0401:OB06:Section:114"
  },
  {
    "relationName": "sectionHasExample",
    "label": "节包含例题 / hasExample；例题训练点: 力",
    "source": "urn:jy:physics:SB0401:OB06:Section:114",
    "target": "urn:jy:physics:SB0401:OB06:Example:9"
  },
  {
    "relationName": "exampleBelongsToSection",
    "label": "例题属于节 / belongsToSection；解题所需知识点: 力、功",
    "source": "urn:jy:physics:SB0401:OB06:Example:10",
    "target": "urn:jy:physics:SB0401:OB06:Section:6"
  },
  {
    "relationName": "sectionHasExample",
    "label": "节包含例题 / hasExample；例题训练点: 力、功",
    "source": "urn:jy:physics:SB0401:OB06:Section:6",
    "target": "urn:jy:physics:SB0401:OB06:Example:10"
  },
  {
    "relationName": "exampleBelongsToSection",
    "label": "例题属于节 / belongsToSection；解题所需知识点: 速度、力、功、功率",
    "source": "urn:jy:physics:SB0401:OB06:Example:11",
    "target": "urn:jy:physics:SB0401:OB06:Section:14"
  },
  {
    "relationName": "sectionHasExample",
    "label": "节包含例题 / hasExample；例题训练点: 速度、力、功、功率",
    "source": "urn:jy:physics:SB0401:OB06:Section:14",
    "target": "urn:jy:physics:SB0401:OB06:Example:11"
  },
  {
    "relationName": "exampleBelongsToSection",
    "label": "例题属于节 / belongsToSection；解题所需知识点: 牛顿第二定律、动能",
    "source": "urn:jy:physics:SB0401:OB06:Example:12",
    "target": "urn:jy:physics:SB0401:OB06:Section:16"
  },
  {
    "relationName": "sectionHasExample",
    "label": "节包含例题 / hasExample；例题训练点: 牛顿第二定律、动能",
    "source": "urn:jy:physics:SB0401:OB06:Section:16",
    "target": "urn:jy:physics:SB0401:OB06:Example:12"
  },
  {
    "relationName": "exampleBelongsToSection",
    "label": "例题属于节 / belongsToSection；解题所需知识点: 曲线运动",
    "source": "urn:jy:physics:SB0401:OB06:Example:13",
    "target": "urn:jy:physics:SB0401:OB06:Section:20"
  },
  {
    "relationName": "sectionHasExample",
    "label": "节包含例题 / hasExample；例题训练点: 曲线运动",
    "source": "urn:jy:physics:SB0401:OB06:Section:20",
    "target": "urn:jy:physics:SB0401:OB06:Example:13"
  },
  {
    "relationName": "exampleBelongsToSection",
    "label": "例题属于节 / belongsToSection；解题所需知识点: 了解铁路、和高速公、路拐弯处、路面有一、定倾斜度、的原因",
    "source": "urn:jy:physics:SB0401:OB06:Example:14",
    "target": "urn:jy:physics:SB0401:OB06:Section:14"
  },
  {
    "relationName": "sectionHasExample",
    "label": "节包含例题 / hasExample；例题训练点: 了解铁路、和高速公、路拐弯处、路面有一、定倾斜度、的原因",
    "source": "urn:jy:physics:SB0401:OB06:Section:14",
    "target": "urn:jy:physics:SB0401:OB06:Example:14"
  },
  {
    "relationName": "exampleBelongsToSection",
    "label": "例题属于节 / belongsToSection；解题所需知识点: 通过发现、海王星等、事实、说明科学、定律的作",
    "source": "urn:jy:physics:SB0401:OB06:Example:15",
    "target": "urn:jy:physics:SB0401:OB06:Section:114"
  },
  {
    "relationName": "sectionHasExample",
    "label": "节包含例题 / hasExample；例题训练点: 通过发现、海王星等、事实、说明科学、定律的作",
    "source": "urn:jy:physics:SB0401:OB06:Section:114",
    "target": "urn:jy:physics:SB0401:OB06:Example:15"
  },
  {
    "relationName": "exampleBelongsToSection",
    "label": "例题属于节 / belongsToSection；解题所需知识点: 力",
    "source": "urn:jy:physics:SB0401:OB06:Example:16",
    "target": "urn:jy:physics:SB0401:OB06:Section:29"
  },
  {
    "relationName": "sectionHasExample",
    "label": "节包含例题 / hasExample；例题训练点: 力",
    "source": "urn:jy:physics:SB0401:OB06:Section:29",
    "target": "urn:jy:physics:SB0401:OB06:Example:16"
  },
  {
    "relationName": "exampleBelongsToSection",
    "label": "例题属于节 / belongsToSection；解题所需知识点: 力",
    "source": "urn:jy:physics:SB0401:OB06:Example:17",
    "target": "urn:jy:physics:SB0401:OB06:Section:32"
  },
  {
    "relationName": "sectionHasExample",
    "label": "节包含例题 / hasExample；例题训练点: 力",
    "source": "urn:jy:physics:SB0401:OB06:Section:32",
    "target": "urn:jy:physics:SB0401:OB06:Example:17"
  },
  {
    "relationName": "exampleBelongsToSection",
    "label": "例题属于节 / belongsToSection；解题所需知识点: 初步了解、长度收缩、效应和时、间延缓效",
    "source": "urn:jy:physics:SB0401:OB06:Example:18",
    "target": "urn:jy:physics:SB0401:OB06:Section:77"
  },
  {
    "relationName": "sectionHasExample",
    "label": "节包含例题 / hasExample；例题训练点: 初步了解、长度收缩、效应和时、间延缓效",
    "source": "urn:jy:physics:SB0401:OB06:Section:77",
    "target": "urn:jy:physics:SB0401:OB06:Example:18"
  },
  {
    "relationName": "exampleBelongsToSection",
    "label": "例题属于节 / belongsToSection；解题所需知识点: 初步了解、时空弯曲",
    "source": "urn:jy:physics:SB0401:OB06:Example:19",
    "target": "urn:jy:physics:SB0401:OB06:Section:60"
  },
  {
    "relationName": "sectionHasExample",
    "label": "节包含例题 / hasExample；例题训练点: 初步了解、时空弯曲",
    "source": "urn:jy:physics:SB0401:OB06:Section:60",
    "target": "urn:jy:physics:SB0401:OB06:Example:19"
  },
  {
    "relationName": "exampleBelongsToSection",
    "label": "例题属于节 / belongsToSection；解题所需知识点: 资料、查阅资料、初步了解、典型的恒、星演化过",
    "source": "urn:jy:physics:SB0401:OB06:Example:20",
    "target": "urn:jy:physics:SB0401:OB06:Section:60"
  },
  {
    "relationName": "sectionHasExample",
    "label": "节包含例题 / hasExample；例题训练点: 资料、查阅资料、初步了解、典型的恒、星演化过",
    "source": "urn:jy:physics:SB0401:OB06:Section:60",
    "target": "urn:jy:physics:SB0401:OB06:Example:20"
  },
  {
    "relationName": "exampleBelongsToSection",
    "label": "例题属于节 / belongsToSection；解题所需知识点: 通过多种、方式使物、体带电、观察静电、现象",
    "source": "urn:jy:physics:SB0401:OB06:Example:21",
    "target": "urn:jy:physics:SB0401:OB06:Section:127"
  },
  {
    "relationName": "sectionHasExample",
    "label": "节包含例题 / hasExample；例题训练点: 通过多种、方式使物、体带电、观察静电、现象",
    "source": "urn:jy:physics:SB0401:OB06:Section:127",
    "target": "urn:jy:physics:SB0401:OB06:Example:21"
  },
  {
    "relationName": "exampleBelongsToSection",
    "label": "例题属于节 / belongsToSection；解题所需知识点: 演示并分、析静电感、应现象",
    "source": "urn:jy:physics:SB0401:OB06:Example:22",
    "target": "urn:jy:physics:SB0401:OB06:Section:58"
  },
  {
    "relationName": "sectionHasExample",
    "label": "节包含例题 / hasExample；例题训练点: 演示并分、析静电感、应现象",
    "source": "urn:jy:physics:SB0401:OB06:Section:58",
    "target": "urn:jy:physics:SB0401:OB06:Example:22"
  },
  {
    "relationName": "exampleBelongsToSection",
    "label": "例题属于节 / belongsToSection；解题所需知识点: 质点",
    "source": "urn:jy:physics:SB0401:OB06:Example:23",
    "target": "urn:jy:physics:SB0401:OB06:Section:1"
  },
  {
    "relationName": "sectionHasExample",
    "label": "节包含例题 / hasExample；例题训练点: 质点",
    "source": "urn:jy:physics:SB0401:OB06:Section:1",
    "target": "urn:jy:physics:SB0401:OB06:Example:23"
  },
  {
    "relationName": "exampleBelongsToSection",
    "label": "例题属于节 / belongsToSection；解题所需知识点: 体会库仑、扭秤实验、设计的巧、妙之处",
    "source": "urn:jy:physics:SB0401:OB06:Example:24",
    "target": "urn:jy:physics:SB0401:OB06:Section:128"
  },
  {
    "relationName": "sectionHasExample",
    "label": "节包含例题 / hasExample；例题训练点: 体会库仑、扭秤实验、设计的巧、妙之处",
    "source": "urn:jy:physics:SB0401:OB06:Section:128",
    "target": "urn:jy:physics:SB0401:OB06:Example:24"
  },
  {
    "relationName": "exampleBelongsToSection",
    "label": "例题属于节 / belongsToSection；解题所需知识点: 电场",
    "source": "urn:jy:physics:SB0401:OB06:Example:25",
    "target": "urn:jy:physics:SB0401:OB06:Section:40"
  },
  {
    "relationName": "sectionHasExample",
    "label": "节包含例题 / hasExample；例题训练点: 电场",
    "source": "urn:jy:physics:SB0401:OB06:Section:40",
    "target": "urn:jy:physics:SB0401:OB06:Example:25"
  },
  {
    "relationName": "exampleBelongsToSection",
    "label": "例题属于节 / belongsToSection；解题所需知识点: 光",
    "source": "urn:jy:physics:SB0401:OB06:Example:26",
    "target": "urn:jy:physics:SB0401:OB06:Section:41"
  },
  {
    "relationName": "sectionHasExample",
    "label": "节包含例题 / hasExample；例题训练点: 光",
    "source": "urn:jy:physics:SB0401:OB06:Section:41",
    "target": "urn:jy:physics:SB0401:OB06:Example:26"
  },
  {
    "relationName": "exampleBelongsToSection",
    "label": "例题属于节 / belongsToSection；解题所需知识点: 电容、光",
    "source": "urn:jy:physics:SB0401:OB06:Example:27",
    "target": "urn:jy:physics:SB0401:OB06:Section:45"
  },
  {
    "relationName": "sectionHasExample",
    "label": "节包含例题 / hasExample；例题训练点: 电容、光",
    "source": "urn:jy:physics:SB0401:OB06:Section:45",
    "target": "urn:jy:physics:SB0401:OB06:Example:27"
  },
  {
    "relationName": "exampleBelongsToSection",
    "label": "例题属于节 / belongsToSection；解题所需知识点: 知道滑动、变阻器的、工作原理",
    "source": "urn:jy:physics:SB0401:OB06:Example:28",
    "target": "urn:jy:physics:SB0401:OB06:Section:101"
  },
  {
    "relationName": "sectionHasExample",
    "label": "节包含例题 / hasExample；例题训练点: 知道滑动、变阻器的、工作原理",
    "source": "urn:jy:physics:SB0401:OB06:Section:101",
    "target": "urn:jy:physics:SB0401:OB06:Example:28"
  },
  {
    "relationName": "exampleBelongsToSection",
    "label": "例题属于节 / belongsToSection；解题所需知识点: 电阻",
    "source": "urn:jy:physics:SB0401:OB06:Example:29",
    "target": "urn:jy:physics:SB0401:OB06:Section:48"
  },
  {
    "relationName": "sectionHasExample",
    "label": "节包含例题 / hasExample；例题训练点: 电阻",
    "source": "urn:jy:physics:SB0401:OB06:Section:48",
    "target": "urn:jy:physics:SB0401:OB06:Example:29"
  },
  {
    "relationName": "exampleBelongsToSection",
    "label": "例题属于节 / belongsToSection；解题所需知识点: 电流、电压",
    "source": "urn:jy:physics:SB0401:OB06:Example:30",
    "target": "urn:jy:physics:SB0401:OB06:Section:15"
  },
  {
    "relationName": "sectionHasExample",
    "label": "节包含例题 / hasExample；例题训练点: 电流、电压",
    "source": "urn:jy:physics:SB0401:OB06:Section:15",
    "target": "urn:jy:physics:SB0401:OB06:Example:30"
  },
  {
    "relationName": "exampleBelongsToSection",
    "label": "例题属于节 / belongsToSection；解题所需知识点: 根据某家、庭的电器、设施、估算该家、庭电路中、所需导线",
    "source": "urn:jy:physics:SB0401:OB06:Example:31",
    "target": "urn:jy:physics:SB0401:OB06:Section:48"
  },
  {
    "relationName": "sectionHasExample",
    "label": "节包含例题 / hasExample；例题训练点: 根据某家、庭的电器、设施、估算该家、庭电路中、所需导线",
    "source": "urn:jy:physics:SB0401:OB06:Section:48",
    "target": "urn:jy:physics:SB0401:OB06:Example:31"
  },
  {
    "relationName": "exampleBelongsToSection",
    "label": "例题属于节 / belongsToSection；解题所需知识点: 磁场",
    "source": "urn:jy:physics:SB0401:OB06:Example:32",
    "target": "urn:jy:physics:SB0401:OB06:Section:84"
  },
  {
    "relationName": "sectionHasExample",
    "label": "节包含例题 / hasExample；例题训练点: 磁场",
    "source": "urn:jy:physics:SB0401:OB06:Section:84",
    "target": "urn:jy:physics:SB0401:OB06:Example:32"
  },
  {
    "relationName": "exampleBelongsToSection",
    "label": "例题属于节 / belongsToSection；解题所需知识点: 收集资料、了解手机、无线充电、的原理",
    "source": "urn:jy:physics:SB0401:OB06:Example:33",
    "target": "urn:jy:physics:SB0401:OB06:Section:41"
  },
  {
    "relationName": "sectionHasExample",
    "label": "节包含例题 / hasExample；例题训练点: 收集资料、了解手机、无线充电、的原理",
    "source": "urn:jy:physics:SB0401:OB06:Section:41",
    "target": "urn:jy:physics:SB0401:OB06:Example:33"
  },
  {
    "relationName": "exampleBelongsToSection",
    "label": "例题属于节 / belongsToSection；解题所需知识点: 知道手机、和卫星通、信等都是、电磁波的、应用、了解我国",
    "source": "urn:jy:physics:SB0401:OB06:Example:34",
    "target": "urn:jy:physics:SB0401:OB06:Section:59"
  },
  {
    "relationName": "sectionHasExample",
    "label": "节包含例题 / hasExample；例题训练点: 知道手机、和卫星通、信等都是、电磁波的、应用、了解我国",
    "source": "urn:jy:physics:SB0401:OB06:Section:59",
    "target": "urn:jy:physics:SB0401:OB06:Example:34"
  },
  {
    "relationName": "exampleBelongsToSection",
    "label": "例题属于节 / belongsToSection；解题所需知识点: 哪些来自、家庭生活、中一天所、用的能量、可再生能、讨论家庭",
    "source": "urn:jy:physics:SB0401:OB06:Example:35",
    "target": "urn:jy:physics:SB0401:OB06:Section:52"
  },
  {
    "relationName": "sectionHasExample",
    "label": "节包含例题 / hasExample；例题训练点: 哪些来自、家庭生活、中一天所、用的能量、可再生能、讨论家庭",
    "source": "urn:jy:physics:SB0401:OB06:Section:52",
    "target": "urn:jy:physics:SB0401:OB06:Example:35"
  },
  {
    "relationName": "exampleBelongsToSection",
    "label": "例题属于节 / belongsToSection；解题所需知识点: 在生活中、可采取哪、些方式节、讨论在生、活中可采、取哪些方",
    "source": "urn:jy:physics:SB0401:OB06:Example:36",
    "target": "urn:jy:physics:SB0401:OB06:Section:27"
  },
  {
    "relationName": "sectionHasExample",
    "label": "节包含例题 / hasExample；例题训练点: 在生活中、可采取哪、些方式节、讨论在生、活中可采、取哪些方",
    "source": "urn:jy:physics:SB0401:OB06:Section:27",
    "target": "urn:jy:physics:SB0401:OB06:Example:36"
  },
  {
    "relationName": "exampleBelongsToSection",
    "label": "例题属于节 / belongsToSection；解题所需知识点: 收集资料、调查当地、大气污染、水污染、声污染等、的主要污",
    "source": "urn:jy:physics:SB0401:OB06:Example:37",
    "target": "urn:jy:physics:SB0401:OB06:Section:1"
  },
  {
    "relationName": "sectionHasExample",
    "label": "节包含例题 / hasExample；例题训练点: 收集资料、调查当地、大气污染、水污染、声污染等、的主要污",
    "source": "urn:jy:physics:SB0401:OB06:Section:1",
    "target": "urn:jy:physics:SB0401:OB06:Example:37"
  },
  {
    "relationName": "exampleBelongsToSection",
    "label": "例题属于节 / belongsToSection；解题所需知识点: 收集资料、从能源的、角度讨论、为什么要、对垃圾进、行分类",
    "source": "urn:jy:physics:SB0401:OB06:Example:38",
    "target": "urn:jy:physics:SB0401:OB06:Section:55"
  },
  {
    "relationName": "sectionHasExample",
    "label": "节包含例题 / hasExample；例题训练点: 收集资料、从能源的、角度讨论、为什么要、对垃圾进、行分类",
    "source": "urn:jy:physics:SB0401:OB06:Section:55",
    "target": "urn:jy:physics:SB0401:OB06:Example:38"
  },
  {
    "relationName": "exampleBelongsToSection",
    "label": "例题属于节 / belongsToSection；解题所需知识点: 知道火箭、的发射利、用了反冲、现象",
    "source": "urn:jy:physics:SB0401:OB06:Example:39",
    "target": "urn:jy:physics:SB0401:OB06:Section:66"
  },
  {
    "relationName": "sectionHasExample",
    "label": "节包含例题 / hasExample；例题训练点: 知道火箭、的发射利、用了反冲、现象",
    "source": "urn:jy:physics:SB0401:OB06:Section:66",
    "target": "urn:jy:physics:SB0401:OB06:Example:39"
  },
  {
    "relationName": "exampleBelongsToSection",
    "label": "例题属于节 / belongsToSection；解题所需知识点: 动量、动量守恒",
    "source": "urn:jy:physics:SB0401:OB06:Example:40",
    "target": "urn:jy:physics:SB0401:OB06:Section:63"
  },
  {
    "relationName": "sectionHasExample",
    "label": "节包含例题 / hasExample；例题训练点: 动量、动量守恒",
    "source": "urn:jy:physics:SB0401:OB06:Section:63",
    "target": "urn:jy:physics:SB0401:OB06:Example:40"
  },
  {
    "relationName": "exampleBelongsToSection",
    "label": "例题属于节 / belongsToSection；解题所需知识点: 资料、查阅资料、了解太空、物体的碰、撞和微观、粒子的碰",
    "source": "urn:jy:physics:SB0401:OB06:Example:41",
    "target": "urn:jy:physics:SB0401:OB06:Section:65"
  },
  {
    "relationName": "sectionHasExample",
    "label": "节包含例题 / hasExample；例题训练点: 资料、查阅资料、了解太空、物体的碰、撞和微观、粒子的碰",
    "source": "urn:jy:physics:SB0401:OB06:Section:65",
    "target": "urn:jy:physics:SB0401:OB06:Example:41"
  },
  {
    "relationName": "exampleBelongsToSection",
    "label": "例题属于节 / belongsToSection；解题所需知识点: 调查生产、生活中受、迫振动的、应用实例",
    "source": "urn:jy:physics:SB0401:OB06:Example:42",
    "target": "urn:jy:physics:SB0401:OB06:Section:72"
  },
  {
    "relationName": "sectionHasExample",
    "label": "节包含例题 / hasExample；例题训练点: 调查生产、生活中受、迫振动的、应用实例",
    "source": "urn:jy:physics:SB0401:OB06:Section:72",
    "target": "urn:jy:physics:SB0401:OB06:Example:42"
  },
  {
    "relationName": "exampleBelongsToSection",
    "label": "例题属于节 / belongsToSection；解题所需知识点: 调查生产、生活中利、用和防止、共振的实",
    "source": "urn:jy:physics:SB0401:OB06:Example:43",
    "target": "urn:jy:physics:SB0401:OB06:Section:41"
  },
  {
    "relationName": "sectionHasExample",
    "label": "节包含例题 / hasExample；例题训练点: 调查生产、生活中利、用和防止、共振的实",
    "source": "urn:jy:physics:SB0401:OB06:Section:41",
    "target": "urn:jy:physics:SB0401:OB06:Example:43"
  },
  {
    "relationName": "exampleBelongsToSection",
    "label": "例题属于节 / belongsToSection；解题所需知识点: 波动",
    "source": "urn:jy:physics:SB0401:OB06:Example:44",
    "target": "urn:jy:physics:SB0401:OB06:Section:73"
  },
  {
    "relationName": "sectionHasExample",
    "label": "节包含例题 / hasExample；例题训练点: 波动",
    "source": "urn:jy:physics:SB0401:OB06:Section:73",
    "target": "urn:jy:physics:SB0401:OB06:Example:44"
  },
  {
    "relationName": "exampleBelongsToSection",
    "label": "例题属于节 / belongsToSection；解题所需知识点: 干涉",
    "source": "urn:jy:physics:SB0401:OB06:Example:45",
    "target": "urn:jy:physics:SB0401:OB06:Section:72"
  },
  {
    "relationName": "sectionHasExample",
    "label": "节包含例题 / hasExample；例题训练点: 干涉",
    "source": "urn:jy:physics:SB0401:OB06:Section:72",
    "target": "urn:jy:physics:SB0401:OB06:Example:45"
  },
  {
    "relationName": "exampleBelongsToSection",
    "label": "例题属于节 / belongsToSection；解题所需知识点: 光",
    "source": "urn:jy:physics:SB0401:OB06:Example:46",
    "target": "urn:jy:physics:SB0401:OB06:Section:1"
  },
  {
    "relationName": "sectionHasExample",
    "label": "节包含例题 / hasExample；例题训练点: 光",
    "source": "urn:jy:physics:SB0401:OB06:Section:1",
    "target": "urn:jy:physics:SB0401:OB06:Example:46"
  },
  {
    "relationName": "exampleBelongsToSection",
    "label": "例题属于节 / belongsToSection；解题所需知识点: 光",
    "source": "urn:jy:physics:SB0401:OB06:Example:47",
    "target": "urn:jy:physics:SB0401:OB06:Section:118"
  },
  {
    "relationName": "sectionHasExample",
    "label": "节包含例题 / hasExample；例题训练点: 光",
    "source": "urn:jy:physics:SB0401:OB06:Section:118",
    "target": "urn:jy:physics:SB0401:OB06:Example:47"
  },
  {
    "relationName": "exampleBelongsToSection",
    "label": "例题属于节 / belongsToSection；解题所需知识点: 光、干涉、衍射",
    "source": "urn:jy:physics:SB0401:OB06:Example:48",
    "target": "urn:jy:physics:SB0401:OB06:Section:81"
  },
  {
    "relationName": "sectionHasExample",
    "label": "节包含例题 / hasExample；例题训练点: 光、干涉、衍射",
    "source": "urn:jy:physics:SB0401:OB06:Section:81",
    "target": "urn:jy:physics:SB0401:OB06:Example:48"
  },
  {
    "relationName": "exampleBelongsToSection",
    "label": "例题属于节 / belongsToSection；解题所需知识点: 光、干涉",
    "source": "urn:jy:physics:SB0401:OB06:Example:49",
    "target": "urn:jy:physics:SB0401:OB06:Section:27"
  },
  {
    "relationName": "sectionHasExample",
    "label": "节包含例题 / hasExample；例题训练点: 光、干涉",
    "source": "urn:jy:physics:SB0401:OB06:Section:27",
    "target": "urn:jy:physics:SB0401:OB06:Example:49"
  },
  {
    "relationName": "exampleBelongsToSection",
    "label": "例题属于节 / belongsToSection；解题所需知识点: 力、电流",
    "source": "urn:jy:physics:SB0401:OB06:Example:50",
    "target": "urn:jy:physics:SB0401:OB06:Section:92"
  },
  {
    "relationName": "sectionHasExample",
    "label": "节包含例题 / hasExample；例题训练点: 力、电流",
    "source": "urn:jy:physics:SB0401:OB06:Section:92",
    "target": "urn:jy:physics:SB0401:OB06:Example:50"
  },
  {
    "relationName": "exampleBelongsToSection",
    "label": "例题属于节 / belongsToSection；解题所需知识点: 了解磁电、式电表的、结构和工、作原理",
    "source": "urn:jy:physics:SB0401:OB06:Example:51",
    "target": "urn:jy:physics:SB0401:OB06:Section:101"
  },
  {
    "relationName": "sectionHasExample",
    "label": "节包含例题 / hasExample；例题训练点: 了解磁电、式电表的、结构和工、作原理",
    "source": "urn:jy:physics:SB0401:OB06:Section:101",
    "target": "urn:jy:physics:SB0401:OB06:Example:51"
  },
  {
    "relationName": "exampleBelongsToSection",
    "label": "例题属于节 / belongsToSection；解题所需知识点: 磁场",
    "source": "urn:jy:physics:SB0401:OB06:Example:52",
    "target": "urn:jy:physics:SB0401:OB06:Section:46"
  },
  {
    "relationName": "sectionHasExample",
    "label": "节包含例题 / hasExample；例题训练点: 磁场",
    "source": "urn:jy:physics:SB0401:OB06:Section:46",
    "target": "urn:jy:physics:SB0401:OB06:Example:52"
  },
  {
    "relationName": "exampleBelongsToSection",
    "label": "例题属于节 / belongsToSection；解题所需知识点: 了解质谱、仪和回旋、加速器的、工作原理",
    "source": "urn:jy:physics:SB0401:OB06:Example:53",
    "target": "urn:jy:physics:SB0401:OB06:Section:87"
  },
  {
    "relationName": "sectionHasExample",
    "label": "节包含例题 / hasExample；例题训练点: 了解质谱、仪和回旋、加速器的、工作原理",
    "source": "urn:jy:physics:SB0401:OB06:Section:87",
    "target": "urn:jy:physics:SB0401:OB06:Example:53"
  },
  {
    "relationName": "exampleBelongsToSection",
    "label": "例题属于节 / belongsToSection；解题所需知识点: 能量的观、点解释楞、次定律、用能量的、观点解释、楞次定律",
    "source": "urn:jy:physics:SB0401:OB06:Example:54",
    "target": "urn:jy:physics:SB0401:OB06:Section:88"
  },
  {
    "relationName": "sectionHasExample",
    "label": "节包含例题 / hasExample；例题训练点: 能量的观、点解释楞、次定律、用能量的、观点解释、楞次定律",
    "source": "urn:jy:physics:SB0401:OB06:Section:88",
    "target": "urn:jy:physics:SB0401:OB06:Example:54"
  },
  {
    "relationName": "exampleBelongsToSection",
    "label": "例题属于节 / belongsToSection；解题所需知识点: 了解电磁、炉的结构、和原理",
    "source": "urn:jy:physics:SB0401:OB06:Example:55",
    "target": "urn:jy:physics:SB0401:OB06:Section:97"
  },
  {
    "relationName": "sectionHasExample",
    "label": "节包含例题 / hasExample；例题训练点: 了解电磁、炉的结构、和原理",
    "source": "urn:jy:physics:SB0401:OB06:Section:97",
    "target": "urn:jy:physics:SB0401:OB06:Example:55"
  },
  {
    "relationName": "exampleBelongsToSection",
    "label": "例题属于节 / belongsToSection；解题所需知识点: 电流",
    "source": "urn:jy:physics:SB0401:OB06:Example:56",
    "target": "urn:jy:physics:SB0401:OB06:Section:93"
  },
  {
    "relationName": "sectionHasExample",
    "label": "节包含例题 / hasExample；例题训练点: 电流",
    "source": "urn:jy:physics:SB0401:OB06:Section:93",
    "target": "urn:jy:physics:SB0401:OB06:Example:56"
  },
  {
    "relationName": "exampleBelongsToSection",
    "label": "例题属于节 / belongsToSection；解题所需知识点: 常见的变、压器、观察常见、的变压器、了解其作",
    "source": "urn:jy:physics:SB0401:OB06:Example:57",
    "target": "urn:jy:physics:SB0401:OB06:Section:94"
  },
  {
    "relationName": "sectionHasExample",
    "label": "节包含例题 / hasExample；例题训练点: 常见的变、压器、观察常见、的变压器、了解其作",
    "source": "urn:jy:physics:SB0401:OB06:Section:94",
    "target": "urn:jy:physics:SB0401:OB06:Example:57"
  },
  {
    "relationName": "exampleBelongsToSection",
    "label": "例题属于节 / belongsToSection；解题所需知识点: 探讨远距、离输电中、导致电能、损耗的因",
    "source": "urn:jy:physics:SB0401:OB06:Example:58",
    "target": "urn:jy:physics:SB0401:OB06:Section:95"
  },
  {
    "relationName": "sectionHasExample",
    "label": "节包含例题 / hasExample；例题训练点: 探讨远距、离输电中、导致电能、损耗的因",
    "source": "urn:jy:physics:SB0401:OB06:Section:95",
    "target": "urn:jy:physics:SB0401:OB06:Example:58"
  },
  {
    "relationName": "exampleBelongsToSection",
    "label": "例题属于节 / belongsToSection；解题所需知识点: 力、磁场",
    "source": "urn:jy:physics:SB0401:OB06:Example:59",
    "target": "urn:jy:physics:SB0401:OB06:Section:29"
  },
  {
    "relationName": "sectionHasExample",
    "label": "节包含例题 / hasExample；例题训练点: 力、磁场",
    "source": "urn:jy:physics:SB0401:OB06:Section:29",
    "target": "urn:jy:physics:SB0401:OB06:Example:59"
  },
  {
    "relationName": "exampleBelongsToSection",
    "label": "例题属于节 / belongsToSection；解题所需知识点: 演示赫兹、体会理论、预言在科、学发展中、的作用、以及实",
    "source": "urn:jy:physics:SB0401:OB06:Example:60",
    "target": "urn:jy:physics:SB0401:OB06:Section:128"
  },
  {
    "relationName": "sectionHasExample",
    "label": "节包含例题 / hasExample；例题训练点: 演示赫兹、体会理论、预言在科、学发展中、的作用、以及实",
    "source": "urn:jy:physics:SB0401:OB06:Section:128",
    "target": "urn:jy:physics:SB0401:OB06:Example:60"
  },
  {
    "relationName": "exampleBelongsToSection",
    "label": "例题属于节 / belongsToSection；解题所需知识点: 电阻",
    "source": "urn:jy:physics:SB0401:OB06:Example:61",
    "target": "urn:jy:physics:SB0401:OB06:Section:101"
  },
  {
    "relationName": "sectionHasExample",
    "label": "节包含例题 / hasExample；例题训练点: 电阻",
    "source": "urn:jy:physics:SB0401:OB06:Section:101",
    "target": "urn:jy:physics:SB0401:OB06:Example:61"
  },
  {
    "relationName": "exampleBelongsToSection",
    "label": "例题属于节 / belongsToSection；解题所需知识点: 光",
    "source": "urn:jy:physics:SB0401:OB06:Example:62",
    "target": "urn:jy:physics:SB0401:OB06:Section:101"
  },
  {
    "relationName": "sectionHasExample",
    "label": "节包含例题 / hasExample；例题训练点: 光",
    "source": "urn:jy:physics:SB0401:OB06:Section:101",
    "target": "urn:jy:physics:SB0401:OB06:Example:62"
  },
  {
    "relationName": "exampleBelongsToSection",
    "label": "例题属于节 / belongsToSection；解题所需知识点: 利用显微、镜观察布、朗运动",
    "source": "urn:jy:physics:SB0401:OB06:Example:63",
    "target": "urn:jy:physics:SB0401:OB06:Section:20"
  },
  {
    "relationName": "sectionHasExample",
    "label": "节包含例题 / hasExample；例题训练点: 利用显微、镜观察布、朗运动",
    "source": "urn:jy:physics:SB0401:OB06:Section:20",
    "target": "urn:jy:physics:SB0401:OB06:Example:63"
  },
  {
    "relationName": "exampleBelongsToSection",
    "label": "例题属于节 / belongsToSection；解题所需知识点: 利用熔化、的石蜡显、示云母片、的各向异、性和玻璃、片的各向",
    "source": "urn:jy:physics:SB0401:OB06:Example:64",
    "target": "urn:jy:physics:SB0401:OB06:Section:41"
  },
  {
    "relationName": "sectionHasExample",
    "label": "节包含例题 / hasExample；例题训练点: 利用熔化、的石蜡显、示云母片、的各向异、性和玻璃、片的各向",
    "source": "urn:jy:physics:SB0401:OB06:Section:41",
    "target": "urn:jy:physics:SB0401:OB06:Example:64"
  },
  {
    "relationName": "exampleBelongsToSection",
    "label": "例题属于节 / belongsToSection；解题所需知识点: 知道半导、体的特点、了解半导、体技术在、生产生活、中的应用",
    "source": "urn:jy:physics:SB0401:OB06:Example:65",
    "target": "urn:jy:physics:SB0401:OB06:Section:48"
  },
  {
    "relationName": "sectionHasExample",
    "label": "节包含例题 / hasExample；例题训练点: 知道半导、体的特点、了解半导、体技术在、生产生活、中的应用",
    "source": "urn:jy:physics:SB0401:OB06:Section:48",
    "target": "urn:jy:physics:SB0401:OB06:Example:65"
  },
  {
    "relationName": "exampleBelongsToSection",
    "label": "例题属于节 / belongsToSection；解题所需知识点: 初步了解、纳米材料、的特性、关注纳米、材料的研、究和应用",
    "source": "urn:jy:physics:SB0401:OB06:Example:66",
    "target": "urn:jy:physics:SB0401:OB06:Section:38"
  },
  {
    "relationName": "sectionHasExample",
    "label": "节包含例题 / hasExample；例题训练点: 初步了解、纳米材料、的特性、关注纳米、材料的研、究和应用",
    "source": "urn:jy:physics:SB0401:OB06:Section:38",
    "target": "urn:jy:physics:SB0401:OB06:Example:66"
  },
  {
    "relationName": "exampleBelongsToSection",
    "label": "例题属于节 / belongsToSection；解题所需知识点: 力",
    "source": "urn:jy:physics:SB0401:OB06:Example:67",
    "target": "urn:jy:physics:SB0401:OB06:Section:27"
  },
  {
    "relationName": "sectionHasExample",
    "label": "节包含例题 / hasExample；例题训练点: 力",
    "source": "urn:jy:physics:SB0401:OB06:Section:27",
    "target": "urn:jy:physics:SB0401:OB06:Example:67"
  },
  {
    "relationName": "exampleBelongsToSection",
    "label": "例题属于节 / belongsToSection；解题所需知识点: 衍射",
    "source": "urn:jy:physics:SB0401:OB06:Example:68",
    "target": "urn:jy:physics:SB0401:OB06:Section:82"
  },
  {
    "relationName": "sectionHasExample",
    "label": "节包含例题 / hasExample；例题训练点: 衍射",
    "source": "urn:jy:physics:SB0401:OB06:Section:82",
    "target": "urn:jy:physics:SB0401:OB06:Example:68"
  },
  {
    "relationName": "exampleBelongsToSection",
    "label": "例题属于节 / belongsToSection；解题所需知识点: 量子",
    "source": "urn:jy:physics:SB0401:OB06:Example:69",
    "target": "urn:jy:physics:SB0401:OB06:Section:120"
  },
  {
    "relationName": "sectionHasExample",
    "label": "节包含例题 / hasExample；例题训练点: 量子",
    "source": "urn:jy:physics:SB0401:OB06:Section:120",
    "target": "urn:jy:physics:SB0401:OB06:Example:69"
  }
]