[
  {
    "relationName": "experimentBelongsToThemeL2",
    "label": "实验属于二级主题 / belongsToThemeL2",
    "source": "urn:jy:physics:SB0401:OB06:Experiment:1",
    "target": "urn:jy:physics:SB0401:OB06:ThemeL2:1",
    "evidence": {
      "fromExperiment": {
        "experimentTitle": "做直线运动物体的瞬时速度",
        "experimentText": "测量做直线运动物体的瞬时速度",
        "experimentIdentifier": "urn:jy:physics:SB0401:OB06:Experiment:1"
      },
      "fromThemeL2": {
        "themeL2Title": "1.1 机械运动与物理模型",
        "themeL2Identifier": "urn:jy:physics:SB0401:OB06:ThemeL2:1",
        "rawTextMatch": "理模型的思维方式，认识物理模型在探索自然规律中的作用。  例2 通过质点模型、太阳系行星模型等实例，体会物理模型在物理学研究中的意义。  1.1.3 理解位移、速度和加速度。通过实验，探究匀变速直线运动的特点，能用公式、图像等方法描述匀变速直线运动。理解匀变速直线运动的规律，能运用其解决实际问题，体会科学思维中的抽象方法和"
      }
    }
  },
  {
    "relationName": "themeL2HasExperiment",
    "label": "二级主题包含实验 / hasExperiment",
    "source": "urn:jy:physics:SB0401:OB06:ThemeL2:1",
    "target": "urn:jy:physics:SB0401:OB06:Experiment:1",
    "evidence": {
      "fromExperiment": {
        "experimentTitle": "做直线运动物体的瞬时速度",
        "experimentText": "测量做直线运动物体的瞬时速度",
        "experimentIdentifier": "urn:jy:physics:SB0401:OB06:Experiment:1"
      },
      "fromThemeL2": {
        "themeL2Title": "1.1 机械运动与物理模型",
        "themeL2Identifier": "urn:jy:physics:SB0401:OB06:ThemeL2:1",
        "rawTextMatch": "理模型的思维方式，认识物理模型在探索自然规律中的作用。  例2 通过质点模型、太阳系行星模型等实例，体会物理模型在物理学研究中的意义。  1.1.3 理解位移、速度和加速度。通过实验，探究匀变速直线运动的特点，能用公式、图像等方法描述匀变速直线运动。理解匀变速直线运动的规律，能运用其解决实际问题，体会科学思维中的抽象方法和"
      }
    }
  },
  {
    "relationName": "experimentBelongsToThemeL2",
    "label": "实验属于二级主题 / belongsToThemeL2",
    "source": "urn:jy:physics:SB0401:OB06:Experiment:2",
    "target": "urn:jy:physics:SB0401:OB06:ThemeL2:2",
    "evidence": {
      "fromExperiment": {
        "experimentTitle": "弹簧弹力与形变量的关系",
        "experimentText": "探究弹簧弹力与形变量的关系",
        "experimentIdentifier": "urn:jy:physics:SB0401:OB06:Experiment:2"
      },
      "fromThemeL2": {
        "themeL2Title": "1.2 相互作用与运动定律",
        "themeL2Identifier": "urn:jy:physics:SB0401:OB06:ThemeL2:2",
        "rawTextMatch": "# 【内容要求】  1.2.1 认识重力、弹力与摩擦力。通过实验，了解胡克定律。知道滑动摩擦和静摩擦现象，能用动摩擦因数计算滑动摩擦力的大小。  例1 调查生产生活中所用弹簧的形状及使用目的。  例2 制作"
      }
    }
  },
  {
    "relationName": "themeL2HasExperiment",
    "label": "二级主题包含实验 / hasExperiment",
    "source": "urn:jy:physics:SB0401:OB06:ThemeL2:2",
    "target": "urn:jy:physics:SB0401:OB06:Experiment:2",
    "evidence": {
      "fromExperiment": {
        "experimentTitle": "弹簧弹力与形变量的关系",
        "experimentText": "探究弹簧弹力与形变量的关系",
        "experimentIdentifier": "urn:jy:physics:SB0401:OB06:Experiment:2"
      },
      "fromThemeL2": {
        "themeL2Title": "1.2 相互作用与运动定律",
        "themeL2Identifier": "urn:jy:physics:SB0401:OB06:ThemeL2:2",
        "rawTextMatch": "# 【内容要求】  1.2.1 认识重力、弹力与摩擦力。通过实验，了解胡克定律。知道滑动摩擦和静摩擦现象，能用动摩擦因数计算滑动摩擦力的大小。  例1 调查生产生活中所用弹簧的形状及使用目的。  例2 制作"
      }
    }
  },
  {
    "relationName": "experimentBelongsToThemeL2",
    "label": "实验属于二级主题 / belongsToThemeL2",
    "source": "urn:jy:physics:SB0401:OB06:Experiment:3",
    "target": "urn:jy:physics:SB0401:OB06:ThemeL2:2",
    "evidence": {
      "fromExperiment": {
        "experimentTitle": "两个互成角度的力的合成规律",
        "experimentText": "探究两个互成角度的力的合成规律",
        "experimentIdentifier": "urn:jy:physics:SB0401:OB06:Experiment:3"
      },
      "fromThemeL2": {
        "themeL2Title": "1.2 相互作用与运动定律",
        "themeL2Identifier": "urn:jy:physics:SB0401:OB06:ThemeL2:2",
        "rawTextMatch": "数计算滑动摩擦力的大小。  例1 调查生产生活中所用弹簧的形状及使用目的。  例2 制作一个简易弹簧测力计，用胡克定律解释其原理。  1.2.2 通过实验，了解力的合成与分解。知道矢量和标量。能用共点力的平衡条件分析生产生活中的问题。  1.2.3 通过实验，探究物体运动的加速度与物体受力、物体质量的关系。理解牛顿运动定律，能"
      }
    }
  },
  {
    "relationName": "themeL2HasExperiment",
    "label": "二级主题包含实验 / hasExperiment",
    "source": "urn:jy:physics:SB0401:OB06:ThemeL2:2",
    "target": "urn:jy:physics:SB0401:OB06:Experiment:3",
    "evidence": {
      "fromExperiment": {
        "experimentTitle": "两个互成角度的力的合成规律",
        "experimentText": "探究两个互成角度的力的合成规律",
        "experimentIdentifier": "urn:jy:physics:SB0401:OB06:Experiment:3"
      },
      "fromThemeL2": {
        "themeL2Title": "1.2 相互作用与运动定律",
        "themeL2Identifier": "urn:jy:physics:SB0401:OB06:ThemeL2:2",
        "rawTextMatch": "数计算滑动摩擦力的大小。  例1 调查生产生活中所用弹簧的形状及使用目的。  例2 制作一个简易弹簧测力计，用胡克定律解释其原理。  1.2.2 通过实验，了解力的合成与分解。知道矢量和标量。能用共点力的平衡条件分析生产生活中的问题。  1.2.3 通过实验，探究物体运动的加速度与物体受力、物体质量的关系。理解牛顿运动定律，能"
      }
    }
  },
  {
    "relationName": "experimentBelongsToThemeL2",
    "label": "实验属于二级主题 / belongsToThemeL2",
    "source": "urn:jy:physics:SB0401:OB06:Experiment:4",
    "target": "urn:jy:physics:SB0401:OB06:ThemeL2:2",
    "evidence": {
      "fromExperiment": {
        "experimentTitle": "加速度与物体受力、物体质量的关系",
        "experimentText": "探究加速度与物体受力、物体质量的关系",
        "experimentIdentifier": "urn:jy:physics:SB0401:OB06:Experiment:4"
      },
      "fromThemeL2": {
        "themeL2Title": "1.2 相互作用与运动定律",
        "themeL2Identifier": "urn:jy:physics:SB0401:OB06:ThemeL2:2",
        "rawTextMatch": "定律解释其原理。  1.2.2 通过实验，了解力的合成与分解。知道矢量和标量。能用共点力的平衡条件分析生产生活中的问题。  1.2.3 通过实验，探究物体运动的加速度与物体受力、物体质量的关系。理解牛顿运动定律，能用牛顿运动定律解释生产生活中的有关现象，解决有关问题。通过实验，认识超重和失重现象。  1.2.4 知道国际单位"
      }
    }
  },
  {
    "relationName": "themeL2HasExperiment",
    "label": "二级主题包含实验 / hasExperiment",
    "source": "urn:jy:physics:SB0401:OB06:ThemeL2:2",
    "target": "urn:jy:physics:SB0401:OB06:Experiment:4",
    "evidence": {
      "fromExperiment": {
        "experimentTitle": "加速度与物体受力、物体质量的关系",
        "experimentText": "探究加速度与物体受力、物体质量的关系",
        "experimentIdentifier": "urn:jy:physics:SB0401:OB06:Experiment:4"
      },
      "fromThemeL2": {
        "themeL2Title": "1.2 相互作用与运动定律",
        "themeL2Identifier": "urn:jy:physics:SB0401:OB06:ThemeL2:2",
        "rawTextMatch": "定律解释其原理。  1.2.2 通过实验，了解力的合成与分解。知道矢量和标量。能用共点力的平衡条件分析生产生活中的问题。  1.2.3 通过实验，探究物体运动的加速度与物体受力、物体质量的关系。理解牛顿运动定律，能用牛顿运动定律解释生产生活中的有关现象，解决有关问题。通过实验，认识超重和失重现象。  1.2.4 知道国际单位"
      }
    }
  },
  {
    "relationName": "experimentBelongsToThemeL2",
    "label": "实验属于二级主题 / belongsToThemeL2",
    "source": "urn:jy:physics:SB0401:OB06:Experiment:5",
    "target": "urn:jy:physics:SB0401:OB06:ThemeL2:3",
    "evidence": {
      "fromExperiment": {
        "experimentTitle": "机械能守恒定律",
        "experimentText": "验证机械能守恒定律",
        "experimentIdentifier": "urn:jy:physics:SB0401:OB06:Experiment:5"
      },
      "fromThemeL2": {
        "themeL2Title": "2.1 机械能及其守恒定律",
        "themeL2Identifier": "urn:jy:physics:SB0401:OB06:ThemeL2:3",
        "rawTextMatch": "其意义。  例1 分析物体移动的方向与所受力的方向不在一条直线上时，该力所做的功。  例2 分析汽车发动机的功率一定时，牵引力与速度的关系。  2.1.2 理解动能和动能定理。能用动能定理解释生产生活中的有关  现象。  例3 根据牛顿第二定律推导出动能定理。  2.1.3 理解重力势能，知道重力势能的变化与重力做功的关系"
      }
    }
  },
  {
    "relationName": "themeL2HasExperiment",
    "label": "二级主题包含实验 / hasExperiment",
    "source": "urn:jy:physics:SB0401:OB06:ThemeL2:3",
    "target": "urn:jy:physics:SB0401:OB06:Experiment:5",
    "evidence": {
      "fromExperiment": {
        "experimentTitle": "机械能守恒定律",
        "experimentText": "验证机械能守恒定律",
        "experimentIdentifier": "urn:jy:physics:SB0401:OB06:Experiment:5"
      },
      "fromThemeL2": {
        "themeL2Title": "2.1 机械能及其守恒定律",
        "themeL2Identifier": "urn:jy:physics:SB0401:OB06:ThemeL2:3",
        "rawTextMatch": "其意义。  例1 分析物体移动的方向与所受力的方向不在一条直线上时，该力所做的功。  例2 分析汽车发动机的功率一定时，牵引力与速度的关系。  2.1.2 理解动能和动能定理。能用动能定理解释生产生活中的有关  现象。  例3 根据牛顿第二定律推导出动能定理。  2.1.3 理解重力势能，知道重力势能的变化与重力做功的关系"
      }
    }
  },
  {
    "relationName": "experimentBelongsToThemeL2",
    "label": "实验属于二级主题 / belongsToThemeL2",
    "source": "urn:jy:physics:SB0401:OB06:Experiment:6",
    "target": "urn:jy:physics:SB0401:OB06:ThemeL2:4",
    "evidence": {
      "fromExperiment": {
        "experimentTitle": "平抛运动的特点",
        "experimentText": "探究平抛运动的特点",
        "experimentIdentifier": "urn:jy:physics:SB0401:OB06:Experiment:6"
      },
      "fromThemeL2": {
        "themeL2Title": "2.2 曲线运动与万有引力定律",
        "themeL2Identifier": "urn:jy:physics:SB0401:OB06:ThemeL2:4",
        "rawTextMatch": "# 【内容要求】  2.2.1 通过实验，了解曲线运动，知道物体做曲线运动的条件。  例1 观察生活中的曲线运动，如投篮时篮球的运动轨迹。  2.2.2 通过实验，探究并认识平抛运动的规律。会用运动合成与分解的方法"
      }
    }
  },
  {
    "relationName": "themeL2HasExperiment",
    "label": "二级主题包含实验 / hasExperiment",
    "source": "urn:jy:physics:SB0401:OB06:ThemeL2:4",
    "target": "urn:jy:physics:SB0401:OB06:Experiment:6",
    "evidence": {
      "fromExperiment": {
        "experimentTitle": "平抛运动的特点",
        "experimentText": "探究平抛运动的特点",
        "experimentIdentifier": "urn:jy:physics:SB0401:OB06:Experiment:6"
      },
      "fromThemeL2": {
        "themeL2Title": "2.2 曲线运动与万有引力定律",
        "themeL2Identifier": "urn:jy:physics:SB0401:OB06:ThemeL2:4",
        "rawTextMatch": "# 【内容要求】  2.2.1 通过实验，了解曲线运动，知道物体做曲线运动的条件。  例1 观察生活中的曲线运动，如投篮时篮球的运动轨迹。  2.2.2 通过实验，探究并认识平抛运动的规律。会用运动合成与分解的方法"
      }
    }
  },
  {
    "relationName": "experimentBelongsToThemeL2",
    "label": "实验属于二级主题 / belongsToThemeL2",
    "source": "urn:jy:physics:SB0401:OB06:Experiment:7",
    "target": "urn:jy:physics:SB0401:OB06:ThemeL2:4",
    "evidence": {
      "fromExperiment": {
        "experimentTitle": "向心力大小与半径、角速度、质量的关系",
        "experimentText": "探究向心力大小与半径、角速度、质量的关系",
        "experimentIdentifier": "urn:jy:physics:SB0401:OB06:Experiment:7"
      },
      "fromThemeL2": {
        "themeL2Title": "2.2 曲线运动与万有引力定律",
        "themeL2Identifier": "urn:jy:physics:SB0401:OB06:ThemeL2:4",
        "rawTextMatch": "规律。会用运动合成与分解的方法分析平抛运动。体会将复杂运动分解为简单运动的物理思想。能分析生产生活中的抛体运动。  2.2.3 会用线速度、角速度、周期描述匀速圆周运动。知道匀速圆周运动向心加速度的大小和方向。通过实验，探究并了解匀速圆周运动向心力大小与半径、角速度、质量的关系。能用牛顿第二定律分析匀速圆周运动的向心力。了解生"
      }
    }
  },
  {
    "relationName": "themeL2HasExperiment",
    "label": "二级主题包含实验 / hasExperiment",
    "source": "urn:jy:physics:SB0401:OB06:ThemeL2:4",
    "target": "urn:jy:physics:SB0401:OB06:Experiment:7",
    "evidence": {
      "fromExperiment": {
        "experimentTitle": "向心力大小与半径、角速度、质量的关系",
        "experimentText": "探究向心力大小与半径、角速度、质量的关系",
        "experimentIdentifier": "urn:jy:physics:SB0401:OB06:Experiment:7"
      },
      "fromThemeL2": {
        "themeL2Title": "2.2 曲线运动与万有引力定律",
        "themeL2Identifier": "urn:jy:physics:SB0401:OB06:ThemeL2:4",
        "rawTextMatch": "规律。会用运动合成与分解的方法分析平抛运动。体会将复杂运动分解为简单运动的物理思想。能分析生产生活中的抛体运动。  2.2.3 会用线速度、角速度、周期描述匀速圆周运动。知道匀速圆周运动向心加速度的大小和方向。通过实验，探究并了解匀速圆周运动向心力大小与半径、角速度、质量的关系。能用牛顿第二定律分析匀速圆周运动的向心力。了解生"
      }
    }
  },
  {
    "relationName": "experimentBelongsToThemeL2",
    "label": "实验属于二级主题 / belongsToThemeL2",
    "source": "urn:jy:physics:SB0401:OB06:Experiment:8",
    "target": "urn:jy:physics:SB0401:OB06:ThemeL2:6",
    "evidence": {
      "fromExperiment": {
        "experimentTitle": "电容器的充、放电现象",
        "experimentText": "观察电容器的充、放电现象",
        "experimentIdentifier": "urn:jy:physics:SB0401:OB06:Experiment:8"
      },
      "fromThemeL2": {
        "themeL2Title": "3.1 静电场",
        "themeL2Identifier": "urn:jy:physics:SB0401:OB06:ThemeL2:6",
        "rawTextMatch": "电势能。了解电势能、电势和电势差的含义。知道匀强电场中电势差与电场强度的关系。能分析带电粒子在电场中的运动情况，能解释相关的物理现象。  3.1.6 观察常见的电容器，了解电容器的电容，观察电容器的充、放电现象。能举例说明电容器的应用。  例7 查阅资料，了解电容器在照相机闪光灯电路中的作用。  # 活动建议  (1) 通过"
      }
    }
  },
  {
    "relationName": "themeL2HasExperiment",
    "label": "二级主题包含实验 / hasExperiment",
    "source": "urn:jy:physics:SB0401:OB06:ThemeL2:6",
    "target": "urn:jy:physics:SB0401:OB06:Experiment:8",
    "evidence": {
      "fromExperiment": {
        "experimentTitle": "电容器的充、放电现象",
        "experimentText": "观察电容器的充、放电现象",
        "experimentIdentifier": "urn:jy:physics:SB0401:OB06:Experiment:8"
      },
      "fromThemeL2": {
        "themeL2Title": "3.1 静电场",
        "themeL2Identifier": "urn:jy:physics:SB0401:OB06:ThemeL2:6",
        "rawTextMatch": "电势能。了解电势能、电势和电势差的含义。知道匀强电场中电势差与电场强度的关系。能分析带电粒子在电场中的运动情况，能解释相关的物理现象。  3.1.6 观察常见的电容器，了解电容器的电容，观察电容器的充、放电现象。能举例说明电容器的应用。  例7 查阅资料，了解电容器在照相机闪光灯电路中的作用。  # 活动建议  (1) 通过"
      }
    }
  },
  {
    "relationName": "experimentBelongsToThemeL2",
    "label": "实验属于二级主题 / belongsToThemeL2",
    "source": "urn:jy:physics:SB0401:OB06:Experiment:9",
    "target": "urn:jy:physics:SB0401:OB06:ThemeL2:1",
    "evidence": {
      "fromExperiment": {
        "experimentTitle": "长度的测量及其测量工具的选用",
        "experimentText": "长度的测量及其测量工具的选用",
        "experimentIdentifier": "urn:jy:physics:SB0401:OB06:Experiment:9"
      },
      "fromThemeL2": {
        "themeL2Title": "1.1 机械运动与物理模型",
        "themeL2Identifier": "urn:jy:physics:SB0401:OB06:ThemeL2:1",
        "rawTextMatch": "# 【内容要求】\n\n1.1.1 了解近代实验科学产生的背景，认识实验对物理学发展的推动作用。\n\n例1 了解伽利略的实验研究工作，认识伽利略有关实验的科学思想和方法。\n\n1.1.2 经历质点模型的建构过程，了解质点的含义。知道将物体抽象为质点的条件，能将特定实际情境中的物体抽象成质点。体会建构物理模型的思维方式，认识物理"
      }
    }
  },
  {
    "relationName": "themeL2HasExperiment",
    "label": "二级主题包含实验 / hasExperiment",
    "source": "urn:jy:physics:SB0401:OB06:ThemeL2:1",
    "target": "urn:jy:physics:SB0401:OB06:Experiment:9",
    "evidence": {
      "fromExperiment": {
        "experimentTitle": "长度的测量及其测量工具的选用",
        "experimentText": "长度的测量及其测量工具的选用",
        "experimentIdentifier": "urn:jy:physics:SB0401:OB06:Experiment:9"
      },
      "fromThemeL2": {
        "themeL2Title": "1.1 机械运动与物理模型",
        "themeL2Identifier": "urn:jy:physics:SB0401:OB06:ThemeL2:1",
        "rawTextMatch": "# 【内容要求】\n\n1.1.1 了解近代实验科学产生的背景，认识实验对物理学发展的推动作用。\n\n例1 了解伽利略的实验研究工作，认识伽利略有关实验的科学思想和方法。\n\n1.1.2 经历质点模型的建构过程，了解质点的含义。知道将物体抽象为质点的条件，能将特定实际情境中的物体抽象成质点。体会建构物理模型的思维方式，认识物理"
      }
    }
  },
  {
    "relationName": "experimentBelongsToThemeL2",
    "label": "实验属于二级主题 / belongsToThemeL2",
    "source": "urn:jy:physics:SB0401:OB06:Experiment:10",
    "target": "urn:jy:physics:SB0401:OB06:ThemeL2:7",
    "evidence": {
      "fromExperiment": {
        "experimentTitle": "金属丝的电阻率",
        "experimentText": "测量金属丝的电阻率",
        "experimentIdentifier": "urn:jy:physics:SB0401:OB06:Experiment:10"
      },
      "fromThemeL2": {
        "themeL2Title": "3.2 电路及其应用",
        "themeL2Identifier": "urn:jy:physics:SB0401:OB06:ThemeL2:7",
        "rawTextMatch": "# 【内容要求】  3.2.1 观察并能识别常见的电路元器件，了解它们在电路中的作用。会使用多用电表。  3.2.2 通过实验，探究并了解金属导体的电阻与材料、长度和横截面积的定量关系。会测量金属丝的电阻率。  例1知道滑动变阻器的工作原理。  例2 通过  $I - U$  图像了解材料的电阻特性。  3.2"
      }
    }
  },
  {
    "relationName": "themeL2HasExperiment",
    "label": "二级主题包含实验 / hasExperiment",
    "source": "urn:jy:physics:SB0401:OB06:ThemeL2:7",
    "target": "urn:jy:physics:SB0401:OB06:Experiment:10",
    "evidence": {
      "fromExperiment": {
        "experimentTitle": "金属丝的电阻率",
        "experimentText": "测量金属丝的电阻率",
        "experimentIdentifier": "urn:jy:physics:SB0401:OB06:Experiment:10"
      },
      "fromThemeL2": {
        "themeL2Title": "3.2 电路及其应用",
        "themeL2Identifier": "urn:jy:physics:SB0401:OB06:ThemeL2:7",
        "rawTextMatch": "# 【内容要求】  3.2.1 观察并能识别常见的电路元器件，了解它们在电路中的作用。会使用多用电表。  3.2.2 通过实验，探究并了解金属导体的电阻与材料、长度和横截面积的定量关系。会测量金属丝的电阻率。  例1知道滑动变阻器的工作原理。  例2 通过  $I - U$  图像了解材料的电阻特性。  3.2"
      }
    }
  },
  {
    "relationName": "experimentBelongsToThemeL2",
    "label": "实验属于二级主题 / belongsToThemeL2",
    "source": "urn:jy:physics:SB0401:OB06:Experiment:11",
    "target": "urn:jy:physics:SB0401:OB06:ThemeL2:7",
    "evidence": {
      "fromExperiment": {
        "experimentTitle": "多用电表测量电学中的物理量",
        "experimentText": "用多用电表测量电学中的物理量",
        "experimentIdentifier": "urn:jy:physics:SB0401:OB06:Experiment:11"
      },
      "fromThemeL2": {
        "themeL2Title": "3.2 电路及其应用",
        "themeL2Identifier": "urn:jy:physics:SB0401:OB06:ThemeL2:7",
        "rawTextMatch": "# 【内容要求】  3.2.1 观察并能识别常见的电路元器件，了解它们在电路中的作用。会使用多用电表。  3.2.2 通过实验，探究并了解金属导体的电阻与材料、长度和横截面积的定量关系。会测量金属丝的电阻率。  例1知道滑动变阻器的工作原理。  例2 通过  "
      }
    }
  },
  {
    "relationName": "themeL2HasExperiment",
    "label": "二级主题包含实验 / hasExperiment",
    "source": "urn:jy:physics:SB0401:OB06:ThemeL2:7",
    "target": "urn:jy:physics:SB0401:OB06:Experiment:11",
    "evidence": {
      "fromExperiment": {
        "experimentTitle": "多用电表测量电学中的物理量",
        "experimentText": "用多用电表测量电学中的物理量",
        "experimentIdentifier": "urn:jy:physics:SB0401:OB06:Experiment:11"
      },
      "fromThemeL2": {
        "themeL2Title": "3.2 电路及其应用",
        "themeL2Identifier": "urn:jy:physics:SB0401:OB06:ThemeL2:7",
        "rawTextMatch": "# 【内容要求】  3.2.1 观察并能识别常见的电路元器件，了解它们在电路中的作用。会使用多用电表。  3.2.2 通过实验，探究并了解金属导体的电阻与材料、长度和横截面积的定量关系。会测量金属丝的电阻率。  例1知道滑动变阻器的工作原理。  例2 通过  "
      }
    }
  },
  {
    "relationName": "experimentBelongsToThemeL2",
    "label": "实验属于二级主题 / belongsToThemeL2",
    "source": "urn:jy:physics:SB0401:OB06:Experiment:12",
    "target": "urn:jy:physics:SB0401:OB06:ThemeL2:7",
    "evidence": {
      "fromExperiment": {
        "experimentTitle": "电源的电动势和内阻",
        "experimentText": "测量电源的电动势和内阻",
        "experimentIdentifier": "urn:jy:physics:SB0401:OB06:Experiment:12"
      },
      "fromThemeL2": {
        "themeL2Title": "3.2 电路及其应用",
        "themeL2Identifier": "urn:jy:physics:SB0401:OB06:ThemeL2:7",
        "rawTextMatch": "。  例1知道滑动变阻器的工作原理。  例2 通过  $I - U$  图像了解材料的电阻特性。  3.2.3 了解串、并联电路电阻的特点。  3.2.4 理解闭合电路欧姆定律。会测量电源的电动势和内阻。  例3 通过探究电源两端电压与电流的关系，体会图像法在研究物理问题中的作用。  3.2.5 理解电功、电功率及焦耳定律，能"
      }
    }
  },
  {
    "relationName": "themeL2HasExperiment",
    "label": "二级主题包含实验 / hasExperiment",
    "source": "urn:jy:physics:SB0401:OB06:ThemeL2:7",
    "target": "urn:jy:physics:SB0401:OB06:Experiment:12",
    "evidence": {
      "fromExperiment": {
        "experimentTitle": "电源的电动势和内阻",
        "experimentText": "测量电源的电动势和内阻",
        "experimentIdentifier": "urn:jy:physics:SB0401:OB06:Experiment:12"
      },
      "fromThemeL2": {
        "themeL2Title": "3.2 电路及其应用",
        "themeL2Identifier": "urn:jy:physics:SB0401:OB06:ThemeL2:7",
        "rawTextMatch": "。  例1知道滑动变阻器的工作原理。  例2 通过  $I - U$  图像了解材料的电阻特性。  3.2.3 了解串、并联电路电阻的特点。  3.2.4 理解闭合电路欧姆定律。会测量电源的电动势和内阻。  例3 通过探究电源两端电压与电流的关系，体会图像法在研究物理问题中的作用。  3.2.5 理解电功、电功率及焦耳定律，能"
      }
    }
  },
  {
    "relationName": "experimentBelongsToThemeL2",
    "label": "实验属于二级主题 / belongsToThemeL2",
    "source": "urn:jy:physics:SB0401:OB06:Experiment:13",
    "target": "urn:jy:physics:SB0401:OB06:ThemeL2:10",
    "evidence": {
      "fromExperiment": {
        "experimentTitle": "动量守恒定律",
        "experimentText": "验证动量守恒定律",
        "experimentIdentifier": "urn:jy:physics:SB0401:OB06:Experiment:13"
      },
      "fromThemeL2": {
        "themeL2Title": "1.1 动量与动量守恒定律",
        "themeL2Identifier": "urn:jy:physics:SB0401:OB06:ThemeL2:10",
        "rawTextMatch": "# 【内容要求】  1.1.1 理解冲量和动量。通过理论推导和实验，理解动量定理和动量守恒定律，能用其解释生产生活中的有关现象。知道动量守恒定律的普适性。  例1知道火箭的发射利用了反冲现象。  例2"
      }
    }
  },
  {
    "relationName": "themeL2HasExperiment",
    "label": "二级主题包含实验 / hasExperiment",
    "source": "urn:jy:physics:SB0401:OB06:ThemeL2:10",
    "target": "urn:jy:physics:SB0401:OB06:Experiment:13",
    "evidence": {
      "fromExperiment": {
        "experimentTitle": "动量守恒定律",
        "experimentText": "验证动量守恒定律",
        "experimentIdentifier": "urn:jy:physics:SB0401:OB06:Experiment:13"
      },
      "fromThemeL2": {
        "themeL2Title": "1.1 动量与动量守恒定律",
        "themeL2Identifier": "urn:jy:physics:SB0401:OB06:ThemeL2:10",
        "rawTextMatch": "# 【内容要求】  1.1.1 理解冲量和动量。通过理论推导和实验，理解动量定理和动量守恒定律，能用其解释生产生活中的有关现象。知道动量守恒定律的普适性。  例1知道火箭的发射利用了反冲现象。  例2"
      }
    }
  },
  {
    "relationName": "experimentBelongsToThemeL2",
    "label": "实验属于二级主题 / belongsToThemeL2",
    "source": "urn:jy:physics:SB0401:OB06:Experiment:14",
    "target": "urn:jy:physics:SB0401:OB06:ThemeL2:11",
    "evidence": {
      "fromExperiment": {
        "experimentTitle": "单摆测量重力加速度的大小",
        "experimentText": "用单摆测量重力加速度的大小",
        "experimentIdentifier": "urn:jy:physics:SB0401:OB06:Experiment:14"
      },
      "fromThemeL2": {
        "themeL2Title": "1.2 机械振动与机械波",
        "themeL2Identifier": "urn:jy:physics:SB0401:OB06:ThemeL2:11",
        "rawTextMatch": "# 【内容要求】  1.2.1 通过实验，认识简谐运动的特征。能用公式和图像描述简谐运动。  1.2.2 通过实验，探究单摆的周期与摆长的定量关系。知道单摆周期与摆长、重力加速度的关系。会用单摆测量重力加速度的大小。  1.2.3 通过实验，认识受迫振动的特点。了解产生共振的条件及其"
      }
    }
  },
  {
    "relationName": "themeL2HasExperiment",
    "label": "二级主题包含实验 / hasExperiment",
    "source": "urn:jy:physics:SB0401:OB06:ThemeL2:11",
    "target": "urn:jy:physics:SB0401:OB06:Experiment:14",
    "evidence": {
      "fromExperiment": {
        "experimentTitle": "单摆测量重力加速度的大小",
        "experimentText": "用单摆测量重力加速度的大小",
        "experimentIdentifier": "urn:jy:physics:SB0401:OB06:Experiment:14"
      },
      "fromThemeL2": {
        "themeL2Title": "1.2 机械振动与机械波",
        "themeL2Identifier": "urn:jy:physics:SB0401:OB06:ThemeL2:11",
        "rawTextMatch": "# 【内容要求】  1.2.1 通过实验，认识简谐运动的特征。能用公式和图像描述简谐运动。  1.2.2 通过实验，探究单摆的周期与摆长的定量关系。知道单摆周期与摆长、重力加速度的关系。会用单摆测量重力加速度的大小。  1.2.3 通过实验，认识受迫振动的特点。了解产生共振的条件及其"
      }
    }
  },
  {
    "relationName": "experimentBelongsToThemeL2",
    "label": "实验属于二级主题 / belongsToThemeL2",
    "source": "urn:jy:physics:SB0401:OB06:Experiment:15",
    "target": "urn:jy:physics:SB0401:OB06:ThemeL2:12",
    "evidence": {
      "fromExperiment": {
        "experimentTitle": "玻璃的折射率",
        "experimentText": "测量玻璃的折射率",
        "experimentIdentifier": "urn:jy:physics:SB0401:OB06:Experiment:15"
      },
      "fromThemeL2": {
        "themeL2Title": "1.3 光及其应用",
        "themeL2Identifier": "urn:jy:physics:SB0401:OB06:ThemeL2:12",
        "rawTextMatch": "# 【内容要求】  1.3.1 通过实验，理解光的折射定律。会测量材料的折射率。  1.3.2 知道光的全反射现象及其产生的条件。初步了解光纤的工作  原理、光纤技术在生产生活中的应用。  例1 演示光沿水柱（或弯"
      }
    }
  },
  {
    "relationName": "themeL2HasExperiment",
    "label": "二级主题包含实验 / hasExperiment",
    "source": "urn:jy:physics:SB0401:OB06:ThemeL2:12",
    "target": "urn:jy:physics:SB0401:OB06:Experiment:15",
    "evidence": {
      "fromExperiment": {
        "experimentTitle": "玻璃的折射率",
        "experimentText": "测量玻璃的折射率",
        "experimentIdentifier": "urn:jy:physics:SB0401:OB06:Experiment:15"
      },
      "fromThemeL2": {
        "themeL2Title": "1.3 光及其应用",
        "themeL2Identifier": "urn:jy:physics:SB0401:OB06:ThemeL2:12",
        "rawTextMatch": "# 【内容要求】  1.3.1 通过实验，理解光的折射定律。会测量材料的折射率。  1.3.2 知道光的全反射现象及其产生的条件。初步了解光纤的工作  原理、光纤技术在生产生活中的应用。  例1 演示光沿水柱（或弯"
      }
    }
  },
  {
    "relationName": "experimentBelongsToThemeL2",
    "label": "实验属于二级主题 / belongsToThemeL2",
    "source": "urn:jy:physics:SB0401:OB06:Experiment:16",
    "target": "urn:jy:physics:SB0401:OB06:ThemeL2:12",
    "evidence": {
      "fromExperiment": {
        "experimentTitle": "双缝干涉实验测量光的波长",
        "experimentText": "用双缝干涉实验测量光的波长",
        "experimentIdentifier": "urn:jy:physics:SB0401:OB06:Experiment:16"
      },
      "fromThemeL2": {
        "themeL2Title": "1.3 光及其应用",
        "themeL2Identifier": "urn:jy:physics:SB0401:OB06:ThemeL2:12",
        "rawTextMatch": "纤技术在生产生活中的应用。  例1 演示光沿水柱（或弯曲的玻璃柱）的传播。  例2 观察光缆的结构，分析光的全反射在光纤中是如何产生的。  1.3.3 观察光的干涉、衍射和偏振现象，了解这些现象产生的条件，知道其在生产生活中的应用。知道光是横波，会用双缝干涉实验测量光的波长。  例3 演示双缝干涉和单缝衍射现象，观察双缝干"
      }
    }
  },
  {
    "relationName": "themeL2HasExperiment",
    "label": "二级主题包含实验 / hasExperiment",
    "source": "urn:jy:physics:SB0401:OB06:ThemeL2:12",
    "target": "urn:jy:physics:SB0401:OB06:Experiment:16",
    "evidence": {
      "fromExperiment": {
        "experimentTitle": "双缝干涉实验测量光的波长",
        "experimentText": "用双缝干涉实验测量光的波长",
        "experimentIdentifier": "urn:jy:physics:SB0401:OB06:Experiment:16"
      },
      "fromThemeL2": {
        "themeL2Title": "1.3 光及其应用",
        "themeL2Identifier": "urn:jy:physics:SB0401:OB06:ThemeL2:12",
        "rawTextMatch": "纤技术在生产生活中的应用。  例1 演示光沿水柱（或弯曲的玻璃柱）的传播。  例2 观察光缆的结构，分析光的全反射在光纤中是如何产生的。  1.3.3 观察光的干涉、衍射和偏振现象，了解这些现象产生的条件，知道其在生产生活中的应用。知道光是横波，会用双缝干涉实验测量光的波长。  例3 演示双缝干涉和单缝衍射现象，观察双缝干"
      }
    }
  },
  {
    "relationName": "experimentBelongsToThemeL2",
    "label": "实验属于二级主题 / belongsToThemeL2",
    "source": "urn:jy:physics:SB0401:OB06:Experiment:17",
    "target": "urn:jy:physics:SB0401:OB06:ThemeL2:14",
    "evidence": {
      "fromExperiment": {
        "experimentTitle": "影响感应电流方向的因素",
        "experimentText": "探究影响感应电流方向的因素",
        "experimentIdentifier": "urn:jy:physics:SB0401:OB06:Experiment:17"
      },
      "fromThemeL2": {
        "themeL2Title": "2.2 电磁感应及其应用",
        "themeL2Identifier": "urn:jy:physics:SB0401:OB06:ThemeL2:14",
        "rawTextMatch": "# 【内容要求】  2.2.1 探究影响感应电流方向的因素，理解楞次定律。  例1 用能量的观点解释楞次定律。  2.2.2 通过实验，理解法拉第电磁感应定律。  2.2.3 通过实验，了解自感现象和涡流现象"
      }
    }
  },
  {
    "relationName": "themeL2HasExperiment",
    "label": "二级主题包含实验 / hasExperiment",
    "source": "urn:jy:physics:SB0401:OB06:ThemeL2:14",
    "target": "urn:jy:physics:SB0401:OB06:Experiment:17",
    "evidence": {
      "fromExperiment": {
        "experimentTitle": "影响感应电流方向的因素",
        "experimentText": "探究影响感应电流方向的因素",
        "experimentIdentifier": "urn:jy:physics:SB0401:OB06:Experiment:17"
      },
      "fromThemeL2": {
        "themeL2Title": "2.2 电磁感应及其应用",
        "themeL2Identifier": "urn:jy:physics:SB0401:OB06:ThemeL2:14",
        "rawTextMatch": "# 【内容要求】  2.2.1 探究影响感应电流方向的因素，理解楞次定律。  例1 用能量的观点解释楞次定律。  2.2.2 通过实验，理解法拉第电磁感应定律。  2.2.3 通过实验，了解自感现象和涡流现象"
      }
    }
  },
  {
    "relationName": "experimentBelongsToThemeL2",
    "label": "实验属于二级主题 / belongsToThemeL2",
    "source": "urn:jy:physics:SB0401:OB06:Experiment:18",
    "target": "urn:jy:physics:SB0401:OB06:ThemeL2:14",
    "evidence": {
      "fromExperiment": {
        "experimentTitle": "变压器原、副线圈电压与匝数的关系",
        "experimentText": "探究变压器原、副线圈电压与匝数的关系",
        "experimentIdentifier": "urn:jy:physics:SB0401:OB06:Experiment:18"
      },
      "fromThemeL2": {
        "themeL2Title": "2.2 电磁感应及其应用",
        "themeL2Identifier": "urn:jy:physics:SB0401:OB06:ThemeL2:14",
        "rawTextMatch": "过实验，认识交变电流。能用公式和图像描述正弦交变电流。  例3 用示波器或其他设备观察交变电流的波形，并测算其峰值和有效值。  2.2.5 通过实验，探究并了解变压器原、副线圈电压与匝数的关系。知道远距离输电时通常采用高压输电的原因。  例4 观察常见的变压器，了解其作用。  例5探讨远距离输电中导致电能损耗的因素。  2."
      }
    }
  },
  {
    "relationName": "themeL2HasExperiment",
    "label": "二级主题包含实验 / hasExperiment",
    "source": "urn:jy:physics:SB0401:OB06:ThemeL2:14",
    "target": "urn:jy:physics:SB0401:OB06:Experiment:18",
    "evidence": {
      "fromExperiment": {
        "experimentTitle": "变压器原、副线圈电压与匝数的关系",
        "experimentText": "探究变压器原、副线圈电压与匝数的关系",
        "experimentIdentifier": "urn:jy:physics:SB0401:OB06:Experiment:18"
      },
      "fromThemeL2": {
        "themeL2Title": "2.2 电磁感应及其应用",
        "themeL2Identifier": "urn:jy:physics:SB0401:OB06:ThemeL2:14",
        "rawTextMatch": "过实验，认识交变电流。能用公式和图像描述正弦交变电流。  例3 用示波器或其他设备观察交变电流的波形，并测算其峰值和有效值。  2.2.5 通过实验，探究并了解变压器原、副线圈电压与匝数的关系。知道远距离输电时通常采用高压输电的原因。  例4 观察常见的变压器，了解其作用。  例5探讨远距离输电中导致电能损耗的因素。  2."
      }
    }
  },
  {
    "relationName": "experimentBelongsToThemeL2",
    "label": "实验属于二级主题 / belongsToThemeL2",
    "source": "urn:jy:physics:SB0401:OB06:Experiment:19",
    "target": "urn:jy:physics:SB0401:OB06:ThemeL2:16",
    "evidence": {
      "fromExperiment": {
        "experimentTitle": "传感器制作简单的自动控制装置",
        "experimentText": "利用传感器制作简单的自动控制装置",
        "experimentIdentifier": "urn:jy:physics:SB0401:OB06:Experiment:19"
      },
      "fromThemeL2": {
        "themeL2Title": "2.4 传感器",
        "themeL2Identifier": "urn:jy:physics:SB0401:OB06:ThemeL2:16",
        "rawTextMatch": "# 【内容要求】  2.4.1 知道非电学量转换成电学量的技术意义。  2.4.2 通过实验，了解常见传感器的工作原理。会利用传感器制作简单的自动控制装置。  例1 通过热敏电阻实验，了解温度传感器的工作原理。  2.4.3 列举传感器在生产生活中的应用  例2 了解"
      }
    }
  },
  {
    "relationName": "themeL2HasExperiment",
    "label": "二级主题包含实验 / hasExperiment",
    "source": "urn:jy:physics:SB0401:OB06:ThemeL2:16",
    "target": "urn:jy:physics:SB0401:OB06:Experiment:19",
    "evidence": {
      "fromExperiment": {
        "experimentTitle": "传感器制作简单的自动控制装置",
        "experimentText": "利用传感器制作简单的自动控制装置",
        "experimentIdentifier": "urn:jy:physics:SB0401:OB06:Experiment:19"
      },
      "fromThemeL2": {
        "themeL2Title": "2.4 传感器",
        "themeL2Identifier": "urn:jy:physics:SB0401:OB06:ThemeL2:16",
        "rawTextMatch": "# 【内容要求】  2.4.1 知道非电学量转换成电学量的技术意义。  2.4.2 通过实验，了解常见传感器的工作原理。会利用传感器制作简单的自动控制装置。  例1 通过热敏电阻实验，了解温度传感器的工作原理。  2.4.3 列举传感器在生产生活中的应用  例2 了解"
      }
    }
  },
  {
    "relationName": "experimentBelongsToThemeL2",
    "label": "实验属于二级主题 / belongsToThemeL2",
    "source": "urn:jy:physics:SB0401:OB06:Experiment:20",
    "target": "urn:jy:physics:SB0401:OB06:ThemeL2:17",
    "evidence": {
      "fromExperiment": {
        "experimentTitle": "等温情况下一定质量气体压强与体积的关系",
        "experimentText": "探究等温情况下一定质量气体压强与体积的关系",
        "experimentIdentifier": "urn:jy:physics:SB0401:OB06:Experiment:20"
      },
      "fromThemeL2": {
        "themeL2Title": "3.1 固体、液体和气体",
        "themeL2Identifier": "urn:jy:physics:SB0401:OB06:ThemeL2:17",
        "rawTextMatch": "在的问题。  3.1.5 观察液体的表面张力现象。了解表面张力产生的原因。知道毛细现象。  例5 分析生活中与表面张力相关的实例。  3.1.6 通过实验，了解气体实验定律。知道理想气体模型。能用分子动理论和统计观点解释气体压强和气体实验定律。  # 活动建议  (1) 设计实验，比较肥皂水和清水的表面张力。  (2) 通"
      }
    }
  },
  {
    "relationName": "themeL2HasExperiment",
    "label": "二级主题包含实验 / hasExperiment",
    "source": "urn:jy:physics:SB0401:OB06:ThemeL2:17",
    "target": "urn:jy:physics:SB0401:OB06:Experiment:20",
    "evidence": {
      "fromExperiment": {
        "experimentTitle": "等温情况下一定质量气体压强与体积的关系",
        "experimentText": "探究等温情况下一定质量气体压强与体积的关系",
        "experimentIdentifier": "urn:jy:physics:SB0401:OB06:Experiment:20"
      },
      "fromThemeL2": {
        "themeL2Title": "3.1 固体、液体和气体",
        "themeL2Identifier": "urn:jy:physics:SB0401:OB06:ThemeL2:17",
        "rawTextMatch": "在的问题。  3.1.5 观察液体的表面张力现象。了解表面张力产生的原因。知道毛细现象。  例5 分析生活中与表面张力相关的实例。  3.1.6 通过实验，了解气体实验定律。知道理想气体模型。能用分子动理论和统计观点解释气体压强和气体实验定律。  # 活动建议  (1) 设计实验，比较肥皂水和清水的表面张力。  (2) 通"
      }
    }
  }
]