[
  {
    "relationName": "themeIncludesThemeL2",
    "label": "主题包含二级主题 / includesThemeL2",
    "source": "urn:jy:physics:SB0401:OB06:Theme:1",
    "target": "urn:jy:physics:SB0401:OB06:ThemeL2:1",
    "evidence": {
      "fromThemeDescription": "本模块由“机械运动与物理模型”“相互作用与运动定律”两个主题组成。",
      "fromThemeL2Section": "# 【内容要求】"
    }
  },
  {
    "relationName": "themeL2BelongsToTheme",
    "label": "二级主题属于主题 / belongsToTheme",
    "source": "urn:jy:physics:SB0401:OB06:ThemeL2:1",
    "target": "urn:jy:physics:SB0401:OB06:Theme:1",
    "evidence": {
      "fromThemeL2Section": "# 【内容要求】",
      "fromThemeDescription": "本模块由“机械运动与物理模型”“相互作用与运动定律”两个主题组成。"
    }
  },
  {
    "relationName": "themeIncludesThemeL2",
    "label": "主题包含二级主题 / includesThemeL2",
    "source": "urn:jy:physics:SB0401:OB06:Theme:1",
    "target": "urn:jy:physics:SB0401:OB06:ThemeL2:2",
    "evidence": {
      "fromThemeDescription": "本模块由“机械运动与物理模型”“相互作用与运动定律”两个主题组成。",
      "fromThemeL2Section": "# 【内容要求】"
    }
  },
  {
    "relationName": "themeL2BelongsToTheme",
    "label": "二级主题属于主题 / belongsToTheme",
    "source": "urn:jy:physics:SB0401:OB06:ThemeL2:2",
    "target": "urn:jy:physics:SB0401:OB06:Theme:1",
    "evidence": {
      "fromThemeL2Section": "# 【内容要求】",
      "fromThemeDescription": "本模块由“机械运动与物理模型”“相互作用与运动定律”两个主题组成。"
    }
  },
  {
    "relationName": "themeIncludesThemeL2",
    "label": "主题包含二级主题 / includesThemeL2",
    "source": "urn:jy:physics:SB0401:OB06:Theme:2",
    "target": "urn:jy:physics:SB0401:OB06:ThemeL2:3",
    "evidence": {
      "fromThemeDescription": "本模块由“机械能及其守恒定律”“曲线运动与万有引力定律”“牛顿力学的局限性与相对论初步”三个主题组成。",
      "fromThemeL2Section": "# 【内容要求】"
    }
  },
  {
    "relationName": "themeL2BelongsToTheme",
    "label": "二级主题属于主题 / belongsToTheme",
    "source": "urn:jy:physics:SB0401:OB06:ThemeL2:3",
    "target": "urn:jy:physics:SB0401:OB06:Theme:2",
    "evidence": {
      "fromThemeL2Section": "# 【内容要求】",
      "fromThemeDescription": "本模块由“机械能及其守恒定律”“曲线运动与万有引力定律”“牛顿力学的局限性与相对论初步”三个主题组成。"
    }
  },
  {
    "relationName": "themeIncludesThemeL2",
    "label": "主题包含二级主题 / includesThemeL2",
    "source": "urn:jy:physics:SB0401:OB06:Theme:2",
    "target": "urn:jy:physics:SB0401:OB06:ThemeL2:4",
    "evidence": {
      "fromThemeDescription": "本模块由“机械能及其守恒定律”“曲线运动与万有引力定律”“牛顿力学的局限性与相对论初步”三个主题组成。",
      "fromThemeL2Section": "# 【内容要求】"
    }
  },
  {
    "relationName": "themeL2BelongsToTheme",
    "label": "二级主题属于主题 / belongsToTheme",
    "source": "urn:jy:physics:SB0401:OB06:ThemeL2:4",
    "target": "urn:jy:physics:SB0401:OB06:Theme:2",
    "evidence": {
      "fromThemeL2Section": "# 【内容要求】",
      "fromThemeDescription": "本模块由“机械能及其守恒定律”“曲线运动与万有引力定律”“牛顿力学的局限性与相对论初步”三个主题组成。"
    }
  },
  {
    "relationName": "themeIncludesThemeL2",
    "label": "主题包含二级主题 / includesThemeL2",
    "source": "urn:jy:physics:SB0401:OB06:Theme:2",
    "target": "urn:jy:physics:SB0401:OB06:ThemeL2:5",
    "evidence": {
      "fromThemeDescription": "本模块由“机械能及其守恒定律”“曲线运动与万有引力定律”“牛顿力学的局限性与相对论初步”三个主题组成。",
      "fromThemeL2Section": "# 【内容要求】"
    }
  },
  {
    "relationName": "themeL2BelongsToTheme",
    "label": "二级主题属于主题 / belongsToTheme",
    "source": "urn:jy:physics:SB0401:OB06:ThemeL2:5",
    "target": "urn:jy:physics:SB0401:OB06:Theme:2",
    "evidence": {
      "fromThemeL2Section": "# 【内容要求】",
      "fromThemeDescription": "本模块由“机械能及其守恒定律”“曲线运动与万有引力定律”“牛顿力学的局限性与相对论初步”三个主题组成。"
    }
  },
  {
    "relationName": "themeIncludesThemeL2",
    "label": "主题包含二级主题 / includesThemeL2",
    "source": "urn:jy:physics:SB0401:OB06:Theme:3",
    "target": "urn:jy:physics:SB0401:OB06:ThemeL2:6",
    "evidence": {
      "fromThemeDescription": "本模块由“静电场”“电路及其应用”“电磁场与电磁波初步”“能源与可持续发展”四个主题组成。",
      "fromThemeL2Section": "# 【内容要求】"
    }
  },
  {
    "relationName": "themeL2BelongsToTheme",
    "label": "二级主题属于主题 / belongsToTheme",
    "source": "urn:jy:physics:SB0401:OB06:ThemeL2:6",
    "target": "urn:jy:physics:SB0401:OB06:Theme:3",
    "evidence": {
      "fromThemeL2Section": "# 【内容要求】",
      "fromThemeDescription": "本模块由“静电场”“电路及其应用”“电磁场与电磁波初步”“能源与可持续发展”四个主题组成。"
    }
  },
  {
    "relationName": "themeIncludesThemeL2",
    "label": "主题包含二级主题 / includesThemeL2",
    "source": "urn:jy:physics:SB0401:OB06:Theme:3",
    "target": "urn:jy:physics:SB0401:OB06:ThemeL2:7",
    "evidence": {
      "fromThemeDescription": "本模块由“静电场”“电路及其应用”“电磁场与电磁波初步”“能源与可持续发展”四个主题组成。",
      "fromThemeL2Section": "# 【内容要求】"
    }
  },
  {
    "relationName": "themeL2BelongsToTheme",
    "label": "二级主题属于主题 / belongsToTheme",
    "source": "urn:jy:physics:SB0401:OB06:ThemeL2:7",
    "target": "urn:jy:physics:SB0401:OB06:Theme:3",
    "evidence": {
      "fromThemeL2Section": "# 【内容要求】",
      "fromThemeDescription": "本模块由“静电场”“电路及其应用”“电磁场与电磁波初步”“能源与可持续发展”四个主题组成。"
    }
  },
  {
    "relationName": "themeIncludesThemeL2",
    "label": "主题包含二级主题 / includesThemeL2",
    "source": "urn:jy:physics:SB0401:OB06:Theme:3",
    "target": "urn:jy:physics:SB0401:OB06:ThemeL2:8",
    "evidence": {
      "fromThemeDescription": "本模块由“静电场”“电路及其应用”“电磁场与电磁波初步”“能源与可持续发展”四个主题组成。",
      "fromThemeL2Section": "# 【内容要求】"
    }
  },
  {
    "relationName": "themeL2BelongsToTheme",
    "label": "二级主题属于主题 / belongsToTheme",
    "source": "urn:jy:physics:SB0401:OB06:ThemeL2:8",
    "target": "urn:jy:physics:SB0401:OB06:Theme:3",
    "evidence": {
      "fromThemeL2Section": "# 【内容要求】",
      "fromThemeDescription": "本模块由“静电场”“电路及其应用”“电磁场与电磁波初步”“能源与可持续发展”四个主题组成。"
    }
  },
  {
    "relationName": "themeIncludesThemeL2",
    "label": "主题包含二级主题 / includesThemeL2",
    "source": "urn:jy:physics:SB0401:OB06:Theme:3",
    "target": "urn:jy:physics:SB0401:OB06:ThemeL2:9",
    "evidence": {
      "fromThemeDescription": "本模块由“静电场”“电路及其应用”“电磁场与电磁波初步”“能源与可持续发展”四个主题组成。",
      "fromThemeL2Section": "# 【内容要求】"
    }
  },
  {
    "relationName": "themeL2BelongsToTheme",
    "label": "二级主题属于主题 / belongsToTheme",
    "source": "urn:jy:physics:SB0401:OB06:ThemeL2:9",
    "target": "urn:jy:physics:SB0401:OB06:Theme:3",
    "evidence": {
      "fromThemeL2Section": "# 【内容要求】",
      "fromThemeDescription": "本模块由“静电场”“电路及其应用”“电磁场与电磁波初步”“能源与可持续发展”四个主题组成。"
    }
  },
  {
    "relationName": "themeIncludesThemeL2",
    "label": "主题包含二级主题 / includesThemeL2",
    "source": "urn:jy:physics:SB0401:OB06:Theme:4",
    "target": "urn:jy:physics:SB0401:OB06:ThemeL2:10",
    "evidence": {
      "fromThemeDescription": "本模块由“动量与动量守恒定律”“机械振动与机械波”“光及其应用”三个主题组成。",
      "fromThemeL2Section": "# 【内容要求】"
    }
  },
  {
    "relationName": "themeL2BelongsToTheme",
    "label": "二级主题属于主题 / belongsToTheme",
    "source": "urn:jy:physics:SB0401:OB06:ThemeL2:10",
    "target": "urn:jy:physics:SB0401:OB06:Theme:4",
    "evidence": {
      "fromThemeL2Section": "# 【内容要求】",
      "fromThemeDescription": "本模块由“动量与动量守恒定律”“机械振动与机械波”“光及其应用”三个主题组成。"
    }
  },
  {
    "relationName": "themeIncludesThemeL2",
    "label": "主题包含二级主题 / includesThemeL2",
    "source": "urn:jy:physics:SB0401:OB06:Theme:4",
    "target": "urn:jy:physics:SB0401:OB06:ThemeL2:11",
    "evidence": {
      "fromThemeDescription": "本模块由“动量与动量守恒定律”“机械振动与机械波”“光及其应用”三个主题组成。",
      "fromThemeL2Section": "# 【内容要求】"
    }
  },
  {
    "relationName": "themeL2BelongsToTheme",
    "label": "二级主题属于主题 / belongsToTheme",
    "source": "urn:jy:physics:SB0401:OB06:ThemeL2:11",
    "target": "urn:jy:physics:SB0401:OB06:Theme:4",
    "evidence": {
      "fromThemeL2Section": "# 【内容要求】",
      "fromThemeDescription": "本模块由“动量与动量守恒定律”“机械振动与机械波”“光及其应用”三个主题组成。"
    }
  },
  {
    "relationName": "themeIncludesThemeL2",
    "label": "主题包含二级主题 / includesThemeL2",
    "source": "urn:jy:physics:SB0401:OB06:Theme:4",
    "target": "urn:jy:physics:SB0401:OB06:ThemeL2:12",
    "evidence": {
      "fromThemeDescription": "本模块由“动量与动量守恒定律”“机械振动与机械波”“光及其应用”三个主题组成。",
      "fromThemeL2Section": "# 【内容要求】"
    }
  },
  {
    "relationName": "themeL2BelongsToTheme",
    "label": "二级主题属于主题 / belongsToTheme",
    "source": "urn:jy:physics:SB0401:OB06:ThemeL2:12",
    "target": "urn:jy:physics:SB0401:OB06:Theme:4",
    "evidence": {
      "fromThemeL2Section": "# 【内容要求】",
      "fromThemeDescription": "本模块由“动量与动量守恒定律”“机械振动与机械波”“光及其应用”三个主题组成。"
    }
  },
  {
    "relationName": "themeIncludesThemeL2",
    "label": "主题包含二级主题 / includesThemeL2",
    "source": "urn:jy:physics:SB0401:OB06:Theme:5",
    "target": "urn:jy:physics:SB0401:OB06:ThemeL2:13",
    "evidence": {
      "fromThemeDescription": "本模块由“磁场”“电磁感应及其应用”“电磁振荡与电磁波”“传感器”四个主题组成。",
      "fromThemeL2Section": "# 【内容要求】"
    }
  },
  {
    "relationName": "themeL2BelongsToTheme",
    "label": "二级主题属于主题 / belongsToTheme",
    "source": "urn:jy:physics:SB0401:OB06:ThemeL2:13",
    "target": "urn:jy:physics:SB0401:OB06:Theme:5",
    "evidence": {
      "fromThemeL2Section": "# 【内容要求】",
      "fromThemeDescription": "本模块由“磁场”“电磁感应及其应用”“电磁振荡与电磁波”“传感器”四个主题组成。"
    }
  },
  {
    "relationName": "themeIncludesThemeL2",
    "label": "主题包含二级主题 / includesThemeL2",
    "source": "urn:jy:physics:SB0401:OB06:Theme:5",
    "target": "urn:jy:physics:SB0401:OB06:ThemeL2:14",
    "evidence": {
      "fromThemeDescription": "本模块由“磁场”“电磁感应及其应用”“电磁振荡与电磁波”“传感器”四个主题组成。",
      "fromThemeL2Section": "# 【内容要求】"
    }
  },
  {
    "relationName": "themeL2BelongsToTheme",
    "label": "二级主题属于主题 / belongsToTheme",
    "source": "urn:jy:physics:SB0401:OB06:ThemeL2:14",
    "target": "urn:jy:physics:SB0401:OB06:Theme:5",
    "evidence": {
      "fromThemeL2Section": "# 【内容要求】",
      "fromThemeDescription": "本模块由“磁场”“电磁感应及其应用”“电磁振荡与电磁波”“传感器”四个主题组成。"
    }
  },
  {
    "relationName": "themeIncludesThemeL2",
    "label": "主题包含二级主题 / includesThemeL2",
    "source": "urn:jy:physics:SB0401:OB06:Theme:5",
    "target": "urn:jy:physics:SB0401:OB06:ThemeL2:15",
    "evidence": {
      "fromThemeDescription": "本模块由“磁场”“电磁感应及其应用”“电磁振荡与电磁波”“传感器”四个主题组成。",
      "fromThemeL2Section": "# 【内容要求】"
    }
  },
  {
    "relationName": "themeL2BelongsToTheme",
    "label": "二级主题属于主题 / belongsToTheme",
    "source": "urn:jy:physics:SB0401:OB06:ThemeL2:15",
    "target": "urn:jy:physics:SB0401:OB06:Theme:5",
    "evidence": {
      "fromThemeL2Section": "# 【内容要求】",
      "fromThemeDescription": "本模块由“磁场”“电磁感应及其应用”“电磁振荡与电磁波”“传感器”四个主题组成。"
    }
  },
  {
    "relationName": "themeIncludesThemeL2",
    "label": "主题包含二级主题 / includesThemeL2",
    "source": "urn:jy:physics:SB0401:OB06:Theme:5",
    "target": "urn:jy:physics:SB0401:OB06:ThemeL2:16",
    "evidence": {
      "fromThemeDescription": "本模块由“磁场”“电磁感应及其应用”“电磁振荡与电磁波”“传感器”四个主题组成。",
      "fromThemeL2Section": "# 【内容要求】"
    }
  },
  {
    "relationName": "themeL2BelongsToTheme",
    "label": "二级主题属于主题 / belongsToTheme",
    "source": "urn:jy:physics:SB0401:OB06:ThemeL2:16",
    "target": "urn:jy:physics:SB0401:OB06:Theme:5",
    "evidence": {
      "fromThemeL2Section": "# 【内容要求】",
      "fromThemeDescription": "本模块由“磁场”“电磁感应及其应用”“电磁振荡与电磁波”“传感器”四个主题组成。"
    }
  },
  {
    "relationName": "themeIncludesThemeL2",
    "label": "主题包含二级主题 / includesThemeL2",
    "source": "urn:jy:physics:SB0401:OB06:Theme:6",
    "target": "urn:jy:physics:SB0401:OB06:ThemeL2:17",
    "evidence": {
      "fromThemeDescription": "本模块由“固体、液体和气体”“热力学定律”“原子与原子核”“波粒二象性”四个主题组成。",
      "fromThemeL2Section": "# 【内容要求】"
    }
  },
  {
    "relationName": "themeL2BelongsToTheme",
    "label": "二级主题属于主题 / belongsToTheme",
    "source": "urn:jy:physics:SB0401:OB06:ThemeL2:17",
    "target": "urn:jy:physics:SB0401:OB06:Theme:6",
    "evidence": {
      "fromThemeL2Section": "# 【内容要求】",
      "fromThemeDescription": "本模块由“固体、液体和气体”“热力学定律”“原子与原子核”“波粒二象性”四个主题组成。"
    }
  },
  {
    "relationName": "themeIncludesThemeL2",
    "label": "主题包含二级主题 / includesThemeL2",
    "source": "urn:jy:physics:SB0401:OB06:Theme:6",
    "target": "urn:jy:physics:SB0401:OB06:ThemeL2:18",
    "evidence": {
      "fromThemeDescription": "本模块由“固体、液体和气体”“热力学定律”“原子与原子核”“波粒二象性”四个主题组成。",
      "fromThemeL2Section": "# 【内容要求】"
    }
  },
  {
    "relationName": "themeL2BelongsToTheme",
    "label": "二级主题属于主题 / belongsToTheme",
    "source": "urn:jy:physics:SB0401:OB06:ThemeL2:18",
    "target": "urn:jy:physics:SB0401:OB06:Theme:6",
    "evidence": {
      "fromThemeL2Section": "# 【内容要求】",
      "fromThemeDescription": "本模块由“固体、液体和气体”“热力学定律”“原子与原子核”“波粒二象性”四个主题组成。"
    }
  },
  {
    "relationName": "themeIncludesThemeL2",
    "label": "主题包含二级主题 / includesThemeL2",
    "source": "urn:jy:physics:SB0401:OB06:Theme:6",
    "target": "urn:jy:physics:SB0401:OB06:ThemeL2:19",
    "evidence": {
      "fromThemeDescription": "本模块由“固体、液体和气体”“热力学定律”“原子与原子核”“波粒二象性”四个主题组成。",
      "fromThemeL2Section": "# 【内容要求】"
    }
  },
  {
    "relationName": "themeL2BelongsToTheme",
    "label": "二级主题属于主题 / belongsToTheme",
    "source": "urn:jy:physics:SB0401:OB06:ThemeL2:19",
    "target": "urn:jy:physics:SB0401:OB06:Theme:6",
    "evidence": {
      "fromThemeL2Section": "# 【内容要求】",
      "fromThemeDescription": "本模块由“固体、液体和气体”“热力学定律”“原子与原子核”“波粒二象性”四个主题组成。"
    }
  },
  {
    "relationName": "themeIncludesThemeL2",
    "label": "主题包含二级主题 / includesThemeL2",
    "source": "urn:jy:physics:SB0401:OB06:Theme:6",
    "target": "urn:jy:physics:SB0401:OB06:ThemeL2:20",
    "evidence": {
      "fromThemeDescription": "本模块由“固体、液体和气体”“热力学定律”“原子与原子核”“波粒二象性”四个主题组成。",
      "fromThemeL2Section": "# 【内容要求】"
    }
  },
  {
    "relationName": "themeL2BelongsToTheme",
    "label": "二级主题属于主题 / belongsToTheme",
    "source": "urn:jy:physics:SB0401:OB06:ThemeL2:20",
    "target": "urn:jy:physics:SB0401:OB06:Theme:6",
    "evidence": {
      "fromThemeL2Section": "# 【内容要求】",
      "fromThemeDescription": "本模块由“固体、液体和气体”“热力学定律”“原子与原子核”“波粒二象性”四个主题组成。"
    }
  },
  {
    "relationName": "themeIncludesThemeL2",
    "label": "主题包含二级主题 / includesThemeL2",
    "source": "urn:jy:physics:SB0401:OB06:Theme:7",
    "target": "urn:jy:physics:SB0401:OB06:ThemeL2:21",
    "evidence": {
      "fromThemeDescription": "本模块侧重物理学与社会发展有关的内容，由“物理学与人类认识”“物理学与社会变革”“物理学与公民生活”三个主题组成。",
      "fromThemeL2Section": "# 【内容要求】"
    }
  },
  {
    "relationName": "themeL2BelongsToTheme",
    "label": "二级主题属于主题 / belongsToTheme",
    "source": "urn:jy:physics:SB0401:OB06:ThemeL2:21",
    "target": "urn:jy:physics:SB0401:OB06:Theme:7",
    "evidence": {
      "fromThemeL2Section": "# 【内容要求】",
      "fromThemeDescription": "本模块侧重物理学与社会发展有关的内容，由“物理学与人类认识”“物理学与社会变革”“物理学与公民生活”三个主题组成。"
    }
  },
  {
    "relationName": "themeIncludesThemeL2",
    "label": "主题包含二级主题 / includesThemeL2",
    "source": "urn:jy:physics:SB0401:OB06:Theme:7",
    "target": "urn:jy:physics:SB0401:OB06:ThemeL2:22",
    "evidence": {
      "fromThemeDescription": "本模块侧重物理学与社会发展有关的内容，由“物理学与人类认识”“物理学与社会变革”“物理学与公民生活”三个主题组成。",
      "fromThemeL2Section": "# 【内容要求】"
    }
  },
  {
    "relationName": "themeL2BelongsToTheme",
    "label": "二级主题属于主题 / belongsToTheme",
    "source": "urn:jy:physics:SB0401:OB06:ThemeL2:22",
    "target": "urn:jy:physics:SB0401:OB06:Theme:7",
    "evidence": {
      "fromThemeL2Section": "# 【内容要求】",
      "fromThemeDescription": "本模块侧重物理学与社会发展有关的内容，由“物理学与人类认识”“物理学与社会变革”“物理学与公民生活”三个主题组成。"
    }
  },
  {
    "relationName": "themeIncludesThemeL2",
    "label": "主题包含二级主题 / includesThemeL2",
    "source": "urn:jy:physics:SB0401:OB06:Theme:7",
    "target": "urn:jy:physics:SB0401:OB06:ThemeL2:23",
    "evidence": {
      "fromThemeDescription": "本模块侧重物理学与社会发展有关的内容，由“物理学与人类认识”“物理学与社会变革”“物理学与公民生活”三个主题组成。",
      "fromThemeL2Section": "# 【内容要求】"
    }
  },
  {
    "relationName": "themeL2BelongsToTheme",
    "label": "二级主题属于主题 / belongsToTheme",
    "source": "urn:jy:physics:SB0401:OB06:ThemeL2:23",
    "target": "urn:jy:physics:SB0401:OB06:Theme:7",
    "evidence": {
      "fromThemeL2Section": "# 【内容要求】",
      "fromThemeDescription": "本模块侧重物理学与社会发展有关的内容，由“物理学与人类认识”“物理学与社会变革”“物理学与公民生活”三个主题组成。"
    }
  },
  {
    "relationName": "themeIncludesThemeL2",
    "label": "主题包含二级主题 / includesThemeL2",
    "source": "urn:jy:physics:SB0401:OB06:Theme:8",
    "target": "urn:jy:physics:SB0401:OB06:ThemeL2:24",
    "evidence": {
      "fromThemeDescription": "本模块侧重物理学与技术应用有关的内容，由“物理学与医疗技术”“物理学与新能源”“物理学与新材料”“物理学与信息技术”四个主题组成。",
      "fromThemeL2Section": "# 【内容要求】"
    }
  },
  {
    "relationName": "themeL2BelongsToTheme",
    "label": "二级主题属于主题 / belongsToTheme",
    "source": "urn:jy:physics:SB0401:OB06:ThemeL2:24",
    "target": "urn:jy:physics:SB0401:OB06:Theme:8",
    "evidence": {
      "fromThemeL2Section": "# 【内容要求】",
      "fromThemeDescription": "本模块侧重物理学与技术应用有关的内容，由“物理学与医疗技术”“物理学与新能源”“物理学与新材料”“物理学与信息技术”四个主题组成。"
    }
  },
  {
    "relationName": "themeIncludesThemeL2",
    "label": "主题包含二级主题 / includesThemeL2",
    "source": "urn:jy:physics:SB0401:OB06:Theme:8",
    "target": "urn:jy:physics:SB0401:OB06:ThemeL2:25",
    "evidence": {
      "fromThemeDescription": "本模块侧重物理学与技术应用有关的内容，由“物理学与医疗技术”“物理学与新能源”“物理学与新材料”“物理学与信息技术”四个主题组成。",
      "fromThemeL2Section": "# 【内容要求】"
    }
  },
  {
    "relationName": "themeL2BelongsToTheme",
    "label": "二级主题属于主题 / belongsToTheme",
    "source": "urn:jy:physics:SB0401:OB06:ThemeL2:25",
    "target": "urn:jy:physics:SB0401:OB06:Theme:8",
    "evidence": {
      "fromThemeL2Section": "# 【内容要求】",
      "fromThemeDescription": "本模块侧重物理学与技术应用有关的内容，由“物理学与医疗技术”“物理学与新能源”“物理学与新材料”“物理学与信息技术”四个主题组成。"
    }
  },
  {
    "relationName": "themeIncludesThemeL2",
    "label": "主题包含二级主题 / includesThemeL2",
    "source": "urn:jy:physics:SB0401:OB06:Theme:8",
    "target": "urn:jy:physics:SB0401:OB06:ThemeL2:26",
    "evidence": {
      "fromThemeDescription": "本模块侧重物理学与技术应用有关的内容，由“物理学与医疗技术”“物理学与新能源”“物理学与新材料”“物理学与信息技术”四个主题组成。",
      "fromThemeL2Section": "# 【内容要求】"
    }
  },
  {
    "relationName": "themeL2BelongsToTheme",
    "label": "二级主题属于主题 / belongsToTheme",
    "source": "urn:jy:physics:SB0401:OB06:ThemeL2:26",
    "target": "urn:jy:physics:SB0401:OB06:Theme:8",
    "evidence": {
      "fromThemeL2Section": "# 【内容要求】",
      "fromThemeDescription": "本模块侧重物理学与技术应用有关的内容，由“物理学与医疗技术”“物理学与新能源”“物理学与新材料”“物理学与信息技术”四个主题组成。"
    }
  },
  {
    "relationName": "themeIncludesThemeL2",
    "label": "主题包含二级主题 / includesThemeL2",
    "source": "urn:jy:physics:SB0401:OB06:Theme:8",
    "target": "urn:jy:physics:SB0401:OB06:ThemeL2:27",
    "evidence": {
      "fromThemeDescription": "本模块侧重物理学与技术应用有关的内容，由“物理学与医疗技术”“物理学与新能源”“物理学与新材料”“物理学与信息技术”四个主题组成。",
      "fromThemeL2Section": "# 【内容要求】"
    }
  },
  {
    "relationName": "themeL2BelongsToTheme",
    "label": "二级主题属于主题 / belongsToTheme",
    "source": "urn:jy:physics:SB0401:OB06:ThemeL2:27",
    "target": "urn:jy:physics:SB0401:OB06:Theme:8",
    "evidence": {
      "fromThemeL2Section": "# 【内容要求】",
      "fromThemeDescription": "本模块侧重物理学与技术应用有关的内容，由“物理学与医疗技术”“物理学与新能源”“物理学与新材料”“物理学与信息技术”四个主题组成。"
    }
  },
  {
    "relationName": "themeIncludesThemeL2",
    "label": "主题包含二级主题 / includesThemeL2",
    "source": "urn:jy:physics:SB0401:OB06:Theme:9",
    "target": "urn:jy:physics:SB0401:OB06:ThemeL2:28",
    "evidence": {
      "fromThemeDescription": "本模块侧重与近代物理学有关的初步内容，由“微观世界”“高速世界”“宇观世界”“世界的统一性”四个主题组成。",
      "fromThemeL2Section": "# 【内容要求】"
    }
  },
  {
    "relationName": "themeL2BelongsToTheme",
    "label": "二级主题属于主题 / belongsToTheme",
    "source": "urn:jy:physics:SB0401:OB06:ThemeL2:28",
    "target": "urn:jy:physics:SB0401:OB06:Theme:9",
    "evidence": {
      "fromThemeL2Section": "# 【内容要求】",
      "fromThemeDescription": "本模块侧重与近代物理学有关的初步内容，由“微观世界”“高速世界”“宇观世界”“世界的统一性”四个主题组成。"
    }
  },
  {
    "relationName": "themeIncludesThemeL2",
    "label": "主题包含二级主题 / includesThemeL2",
    "source": "urn:jy:physics:SB0401:OB06:Theme:9",
    "target": "urn:jy:physics:SB0401:OB06:ThemeL2:29",
    "evidence": {
      "fromThemeDescription": "本模块侧重与近代物理学有关的初步内容，由“微观世界”“高速世界”“宇观世界”“世界的统一性”四个主题组成。",
      "fromThemeL2Section": "# 【内容要求】"
    }
  },
  {
    "relationName": "themeL2BelongsToTheme",
    "label": "二级主题属于主题 / belongsToTheme",
    "source": "urn:jy:physics:SB0401:OB06:ThemeL2:29",
    "target": "urn:jy:physics:SB0401:OB06:Theme:9",
    "evidence": {
      "fromThemeL2Section": "# 【内容要求】",
      "fromThemeDescription": "本模块侧重与近代物理学有关的初步内容，由“微观世界”“高速世界”“宇观世界”“世界的统一性”四个主题组成。"
    }
  },
  {
    "relationName": "themeIncludesThemeL2",
    "label": "主题包含二级主题 / includesThemeL2",
    "source": "urn:jy:physics:SB0401:OB06:Theme:9",
    "target": "urn:jy:physics:SB0401:OB06:ThemeL2:30",
    "evidence": {
      "fromThemeDescription": "本模块侧重与近代物理学有关的初步内容，由“微观世界”“高速世界”“宇观世界”“世界的统一性”四个主题组成。",
      "fromThemeL2Section": "# 【内容要求】"
    }
  },
  {
    "relationName": "themeL2BelongsToTheme",
    "label": "二级主题属于主题 / belongsToTheme",
    "source": "urn:jy:physics:SB0401:OB06:ThemeL2:30",
    "target": "urn:jy:physics:SB0401:OB06:Theme:9",
    "evidence": {
      "fromThemeL2Section": "# 【内容要求】",
      "fromThemeDescription": "本模块侧重与近代物理学有关的初步内容，由“微观世界”“高速世界”“宇观世界”“世界的统一性”四个主题组成。"
    }
  },
  {
    "relationName": "themeIncludesThemeL2",
    "label": "主题包含二级主题 / includesThemeL2",
    "source": "urn:jy:physics:SB0401:OB06:Theme:9",
    "target": "urn:jy:physics:SB0401:OB06:ThemeL2:31",
    "evidence": {
      "fromThemeDescription": "本模块侧重与近代物理学有关的初步内容，由“微观世界”“高速世界”“宇观世界”“世界的统一性”四个主题组成。",
      "fromThemeL2Section": "# 【内容要求】"
    }
  },
  {
    "relationName": "themeL2BelongsToTheme",
    "label": "二级主题属于主题 / belongsToTheme",
    "source": "urn:jy:physics:SB0401:OB06:ThemeL2:31",
    "target": "urn:jy:physics:SB0401:OB06:Theme:9",
    "evidence": {
      "fromThemeL2Section": "# 【内容要求】",
      "fromThemeDescription": "本模块侧重与近代物理学有关的初步内容，由“微观世界”“高速世界”“宇观世界”“世界的统一性”四个主题组成。"
    }
  },
  {
    "relationName": "themeIncludesThemeL2",
    "label": "主题包含二级主题 / includesThemeL2",
    "source": "urn:jy:physics:SB0401:OB06:Theme:9",
    "target": "urn:jy:physics:SB0401:OB06:ThemeL2:32",
    "evidence": {
      "fromThemeDescription": "本模块侧重与近代物理学有关的初步内容，由“微观世界”“高速世界”“宇观世界”“世界的统一性”四个主题组成。",
      "fromThemeL2Section": "# （三）学业质量标准的应用"
    }
  },
  {
    "relationName": "themeL2BelongsToTheme",
    "label": "二级主题属于主题 / belongsToTheme",
    "source": "urn:jy:physics:SB0401:OB06:ThemeL2:32",
    "target": "urn:jy:physics:SB0401:OB06:Theme:9",
    "evidence": {
      "fromThemeL2Section": "# （三）学业质量标准的应用",
      "fromThemeDescription": "本模块侧重与近代物理学有关的初步内容，由“微观世界”“高速世界”“宇观世界”“世界的统一性”四个主题组成。"
    }
  }
]