{
  "relations": [
    {
      "relationName": "conceptionContainsSubConception",
      "label": "概念1 细胞是生物体结构与生命活动的基本单位包含子概念1 细胞由多种多样的分子组成",
      "source": "urn:jy:biology:SB0403:OB06:Conception:l1",
      "target": "urn:jy:biology:SB0403:OB06:SubConception:l1"
    },
    {
      "relationName": "conceptionContainsSubConception",
      "label": "概念1 细胞是生物体结构与生命活动的基本单位包含子概念2 细胞各部分结构既分工又合作，共同执行细胞的各项生命活动",
      "source": "urn:jy:biology:SB0403:OB06:Conception:l1",
      "target": "urn:jy:biology:SB0403:OB06:SubConception:l2"
    },
    {
      "relationName": "conceptionContainsSubConception",
      "label": "概念1 细胞是生物体结构与生命活动的基本单位包含子概念3 各种细胞具有相似的基本结构，但在形态与功能上有所差异",
      "source": "urn:jy:biology:SB0403:OB06:Conception:l1",
      "target": "urn:jy:biology:SB0403:OB06:SubConception:l3"
    },
    {
      "relationName": "conceptionContainsSubConception",
      "label": "概念2 细胞需要能量和营养物质维持生存，并通过分裂实现增殖包含子概念4 物质通过被动运输、主动运输等方式进出细胞，以维持细胞的正常代谢活动",
      "source": "urn:jy:biology:SB0403:OB06:Conception:l2",
      "target": "urn:jy:biology:SB0403:OB06:SubConception:l4"
    },
    {
      "relationName": "conceptionContainsSubConception",
      "label": "概念2 细胞需要能量和营养物质维持生存，并通过分裂实现增殖包含子概念5 细胞的功能绝大多数基于化学反应, 这些反应发生在细胞的特定区域",
      "source": "urn:jy:biology:SB0403:OB06:Conception:l2",
      "target": "urn:jy:biology:SB0403:OB06:SubConception:l5"
    },
    {
      "relationName": "conceptionContainsSubConception",
      "label": "概念2 细胞需要能量和营养物质维持生存，并通过分裂实现增殖包含子概念6 细胞会经历生长、增殖、分化、衰老和死亡等生命进程",
      "source": "urn:jy:biology:SB0403:OB06:Conception:l2",
      "target": "urn:jy:biology:SB0403:OB06:SubConception:l6"
    },
    {
      "relationName": "conceptionContainsSubConception",
      "label": "概念3 遗传信息控制生物性状，并代代相传包含子概念7 亲代传递给子代的遗传信息主要编码在DNA分子上",
      "source": "urn:jy:biology:SB0403:OB06:Conception:l3",
      "target": "urn:jy:biology:SB0403:OB06:SubConception:l7"
    },
    {
      "relationName": "conceptionContainsSubConception",
      "label": "概念3 遗传信息控制生物性状，并代代相传包含子概念8 有性生殖中基因的分离和重组使双亲后代的基因组合有多种可能",
      "source": "urn:jy:biology:SB0403:OB06:Conception:l3",
      "target": "urn:jy:biology:SB0403:OB06:SubConception:l8"
    },
    {
      "relationName": "conceptionContainsSubConception",
      "label": "概念3 遗传信息控制生物性状，并代代相传包含子概念9 由基因突变、染色体变异和基因重组引起的变异是可以遗传的",
      "source": "urn:jy:biology:SB0403:OB06:Conception:l3",
      "target": "urn:jy:biology:SB0403:OB06:SubConception:l9"
    },
    {
      "relationName": "conceptionContainsSubConception",
      "label": "概念4 生物的多样性和适应性是进化的结果包含子概念10 地球上的现存物种丰富多样，它们来自共同祖先",
      "source": "urn:jy:biology:SB0403:OB06:Conception:l4",
      "target": "urn:jy:biology:SB0403:OB06:SubConception:l10"
    },
    {
      "relationName": "conceptionContainsSubConception",
      "label": "概念4 生物的多样性和适应性是进化的结果包含子概念11 适应是自然选择的结果",
      "source": "urn:jy:biology:SB0403:OB06:Conception:l4",
      "target": "urn:jy:biology:SB0403:OB06:SubConception:l11"
    },
    {
      "relationName": "conceptionContainsSubConception",
      "label": "概念5 生命个体的结构与功能相适应，各结构协调统一共同完成复杂的生命活动，并通过一定的调节机制保持稳态包含子概念12 内环境为机体细胞提供适宜的生存环境，机体细胞通过内环境与外界环境进行物质交换",
      "source": "urn:jy:biology:SB0403:OB06:Conception:l5",
      "target": "urn:jy:biology:SB0403:OB06:SubConception:l12"
    },
    {
      "relationName": "conceptionContainsSubConception",
      "label": "概念5 生命个体的结构与功能相适应，各结构协调统一共同完成复杂的生命活动，并通过一定的调节机制保持稳态包含子概念13 内环境的变化会引发机体的自动调节，以维持内环境的稳态",
      "source": "urn:jy:biology:SB0403:OB06:Conception:l5",
      "target": "urn:jy:biology:SB0403:OB06:SubConception:l13"
    },
    {
      "relationName": "conceptionContainsSubConception",
      "label": "概念5 生命个体的结构与功能相适应，各结构协调统一共同完成复杂的生命活动，并通过一定的调节机制保持稳态包含子概念14 神经系统能够及时感知机体内、外环境的变化，并作出反应调控各器官、系统的活动，实现机体稳态",
      "source": "urn:jy:biology:SB0403:OB06:Conception:l5",
      "target": "urn:jy:biology:SB0403:OB06:SubConception:l14"
    },
    {
      "relationName": "conceptionContainsSubConception",
      "label": "概念5 生命个体的结构与功能相适应，各结构协调统一共同完成复杂的生命活动，并通过一定的调节机制保持稳态包含子概念15 内分泌系统产生的多种类型的激素，通过体液传送而发挥调节作用，实现机体稳态",
      "source": "urn:jy:biology:SB0403:OB06:Conception:l5",
      "target": "urn:jy:biology:SB0403:OB06:SubConception:l15"
    },
    {
      "relationName": "conceptionContainsSubConception",
      "label": "概念5 生命个体的结构与功能相适应，各结构协调统一共同完成复杂的生命活动，并通过一定的调节机制保持稳态包含子概念16 免疫系统能够抵御病原体的侵袭，识别并清除机体内衰老、死亡或异常的细胞，实现机体稳态",
      "source": "urn:jy:biology:SB0403:OB06:Conception:l5",
      "target": "urn:jy:biology:SB0403:OB06:SubConception:l16"
    },
    {
      "relationName": "conceptionContainsSubConception",
      "label": "概念5 生命个体的结构与功能相适应，各结构协调统一共同完成复杂的生命活动，并通过一定的调节机制保持稳态包含子概念17 植物生命活动受到多种因素的调节，其中最重要的是植物激素的调节",
      "source": "urn:jy:biology:SB0403:OB06:Conception:l5",
      "target": "urn:jy:biology:SB0403:OB06:SubConception:l17"
    },
    {
      "relationName": "conceptionContainsSubConception",
      "label": "概念6 生态系统中的各种成分相互影响，共同实现系统的物质循环、能量流动和信息传递，生态系统通过自我调节保持相对稳定的状态包含子概念18 不同种群的生物在长期适应环境和彼此相互适应的过程中形成动态的生物群落",
      "source": "urn:jy:biology:SB0403:OB06:Conception:l6",
      "target": "urn:jy:biology:SB0403:OB06:SubConception:l18"
    },
    {
      "relationName": "conceptionContainsSubConception",
      "label": "概念6 生态系统中的各种成分相互影响，共同实现系统的物质循环、能量流动和信息传递，生态系统通过自我调节保持相对稳定的状态包含子概念19 生物群落与非生物的环境因素相互作用形成多样化的生态系统，完成物质循环、能量流动和信息传递",
      "source": "urn:jy:biology:SB0403:OB06:Conception:l6",
      "target": "urn:jy:biology:SB0403:OB06:SubConception:l19"
    },
    {
      "relationName": "conceptionContainsSubConception",
      "label": "概念6 生态系统中的各种成分相互影响，共同实现系统的物质循环、能量流动和信息传递，生态系统通过自我调节保持相对稳定的状态包含子概念20 生态系统通过自我调节作用抵御和消除一定限度的外来干扰，保持或恢复自身结构和功能的相对稳定",
      "source": "urn:jy:biology:SB0403:OB06:Conception:l6",
      "target": "urn:jy:biology:SB0403:OB06:SubConception:l20"
    },
    {
      "relationName": "conceptionContainsSubConception",
      "label": "概念6 生态系统中的各种成分相互影响，共同实现系统的物质循环、能量流动和信息传递，生态系统通过自我调节保持相对稳定的状态包含子概念21 人类活动对生态系统的动态平衡有着深远的影响，依据生态学原理保护环境是人类生存和可持续发展的必要条件",
      "source": "urn:jy:biology:SB0403:OB06:Conception:l6",
      "target": "urn:jy:biology:SB0403:OB06:SubConception:l21"
    },
    {
      "relationName": "conceptionContainsSubConception",
      "label": "概念7 发酵工程利用微生物的特定功能规模化生产对人类有用的产品包含子概念22 获得纯净的微生物培养物是发酵工程的基础",
      "source": "urn:jy:biology:SB0403:OB06:Conception:l7",
      "target": "urn:jy:biology:SB0403:OB06:SubConception:l22"
    },
    {
      "relationName": "conceptionContainsSubConception",
      "label": "概念7 发酵工程利用微生物的特定功能规模化生产对人类有用的产品包含子概念23 发酵工程为人类提供多样的生物产品",
      "source": "urn:jy:biology:SB0403:OB06:Conception:l7",
      "target": "urn:jy:biology:SB0403:OB06:SubConception:l23"
    },
    {
      "relationName": "conceptionContainsSubConception",
      "label": "概念8 细胞工程通过细胞水平上的操作，获得有用的生物体或其产品包含子概念24 植物细胞工程包括组织培养和体细胞杂交等技术",
      "source": "urn:jy:biology:SB0403:OB06:Conception:l8",
      "target": "urn:jy:biology:SB0403:OB06:SubConception:l24"
    },
    {
      "relationName": "conceptionContainsSubConception",
      "label": "概念8 细胞工程通过细胞水平上的操作，获得有用的生物体或其产品包含子概念25 动物细胞工程包括细胞培养、核移植、细胞融合和干细胞的应用等技术",
      "source": "urn:jy:biology:SB0403:OB06:Conception:l8",
      "target": "urn:jy:biology:SB0403:OB06:SubConception:l25"
    },
    {
      "relationName": "conceptionContainsSubConception",
      "label": "概念8 细胞工程通过细胞水平上的操作，获得有用的生物体或其产品包含子概念26 对动物早期胚胎或配子进行显微操作和处理以获得目标个体",
      "source": "urn:jy:biology:SB0403:OB06:Conception:l8",
      "target": "urn:jy:biology:SB0403:OB06:SubConception:l26"
    },
    {
      "relationName": "conceptionContainsSubConception",
      "label": "概念9 基因工程赋予生物新的遗传特性包含子概念27 基因工程是一种重组DNA技术",
      "source": "urn:jy:biology:SB0403:OB06:Conception:l9",
      "target": "urn:jy:biology:SB0403:OB06:SubConception:l27"
    },
    {
      "relationName": "conceptionContainsSubConception",
      "label": "概念9 基因工程赋予生物新的遗传特性包含子概念28 蛋白质工程是基因工程的延伸",
      "source": "urn:jy:biology:SB0403:OB06:Conception:l9",
      "target": "urn:jy:biology:SB0403:OB06:SubConception:l28"
    },
    {
      "relationName": "conceptionContainsSubConception",
      "label": "概念10 生物技术在造福人类社会的同时也可能会带来安全与伦理问题包含子概念29 转基因产品的安全性引发社会的广泛关注",
      "source": "urn:jy:biology:SB0403:OB06:Conception:l10",
      "target": "urn:jy:biology:SB0403:OB06:SubConception:l29"
    },
    {
      "relationName": "conceptionContainsSubConception",
      "label": "概念10 生物技术在造福人类社会的同时也可能会带来安全与伦理问题包含子概念30 中国禁止生殖性克隆人",
      "source": "urn:jy:biology:SB0403:OB06:Conception:l10",
      "target": "urn:jy:biology:SB0403:OB06:SubConception:l30"
    },
    {
      "relationName": "conceptionContainsSubConception",
      "label": "概念10 生物技术在造福人类社会的同时也可能会带来安全与伦理问题包含子概念31 世界范围内应全面禁止生物武器",
      "source": "urn:jy:biology:SB0403:OB06:Conception:l10",
      "target": "urn:jy:biology:SB0403:OB06:SubConception:l31"
    }
  ]
}
