{
  "modules": [
    {
      "type": "Module",
      "title": "模块1 分子与细胞",
      "courseModule": "urn:jy:biology:SB0403:OB06:CourseModule:l1",
      "identifier": "urn:jy:biology:SB0403:OB06:Module:l1"
    },
    {
      "type": "Module",
      "title": "模块2 遗传与进化",
      "courseModule": "urn:jy:biology:SB0403:OB06:CourseModule:l1",
      "identifier": "urn:jy:biology:SB0403:OB06:Module:l2"
    },
    {
      "type": "Module",
      "title": "模块1 稳态与调节",
      "courseModule": "urn:jy:biology:SB0403:OB06:CourseModule:l2",
      "identifier": "urn:jy:biology:SB0403:OB06:Module:l3"
    },
    {
      "type": "Module",
      "title": "模块2 生物与环境",
      "courseModule": "urn:jy:biology:SB0403:OB06:CourseModule:l2",
      "identifier": "urn:jy:biology:SB0403:OB06:Module:l4"
    },
    {
      "type": "Module",
      "title": "模块3 生物技术与工程",
      "courseModule": "urn:jy:biology:SB0403:OB06:CourseModule:l2",
      "identifier": "urn:jy:biology:SB0403:OB06:Module:l5"
    },
    {
      "type": "Module",
      "title": "健康生活模块",
      "courseModule": "urn:jy:biology:SB0403:OB06:CourseModule:l3",
      "identifier": "urn:jy:biology:SB0403:OB06:Module:l6"
    },
    {
      "type": "Module",
      "title": "急救措施模块",
      "courseModule": "urn:jy:biology:SB0403:OB06:CourseModule:l3",
      "identifier": "urn:jy:biology:SB0403:OB06:Module:l7"
    },
    {
      "type": "Module",
      "title": "传染病与防控模块",
      "courseModule": "urn:jy:biology:SB0403:OB06:CourseModule:l3",
      "identifier": "urn:jy:biology:SB0403:OB06:Module:l8"
    },
    {
      "type": "Module",
      "title": "社会热点中的生物学问题模块",
      "courseModule": "urn:jy:biology:SB0403:OB06:CourseModule:l3",
      "identifier": "urn:jy:biology:SB0403:OB06:Module:l9"
    },
    {
      "type": "Module",
      "title": "动物福利模块",
      "courseModule": "urn:jy:biology:SB0403:OB06:CourseModule:l3",
      "identifier": "urn:jy:biology:SB0403:OB06:Module:l10"
    },
    {
      "type": "Module",
      "title": "外来生物入侵与防控模块",
      "courseModule": "urn:jy:biology:SB0403:OB06:CourseModule:l3",
      "identifier": "urn:jy:biology:SB0403:OB06:Module:l11"
    },
    {
      "type": "Module",
      "title": "地方特色动植物研究模块",
      "courseModule": "urn:jy:biology:SB0403:OB06:CourseModule:l3",
      "identifier": "urn:jy:biology:SB0403:OB06:Module:l12"
    },
    {
      "type": "Module",
      "title": "生物制药模块",
      "courseModule": "urn:jy:biology:SB0403:OB06:CourseModule:l3",
      "identifier": "urn:jy:biology:SB0403:OB06:Module:l13"
    },
    {
      "type": "Module",
      "title": "海洋生物学模块",
      "courseModule": "urn:jy:biology:SB0403:OB06:CourseModule:l3",
      "identifier": "urn:jy:biology:SB0403:OB06:Module:l14"
    },
    {
      "type": "Module",
      "title": "食品安全与检疫模块",
      "courseModule": "urn:jy:biology:SB0403:OB06:CourseModule:l3",
      "identifier": "urn:jy:biology:SB0403:OB06:Module:l15"
    },
    {
      "type": "Module",
      "title": "职业病与防控模块",
      "courseModule": "urn:jy:biology:SB0403:OB06:CourseModule:l3",
      "identifier": "urn:jy:biology:SB0403:OB06:Module:l16"
    },
    {
      "type": "Module",
      "title": "园艺与景观生态学模块",
      "courseModule": "urn:jy:biology:SB0403:OB06:CourseModule:l3",
      "identifier": "urn:jy:biology:SB0403:OB06:Module:l17"
    },
    {
      "type": "Module",
      "title": "环境友好与经济作物模块",
      "courseModule": "urn:jy:biology:SB0403:OB06:CourseModule:l3",
      "identifier": "urn:jy:biology:SB0403:OB06:Module:l18"
    },
    {
      "type": "Module",
      "title": "生物资源开发与利用模块",
      "courseModule": "urn:jy:biology:SB0403:OB06:CourseModule:l3",
      "identifier": "urn:jy:biology:SB0403:OB06:Module:l19"
    },
    {
      "type": "Module",
      "title": "本地受胁物种保护模块",
      "courseModule": "urn:jy:biology:SB0403:OB06:CourseModule:l3",
      "identifier": "urn:jy:biology:SB0403:OB06:Module:l20"
    },
    {
      "type": "Module",
      "title": "细胞与分子生物学模块",
      "courseModule": "urn:jy:biology:SB0403:OB06:CourseModule:l3",
      "identifier": "urn:jy:biology:SB0403:OB06:Module:l21"
    },
    {
      "type": "Module",
      "title": "生物信息学与人类基因组模块",
      "courseModule": "urn:jy:biology:SB0403:OB06:CourseModule:l3",
      "identifier": "urn:jy:biology:SB0403:OB06:Module:l22"
    },
    {
      "type": "Module",
      "title": "神经系统与疾病模块",
      "courseModule": "urn:jy:biology:SB0403:OB06:CourseModule:l3",
      "identifier": "urn:jy:biology:SB0403:OB06:Module:l23"
    },
    {
      "type": "Module",
      "title": "干细胞与应用模块",
      "courseModule": "urn:jy:biology:SB0403:OB06:CourseModule:l3",
      "identifier": "urn:jy:biology:SB0403:OB06:Module:l24"
    },
    {
      "type": "Module",
      "title": "植物组织培养模块",
      "courseModule": "urn:jy:biology:SB0403:OB06:CourseModule:l3",
      "identifier": "urn:jy:biology:SB0403:OB06:Module:l25"
    },
    {
      "type": "Module",
      "title": "生态安全模块",
      "courseModule": "urn:jy:biology:SB0403:OB06:CourseModule:l3",
      "identifier": "urn:jy:biology:SB0403:OB06:Module:l26"
    },
    {
      "type": "Module",
      "title": "校园动植物分类模块",
      "courseModule": "urn:jy:biology:SB0403:OB06:CourseModule:l3",
      "identifier": "urn:jy:biology:SB0403:OB06:Module:l27"
    }
  ]
}
