{
  "relations": [
    {
      "relationName": "moduleContainsConception",
      "label": "模块1 分子与细胞包含概念1 细胞是生物体结构与生命活动的基本单位",
      "source": "urn:jy:biology:SB0403:OB06:Module:l1",
      "target": "urn:jy:biology:SB0403:OB06:Conception:l1"
    },
    {
      "relationName": "moduleContainsConception",
      "label": "模块1 分子与细胞包含概念2 细胞需要能量和营养物质维持生存，并通过分裂实现增殖",
      "source": "urn:jy:biology:SB0403:OB06:Module:l1",
      "target": "urn:jy:biology:SB0403:OB06:Conception:l2"
    },
    {
      "relationName": "moduleContainsConception",
      "label": "模块2 遗传与进化包含概念3 遗传信息控制生物性状，并代代相传",
      "source": "urn:jy:biology:SB0403:OB06:Module:l2",
      "target": "urn:jy:biology:SB0403:OB06:Conception:l3"
    },
    {
      "relationName": "moduleContainsConception",
      "label": "模块2 遗传与进化包含概念4 生物的多样性和适应性是进化的结果",
      "source": "urn:jy:biology:SB0403:OB06:Module:l2",
      "target": "urn:jy:biology:SB0403:OB06:Conception:l4"
    },
    {
      "relationName": "moduleContainsConception",
      "label": "模块3 生物技术与工程包含概念5 基因工程赋予生物新的遗传特性",
      "source": "urn:jy:biology:SB0403:OB06:Module:l5",
      "target": "urn:jy:biology:SB0403:OB06:Conception:l9"
    },
    {
      "relationName": "moduleContainsConception",
      "label": "模块3 生物技术与工程包含概念6 生物技术在造福人类社会的同时也可能会带来安全与伦理问题",
      "source": "urn:jy:biology:SB0403:OB06:Module:l5",
      "target": "urn:jy:biology:SB0403:OB06:Conception:l10"
    },
    {
      "relationName": "moduleContainsConception",
      "label": "模块1 稳态与调节包含概念5 生命个体的结构与功能相适应，各结构协调统一共同完成复杂的生命活动，并通过一定的调节机制保持稳态",
      "source": "urn:jy:biology:SB0403:OB06:Module:l3",
      "target": "urn:jy:biology:SB0403:OB06:Conception:l5"
    },
    {
      "relationName": "moduleContainsConception",
      "label": "模块2 生物与环境包含概念6 生态系统中的各种成分相互影响，共同实现系统的物质循环、能量流动和信息传递，生态系统通过自我调节保持相对稳定的状态",
      "source": "urn:jy:biology:SB0403:OB06:Module:l4",
      "target": "urn:jy:biology:SB0403:OB06:Conception:l6"
    },
    {
      "relationName": "moduleContainsConception",
      "label": "模块3 生物技术与工程包含概念7 发酵工程利用微生物的特定功能规模化生产对人类有用的产品",
      "source": "urn:jy:biology:SB0403:OB06:Module:l5",
      "target": "urn:jy:biology:SB0403:OB06:Conception:l7"
    },
    {
      "relationName": "moduleContainsConception",
      "label": "模块3 生物技术与工程包含概念8 细胞工程通过细胞水平上的操作，获得有用的生物体或其产品",
      "source": "urn:jy:biology:SB0403:OB06:Module:l5",
      "target": "urn:jy:biology:SB0403:OB06:Conception:l8"
    }
  ]
}
