{
  "relations": [
    {
      "relationName": "属于子概念",
      "label": "第1节 细胞是生命活动的基本单位",
      "source": "urn:jy:biology:SB0403:OB06:Section:l1",
      "target": "urn:jy:biology:SB0403:OB06:SubConception:l3"
    },
    {
      "relationName": "属于子概念",
      "label": "第2节 细胞的多样性和统一性",
      "source": "urn:jy:biology:SB0403:OB06:Section:l2",
      "target": "urn:jy:biology:SB0403:OB06:SubConception:l3"
    },
    {
      "relationName": "属于子概念",
      "label": "第1节 细胞中的元素和化合物",
      "source": "urn:jy:biology:SB0403:OB06:Section:l5",
      "target": "urn:jy:biology:SB0403:OB06:SubConception:l1"
    },
    {
      "relationName": "属于子概念",
      "label": "探究·实践 检测生物组织中的糖类、脂肪和蛋白质",
      "source": "urn:jy:biology:SB0403:OB06:Section:l6",
      "target": "urn:jy:biology:SB0403:OB06:SubConception:l1"
    },
    {
      "relationName": "属于子概念",
      "label": "第2节 细胞中的无机物",
      "source": "urn:jy:biology:SB0403:OB06:Section:l7",
      "target": "urn:jy:biology:SB0403:OB06:SubConception:l1"
    },
    {
      "relationName": "属于子概念",
      "label": "第3节 细胞中的糖类和脂质",
      "source": "urn:jy:biology:SB0403:OB06:Section:l8",
      "target": "urn:jy:biology:SB0403:OB06:SubConception:l1"
    },
    {
      "relationName": "属于子概念",
      "label": "第4节 蛋白质是生命活动的主要承担者",
      "source": "urn:jy:biology:SB0403:OB06:Section:l9",
      "target": "urn:jy:biology:SB0403:OB06:SubConception:l1"
    },
    {
      "relationName": "属于子概念",
      "label": "第5节 核酸是遗传信息的携带者",
      "source": "urn:jy:biology:SB0403:OB06:Section:l11",
      "target": "urn:jy:biology:SB0403:OB06:SubConception:l1"
    },
    {
      "relationName": "属于子概念",
      "label": "第1节 细胞膜的结构和功能",
      "source": "urn:jy:biology:SB0403:OB06:Section:l12",
      "target": "urn:jy:biology:SB0403:OB06:SubConception:l2"
    },
    {
      "relationName": "属于子概念",
      "label": "第2节 细胞器之间的分工合作",
      "source": "urn:jy:biology:SB0403:OB06:Section:l13",
      "target": "urn:jy:biology:SB0403:OB06:SubConception:l2"
    },
    {
      "relationName": "属于子概念",
      "label": "第3节 细胞核的结构和功能",
      "source": "urn:jy:biology:SB0403:OB06:Section:l15",
      "target": "urn:jy:biology:SB0403:OB06:SubConception:l2"
    },
    {
      "relationName": "属于子概念",
      "label": "第1节 被动运输",
      "source": "urn:jy:biology:SB0403:OB06:Section:l18",
      "target": "urn:jy:biology:SB0403:OB06:SubConception:l4"
    },
    {
      "relationName": "属于子概念",
      "label": "第2节 主动运输与胞吞、胞吐",
      "source": "urn:jy:biology:SB0403:OB06:Section:l21",
      "target": "urn:jy:biology:SB0403:OB06:SubConception:l4"
    },
    {
      "relationName": "属于子概念",
      "label": "第1节 降低化学反应活化能的酶",
      "source": "urn:jy:biology:SB0403:OB06:Section:l22",
      "target": "urn:jy:biology:SB0403:OB06:SubConception:l5"
    },
    {
      "relationName": "属于子概念",
      "label": "第2节 细胞的能量“货币”ATP",
      "source": "urn:jy:biology:SB0403:OB06:Section:l23",
      "target": "urn:jy:biology:SB0403:OB06:SubConception:l5"
    },
    {
      "relationName": "属于子概念",
      "label": "第3节 细胞呼吸的原理和应用",
      "source": "urn:jy:biology:SB0403:OB06:Section:l24",
      "target": "urn:jy:biology:SB0403:OB06:SubConception:l5"
    },
    {
      "relationName": "属于子概念",
      "label": "第4节 光合作用与能量转化",
      "source": "urn:jy:biology:SB0403:OB06:Section:l26",
      "target": "urn:jy:biology:SB0403:OB06:SubConception:l5"
    },
    {
      "relationName": "属于子概念",
      "label": "第1节 细胞的增殖",
      "source": "urn:jy:biology:SB0403:OB06:Section:l27",
      "target": "urn:jy:biology:SB0403:OB06:SubConception:l6"
    },
    {
      "relationName": "属于子概念",
      "label": "第2节 细胞的分化",
      "source": "urn:jy:biology:SB0403:OB06:Section:l29",
      "target": "urn:jy:biology:SB0403:OB06:SubConception:l6"
    },
    {
      "relationName": "属于子概念",
      "label": "第3节 细胞的衰老和死亡",
      "source": "urn:jy:biology:SB0403:OB06:Section:l31",
      "target": "urn:jy:biology:SB0403:OB06:SubConception:l6"
    },
    {
      "relationName": "属于子概念",
      "label": "第1节 孟德尔的豌豆杂交实验（一）",
      "source": "urn:jy:biology:SB0403:OB06:Section:l34",
      "target": "urn:jy:biology:SB0403:OB06:SubConception:l8"
    },
    {
      "relationName": "属于子概念",
      "label": "第2节 孟德尔的豌豆杂交实验（二）",
      "source": "urn:jy:biology:SB0403:OB06:Section:l36",
      "target": "urn:jy:biology:SB0403:OB06:SubConception:l8"
    },
    {
      "relationName": "属于子概念",
      "label": "第1节 减数分裂和受精作用",
      "source": "urn:jy:biology:SB0403:OB06:Section:l38",
      "target": "urn:jy:biology:SB0403:OB06:SubConception:l8"
    },
    {
      "relationName": "属于子概念",
      "label": "第2节 基因在染色体上",
      "source": "urn:jy:biology:SB0403:OB06:Section:l39",
      "target": "urn:jy:biology:SB0403:OB06:SubConception:l8"
    },
    {
      "relationName": "属于子概念",
      "label": "第3节 伴性遗传",
      "source": "urn:jy:biology:SB0403:OB06:Section:l41",
      "target": "urn:jy:biology:SB0403:OB06:SubConception:l8"
    },
    {
      "relationName": "属于子概念",
      "label": "第1节 DNA是主要的遗传物质",
      "source": "urn:jy:biology:SB0403:OB06:Section:l42",
      "target": "urn:jy:biology:SB0403:OB06:SubConception:l7"
    },
    {
      "relationName": "属于子概念",
      "label": "第2节 DNA的结构",
      "source": "urn:jy:biology:SB0403:OB06:Section:l44",
      "target": "urn:jy:biology:SB0403:OB06:SubConception:l7"
    },
    {
      "relationName": "属于子概念",
      "label": "第3节 DNA的复制",
      "source": "urn:jy:biology:SB0403:OB06:Section:l47",
      "target": "urn:jy:biology:SB0403:OB06:SubConception:l7"
    },
    {
      "relationName": "属于子概念",
      "label": "第4节 基因通常是有遗传效应的DNA片段",
      "source": "urn:jy:biology:SB0403:OB06:Section:l48",
      "target": "urn:jy:biology:SB0403:OB06:SubConception:l7"
    },
    {
      "relationName": "属于子概念",
      "label": "第1节 基因指导蛋白质的合成",
      "source": "urn:jy:biology:SB0403:OB06:Section:l51",
      "target": "urn:jy:biology:SB0403:OB06:SubConception:l7"
    },
    {
      "relationName": "属于子概念",
      "label": "第2节 基因表达与性状的关系",
      "source": "urn:jy:biology:SB0403:OB06:Section:l53",
      "target": "urn:jy:biology:SB0403:OB06:SubConception:l7"
    },
    {
      "relationName": "属于子概念",
      "label": "第1节 基因突变和基因重组",
      "source": "urn:jy:biology:SB0403:OB06:Section:l55",
      "target": "urn:jy:biology:SB0403:OB06:SubConception:l9"
    },
    {
      "relationName": "属于子概念",
      "label": "第2节 染色体变异",
      "source": "urn:jy:biology:SB0403:OB06:Section:l58",
      "target": "urn:jy:biology:SB0403:OB06:SubConception:l9"
    },
    {
      "relationName": "属于子概念",
      "label": "第3节 人类遗传病",
      "source": "urn:jy:biology:SB0403:OB06:Section:l60",
      "target": "urn:jy:biology:SB0403:OB06:SubConception:l9"
    },
    {
      "relationName": "属于子概念",
      "label": "第1节 生物有共同祖先的证据",
      "source": "urn:jy:biology:SB0403:OB06:Section:l63",
      "target": "urn:jy:biology:SB0403:OB06:SubConception:l10"
    },
    {
      "relationName": "属于子概念",
      "label": "第2节 自然选择与适应的形成",
      "source": "urn:jy:biology:SB0403:OB06:Section:l66",
      "target": "urn:jy:biology:SB0403:OB06:SubConception:l11"
    },
    {
      "relationName": "属于子概念",
      "label": "第3节 种群基因组成的变化与物种的形成",
      "source": "urn:jy:biology:SB0403:OB06:Section:l67",
      "target": "urn:jy:biology:SB0403:OB06:SubConception:l11"
    },
    {
      "relationName": "属于子概念",
      "label": "第4节 协同进化与生物多样性的形成",
      "source": "urn:jy:biology:SB0403:OB06:Section:l68",
      "target": "urn:jy:biology:SB0403:OB06:SubConception:l11"
    },
    {
      "relationName": "属于子概念",
      "label": "第1节 细胞生活的环境",
      "source": "urn:jy:biology:SB0403:OB06:Section:l74",
      "target": "urn:jy:biology:SB0403:OB06:SubConception:l12"
    },
    {
      "relationName": "属于子概念",
      "label": "第2节 内环境的稳态",
      "source": "urn:jy:biology:SB0403:OB06:Section:l75",
      "target": "urn:jy:biology:SB0403:OB06:SubConception:l12"
    },
    {
      "relationName": "属于子概念",
      "label": "第1节 神经调节的结构基础",
      "source": "urn:jy:biology:SB0403:OB06:Section:l77",
      "target": "urn:jy:biology:SB0403:OB06:SubConception:l14"
    },
    {
      "relationName": "属于子概念",
      "label": "第2节 神经调节的基本方式",
      "source": "urn:jy:biology:SB0403:OB06:Section:l79",
      "target": "urn:jy:biology:SB0403:OB06:SubConception:l14"
    },
    {
      "relationName": "属于子概念",
      "label": "第3节 神经冲动的产生和传导",
      "source": "urn:jy:biology:SB0403:OB06:Section:l81",
      "target": "urn:jy:biology:SB0403:OB06:SubConception:l14"
    },
    {
      "relationName": "属于子概念",
      "label": "第4节 神经系统的分级调节",
      "source": "urn:jy:biology:SB0403:OB06:Section:l83",
      "target": "urn:jy:biology:SB0403:OB06:SubConception:l14"
    },
    {
      "relationName": "属于子概念",
      "label": "第5节 人脑的高级功能",
      "source": "urn:jy:biology:SB0403:OB06:Section:l85",
      "target": "urn:jy:biology:SB0403:OB06:SubConception:l14"
    },
    {
      "relationName": "属于子概念",
      "label": "第1节 激素与内分泌系统",
      "source": "urn:jy:biology:SB0403:OB06:Section:l87",
      "target": "urn:jy:biology:SB0403:OB06:SubConception:l15"
    },
    {
      "relationName": "属于子概念",
      "label": "第2节 激素调节的过程",
      "source": "urn:jy:biology:SB0403:OB06:Section:l88",
      "target": "urn:jy:biology:SB0403:OB06:SubConception:l15"
    },
    {
      "relationName": "属于子概念",
      "label": "第3节 体液调节与神经调节的关系",
      "source": "urn:jy:biology:SB0403:OB06:Section:l90",
      "target": "urn:jy:biology:SB0403:OB06:SubConception:l15"
    },
    {
      "relationName": "属于子概念",
      "label": "第1节 免疫系统的组成和功能",
      "source": "urn:jy:biology:SB0403:OB06:Section:l91",
      "target": "urn:jy:biology:SB0403:OB06:SubConception:l16"
    },
    {
      "relationName": "属于子概念",
      "label": "第2节 特异性免疫",
      "source": "urn:jy:biology:SB0403:OB06:Section:l93",
      "target": "urn:jy:biology:SB0403:OB06:SubConception:l16"
    },
    {
      "relationName": "属于子概念",
      "label": "第3节 免疫失调",
      "source": "urn:jy:biology:SB0403:OB06:Section:l96",
      "target": "urn:jy:biology:SB0403:OB06:SubConception:l16"
    },
    {
      "relationName": "属于子概念",
      "label": "第4节 免疫学的应用",
      "source": "urn:jy:biology:SB0403:OB06:Section:l98",
      "target": "urn:jy:biology:SB0403:OB06:SubConception:l16"
    },
    {
      "relationName": "属于子概念",
      "label": "第1节 植物生长素",
      "source": "urn:jy:biology:SB0403:OB06:Section:l100",
      "target": "urn:jy:biology:SB0403:OB06:SubConception:l17"
    },
    {
      "relationName": "属于子概念",
      "label": "第2节 其他植物激素",
      "source": "urn:jy:biology:SB0403:OB06:Section:l101",
      "target": "urn:jy:biology:SB0403:OB06:SubConception:l17"
    },
    {
      "relationName": "属于子概念",
      "label": "第3节 植物生长调节剂的应用",
      "source": "urn:jy:biology:SB0403:OB06:Section:l102",
      "target": "urn:jy:biology:SB0403:OB06:SubConception:l17"
    },
    {
      "relationName": "属于子概念",
      "label": "第4节 环境因素参与调节植物的生命活动",
      "source": "urn:jy:biology:SB0403:OB06:Section:l104",
      "target": "urn:jy:biology:SB0403:OB06:SubConception:l17"
    },
    {
      "relationName": "属于子概念",
      "label": "第1节 种群的数量特征",
      "source": "urn:jy:biology:SB0403:OB06:Section:l107",
      "target": "urn:jy:biology:SB0403:OB06:SubConception:l18"
    },
    {
      "relationName": "属于子概念",
      "label": "第2节 种群数量的变化",
      "source": "urn:jy:biology:SB0403:OB06:Section:l110",
      "target": "urn:jy:biology:SB0403:OB06:SubConception:l18"
    },
    {
      "relationName": "属于子概念",
      "label": "第3节 影响种群数量变化的因素",
      "source": "urn:jy:biology:SB0403:OB06:Section:l113",
      "target": "urn:jy:biology:SB0403:OB06:SubConception:l18"
    },
    {
      "relationName": "属于子概念",
      "label": "第1节 群落的结构",
      "source": "urn:jy:biology:SB0403:OB06:Section:l115",
      "target": "urn:jy:biology:SB0403:OB06:SubConception:l18"
    },
    {
      "relationName": "属于子概念",
      "label": "第2节 群落的主要类型",
      "source": "urn:jy:biology:SB0403:OB06:Section:l118",
      "target": "urn:jy:biology:SB0403:OB06:SubConception:l18"
    },
    {
      "relationName": "属于子概念",
      "label": "第3节 群落的演替",
      "source": "urn:jy:biology:SB0403:OB06:Section:l120",
      "target": "urn:jy:biology:SB0403:OB06:SubConception:l18"
    },
    {
      "relationName": "属于子概念",
      "label": "第1节 生态系统的结构",
      "source": "urn:jy:biology:SB0403:OB06:Section:l121",
      "target": "urn:jy:biology:SB0403:OB06:SubConception:l19"
    },
    {
      "relationName": "属于子概念",
      "label": "第2节 生态系统的能量流动",
      "source": "urn:jy:biology:SB0403:OB06:Section:l123",
      "target": "urn:jy:biology:SB0403:OB06:SubConception:l19"
    },
    {
      "relationName": "属于子概念",
      "label": "第3节 生态系统的物质循环",
      "source": "urn:jy:biology:SB0403:OB06:Section:l125",
      "target": "urn:jy:biology:SB0403:OB06:SubConception:l19"
    },
    {
      "relationName": "属于子概念",
      "label": "第4节 生态系统的信息传递",
      "source": "urn:jy:biology:SB0403:OB06:Section:l128",
      "target": "urn:jy:biology:SB0403:OB06:SubConception:l19"
    },
    {
      "relationName": "属于子概念",
      "label": "第5节 生态系统的稳定性",
      "source": "urn:jy:biology:SB0403:OB06:Section:l129",
      "target": "urn:jy:biology:SB0403:OB06:SubConception:l20"
    },
    {
      "relationName": "属于子概念",
      "label": "第1节 人类活动对生态环境的影响",
      "source": "urn:jy:biology:SB0403:OB06:Section:l131",
      "target": "urn:jy:biology:SB0403:OB06:SubConception:l21"
    },
    {
      "relationName": "属于子概念",
      "label": "第2节 生物多样性及其保护",
      "source": "urn:jy:biology:SB0403:OB06:Section:l134",
      "target": "urn:jy:biology:SB0403:OB06:SubConception:l21"
    },
    {
      "relationName": "属于子概念",
      "label": "第1节 传统发酵技术的应用",
      "source": "urn:jy:biology:SB0403:OB06:Section:l137",
      "target": "urn:jy:biology:SB0403:OB06:SubConception:l23"
    },
    {
      "relationName": "属于子概念",
      "label": "第2节 微生物的培养技术及应用",
      "source": "urn:jy:biology:SB0403:OB06:Section:l139",
      "target": "urn:jy:biology:SB0403:OB06:SubConception:l22"
    },
    {
      "relationName": "属于子概念",
      "label": "第3节 发酵工程及其应用",
      "source": "urn:jy:biology:SB0403:OB06:Section:l140",
      "target": "urn:jy:biology:SB0403:OB06:SubConception:l23"
    },
    {
      "relationName": "属于子概念",
      "label": "第1节 植物细胞工程",
      "source": "urn:jy:biology:SB0403:OB06:Section:l142",
      "target": "urn:jy:biology:SB0403:OB06:SubConception:l24"
    },
    {
      "relationName": "属于子概念",
      "label": "第2节 动物细胞工程",
      "source": "urn:jy:biology:SB0403:OB06:Section:l143",
      "target": "urn:jy:biology:SB0403:OB06:SubConception:l25"
    },
    {
      "relationName": "属于子概念",
      "label": "第3节 胚胎工程",
      "source": "urn:jy:biology:SB0403:OB06:Section:l144",
      "target": "urn:jy:biology:SB0403:OB06:SubConception:l26"
    },
    {
      "relationName": "属于子概念",
      "label": "第1节 重组DNA技术的基本工具",
      "source": "urn:jy:biology:SB0403:OB06:Section:l146",
      "target": "urn:jy:biology:SB0403:OB06:SubConception:l27"
    },
    {
      "relationName": "属于子概念",
      "label": "第2节 基因工程的基本操作程序",
      "source": "urn:jy:biology:SB0403:OB06:Section:l148",
      "target": "urn:jy:biology:SB0403:OB06:SubConception:l27"
    },
    {
      "relationName": "属于子概念",
      "label": "第3节 基因工程的应用",
      "source": "urn:jy:biology:SB0403:OB06:Section:l151",
      "target": "urn:jy:biology:SB0403:OB06:SubConception:l27"
    },
    {
      "relationName": "属于子概念",
      "label": "第4节 蛋白质工程的原理和应用",
      "source": "urn:jy:biology:SB0403:OB06:Section:l152",
      "target": "urn:jy:biology:SB0403:OB06:SubConception:l28"
    },
    {
      "relationName": "属于子概念",
      "label": "第1节 转基因产品的安全性",
      "source": "urn:jy:biology:SB0403:OB06:Section:l154",
      "target": "urn:jy:biology:SB0403:OB06:SubConception:l29"
    },
    {
      "relationName": "属于子概念",
      "label": "第2节 关注生殖性克隆人",
      "source": "urn:jy:biology:SB0403:OB06:Section:l155",
      "target": "urn:jy:biology:SB0403:OB06:SubConception:l30"
    },
    {
      "relationName": "属于子概念",
      "label": "第3节 禁止生物武器",
      "source": "urn:jy:biology:SB0403:OB06:Section:l156",
      "target": "urn:jy:biology:SB0403:OB06:SubConception:l31"
    },
    {
      "relationName": "属于子概念",
      "label": "综合专题",
      "source": "urn:jy:biology:SB0403:OB06:Section:l157",
      "target": "urn:jy:biology:SB0403:OB06:SubConception:l3"
    },
    {
      "relationName": "属于子概念",
      "label": "生物学核心素养中的科学探究（上）",
      "source": "urn:jy:biology:SB0403:OB06:Section:l158",
      "target": "urn:jy:biology:SB0403:OB06:SubConception:l6"
    },
    {
      "relationName": "属于子概念",
      "label": "生物学核心素养中的科学探究（中）",
      "source": "urn:jy:biology:SB0403:OB06:Section:l159",
      "target": "urn:jy:biology:SB0403:OB06:SubConception:l6"
    },
    {
      "relationName": "属于子概念",
      "label": "生物学核心素养中的科学探究（下）",
      "source": "urn:jy:biology:SB0403:OB06:Section:l160",
      "target": "urn:jy:biology:SB0403:OB06:SubConception:l6"
    },
    {
      "relationName": "属于子概念",
      "label": "高考生物复习（一）",
      "source": "urn:jy:biology:SB0403:OB06:Section:l161",
      "target": "urn:jy:biology:SB0403:OB06:SubConception:l1"
    },
    {
      "relationName": "属于子概念",
      "label": "高考生物复习（二）",
      "source": "urn:jy:biology:SB0403:OB06:Section:l162",
      "target": "urn:jy:biology:SB0403:OB06:SubConception:l2"
    },
    {
      "relationName": "属于子概念",
      "label": "高考生物复习（三）",
      "source": "urn:jy:biology:SB0403:OB06:Section:l163",
      "target": "urn:jy:biology:SB0403:OB06:SubConception:l4"
    },
    {
      "relationName": "属于子概念",
      "label": "高考生物复习（四）—— 生物学核心素养中的生命观念（2）",
      "source": "urn:jy:biology:SB0403:OB06:Section:l164",
      "target": "urn:jy:biology:SB0403:OB06:SubConception:l5"
    },
    {
      "relationName": "属于子概念",
      "label": "生物学核心素养中的科学思维（1）",
      "source": "urn:jy:biology:SB0403:OB06:Section:l165",
      "target": "urn:jy:biology:SB0403:OB06:SubConception:l7"
    },
    {
      "relationName": "属于子概念",
      "label": "生物学核心素养中的生命观念（3）",
      "source": "urn:jy:biology:SB0403:OB06:Section:l166",
      "target": "urn:jy:biology:SB0403:OB06:SubConception:l8"
    },
    {
      "relationName": "属于子概念",
      "label": "科学方法提高复习效率",
      "source": "urn:jy:biology:SB0403:OB06:Section:l167",
      "target": "urn:jy:biology:SB0403:OB06:SubConception:l9"
    },
    {
      "relationName": "属于子概念",
      "label": "领会学科思想和掌握学科方法",
      "source": "urn:jy:biology:SB0403:OB06:Section:l168",
      "target": "urn:jy:biology:SB0403:OB06:SubConception:l10"
    },
    {
      "relationName": "属于子概念",
      "label": "生物学中的内环境稳态及其调节机制",
      "source": "urn:jy:biology:SB0403:OB06:Section:l169",
      "target": "urn:jy:biology:SB0403:OB06:SubConception:l13"
    }
  ]
}