{
  "title": "小学英语人教版（一年级起点）（主编：吴欣）六年级下册",
  "xueduan": "小学",
  "nianji": "六年级",
  "xueke": "英语",
  "banben": "人教版（一年级起点）（主编：吴欣）",
  "ceci": "下册",
  "is_new": false,
  "chapters": [
    {
      "title": "Unit 1 Visiting Canada",
      "level": 1,
      "index": 1,
      "children": [
        {
          "title": "Lesson 1",
          "level": 2,
          "index": 1
        },
        {
          "title": "Lesson 2",
          "level": 2,
          "index": 2
        },
        {
          "title": "Lesson 3",
          "level": 2,
          "index": 3
        },
        {
          "title": "Project Time",
          "level": 2,
          "index": 4
        },
        {
          "title": "Story Time",
          "level": 2,
          "index": 5
        },
        {
          "title": "Unit 1 Visting Canada",
          "level": 2,
          "index": 6
        }
      ]
    },
    {
      "title": "Unit 2 All Around Me",
      "level": 1,
      "index": 2,
      "children": [
        {
          "title": "Lesson 1",
          "level": 2,
          "index": 1
        },
        {
          "title": "Lesson 2",
          "level": 2,
          "index": 2
        },
        {
          "title": "Lesson 3",
          "level": 2,
          "index": 3
        },
        {
          "title": "Project Time",
          "level": 2,
          "index": 4
        },
        {
          "title": "Story Time",
          "level": 2,
          "index": 5
        },
        {
          "title": "Unit 2 All Around Me",
          "level": 2,
          "index": 6
        }
      ]
    },
    {
      "title": "Unit 3 Daily Life",
      "level": 1,
      "index": 3,
      "children": [
        {
          "title": "Lesson 1",
          "level": 2,
          "index": 1
        },
        {
          "title": "Lesson 2",
          "level": 2,
          "index": 2
        },
        {
          "title": "Lesson 3",
          "level": 2,
          "index": 3
        },
        {
          "title": "Project Time",
          "level": 2,
          "index": 4
        },
        {
          "title": "Story Time",
          "level": 2,
          "index": 5
        },
        {
          "title": "Unit 3 Daily Life",
          "level": 2,
          "index": 6
        }
      ]
    },
    {
      "title": "Unit 4 Free Time",
      "level": 1,
      "index": 4,
      "children": [
        {
          "title": "Lesson 1",
          "level": 2,
          "index": 1
        },
        {
          "title": "Lesson 2",
          "level": 2,
          "index": 2
        },
        {
          "title": "Lesson 3",
          "level": 2,
          "index": 3
        },
        {
          "title": "Project Time",
          "level": 2,
          "index": 4
        },
        {
          "title": "Story Time",
          "level": 2,
          "index": 5
        },
        {
          "title": "Unit 4 Free Time",
          "level": 2,
          "index": 6
        }
      ]
    },
    {
      "title": "Unit 5 Nature and Culture",
      "level": 1,
      "index": 5,
      "children": [
        {
          "title": "Lesson 1",
          "level": 2,
          "index": 1
        },
        {
          "title": "Lesson 2",
          "level": 2,
          "index": 2
        },
        {
          "title": "Lesson 3",
          "level": 2,
          "index": 3
        },
        {
          "title": "Project Time",
          "level": 2,
          "index": 4
        },
        {
          "title": "Story Time",
          "level": 2,
          "index": 5
        },
        {
          "title": "Unit 5 Nature and Culture",
          "level": 2,
          "index": 6
        }
      ]
    },
    {
      "title": "Unit 6 Summer Vacation",
      "level": 1,
      "index": 6,
      "children": [
        {
          "title": "Lesson 1",
          "level": 2,
          "index": 1
        },
        {
          "title": "Lesson 2",
          "level": 2,
          "index": 2
        },
        {
          "title": "Lesson 3",
          "level": 2,
          "index": 3
        },
        {
          "title": "Project Time",
          "level": 2,
          "index": 4
        },
        {
          "title": "Story Time",
          "level": 2,
          "index": 5
        },
        {
          "title": "Unit 6 Summer Vacation",
          "level": 2,
          "index": 6
        }
      ]
    },
    {
      "title": "附录一 单元词汇表",
      "level": 1,
      "index": 7
    },
    {
      "title": "附录二 总词汇表",
      "level": 1,
      "index": 8
    }
  ]
}