{
  "title": "新教材-小学英语人教版（PEP）（主编：吴欣）四年级上册",
  "xueduan": "小学",
  "nianji": "四年级",
  "xueke": "英语",
  "banben": "人教版（PEP）（主编：吴欣）",
  "ceci": "上册",
  "is_new": true,
  "chapters": [
    {
      "title": "Unit 1 Helping at home",
      "level": 1,
      "index": 1,
      "children": [
        {
          "title": "Part A How are families different?",
          "level": 2,
          "index": 1
        },
        {
          "title": "Part B How can we help our family?",
          "level": 2,
          "index": 2
        },
        {
          "title": "Part C Project: Make a poster of a happy family",
          "level": 2,
          "index": 3
        },
        {
          "title": "Reading time",
          "level": 2,
          "index": 4
        }
      ]
    },
    {
      "title": "Unit 2 My friends",
      "level": 1,
      "index": 2,
      "children": [
        {
          "title": "Part A Who are your friends?",
          "level": 2,
          "index": 1
        },
        {
          "title": "Part B How do we choose our friends?",
          "level": 2,
          "index": 2
        },
        {
          "title": "Part C Project: Make a book about your friend",
          "level": 2,
          "index": 3
        },
        {
          "title": "Reading time",
          "level": 2,
          "index": 4
        }
      ]
    },
    {
      "title": "Unit 3 Places we live in",
      "level": 1,
      "index": 3,
      "children": [
        {
          "title": "Part A What can we see in a community?",
          "level": 2,
          "index": 1
        },
        {
          "title": "Part B What do people do in a community?",
          "level": 2,
          "index": 2
        },
        {
          "title": "Part C Project: Make a dream community mode",
          "level": 2,
          "index": 3
        },
        {
          "title": "Reading time",
          "level": 2,
          "index": 4
        }
      ]
    },
    {
      "title": "Unit 4 Helping in the community",
      "level": 1,
      "index": 4,
      "children": [
        {
          "title": "Part A What jobs are important in a community?",
          "level": 2,
          "index": 1
        },
        {
          "title": "Part B How can young people help their community?",
          "level": 2,
          "index": 2
        },
        {
          "title": "Part C Project: Make a poster of your school helpers",
          "level": 2,
          "index": 3
        },
        {
          "title": "Reading time",
          "level": 2,
          "index": 4
        }
      ]
    },
    {
      "title": "Unit 5 The weather and us",
      "level": 1,
      "index": 5,
      "children": [
        {
          "title": "Part A How can the weather be different?",
          "level": 2,
          "index": 1
        },
        {
          "title": "Part B What do we do in different weather?",
          "level": 2,
          "index": 2
        },
        {
          "title": "Part C Project: Make a bad weather reminder",
          "level": 2,
          "index": 3
        },
        {
          "title": "Reading time",
          "level": 2,
          "index": 4
        }
      ]
    },
    {
      "title": "Unit 6 Changing for the seasons",
      "level": 1,
      "index": 6,
      "children": [
        {
          "title": "Part A What do we wear in different seasons?",
          "level": 2,
          "index": 1
        },
        {
          "title": "Part B What do we do in different seasons?",
          "level": 2,
          "index": 2
        },
        {
          "title": "Part C Project: Make a travel card",
          "level": 2,
          "index": 3
        },
        {
          "title": "Reading time",
          "level": 2,
          "index": 4
        }
      ]
    },
    {
      "title": "Revision Let's help!",
      "level": 1,
      "index": 7
    },
    {
      "title": "Appendix 1 Songs",
      "level": 1,
      "index": 8
    },
    {
      "title": "Appendix 2 Words in each unit",
      "level": 1,
      "index": 9
    },
    {
      "title": "Appendix 3 Vocabulary",
      "level": 1,
      "index": 10
    },
    {
      "title": "Appendix 4 Useful expressions",
      "level": 1,
      "index": 11
    }
  ]
}