{
  "title": "小学英语人教版（PEP）（三年级起点）（主编：吴欣）四年级下册",
  "xueduan": "小学",
  "nianji": "四年级",
  "xueke": "英语",
  "banben": "人教版（PEP）（主编：吴欣）",
  "ceci": "下册",
  "is_new": false,
  "chapters": [
    {
      "title": "Unit 1　My School",
      "level": 1,
      "index": 1,
      "children": [
        {
          "title": "A",
          "level": 2,
          "index": 1
        },
        {
          "title": "B",
          "level": 2,
          "index": 2
        },
        {
          "title": "C",
          "level": 2,
          "index": 3
        }
      ]
    },
    {
      "title": "Unit 2  What time is it?",
      "level": 1,
      "index": 2,
      "children": [
        {
          "title": "A",
          "level": 2,
          "index": 1
        },
        {
          "title": "B",
          "level": 2,
          "index": 2
        },
        {
          "title": "C",
          "level": 2,
          "index": 3
        }
      ]
    },
    {
      "title": "Unit 3  Weather",
      "level": 1,
      "index": 3,
      "children": [
        {
          "title": "A",
          "level": 2,
          "index": 1
        },
        {
          "title": "B",
          "level": 2,
          "index": 2
        },
        {
          "title": "C",
          "level": 2,
          "index": 3
        }
      ]
    },
    {
      "title": "Recycle 1",
      "level": 1,
      "index": 4
    },
    {
      "title": "Unit 4  At the farm",
      "level": 1,
      "index": 5,
      "children": [
        {
          "title": "A",
          "level": 2,
          "index": 1
        },
        {
          "title": "B",
          "level": 2,
          "index": 2
        },
        {
          "title": "C",
          "level": 2,
          "index": 3
        }
      ]
    },
    {
      "title": "Unit 5  My clothes",
      "level": 1,
      "index": 6,
      "children": [
        {
          "title": "A",
          "level": 2,
          "index": 1
        },
        {
          "title": "B",
          "level": 2,
          "index": 2
        },
        {
          "title": "C",
          "level": 2,
          "index": 3
        }
      ]
    },
    {
      "title": "Unit 6  Shopping",
      "level": 1,
      "index": 7,
      "children": [
        {
          "title": "A",
          "level": 2,
          "index": 1
        },
        {
          "title": "B",
          "level": 2,
          "index": 2
        },
        {
          "title": "C",
          "level": 2,
          "index": 3
        }
      ]
    },
    {
      "title": "Recycle 2",
      "level": 1,
      "index": 8
    }
  ]
}