{
  "title": "小学英语人教版（PEP）（三年级起点）（主编：吴欣）五年级上册",
  "xueduan": "小学",
  "nianji": "五年级",
  "xueke": "英语",
  "banben": "人教版（PEP）（主编：吴欣）",
  "ceci": "上册",
  "is_new": false,
  "chapters": [
    {
      "title": "Unit 1 What's he like?",
      "level": 1,
      "index": 1,
      "children": [
        {
          "title": "A",
          "level": 2,
          "index": 1
        },
        {
          "title": "B",
          "level": 2,
          "index": 2
        },
        {
          "title": "C",
          "level": 2,
          "index": 3
        }
      ]
    },
    {
      "title": "Unit 2 My week",
      "level": 1,
      "index": 2,
      "children": [
        {
          "title": "A",
          "level": 2,
          "index": 1
        },
        {
          "title": "B",
          "level": 2,
          "index": 2
        },
        {
          "title": "C",
          "level": 2,
          "index": 3
        }
      ]
    },
    {
      "title": "Unit 3 What would you like?",
      "level": 1,
      "index": 3,
      "children": [
        {
          "title": "A",
          "level": 2,
          "index": 1
        },
        {
          "title": "B",
          "level": 2,
          "index": 2
        },
        {
          "title": "C",
          "level": 2,
          "index": 3
        }
      ]
    },
    {
      "title": "Recycle 1",
      "level": 1,
      "index": 4
    },
    {
      "title": "Unit 4 What can you do?",
      "level": 1,
      "index": 5,
      "children": [
        {
          "title": "A",
          "level": 2,
          "index": 1
        },
        {
          "title": "B",
          "level": 2,
          "index": 2
        },
        {
          "title": "C",
          "level": 2,
          "index": 3
        }
      ]
    },
    {
      "title": "Unit 5 There is a big bed",
      "level": 1,
      "index": 6,
      "children": [
        {
          "title": "A",
          "level": 2,
          "index": 1
        },
        {
          "title": "B",
          "level": 2,
          "index": 2
        },
        {
          "title": "C",
          "level": 2,
          "index": 3
        }
      ]
    },
    {
      "title": "Unit 6 In a nature park",
      "level": 1,
      "index": 7,
      "children": [
        {
          "title": "A",
          "level": 2,
          "index": 1
        },
        {
          "title": "B",
          "level": 2,
          "index": 2
        },
        {
          "title": "C",
          "level": 2,
          "index": 3
        }
      ]
    },
    {
      "title": "Recycle 2",
      "level": 1,
      "index": 8
    }
  ]
}