{
  "title": "新教材-小学英语人教版（PEP）（主编：吴欣）三年级上册",
  "xueduan": "小学",
  "nianji": "三年级",
  "xueke": "英语",
  "banben": "人教版（PEP）（主编：吴欣）",
  "ceci": "上册",
  "is_new": true,
  "chapters": [
    {
      "title": "Unit 1 Making friends",
      "level": 1,
      "index": 1,
      "children": [
        {
          "title": "part A How do we greet friends?",
          "level": 2,
          "index": 1
        },
        {
          "title": "part B How can we be a good friend?",
          "level": 2,
          "index": 2
        },
        {
          "title": "part C (optional)",
          "level": 2,
          "index": 3
        },
        {
          "title": "Grammar",
          "level": 2,
          "index": 4
        }
      ]
    },
    {
      "title": "Unit 2 Different families",
      "level": 1,
      "index": 2,
      "children": [
        {
          "title": "part A Who lives with you?",
          "level": 2,
          "index": 1
        },
        {
          "title": "part B How are families different?",
          "level": 2,
          "index": 2
        },
        {
          "title": "part C (optional)",
          "level": 2,
          "index": 3
        },
        {
          "title": "Grammar",
          "level": 2,
          "index": 4
        }
      ]
    },
    {
      "title": "Unit 3 Amazing animals",
      "level": 1,
      "index": 3,
      "children": [
        {
          "title": "part A What pets do you know?",
          "level": 2,
          "index": 1
        },
        {
          "title": "part B What wild animals do you know?",
          "level": 2,
          "index": 2
        },
        {
          "title": "part C (optional)",
          "level": 2,
          "index": 3
        },
        {
          "title": "Grammar",
          "level": 2,
          "index": 4
        }
      ]
    },
    {
      "title": "Unit 4 Plants around us",
      "level": 1,
      "index": 4,
      "children": [
        {
          "title": "part A What do we get from plants?",
          "level": 2,
          "index": 1
        },
        {
          "title": "part B How can we help plants?",
          "level": 2,
          "index": 2
        },
        {
          "title": "part C (optional)",
          "level": 2,
          "index": 3
        },
        {
          "title": "Grammar",
          "level": 2,
          "index": 4
        }
      ]
    },
    {
      "title": "Unit 5 The colourful world",
      "level": 1,
      "index": 5,
      "children": [
        {
          "title": "part A What colours do you see?",
          "level": 2,
          "index": 1
        },
        {
          "title": "part B How do colours help us?",
          "level": 2,
          "index": 2
        },
        {
          "title": "part C (optional)",
          "level": 2,
          "index": 3
        },
        {
          "title": "Grammar",
          "level": 2,
          "index": 4
        }
      ]
    },
    {
      "title": "Unit 6 Useful numbers",
      "level": 1,
      "index": 6,
      "children": [
        {
          "title": "part A When do we use numbers?",
          "level": 2,
          "index": 1
        },
        {
          "title": "part B How useful are numbers?",
          "level": 2,
          "index": 2
        },
        {
          "title": "part C (optional)",
          "level": 2,
          "index": 3
        },
        {
          "title": "Grammar",
          "level": 2,
          "index": 4
        }
      ]
    },
    {
      "title": "Revision Being a good guest",
      "level": 1,
      "index": 7
    }
  ]
}