{
  "title": "新教材-小学英语人教版（PEP）（主编：吴欣）三年级下册",
  "xueduan": "小学",
  "nianji": "三年级",
  "xueke": "英语",
  "banben": "人教版（PEP）（主编：吴欣）",
  "ceci": "下册",
  "is_new": true,
  "chapters": [
    {
      "title": "Unit 1 Meeting new people",
      "level": 1,
      "index": 1,
      "children": [
        {
          "title": "Part A How do we greet new people?",
          "level": 2,
          "index": 1
        },
        {
          "title": "Part B How can we be polite?",
          "level": 2,
          "index": 2
        },
        {
          "title": "Part C (optional)",
          "level": 2,
          "index": 3
        },
        {
          "title": "Grammar",
          "level": 2,
          "index": 4
        }
      ]
    },
    {
      "title": "Unit 2 Expressing yourself",
      "level": 1,
      "index": 2,
      "children": [
        {
          "title": "Part A How do we describe things?",
          "level": 2,
          "index": 1
        },
        {
          "title": "Part B How do we express our feelings?",
          "level": 2,
          "index": 2
        },
        {
          "title": "Part C (optional)",
          "level": 2,
          "index": 3
        },
        {
          "title": "Grammar",
          "level": 2,
          "index": 4
        }
      ]
    },
    {
      "title": "Unit 3 Learning better",
      "level": 1,
      "index": 3,
      "children": [
        {
          "title": "Part A What tools help us learn?",
          "level": 2,
          "index": 1
        },
        {
          "title": "Part B How do our senses help us learn?",
          "level": 2,
          "index": 2
        },
        {
          "title": "Part C (optional)",
          "level": 2,
          "index": 3
        },
        {
          "title": "Grammar",
          "level": 2,
          "index": 4
        }
      ]
    },
    {
      "title": "Unit 4 Healthy food",
      "level": 1,
      "index": 4,
      "children": [
        {
          "title": "Part A What do we eat?",
          "level": 2,
          "index": 1
        },
        {
          "title": "Part B What shall we eat?",
          "level": 2,
          "index": 2
        },
        {
          "title": "Part C (optional)",
          "level": 2,
          "index": 3
        },
        {
          "title": "Grammar",
          "level": 2,
          "index": 4
        }
      ]
    },
    {
      "title": "Unit 5 Old toys",
      "level": 1,
      "index": 5,
      "children": [
        {
          "title": "Part A What kinds of old things do you have?",
          "level": 2,
          "index": 1
        },
        {
          "title": "Part B How can old things be reused?",
          "level": 2,
          "index": 2
        },
        {
          "title": "Part C (optional)",
          "level": 2,
          "index": 3
        },
        {
          "title": "Grammar",
          "level": 2,
          "index": 4
        }
      ]
    },
    {
      "title": "Unit 6 Numbers in life",
      "level": 1,
      "index": 6,
      "children": [
        {
          "title": "Part A How do numbers help us count and sort?",
          "level": 2,
          "index": 1
        },
        {
          "title": "Part B How do numbers help us make decisions?",
          "level": 2,
          "index": 2
        },
        {
          "title": "Part C (optional)",
          "level": 2,
          "index": 3
        },
        {
          "title": "Grammar",
          "level": 2,
          "index": 4
        }
      ]
    },
    {
      "title": "Revision Going to a school fair",
      "level": 1,
      "index": 7
    }
  ]
}