{
  "title": "小学英语人教版（PEP）（三年级起点）（主编：吴欣）五年级下册",
  "xueduan": "小学",
  "nianji": "五年级",
  "xueke": "英语",
  "banben": "人教版（PEP）（主编：吴欣）",
  "ceci": "下册",
  "is_new": false,
  "chapters": [
    {
      "title": "Unit 1 My day",
      "level": 1,
      "index": 1,
      "children": [
        {
          "title": "A",
          "level": 2,
          "index": 1
        },
        {
          "title": "B",
          "level": 2,
          "index": 2
        },
        {
          "title": "C",
          "level": 2,
          "index": 3
        }
      ]
    },
    {
      "title": "Unit 2 My favourite season",
      "level": 1,
      "index": 2,
      "children": [
        {
          "title": "A",
          "level": 2,
          "index": 1
        },
        {
          "title": "B",
          "level": 2,
          "index": 2
        },
        {
          "title": "C",
          "level": 2,
          "index": 3
        }
      ]
    },
    {
      "title": "Unit 3 My school calendar",
      "level": 1,
      "index": 3,
      "children": [
        {
          "title": "A",
          "level": 2,
          "index": 1
        },
        {
          "title": "B",
          "level": 2,
          "index": 2
        },
        {
          "title": "C",
          "level": 2,
          "index": 3
        }
      ]
    },
    {
      "title": "Recycle 1",
      "level": 1,
      "index": 4
    },
    {
      "title": "Unit 4 When is the art show?",
      "level": 1,
      "index": 5,
      "children": [
        {
          "title": "A",
          "level": 2,
          "index": 1
        },
        {
          "title": "B",
          "level": 2,
          "index": 2
        },
        {
          "title": "C",
          "level": 2,
          "index": 3
        }
      ]
    },
    {
      "title": "Unit 5 Whose dog is it?",
      "level": 1,
      "index": 6,
      "children": [
        {
          "title": "A",
          "level": 2,
          "index": 1
        },
        {
          "title": "B",
          "level": 2,
          "index": 2
        },
        {
          "title": "C",
          "level": 2,
          "index": 3
        }
      ]
    },
    {
      "title": "Unit 6 Work quietly!",
      "level": 1,
      "index": 7,
      "children": [
        {
          "title": "A",
          "level": 2,
          "index": 1
        },
        {
          "title": "B",
          "level": 2,
          "index": 2
        },
        {
          "title": "C",
          "level": 2,
          "index": 3
        }
      ]
    },
    {
      "title": "Recycle 2",
      "level": 1,
      "index": 8
    },
    {
      "title": "其他",
      "level": 1,
      "index": 9,
      "children": [
        {
          "title": "Unit 4 When is Easter?",
          "level": 2,
          "index": 1,
          "children": [
            {
              "title": "A",
              "level": 3,
              "index": 1
            },
            {
              "title": "B",
              "level": 3,
              "index": 2
            },
            {
              "title": "C",
              "level": 3,
              "index": 3
            }
          ]
        }
      ]
    }
  ]
}