{
  "relations":[
  {
    "relationName": "knowledgePointInProblem",
    "label": "知识点在题目中/knowledge_point_in_problem",
    "source": "urn:jy:math:2022:knowledge_point:s1:99639b66fc69",
    "target": "urn:jy:math:2022:problem:s1:a2e5ebacb2b6"
  },
  {
    "relationName": "knowledgePointInProblem",
    "label": "知识点在题目中/knowledge_point_in_problem",
    "source": "urn:jy:math:2022:knowledge_point:s1:40730cda2ad3",
    "target": "urn:jy:math:2022:problem:s1:a2e5ebacb2b6"
  },
  {
    "relationName": "knowledgePointInProblem",
    "label": "知识点在题目中/knowledge_point_in_problem",
    "source": "urn:jy:math:2022:knowledge_point:s1:c1943cabaeac",
    "target": "urn:jy:math:2022:problem:s1:c18219d64335"
  },
  {
    "relationName": "knowledgePointInProblem",
    "label": "知识点在题目中/knowledge_point_in_problem",
    "source": "urn:jy:math:2022:knowledge_point:s1:d6a0dcac676a",
    "target": "urn:jy:math:2022:problem:s1:c18219d64335"
  },
  {
    "relationName": "knowledgePointInProblem",
    "label": "知识点在题目中/knowledge_point_in_problem",
    "source": "urn:jy:math:2022:knowledge_point:s1:9062018bcee8",
    "target": "urn:jy:math:2022:problem:s1:c18219d64335"
  },
  {
    "relationName": "knowledgePointInProblem",
    "label": "知识点在题目中/knowledge_point_in_problem",
    "source": "urn:jy:math:2022:knowledge_point:s2:acda931b0a15",
    "target": "urn:jy:math:2022:problem:s1:13922f93c7b8"
  },
  {
    "relationName": "knowledgePointInProblem",
    "label": "知识点在题目中/knowledge_point_in_problem",
    "source": "urn:jy:math:2022:knowledge_point:s1:ce9b78c18829",
    "target": "urn:jy:math:2022:problem:s1:13922f93c7b8"
  },
  {
    "relationName": "knowledgePointInProblem",
    "label": "知识点在题目中/knowledge_point_in_problem",
    "source": "urn:jy:math:2022:knowledge_point:s1:766c9bebc7ca",
    "target": "urn:jy:math:2022:problem:s1:0995924b9098"
  },
  {
    "relationName": "knowledgePointInProblem",
    "label": "知识点在题目中/knowledge_point_in_problem",
    "source": "urn:jy:math:2022:knowledge_point:s1:cdc908a69670",
    "target": "urn:jy:math:2022:problem:s1:98884d65f00e"
  },
  {
    "relationName": "knowledgePointInProblem",
    "label": "知识点在题目中/knowledge_point_in_problem",
    "source": "urn:jy:math:2022:knowledge_point:s1:cdc908a69670",
    "target": "urn:jy:math:2022:problem:s1:d42938e27cbc"
  },
  {
    "relationName": "knowledgePointInProblem",
    "label": "知识点在题目中/knowledge_point_in_problem",
    "source": "urn:jy:math:2022:knowledge_point:s1:fce837dd1ed9",
    "target": "urn:jy:math:2022:problem:s1:d7989dfa8d3d"
  },
  {
    "relationName": "knowledgePointInProblem",
    "label": "知识点在题目中/knowledge_point_in_problem",
    "source": "urn:jy:math:2022:knowledge_point:s1:d21d3b2092c5",
    "target": "urn:jy:math:2022:problem:s1:68672dbf526c"
  },
  {
    "relationName": "knowledgePointInProblem",
    "label": "知识点在题目中/knowledge_point_in_problem",
    "source": "urn:jy:math:2022:knowledge_point:s1:bbe1471711c5",
    "target": "urn:jy:math:2022:problem:s1:68672dbf526c"
  },
  {
    "relationName": "knowledgePointInProblem",
    "label": "知识点在题目中/knowledge_point_in_problem",
    "source": "urn:jy:math:2022:knowledge_point:s1:a833c91ff06e",
    "target": "urn:jy:math:2022:problem:s1:762418ade1b2"
  },
  {
    "relationName": "knowledgePointInProblem",
    "label": "知识点在题目中/knowledge_point_in_problem",
    "source": "urn:jy:math:2022:knowledge_point:s2:9467ef231745",
    "target": "urn:jy:math:2022:problem:s2:f5c1bd00e09b"
  },
  {
    "relationName": "knowledgePointInProblem",
    "label": "知识点在题目中/knowledge_point_in_problem",
    "source": "urn:jy:math:2022:knowledge_point:s2:2fbf07f55460",
    "target": "urn:jy:math:2022:problem:s2:f5c1bd00e09b"
  },
  {
    "relationName": "knowledgePointInProblem",
    "label": "知识点在题目中/knowledge_point_in_problem",
    "source": "urn:jy:math:2022:knowledge_point:s2:958a8ee95cdb",
    "target": "urn:jy:math:2022:problem:s2:f5c1bd00e09b"
  },
  {
    "relationName": "knowledgePointInProblem",
    "label": "知识点在题目中/knowledge_point_in_problem",
    "source": "urn:jy:math:2022:knowledge_point:s2:4896c4da27ea",
    "target": "urn:jy:math:2022:problem:s2:f5c1bd00e09b"
  },
  {
    "relationName": "knowledgePointInProblem",
    "label": "知识点在题目中/knowledge_point_in_problem",
    "source": "urn:jy:math:2022:knowledge_point:s2:a7851a0b05c6",
    "target": "urn:jy:math:2022:problem:s2:2d725b131692"
  },
  {
    "relationName": "knowledgePointInProblem",
    "label": "知识点在题目中/knowledge_point_in_problem",
    "source": "urn:jy:math:2022:knowledge_point:s2:e02e7d86714b",
    "target": "urn:jy:math:2022:problem:s2:2d725b131692"
  },
  {
    "relationName": "knowledgePointInProblem",
    "label": "知识点在题目中/knowledge_point_in_problem",
    "source": "urn:jy:math:2022:knowledge_point:s2:ab91a7ba0312",
    "target": "urn:jy:math:2022:problem:s2:2d725b131692"
  },
  {
    "relationName": "knowledgePointInProblem",
    "label": "知识点在题目中/knowledge_point_in_problem",
    "source": "urn:jy:math:2022:knowledge_point:s2:b8305abe501f",
    "target": "urn:jy:math:2022:problem:s2:2d725b131692"
  },
  {
    "relationName": "knowledgePointInProblem",
    "label": "知识点在题目中/knowledge_point_in_problem",
    "source": "urn:jy:math:2022:knowledge_point:s2:43efcedd055e",
    "target": "urn:jy:math:2022:problem:s2:2d725b131692"
  },
  {
    "relationName": "knowledgePointInProblem",
    "label": "知识点在题目中/knowledge_point_in_problem",
    "source": "urn:jy:math:2022:knowledge_point:s2:f298498ae4ce",
    "target": "urn:jy:math:2022:problem:s2:23e63bfd19ab"
  },
  {
    "relationName": "knowledgePointInProblem",
    "label": "知识点在题目中/knowledge_point_in_problem",
    "source": "urn:jy:math:2022:knowledge_point:s2:45c50bd002f5",
    "target": "urn:jy:math:2022:problem:s2:668d93f63207"
  },
  {
    "relationName": "knowledgePointInProblem",
    "label": "知识点在题目中/knowledge_point_in_problem",
    "source": "urn:jy:math:2022:knowledge_point:s2:f7750751e4bb",
    "target": "urn:jy:math:2022:problem:s2:668d93f63207"
  },
  {
    "relationName": "knowledgePointInProblem",
    "label": "知识点在题目中/knowledge_point_in_problem",
    "source": "urn:jy:math:2022:knowledge_point:s2:f84fdd11234c",
    "target": "urn:jy:math:2022:problem:s2:668d93f63207"
  },
  {
    "relationName": "knowledgePointInProblem",
    "label": "知识点在题目中/knowledge_point_in_problem",
    "source": "urn:jy:math:2022:knowledge_point:s2:e06da894e44f",
    "target": "urn:jy:math:2022:problem:s2:f372f27b5855"
  },
  {
    "relationName": "knowledgePointInProblem",
    "label": "知识点在题目中/knowledge_point_in_problem",
    "source": "urn:jy:math:2022:knowledge_point:s4:8c86515cbf89",
    "target": "urn:jy:math:2022:problem:s2:f372f27b5855"
  },
  {
    "relationName": "knowledgePointInProblem",
    "label": "知识点在题目中/knowledge_point_in_problem",
    "source": "urn:jy:math:2022:knowledge_point:s2:d020eee21e3a",
    "target": "urn:jy:math:2022:problem:s2:f372f27b5855"
  },
  {
    "relationName": "knowledgePointInProblem",
    "label": "知识点在题目中/knowledge_point_in_problem",
    "source": "urn:jy:math:2022:knowledge_point:s2:8469d484d5cf",
    "target": "urn:jy:math:2022:problem:s2:745e0c0a85b4"
  },
  {
    "relationName": "knowledgePointInProblem",
    "label": "知识点在题目中/knowledge_point_in_problem",
    "source": "urn:jy:math:2022:knowledge_point:s2:951c0412a472",
    "target": "urn:jy:math:2022:problem:s2:745e0c0a85b4"
  },
  {
    "relationName": "knowledgePointInProblem",
    "label": "知识点在题目中/knowledge_point_in_problem",
    "source": "urn:jy:math:2022:knowledge_point:s2:de49ab699e75",
    "target": "urn:jy:math:2022:problem:s2:745e0c0a85b4"
  },
  {
    "relationName": "knowledgePointInProblem",
    "label": "知识点在题目中/knowledge_point_in_problem",
    "source": "urn:jy:math:2022:knowledge_point:s2:b624488536bc",
    "target": "urn:jy:math:2022:problem:s2:2cad0bcc97af"
  },
  {
    "relationName": "knowledgePointInProblem",
    "label": "知识点在题目中/knowledge_point_in_problem",
    "source": "urn:jy:math:2022:knowledge_point:s2:5ecea674995c",
    "target": "urn:jy:math:2022:problem:s2:2cad0bcc97af"
  },
  {
    "relationName": "knowledgePointInProblem",
    "label": "知识点在题目中/knowledge_point_in_problem",
    "source": "urn:jy:math:2022:knowledge_point:s2:d020eee21e3a",
    "target": "urn:jy:math:2022:problem:s2:2cad0bcc97af"
  },
  {
    "relationName": "knowledgePointInProblem",
    "label": "知识点在题目中/knowledge_point_in_problem",
    "source": "urn:jy:math:2022:knowledge_point:s2:93b7a3d24dfb",
    "target": "urn:jy:math:2022:problem:s2:b508cee513c7"
  },
  {
    "relationName": "knowledgePointInProblem",
    "label": "知识点在题目中/knowledge_point_in_problem",
    "source": "urn:jy:math:2022:knowledge_point:s2:492cc54c5d2a",
    "target": "urn:jy:math:2022:problem:s2:725d5a7695da"
  },
  {
    "relationName": "knowledgePointInProblem",
    "label": "知识点在题目中/knowledge_point_in_problem",
    "source": "urn:jy:math:2022:knowledge_point:s2:97b73a032d98",
    "target": "urn:jy:math:2022:problem:s2:725d5a7695da"
  },
  {
    "relationName": "knowledgePointInProblem",
    "label": "知识点在题目中/knowledge_point_in_problem",
    "source": "urn:jy:math:2022:knowledge_point:s2:1e6f2b85b752",
    "target": "urn:jy:math:2022:problem:s2:725d5a7695da"
  },
  {
    "relationName": "knowledgePointInProblem",
    "label": "知识点在题目中/knowledge_point_in_problem",
    "source": "urn:jy:math:2022:knowledge_point:s2:6ab1852708f6",
    "target": "urn:jy:math:2022:problem:s2:4a5cec4bd496"
  },
  {
    "relationName": "knowledgePointInProblem",
    "label": "知识点在题目中/knowledge_point_in_problem",
    "source": "urn:jy:math:2022:knowledge_point:s2:bfe14f692016",
    "target": "urn:jy:math:2022:problem:s2:4a5cec4bd496"
  },
  {
    "relationName": "knowledgePointInProblem",
    "label": "知识点在题目中/knowledge_point_in_problem",
    "source": "urn:jy:math:2022:knowledge_point:s2:b097e79f3916",
    "target": "urn:jy:math:2022:problem:s2:4a5cec4bd496"
  },
  {
    "relationName": "knowledgePointInProblem",
    "label": "知识点在题目中/knowledge_point_in_problem",
    "source": "urn:jy:math:2022:knowledge_point:s2:c51075efc90f",
    "target": "urn:jy:math:2022:problem:s2:4a5cec4bd496"
  },
  {
    "relationName": "knowledgePointInProblem",
    "label": "知识点在题目中/knowledge_point_in_problem",
    "source": "urn:jy:math:2022:knowledge_point:s2:74eddbcc2059",
    "target": "urn:jy:math:2022:problem:s2:6bcdd1171128"
  },
  {
    "relationName": "knowledgePointInProblem",
    "label": "知识点在题目中/knowledge_point_in_problem",
    "source": "urn:jy:math:2022:knowledge_point:s2:401868da0be9",
    "target": "urn:jy:math:2022:problem:s2:6bcdd1171128"
  },
  {
    "relationName": "knowledgePointInProblem",
    "label": "知识点在题目中/knowledge_point_in_problem",
    "source": "urn:jy:math:2022:knowledge_point:s4:7eb847f3731f",
    "target": "urn:jy:math:2022:problem:s2:3077a850e651"
  },
  {
    "relationName": "knowledgePointInProblem",
    "label": "知识点在题目中/knowledge_point_in_problem",
    "source": "urn:jy:math:2022:knowledge_point:s2:f00c1c596948",
    "target": "urn:jy:math:2022:problem:s2:3077a850e651"
  },
  {
    "relationName": "knowledgePointInProblem",
    "label": "知识点在题目中/knowledge_point_in_problem",
    "source": "urn:jy:math:2022:knowledge_point:s2:1499d85a85dd",
    "target": "urn:jy:math:2022:problem:s2:3077a850e651"
  },
  {
    "relationName": "knowledgePointInProblem",
    "label": "知识点在题目中/knowledge_point_in_problem",
    "source": "urn:jy:math:2022:knowledge_point:s3:48d2c3cc0026",
    "target": "urn:jy:math:2022:problem:s2:fc96e8a3f3cf"
  },
  {
    "relationName": "knowledgePointInProblem",
    "label": "知识点在题目中/knowledge_point_in_problem",
    "source": "urn:jy:math:2022:knowledge_point:s4:67f4b7558d29",
    "target": "urn:jy:math:2022:problem:s2:fc96e8a3f3cf"
  },
  {
    "relationName": "knowledgePointInProblem",
    "label": "知识点在题目中/knowledge_point_in_problem",
    "source": "urn:jy:math:2022:knowledge_point:s4:a0fcd76603fd",
    "target": "urn:jy:math:2022:problem:s2:fc96e8a3f3cf"
  },
  {
    "relationName": "knowledgePointInProblem",
    "label": "知识点在题目中/knowledge_point_in_problem",
    "source": "urn:jy:math:2022:knowledge_point:s4:3e04f71fb58e",
    "target": "urn:jy:math:2022:problem:s2:fc96e8a3f3cf"
  },
  {
    "relationName": "knowledgePointInProblem",
    "label": "知识点在题目中/knowledge_point_in_problem",
    "source": "urn:jy:math:2022:knowledge_point:s2:41698c85bd24",
    "target": "urn:jy:math:2022:problem:s2:fc96e8a3f3cf"
  },
  {
    "relationName": "knowledgePointInProblem",
    "label": "知识点在题目中/knowledge_point_in_problem",
    "source": "urn:jy:math:2022:knowledge_point:s2:e1b72e572639",
    "target": "urn:jy:math:2022:problem:s2:2ca5642ea120"
  },
  {
    "relationName": "knowledgePointInProblem",
    "label": "知识点在题目中/knowledge_point_in_problem",
    "source": "urn:jy:math:2022:knowledge_point:s2:b26f2d05b844",
    "target": "urn:jy:math:2022:problem:s2:2ca5642ea120"
  },
  {
    "relationName": "knowledgePointInProblem",
    "label": "知识点在题目中/knowledge_point_in_problem",
    "source": "urn:jy:math:2022:knowledge_point:s3:a5e580fa277b",
    "target": "urn:jy:math:2022:problem:s2:1e65a98d0bce"
  },
  {
    "relationName": "knowledgePointInProblem",
    "label": "知识点在题目中/knowledge_point_in_problem",
    "source": "urn:jy:math:2022:knowledge_point:s2:b26f2d05b844",
    "target": "urn:jy:math:2022:problem:s2:1e65a98d0bce"
  },
  {
    "relationName": "knowledgePointInProblem",
    "label": "知识点在题目中/knowledge_point_in_problem",
    "source": "urn:jy:math:2022:knowledge_point:s2:7994ecedb68f",
    "target": "urn:jy:math:2022:problem:s2:c7de177520f3"
  },
  {
    "relationName": "knowledgePointInProblem",
    "label": "知识点在题目中/knowledge_point_in_problem",
    "source": "urn:jy:math:2022:knowledge_point:s3:9e273790e93a",
    "target": "urn:jy:math:2022:problem:s3:9b9879b3e266"
  },
  {
    "relationName": "knowledgePointInProblem",
    "label": "知识点在题目中/knowledge_point_in_problem",
    "source": "urn:jy:math:2022:knowledge_point:s3:9d6b4de1efc3",
    "target": "urn:jy:math:2022:problem:s3:3ffadd37abf1"
  },
  {
    "relationName": "knowledgePointInProblem",
    "label": "知识点在题目中/knowledge_point_in_problem",
    "source": "urn:jy:math:2022:knowledge_point:s4:cce209fca10f",
    "target": "urn:jy:math:2022:problem:s3:e0a2a09c2cd2"
  },
  {
    "relationName": "knowledgePointInProblem",
    "label": "知识点在题目中/knowledge_point_in_problem",
    "source": "urn:jy:math:2022:knowledge_point:s3:af4c1c0978b8",
    "target": "urn:jy:math:2022:problem:s3:e9ea68e7199d"
  },
  {
    "relationName": "knowledgePointInProblem",
    "label": "知识点在题目中/knowledge_point_in_problem",
    "source": "urn:jy:math:2022:knowledge_point:s3:50f02db26e51",
    "target": "urn:jy:math:2022:problem:s3:3ffadd37abf1"
  },
  {
    "relationName": "knowledgePointInProblem",
    "label": "知识点在题目中/knowledge_point_in_problem",
    "source": "urn:jy:math:2022:knowledge_point:s3:b6b3d41e15d3",
    "target": "urn:jy:math:2022:problem:s3:8cf2541d6e3a"
  },
  {
    "relationName": "knowledgePointInProblem",
    "label": "知识点在题目中/knowledge_point_in_problem",
    "source": "urn:jy:math:2022:knowledge_point:s3:3d5ca047804e",
    "target": "urn:jy:math:2022:problem:s3:8cf2541d6e3a"
  },
  {
    "relationName": "knowledgePointInProblem",
    "label": "知识点在题目中/knowledge_point_in_problem",
    "source": "urn:jy:math:2022:knowledge_point:s3:255a99581252",
    "target": "urn:jy:math:2022:problem:s3:562167e4bf71"
  },
  {
    "relationName": "knowledgePointInProblem",
    "label": "知识点在题目中/knowledge_point_in_problem",
    "source": "urn:jy:math:2022:knowledge_point:s3:9bc610f83d21",
    "target": "urn:jy:math:2022:problem:s3:562167e4bf71"
  },
  {
    "relationName": "knowledgePointInProblem",
    "label": "知识点在题目中/knowledge_point_in_problem",
    "source": "urn:jy:math:2022:knowledge_point:s4:cce209fca10f",
    "target": "urn:jy:math:2022:problem:s3:e0a2a09c2cd2"
  },
  {
    "relationName": "knowledgePointInProblem",
    "label": "知识点在题目中/knowledge_point_in_problem",
    "source": "urn:jy:math:2022:knowledge_point:s3:0cdd08936146",
    "target": "urn:jy:math:2022:problem:s3:806f30a4fb9d"
  },
  {
    "relationName": "knowledgePointInProblem",
    "label": "知识点在题目中/knowledge_point_in_problem",
    "source": "urn:jy:math:2022:knowledge_point:s3:192481c3dd0d",
    "target": "urn:jy:math:2022:problem:s3:806f30a4fb9d"
  },
  {
    "relationName": "knowledgePointInProblem",
    "label": "知识点在题目中/knowledge_point_in_problem",
    "source": "urn:jy:math:2022:knowledge_point:s3:d9c14bb8f029",
    "target": "urn:jy:math:2022:problem:s3:818002e2dd5f"
  },
  {
    "relationName": "knowledgePointInProblem",
    "label": "知识点在题目中/knowledge_point_in_problem",
    "source": "urn:jy:math:2022:knowledge_point:s3:7b8f0015c102",
    "target": "urn:jy:math:2022:problem:s3:818002e2dd5f"
  },
  {
    "relationName": "knowledgePointInProblem",
    "label": "知识点在题目中/knowledge_point_in_problem",
    "source": "urn:jy:math:2022:knowledge_point:s3:39904a4e5a27",
    "target": "urn:jy:math:2022:problem:s3:818002e2dd5f"
  },
  {
    "relationName": "knowledgePointInProblem",
    "label": "知识点在题目中/knowledge_point_in_problem",
    "source": "urn:jy:math:2022:knowledge_point:s3:b44ec12e020c",
    "target": "urn:jy:math:2022:problem:s3:818002e2dd5f"
  },
  {
    "relationName": "knowledgePointInProblem",
    "label": "知识点在题目中/knowledge_point_in_problem",
    "source": "urn:jy:math:2022:knowledge_point:s3:bdfa3af5ba29",
    "target": "urn:jy:math:2022:problem:s3:90ab73250f5d"
  },
  {
    "relationName": "knowledgePointInProblem",
    "label": "知识点在题目中/knowledge_point_in_problem",
    "source": "urn:jy:math:2022:knowledge_point:s3:c8adbd2fe301",
    "target": "urn:jy:math:2022:problem:s3:90ab73250f5d"
  },
  {
    "relationName": "knowledgePointInProblem",
    "label": "知识点在题目中/knowledge_point_in_problem",
    "source": "urn:jy:math:2022:knowledge_point:s3:e8475123ab24",
    "target": "urn:jy:math:2022:problem:s3:90ab73250f5d"
  },
  {
    "relationName": "knowledgePointInProblem",
    "label": "知识点在题目中/knowledge_point_in_problem",
    "source": "urn:jy:math:2022:knowledge_point:s3:2b876f6155b3",
    "target": "urn:jy:math:2022:problem:s3:90ab73250f5d"
  },
  {
    "relationName": "knowledgePointInProblem",
    "label": "知识点在题目中/knowledge_point_in_problem",
    "source": "urn:jy:math:2022:knowledge_point:s3:7d13caf83580",
    "target": "urn:jy:math:2022:problem:s3:90ab73250f5d"
  },
  {
    "relationName": "knowledgePointInProblem",
    "label": "知识点在题目中/knowledge_point_in_problem",
    "source": "urn:jy:math:2022:knowledge_point:s3:b6b3d41e15d3",
    "target": "urn:jy:math:2022:problem:s3:8cf2541d6e3a"
  },
  {
    "relationName": "knowledgePointInProblem",
    "label": "知识点在题目中/knowledge_point_in_problem",
    "source": "urn:jy:math:2022:knowledge_point:s3:3d5ca047804e",
    "target": "urn:jy:math:2022:problem:s3:8cf2541d6e3a"
  },
  {
    "relationName": "knowledgePointInProblem",
    "label": "知识点在题目中/knowledge_point_in_problem",
    "source": "urn:jy:math:2022:knowledge_point:s3:255a99581252",
    "target": "urn:jy:math:2022:problem:s3:562167e4bf71"
  },
  {
    "relationName": "knowledgePointInProblem",
    "label": "知识点在题目中/knowledge_point_in_problem",
    "source": "urn:jy:math:2022:knowledge_point:s3:9bc610f83d21",
    "target": "urn:jy:math:2022:problem:s3:562167e4bf71"
  },
  {
    "relationName": "knowledgePointInProblem",
    "label": "知识点在题目中/knowledge_point_in_problem",
    "source": "urn:jy:math:2022:knowledge_point:s3:ef21c71285bc",
    "target": "urn:jy:math:2022:problem:s3:5741f0e46023"
  },
  {
    "relationName": "knowledgePointInProblem",
    "label": "知识点在题目中/knowledge_point_in_problem",
    "source": "urn:jy:math:2022:knowledge_point:s4:aa034961de21",
    "target": "urn:jy:math:2022:problem:s3:5741f0e46023"
  },
  {
    "relationName": "knowledgePointInProblem",
    "label": "知识点在题目中/knowledge_point_in_problem",
    "source": "urn:jy:math:2022:knowledge_point:s3:6fd4b1607134",
    "target": "urn:jy:math:2022:problem:s3:6683a7bfa969"
  },
  {
    "relationName": "knowledgePointInProblem",
    "label": "知识点在题目中/knowledge_point_in_problem",
    "source": "urn:jy:math:2022:knowledge_point:s3:f8469b839efc",
    "target": "urn:jy:math:2022:problem:s3:6683a7bfa969"
  },
  {
    "relationName": "knowledgePointInProblem",
    "label": "知识点在题目中/knowledge_point_in_problem",
    "source": "urn:jy:math:2022:knowledge_point:s3:a590ec11af16",
    "target": "urn:jy:math:2022:problem:s3:6683a7bfa969"
  },
  {
    "relationName": "knowledgePointInProblem",
    "label": "知识点在题目中/knowledge_point_in_problem",
    "source": "urn:jy:math:2022:knowledge_point:s3:bfc5bf17771c",
    "target": "urn:jy:math:2022:problem:s3:b96ce8eb88e9"
  },
  {
    "relationName": "knowledgePointInProblem",
    "label": "知识点在题目中/knowledge_point_in_problem",
    "source": "urn:jy:math:2022:knowledge_point:s3:b7383202ef9c",
    "target": "urn:jy:math:2022:problem:s3:b96ce8eb88e9"
  },
  {
    "relationName": "knowledgePointInProblem",
    "label": "知识点在题目中/knowledge_point_in_problem",
    "source": "urn:jy:math:2022:knowledge_point:s3:4cff9a618239",
    "target": "urn:jy:math:2022:problem:s3:b96ce8eb88e9"
  },
  {
    "relationName": "knowledgePointInProblem",
    "label": "知识点在题目中/knowledge_point_in_problem",
    "source": "urn:jy:math:2022:knowledge_point:s3:6fd4b1607134",
    "target": "urn:jy:math:2022:problem:s3:6683a7bfa969"
  },
  {
    "relationName": "knowledgePointInProblem",
    "label": "知识点在题目中/knowledge_point_in_problem",
    "source": "urn:jy:math:2022:knowledge_point:s3:64931affab52",
    "target": "urn:jy:math:2022:problem:s3:6683a7bfa969"
  },
  {
    "relationName": "knowledgePointInProblem",
    "label": "知识点在题目中/knowledge_point_in_problem",
    "source": "urn:jy:math:2022:knowledge_point:s3:79b100f18326",
    "target": "urn:jy:math:2022:problem:s3:6683a7bfa969"
  },
  {
    "relationName": "knowledgePointInProblem",
    "label": "知识点在题目中/knowledge_point_in_problem",
    "source": "urn:jy:math:2022:knowledge_point:s3:bfc5bf17771c",
    "target": "urn:jy:math:2022:problem:s3:b96ce8eb88e9"
  },
  {
    "relationName": "knowledgePointInProblem",
    "label": "知识点在题目中/knowledge_point_in_problem",
    "source": "urn:jy:math:2022:knowledge_point:s3:b7383202ef9c",
    "target": "urn:jy:math:2022:problem:s3:b96ce8eb88e9"
  },
  {
    "relationName": "knowledgePointInProblem",
    "label": "知识点在题目中/knowledge_point_in_problem",
    "source": "urn:jy:math:2022:knowledge_point:s3:70b4ef696027",
    "target": "urn:jy:math:2022:problem:s3:b96ce8eb88e9"
  },
  {
    "relationName": "knowledgePointInProblem",
    "label": "知识点在题目中/knowledge_point_in_problem",
    "source": "urn:jy:math:2022:knowledge_point:s4:dc015da82412",
    "target": "urn:jy:math:2022:problem:s3:520a2ab4ff4f"
  },
  {
    "relationName": "knowledgePointInProblem",
    "label": "知识点在题目中/knowledge_point_in_problem",
    "source": "urn:jy:math:2022:knowledge_point:s4:016527fc7d83",
    "target": "urn:jy:math:2022:problem:s3:520a2ab4ff4f"
  },
  {
    "relationName": "knowledgePointInProblem",
    "label": "知识点在题目中/knowledge_point_in_problem",
    "source": "urn:jy:math:2022:knowledge_point:s3:58b2e1653606",
    "target": "urn:jy:math:2022:problem:s3:ad18f7c18b57"
  },
  {
    "relationName": "knowledgePointInProblem",
    "label": "知识点在题目中/knowledge_point_in_problem",
    "source": "urn:jy:math:2022:knowledge_point:s3:6cf2c6f0e5ec",
    "target": "urn:jy:math:2022:problem:s3:ad18f7c18b57"
  },
  {
    "relationName": "knowledgePointInProblem",
    "label": "知识点在题目中/knowledge_point_in_problem",
    "source": "urn:jy:math:2022:knowledge_point:s3:9576425135b5",
    "target": "urn:jy:math:2022:problem:s3:cfe6f95a017f"
  },
  {
    "relationName": "knowledgePointInProblem",
    "label": "知识点在题目中/knowledge_point_in_problem",
    "source": "urn:jy:math:2022:knowledge_point:s3:cdc62aef9aa3",
    "target": "urn:jy:math:2022:problem:s3:cfe6f95a017f"
  },
  {
    "relationName": "knowledgePointInProblem",
    "label": "知识点在题目中/knowledge_point_in_problem",
    "source": "urn:jy:math:2022:knowledge_point:s4:e47d030bfdf2",
    "target": "urn:jy:math:2022:problem:s4:6c9ce1cc8258"
  },
  {
    "relationName": "knowledgePointInProblem",
    "label": "知识点在题目中/knowledge_point_in_problem",
    "source": "urn:jy:math:2022:knowledge_point:s4:84296ceab1ee",
    "target": "urn:jy:math:2022:problem:s4:6c9ce1cc8258"
  },
  {
    "relationName": "knowledgePointInProblem",
    "label": "知识点在题目中/knowledge_point_in_problem",
    "source": "urn:jy:math:2022:knowledge_point:s4:c1dab4185fcd",
    "target": "urn:jy:math:2022:problem:s4:6c9ce1cc8258"
  },
  {
    "relationName": "knowledgePointInProblem",
    "label": "知识点在题目中/knowledge_point_in_problem",
    "source": "urn:jy:math:2022:knowledge_point:s4:18910dc6f21b",
    "target": "urn:jy:math:2022:problem:s4:6c9ce1cc8258"
  },
  {
    "relationName": "knowledgePointInProblem",
    "label": "知识点在题目中/knowledge_point_in_problem",
    "source": "urn:jy:math:2022:knowledge_point:s4:7b4bb17a0ab4",
    "target": "urn:jy:math:2022:problem:s4:709c05d94500"
  },
  {
    "relationName": "knowledgePointInProblem",
    "label": "知识点在题目中/knowledge_point_in_problem",
    "source": "urn:jy:math:2022:knowledge_point:s4:f1c78764efd4",
    "target": "urn:jy:math:2022:problem:s4:709c05d94500"
  },
  {
    "relationName": "knowledgePointInProblem",
    "label": "知识点在题目中/knowledge_point_in_problem",
    "source": "urn:jy:math:2022:knowledge_point:s4:e2fd2fb7aee3",
    "target": "urn:jy:math:2022:problem:s4:709c05d94500"
  },
  {
    "relationName": "knowledgePointInProblem",
    "label": "知识点在题目中/knowledge_point_in_problem",
    "source": "urn:jy:math:2022:knowledge_point:s4:121a0bf910d6",
    "target": "urn:jy:math:2022:problem:s4:24a99d0ef0f3"
  },
  {
    "relationName": "knowledgePointInProblem",
    "label": "知识点在题目中/knowledge_point_in_problem",
    "source": "urn:jy:math:2022:knowledge_point:s4:121a0bf910d6",
    "target": "urn:jy:math:2022:problem:s4:24a99d0ef0f3"
  },
  {
    "relationName": "knowledgePointInProblem",
    "label": "知识点在题目中/knowledge_point_in_problem",
    "source": "urn:jy:math:2022:knowledge_point:s4:a7eea0c56d9c",
    "target": "urn:jy:math:2022:problem:s4:4f23b8ccc2db"
  },
  {
    "relationName": "knowledgePointInProblem",
    "label": "知识点在题目中/knowledge_point_in_problem",
    "source": "urn:jy:math:2022:knowledge_point:s4:68c4e0be8657",
    "target": "urn:jy:math:2022:problem:s4:96a9ec3584df"
  },
  {
    "relationName": "knowledgePointInProblem",
    "label": "知识点在题目中/knowledge_point_in_problem",
    "source": "urn:jy:math:2022:knowledge_point:s4:112b248a0043",
    "target": "urn:jy:math:2022:problem:s4:96a9ec3584df"
  },
  {
    "relationName": "knowledgePointInProblem",
    "label": "知识点在题目中/knowledge_point_in_problem",
    "source": "urn:jy:math:2022:knowledge_point:s4:50b1a8c15072",
    "target": "urn:jy:math:2022:problem:s4:d83e5c90b0eb"
  },
  {
    "relationName": "knowledgePointInProblem",
    "label": "知识点在题目中/knowledge_point_in_problem",
    "source": "urn:jy:math:2022:knowledge_point:s4:6c530f7240cc",
    "target": "urn:jy:math:2022:problem:s4:d83e5c90b0eb"
  },
  {
    "relationName": "knowledgePointInProblem",
    "label": "知识点在题目中/knowledge_point_in_problem",
    "source": "urn:jy:math:2022:knowledge_point:s4:6cb2901622d6",
    "target": "urn:jy:math:2022:problem:s4:d83e5c90b0eb"
  },
  {
    "relationName": "knowledgePointInProblem",
    "label": "知识点在题目中/knowledge_point_in_problem",
    "source": "urn:jy:math:2022:knowledge_point:s4:80e1f0917b8c",
    "target": "urn:jy:math:2022:problem:s4:e97e3a0bdc20"
  },
  {
    "relationName": "knowledgePointInProblem",
    "label": "知识点在题目中/knowledge_point_in_problem",
    "source": "urn:jy:math:2022:knowledge_point:s4:00b1224c507e",
    "target": "urn:jy:math:2022:problem:s4:e97e3a0bdc20"
  },
  {
    "relationName": "knowledgePointInProblem",
    "label": "知识点在题目中/knowledge_point_in_problem",
    "source": "urn:jy:math:2022:knowledge_point:s4:c61e792b38d7",
    "target": "urn:jy:math:2022:problem:s4:e97e3a0bdc20"
  },
  {
    "relationName": "knowledgePointInProblem",
    "label": "知识点在题目中/knowledge_point_in_problem",
    "source": "urn:jy:math:2022:knowledge_point:s4:95c9ac595b35",
    "target": "urn:jy:math:2022:problem:s4:93bd6b82df77"
  },
  {
    "relationName": "knowledgePointInProblem",
    "label": "知识点在题目中/knowledge_point_in_problem",
    "source": "urn:jy:math:2022:knowledge_point:s4:992647af8d7b",
    "target": "urn:jy:math:2022:problem:s4:93bd6b82df77"
  },
  {
    "relationName": "knowledgePointInProblem",
    "label": "知识点在题目中/knowledge_point_in_problem",
    "source": "urn:jy:math:2022:knowledge_point:s4:35a8b8ca1ff6",
    "target": "urn:jy:math:2022:problem:s4:93bd6b82df77"
  },
  {
    "relationName": "knowledgePointInProblem",
    "label": "知识点在题目中/knowledge_point_in_problem",
    "source": "urn:jy:math:2022:knowledge_point:s4:f714ddac04cf",
    "target": "urn:jy:math:2022:problem:s4:93bd6b82df77"
  },
  {
    "relationName": "knowledgePointInProblem",
    "label": "知识点在题目中/knowledge_point_in_problem",
    "source": "urn:jy:math:2022:knowledge_point:s4:49cc0232975f",
    "target": "urn:jy:math:2022:problem:s4:93bd6b82df77"
  },
  {
    "relationName": "knowledgePointInProblem",
    "label": "知识点在题目中/knowledge_point_in_problem",
    "source": "urn:jy:math:2022:knowledge_point:s4:d85e3080f469",
    "target": "urn:jy:math:2022:problem:s4:93bd6b82df77"
  },
  {
    "relationName": "knowledgePointInProblem",
    "label": "知识点在题目中/knowledge_point_in_problem",
    "source": "urn:jy:math:2022:knowledge_point:s4:8c86515cbf89",
    "target": "urn:jy:math:2022:problem:s4:93bd6b82df77"
  },
  {
    "relationName": "knowledgePointInProblem",
    "label": "知识点在题目中/knowledge_point_in_problem",
    "source": "urn:jy:math:2022:knowledge_point:s4:0294d8cfa203",
    "target": "urn:jy:math:2022:problem:s4:950caf125022"
  },
  {
    "relationName": "knowledgePointInProblem",
    "label": "知识点在题目中/knowledge_point_in_problem",
    "source": "urn:jy:math:2022:knowledge_point:s4:1e75b2af769a",
    "target": "urn:jy:math:2022:problem:s4:950caf125022"
  },
  {
    "relationName": "knowledgePointInProblem",
    "label": "知识点在题目中/knowledge_point_in_problem",
    "source": "urn:jy:math:2022:knowledge_point:s4:6c530f7240cc",
    "target": "urn:jy:math:2022:problem:s4:d83e5c90b0eb"
  },
  {
    "relationName": "knowledgePointInProblem",
    "label": "知识点在题目中/knowledge_point_in_problem",
    "source": "urn:jy:math:2022:knowledge_point:s4:6cb2901622d6",
    "target": "urn:jy:math:2022:problem:s4:d83e5c90b0eb"
  },
  {
    "relationName": "knowledgePointInProblem",
    "label": "知识点在题目中/knowledge_point_in_problem",
    "source": "urn:jy:math:2022:knowledge_point:s4:80e1f0917b8c",
    "target": "urn:jy:math:2022:problem:s4:e97e3a0bdc20"
  },
  {
    "relationName": "knowledgePointInProblem",
    "label": "知识点在题目中/knowledge_point_in_problem",
    "source": "urn:jy:math:2022:knowledge_point:s4:00b1224c507e",
    "target": "urn:jy:math:2022:problem:s4:e97e3a0bdc20"
  },
  {
    "relationName": "knowledgePointInProblem",
    "label": "知识点在题目中/knowledge_point_in_problem",
    "source": "urn:jy:math:2022:knowledge_point:s4:f714ddac04cf",
    "target": "urn:jy:math:2022:problem:s4:93bd6b82df77"
  },
  {
    "relationName": "knowledgePointInProblem",
    "label": "知识点在题目中/knowledge_point_in_problem",
    "source": "urn:jy:math:2022:knowledge_point:s4:0294d8cfa203",
    "target": "urn:jy:math:2022:problem:s4:950caf125022"
  },
  {
    "relationName": "knowledgePointInProblem",
    "label": "知识点在题目中/knowledge_point_in_problem",
    "source": "urn:jy:math:2022:knowledge_point:s4:1e75b2af769a",
    "target": "urn:jy:math:2022:problem:s4:950caf125022"
  },
  {
    "relationName": "knowledgePointInProblem",
    "label": "知识点在题目中/knowledge_point_in_problem",
    "source": "urn:jy:math:2022:knowledge_point:s4:f68a2af71614",
    "target": "urn:jy:math:2022:problem:s4:3656a5b8ad98"
  },
  {
    "relationName": "knowledgePointInProblem",
    "label": "知识点在题目中/knowledge_point_in_problem",
    "source": "urn:jy:math:2022:knowledge_point:s4:a6d79d8c78f7",
    "target": "urn:jy:math:2022:problem:s4:3656a5b8ad98"
  },
  {
    "relationName": "knowledgePointInProblem",
    "label": "知识点在题目中/knowledge_point_in_problem",
    "source": "urn:jy:math:2022:knowledge_point:s4:743e2381db5a",
    "target": "urn:jy:math:2022:problem:s4:3656a5b8ad98"
  },
  {
    "relationName": "knowledgePointInProblem",
    "label": "知识点在题目中/knowledge_point_in_problem",
    "source": "urn:jy:math:2022:knowledge_point:s4:c3e09b9942d0",
    "target": "urn:jy:math:2022:problem:s4:722c6b301a60"
  },
  {
    "relationName": "knowledgePointInProblem",
    "label": "知识点在题目中/knowledge_point_in_problem",
    "source": "urn:jy:math:2022:knowledge_point:s4:a07837ce9ff0",
    "target": "urn:jy:math:2022:problem:s4:722c6b301a60"
  },
  {
    "relationName": "knowledgePointInProblem",
    "label": "知识点在题目中/knowledge_point_in_problem",
    "source": "urn:jy:math:2022:knowledge_point:s4:cceba321b1fe",
    "target": "urn:jy:math:2022:problem:s4:9161fa53c2e4"
  },
  {
    "relationName": "knowledgePointInProblem",
    "label": "知识点在题目中/knowledge_point_in_problem",
    "source": "urn:jy:math:2022:knowledge_point:s4:f8684afc592f",
    "target": "urn:jy:math:2022:problem:s4:9161fa53c2e4"
  },
  {
    "relationName": "knowledgePointInProblem",
    "label": "知识点在题目中/knowledge_point_in_problem",
    "source": "urn:jy:math:2022:knowledge_point:s4:fe121a2ae241",
    "target": "urn:jy:math:2022:problem:s4:9161fa53c2e4"
  },
  {
    "relationName": "knowledgePointInProblem",
    "label": "知识点在题目中/knowledge_point_in_problem",
    "source": "urn:jy:math:2022:knowledge_point:s4:16bb75d02119",
    "target": "urn:jy:math:2022:problem:s4:9161fa53c2e4"
  },
  {
    "relationName": "knowledgePointInProblem",
    "label": "知识点在题目中/knowledge_point_in_problem",
    "source": "urn:jy:math:2022:knowledge_point:s4:ba25d01b53ce",
    "target": "urn:jy:math:2022:problem:s4:b24ec676f8ed"
  },
  {
    "relationName": "knowledgePointInProblem",
    "label": "知识点在题目中/knowledge_point_in_problem",
    "source": "urn:jy:math:2022:knowledge_point:s4:22f3e8e9cd23",
    "target": "urn:jy:math:2022:problem:s4:b24ec676f8ed"
  },
  {
    "relationName": "knowledgePointInProblem",
    "label": "知识点在题目中/knowledge_point_in_problem",
    "source": "urn:jy:math:2022:knowledge_point:s4:a51ea90f1a4d",
    "target": "urn:jy:math:2022:problem:s4:b24ec676f8ed"
  },
  {
    "relationName": "knowledgePointInProblem",
    "label": "知识点在题目中/knowledge_point_in_problem",
    "source": "urn:jy:math:2022:knowledge_point:s4:fd96f70c7c34",
    "target": "urn:jy:math:2022:problem:s4:5cf37d53082d"
  },
  {
    "relationName": "knowledgePointInProblem",
    "label": "知识点在题目中/knowledge_point_in_problem",
    "source": "urn:jy:math:2022:knowledge_point:s4:08ca38a3daa9",
    "target": "urn:jy:math:2022:problem:s4:5cf37d53082d"
  },
  {
    "relationName": "knowledgePointInProblem",
    "label": "知识点在题目中/knowledge_point_in_problem",
    "source": "urn:jy:math:2022:knowledge_point:s4:c2a6cee64ed8",
    "target": "urn:jy:math:2022:problem:s4:5cf37d53082d"
  },
  {
    "relationName": "knowledgePointInProblem",
    "label": "知识点在题目中/knowledge_point_in_problem",
    "source": "urn:jy:math:2022:knowledge_point:s4:b1dc53d67649",
    "target": "urn:jy:math:2022:problem:s4:5cf37d53082d"
  },
  {
    "relationName": "knowledgePointInProblem",
    "label": "知识点在题目中/knowledge_point_in_problem",
    "source": "urn:jy:math:2022:knowledge_point:s4:08ca38a3daa9",
    "target": "urn:jy:math:2022:problem:s4:5cf37d53082d"
  },
  {
    "relationName": "knowledgePointInProblem",
    "label": "知识点在题目中/knowledge_point_in_problem",
    "source": "urn:jy:math:2022:knowledge_point:s4:c2a6cee64ed8",
    "target": "urn:jy:math:2022:problem:s4:5cf37d53082d"
  },
  {
    "relationName": "knowledgePointInProblem",
    "label": "知识点在题目中/knowledge_point_in_problem",
    "source": "urn:jy:math:2022:knowledge_point:s4:b1dc53d67649",
    "target": "urn:jy:math:2022:problem:s4:5cf37d53082d"
  },
  {
    "relationName": "knowledgePointInProblem",
    "label": "知识点在题目中/knowledge_point_in_problem",
    "source": "urn:jy:math:2022:knowledge_point:s4:156a47e349b6",
    "target": "urn:jy:math:2022:problem:s4:5cf37d53082d"
  },
  {
    "relationName": "knowledgePointInProblem",
    "label": "知识点在题目中/knowledge_point_in_problem",
    "source": "urn:jy:math:2022:knowledge_point:s4:5c19a9d1a12a",
    "target": "urn:jy:math:2022:problem:s4:5cf37d53082d"
  },
  {
    "relationName": "knowledgePointInProblem",
    "label": "知识点在题目中/knowledge_point_in_problem",
    "source": "urn:jy:math:2022:knowledge_point:s4:c2a6cee64ed8",
    "target": "urn:jy:math:2022:problem:s4:5cf37d53082d"
  },
  {
    "relationName": "knowledgePointInProblem",
    "label": "知识点在题目中/knowledge_point_in_problem",
    "source": "urn:jy:math:2022:knowledge_point:s4:b1dc53d67649",
    "target": "urn:jy:math:2022:problem:s4:5cf37d53082d"
  },
  {
    "relationName": "knowledgePointInProblem",
    "label": "知识点在题目中/knowledge_point_in_problem",
    "source": "urn:jy:math:2022:knowledge_point:s4:2b554ac84873",
    "target": "urn:jy:math:2022:problem:s4:5cf37d53082d"
  },
  {
    "relationName": "knowledgePointInProblem",
    "label": "知识点在题目中/knowledge_point_in_problem",
    "source": "urn:jy:math:2022:knowledge_point:s4:353a2a219151",
    "target": "urn:jy:math:2022:problem:s4:8daa51a7ad9a"
  },
  {
    "relationName": "knowledgePointInProblem",
    "label": "知识点在题目中/knowledge_point_in_problem",
    "source": "urn:jy:math:2022:knowledge_point:s4:38b8e821232a",
    "target": "urn:jy:math:2022:problem:s4:29103cab6af6"
  },
  {
    "relationName": "knowledgePointInProblem",
    "label": "知识点在题目中/knowledge_point_in_problem",
    "source": "urn:jy:math:2022:knowledge_point:s4:2c4f8a924afe",
    "target": "urn:jy:math:2022:problem:s4:29103cab6af6"
  },
  {
    "relationName": "knowledgePointInProblem",
    "label": "知识点在题目中/knowledge_point_in_problem",
    "source": "urn:jy:math:2022:knowledge_point:s4:d58af4932f99",
    "target": "urn:jy:math:2022:problem:s4:3543a41230cc"
  },
  {
    "relationName": "knowledgePointInProblem",
    "label": "知识点在题目中/knowledge_point_in_problem",
    "source": "urn:jy:math:2022:knowledge_point:s4:f2c97212587a",
    "target": "urn:jy:math:2022:problem:s4:3543a41230cc"
  },
  {
    "relationName": "knowledgePointInProblem",
    "label": "知识点在题目中/knowledge_point_in_problem",
    "source": "urn:jy:math:2022:knowledge_point:s4:3729d2ed5ef5",
    "target": "urn:jy:math:2022:problem:s4:3543a41230cc"
  },
  {
    "relationName": "knowledgePointInProblem",
    "label": "知识点在题目中/knowledge_point_in_problem",
    "source": "urn:jy:math:2022:knowledge_point:s4:834592a15895",
    "target": "urn:jy:math:2022:problem:s4:3543a41230cc"
  },
  {
    "relationName": "knowledgePointInProblem",
    "label": "知识点在题目中/knowledge_point_in_problem",
    "source": "urn:jy:math:2022:knowledge_point:s4:1b7ff7af870c",
    "target": "urn:jy:math:2022:problem:s4:3543a41230cc"
  },
  {
    "relationName": "knowledgePointInProblem",
    "label": "知识点在题目中/knowledge_point_in_problem",
    "source": "urn:jy:math:2022:knowledge_point:s4:a08a667da400",
    "target": "urn:jy:math:2022:problem:s4:3543a41230cc"
  },
  {
    "relationName": "knowledgePointInProblem",
    "label": "知识点在题目中/knowledge_point_in_problem",
    "source": "urn:jy:math:2022:knowledge_point:s4:43c00ef2a729",
    "target": "urn:jy:math:2022:problem:s4:d25ddbc7b261"
  },
  {
    "relationName": "knowledgePointInProblem",
    "label": "知识点在题目中/knowledge_point_in_problem",
    "source": "urn:jy:math:2022:knowledge_point:s4:efb4b9e5e9c2",
    "target": "urn:jy:math:2022:problem:s4:d25ddbc7b261"
  },
  {
    "relationName": "knowledgePointInProblem",
    "label": "知识点在题目中/knowledge_point_in_problem",
    "source": "urn:jy:math:2022:knowledge_point:s4:fb0e5f641faa",
    "target": "urn:jy:math:2022:problem:s4:d44c5a653d44"
  },
  {
    "relationName": "knowledgePointInProblem",
    "label": "知识点在题目中/knowledge_point_in_problem",
    "source": "urn:jy:math:2022:knowledge_point:s4:dfa0a4e165dd",
    "target": "urn:jy:math:2022:problem:s4:d44c5a653d44"
  },
  {
    "relationName": "knowledgePointInProblem",
    "label": "知识点在题目中/knowledge_point_in_problem",
    "source": "urn:jy:math:2022:knowledge_point:s4:8c94b770a497",
    "target": "urn:jy:math:2022:problem:s4:d44c5a653d44"
  },
  {
    "relationName": "knowledgePointInProblem",
    "label": "知识点在题目中/knowledge_point_in_problem",
    "source": "urn:jy:math:2022:knowledge_point:s4:594c70e0350f",
    "target": "urn:jy:math:2022:problem:s4:d44c5a653d44"
  }]
  }