[
  {
    "identifier": "urn:jy:physics:SB0401:OB06:ActivitySuggestion:1",
    "title": "质量相同、大小和形状不同的物体在空气中下落的现象",
    "description": "观察质量相同、大小和形状不同的物体在空气中下落的现象，了解空气阻力对落体运动的影响。",
    "subject": "SB0401",
    "type": "ActivitySuggestion",
    "applicableLevel": "OB06",
    "contentJson": {
      "themeL2": "urn:jy:physics:SB0401:OB06:ThemeL2:21",
      "themeL2Key": "1.1",
      "activityText": "观察质量相同、大小和形状不同的物体在空气中下落的现象，了解空气阻力对落体运动的影响。",
      "fromSection": "活动建议"
    }
  },
  {
    "identifier": "urn:jy:physics:SB0401:OB06:ActivitySuggestion:2",
    "title": "了解并讨论伽利略关于物体运动的实验研究对科学发展和人类进步的重大",
    "description": "查阅资料，了解并讨论伽利略关于物体运动的实验研究对科学发展和人类进步的重大意义。",
    "subject": "SB0401",
    "type": "ActivitySuggestion",
    "applicableLevel": "OB06",
    "contentJson": {
      "themeL2": "urn:jy:physics:SB0401:OB06:ThemeL2:21",
      "themeL2Key": "1.1",
      "activityText": "查阅资料，了解并讨论伽利略关于物体运动的实验研究对科学发展和人类进步的重大意义。",
      "fromSection": "活动建议"
    }
  },
  {
    "identifier": "urn:jy:physics:SB0401:OB06:ActivitySuggestion:3",
    "title": "生产生活中利用或尽量减小摩擦的实例",
    "description": "调查生产生活中利用或尽量减小摩擦的实例。",
    "subject": "SB0401",
    "type": "ActivitySuggestion",
    "applicableLevel": "OB06",
    "contentJson": {
      "themeL2": "urn:jy:physics:SB0401:OB06:ThemeL2:22",
      "themeL2Key": "1.2",
      "activityText": "调查生产生活中利用或尽量减小摩擦的实例。",
      "fromSection": "活动建议"
    }
  },
  {
    "identifier": "urn:jy:physics:SB0401:OB06:ActivitySuggestion:4",
    "title": "通过各种活动",
    "description": "通过各种活动, 例如乘坐电梯、到游乐场参与有关游乐活动等, 体验超重和失重。",
    "subject": "SB0401",
    "type": "ActivitySuggestion",
    "applicableLevel": "OB06",
    "contentJson": {
      "themeL2": "urn:jy:physics:SB0401:OB06:ThemeL2:22",
      "themeL2Key": "1.2",
      "activityText": "通过各种活动, 例如乘坐电梯、到游乐场参与有关游乐活动等, 体验超重和失重。",
      "fromSection": "活动建议"
    }
  },
  {
    "identifier": "urn:jy:physics:SB0401:OB06:ActivitySuggestion:5",
    "title": "根据牛顿第二定律",
    "description": "根据牛顿第二定律, 设计一种能显示加速度大小的装置。",
    "subject": "SB0401",
    "type": "ActivitySuggestion",
    "applicableLevel": "OB06",
    "contentJson": {
      "themeL2": "urn:jy:physics:SB0401:OB06:ThemeL2:22",
      "themeL2Key": "1.2",
      "activityText": "根据牛顿第二定律, 设计一种能显示加速度大小的装置。",
      "fromSection": "活动建议"
    }
  },
  {
    "identifier": "urn:jy:physics:SB0401:OB06:ActivitySuggestion:6",
    "title": "炮弹的实际弹道与理想抛物线的差异",
    "description": "查阅资料, 比较炮弹的实际弹道与理想抛物线的差异, 尝试作出解释。",
    "subject": "SB0401",
    "type": "ActivitySuggestion",
    "applicableLevel": "OB06",
    "contentJson": {
      "themeL2": "urn:jy:physics:SB0401:OB06:ThemeL2:25",
      "themeL2Key": "2.2",
      "activityText": "查阅资料, 比较炮弹的实际弹道与理想抛物线的差异, 尝试作出解释。",
      "fromSection": "活动建议"
    }
  },
  {
    "identifier": "urn:jy:physics:SB0401:OB06:ActivitySuggestion:7",
    "title": "收集资料",
    "description": "收集资料, 探讨自行车拐弯时受到的向心力。",
    "subject": "SB0401",
    "type": "ActivitySuggestion",
    "applicableLevel": "OB06",
    "contentJson": {
      "themeL2": "urn:jy:physics:SB0401:OB06:ThemeL2:25",
      "themeL2Key": "2.2",
      "activityText": "收集资料, 探讨自行车拐弯时受到的向心力。",
      "fromSection": "活动建议"
    }
  },
  {
    "identifier": "urn:jy:physics:SB0401:OB06:ActivitySuggestion:8",
    "title": "观看人造地球卫星、神舟飞船、航天飞机、空间站等相关视频资料",
    "description": "观看人造地球卫星、神舟飞船、航天飞机、空间站等相关视频资料，与同学交流观后感。",
    "subject": "SB0401",
    "type": "ActivitySuggestion",
    "applicableLevel": "OB06",
    "contentJson": {
      "themeL2": "urn:jy:physics:SB0401:OB06:ThemeL2:25",
      "themeL2Key": "2.2",
      "activityText": "观看人造地球卫星、神舟飞船、航天飞机、空间站等相关视频资料，与同学交流观后感。",
      "fromSection": "活动建议"
    }
  },
  {
    "identifier": "urn:jy:physics:SB0401:OB06:ActivitySuggestion:9",
    "title": "收集我国和世界航天事业发展历史和前景的资料",
    "description": "收集我国和世界航天事业发展历史和前景的资料, 写出调查报告。",
    "subject": "SB0401",
    "type": "ActivitySuggestion",
    "applicableLevel": "OB06",
    "contentJson": {
      "themeL2": "urn:jy:physics:SB0401:OB06:ThemeL2:25",
      "themeL2Key": "2.2",
      "activityText": "收集我国和世界航天事业发展历史和前景的资料, 写出调查报告。",
      "fromSection": "活动建议"
    }
  },
  {
    "identifier": "urn:jy:physics:SB0401:OB06:ActivitySuggestion:10",
    "title": "有关相对论的科普书刊",
    "description": "阅读有关相对论的科普书刊，举办小型讨论会。",
    "subject": "SB0401",
    "type": "ActivitySuggestion",
    "applicableLevel": "OB06",
    "contentJson": {
      "themeL2": "urn:jy:physics:SB0401:OB06:ThemeL2:26",
      "themeL2Key": "2.3",
      "activityText": "阅读有关相对论的科普书刊，举办小型讨论会。",
      "fromSection": "活动建议"
    }
  },
  {
    "identifier": "urn:jy:physics:SB0401:OB06:ActivitySuggestion:11",
    "title": "观看有关宇宙起源的科教电视专题片",
    "description": "观看有关宇宙起源的科教电视专题片，了解宇宙的演化。",
    "subject": "SB0401",
    "type": "ActivitySuggestion",
    "applicableLevel": "OB06",
    "contentJson": {
      "themeL2": "urn:jy:physics:SB0401:OB06:ThemeL2:26",
      "themeL2Key": "2.3",
      "activityText": "观看有关宇宙起源的科教电视专题片，了解宇宙的演化。",
      "fromSection": "活动建议"
    }
  },
  {
    "identifier": "urn:jy:physics:SB0401:OB06:ActivitySuggestion:12",
    "title": "通过观察、查阅资料等方式",
    "description": "通过观察、查阅资料等方式, 了解避雷针的结构和基本原理, 撰写一篇研究报告。",
    "subject": "SB0401",
    "type": "ActivitySuggestion",
    "applicableLevel": "OB06",
    "contentJson": {
      "themeL2": "urn:jy:physics:SB0401:OB06:ThemeL2:28",
      "themeL2Key": "3.1",
      "activityText": "通过观察、查阅资料等方式, 了解避雷针的结构和基本原理, 撰写一篇研究报告。",
      "fromSection": "活动建议"
    }
  },
  {
    "identifier": "urn:jy:physics:SB0401:OB06:ActivitySuggestion:13",
    "title": "收集资料",
    "description": "收集资料, 综述静电的危害, 了解预防的方法。",
    "subject": "SB0401",
    "type": "ActivitySuggestion",
    "applicableLevel": "OB06",
    "contentJson": {
      "themeL2": "urn:jy:physics:SB0401:OB06:ThemeL2:28",
      "themeL2Key": "3.1",
      "activityText": "收集资料, 综述静电的危害, 了解预防的方法。",
      "fromSection": "活动建议"
    }
  },
  {
    "identifier": "urn:jy:physics:SB0401:OB06:ActivitySuggestion:14",
    "title": "通过观察、查阅资料等方式",
    "description": "通过观察、查阅资料等方式，了解并分析电容器应用的实例，撰写研究报告。",
    "subject": "SB0401",
    "type": "ActivitySuggestion",
    "applicableLevel": "OB06",
    "contentJson": {
      "themeL2": "urn:jy:physics:SB0401:OB06:ThemeL2:28",
      "themeL2Key": "3.1",
      "activityText": "通过观察、查阅资料等方式，了解并分析电容器应用的实例，撰写研究报告。",
      "fromSection": "活动建议"
    }
  },
  {
    "identifier": "urn:jy:physics:SB0401:OB06:ActivitySuggestion:15",
    "title": "分别描绘电炉丝、小灯泡、半导体二极管的  $I - U$  特性",
    "description": "分别描绘电炉丝、小灯泡、半导体二极管的  $I - U$  特性曲线, 对比它们导电性能的特点。",
    "subject": "SB0401",
    "type": "ActivitySuggestion",
    "applicableLevel": "OB06",
    "contentJson": {
      "themeL2": "urn:jy:physics:SB0401:OB06:ThemeL2:29",
      "themeL2Key": "3.2",
      "activityText": "分别描绘电炉丝、小灯泡、半导体二极管的  $I - U$  特性曲线, 对比它们导电性能的特点。",
      "fromSection": "活动建议"
    }
  },
  {
    "identifier": "urn:jy:physics:SB0401:OB06:ActivitySuggestion:16",
    "title": "收集新型电热器的资料",
    "description": "收集新型电热器的资料, 了解其发热原理。",
    "subject": "SB0401",
    "type": "ActivitySuggestion",
    "applicableLevel": "OB06",
    "contentJson": {
      "themeL2": "urn:jy:physics:SB0401:OB06:ThemeL2:29",
      "themeL2Key": "3.2",
      "activityText": "收集新型电热器的资料, 了解其发热原理。",
      "fromSection": "活动建议"
    }
  },
  {
    "identifier": "urn:jy:physics:SB0401:OB06:ActivitySuggestion:17",
    "title": "家庭用电器的工作状况",
    "description": "观察家庭用电器的工作状况，检查是否存在安全隐患，知道安全用电的基本方法。",
    "subject": "SB0401",
    "type": "ActivitySuggestion",
    "applicableLevel": "OB06",
    "contentJson": {
      "themeL2": "urn:jy:physics:SB0401:OB06:ThemeL2:29",
      "themeL2Key": "3.2",
      "activityText": "观察家庭用电器的工作状况，检查是否存在安全隐患，知道安全用电的基本方法。",
      "fromSection": "活动建议"
    }
  },
  {
    "identifier": "urn:jy:physics:SB0401:OB06:ActivitySuggestion:18",
    "title": "近年来家庭用电的情况",
    "description": "调查近年来家庭用电的情况, 讨论节约用电如何从自己做起,养成节约用电的习惯。",
    "subject": "SB0401",
    "type": "ActivitySuggestion",
    "applicableLevel": "OB06",
    "contentJson": {
      "themeL2": "urn:jy:physics:SB0401:OB06:ThemeL2:29",
      "themeL2Key": "3.2",
      "activityText": "调查近年来家庭用电的情况, 讨论节约用电如何从自己做起,养成节约用电的习惯。",
      "fromSection": "活动建议"
    }
  },
  {
    "identifier": "urn:jy:physics:SB0401:OB06:ActivitySuggestion:19",
    "title": "了解我国古代对磁现象的认识和应用及其对人类文明的影响",
    "description": "查阅资料，了解我国古代对磁现象的认识和应用及其对人类文明的影响。",
    "subject": "SB0401",
    "type": "ActivitySuggestion",
    "applicableLevel": "OB06",
    "contentJson": {
      "themeL2": "urn:jy:physics:SB0401:OB06:ThemeL2:30",
      "themeL2Key": "3.3",
      "activityText": "查阅资料，了解我国古代对磁现象的认识和应用及其对人类文明的影响。",
      "fromSection": "活动建议"
    }
  },
  {
    "identifier": "urn:jy:physics:SB0401:OB06:ActivitySuggestion:20",
    "title": "了解电磁感应现象的发现过程",
    "description": "查阅资料，了解电磁感应现象的发现过程。",
    "subject": "SB0401",
    "type": "ActivitySuggestion",
    "applicableLevel": "OB06",
    "contentJson": {
      "themeL2": "urn:jy:physics:SB0401:OB06:ThemeL2:30",
      "themeL2Key": "3.3",
      "activityText": "查阅资料，了解电磁感应现象的发现过程。",
      "fromSection": "活动建议"
    }
  },
  {
    "identifier": "urn:jy:physics:SB0401:OB06:ActivitySuggestion:21",
    "title": "电磁波在现代社会中应用的实例",
    "description": "调查电磁波在现代社会中应用的实例。",
    "subject": "SB0401",
    "type": "ActivitySuggestion",
    "applicableLevel": "OB06",
    "contentJson": {
      "themeL2": "urn:jy:physics:SB0401:OB06:ThemeL2:30",
      "themeL2Key": "3.3",
      "activityText": "调查电磁波在现代社会中应用的实例。",
      "fromSection": "活动建议"
    }
  },
  {
    "identifier": "urn:jy:physics:SB0401:OB06:ActivitySuggestion:22",
    "title": "查询一个火力发电厂的发电量和煤耗",
    "description": "查询一个火力发电厂的发电量和煤耗, 计算该厂的发电效率,估算该厂每日发电的用煤量和二氧化碳的排放量。了解我国碳达峰、碳中和的目标和举措。",
    "subject": "SB0401",
    "type": "ActivitySuggestion",
    "applicableLevel": "OB06",
    "contentJson": {
      "themeL2": "urn:jy:physics:SB0401:OB06:ThemeL2:31",
      "themeL2Key": "3.4",
      "activityText": "查询一个火力发电厂的发电量和煤耗, 计算该厂的发电效率,估算该厂每日发电的用煤量和二氧化碳的排放量。了解我国碳达峰、碳中和的目标和举措。",
      "fromSection": "活动建议"
    }
  },
  {
    "identifier": "urn:jy:physics:SB0401:OB06:ActivitySuggestion:23",
    "title": "利用太阳能取暖的方案",
    "description": "设计利用太阳能取暖的方案，讨论环境对太阳能利用的影响。",
    "subject": "SB0401",
    "type": "ActivitySuggestion",
    "applicableLevel": "OB06",
    "contentJson": {
      "themeL2": "urn:jy:physics:SB0401:OB06:ThemeL2:31",
      "themeL2Key": "3.4",
      "activityText": "设计利用太阳能取暖的方案，讨论环境对太阳能利用的影响。",
      "fromSection": "活动建议"
    }
  },
  {
    "identifier": "urn:jy:physics:SB0401:OB06:ActivitySuggestion:24",
    "title": "了解人类利用核裂变和核聚变释放核能的前景与挑战",
    "description": "查阅资料, 了解人类利用核裂变和核聚变释放核能的前景与挑战。",
    "subject": "SB0401",
    "type": "ActivitySuggestion",
    "applicableLevel": "OB06",
    "contentJson": {
      "themeL2": "urn:jy:physics:SB0401:OB06:ThemeL2:31",
      "themeL2Key": "3.4",
      "activityText": "查阅资料, 了解人类利用核裂变和核聚变释放核能的前景与挑战。",
      "fromSection": "活动建议"
    }
  },
  {
    "identifier": "urn:jy:physics:SB0401:OB06:ActivitySuggestion:25",
    "title": "家庭中与热有关的器具的使用情况",
    "description": "调查家庭中与热有关的器具的使用情况, 讨论如何使用才能节约能源。",
    "subject": "SB0401",
    "type": "ActivitySuggestion",
    "applicableLevel": "OB06",
    "contentJson": {
      "themeL2": "urn:jy:physics:SB0401:OB06:ThemeL2:31",
      "themeL2Key": "3.4",
      "activityText": "调查家庭中与热有关的器具的使用情况, 讨论如何使用才能节约能源。",
      "fromSection": "活动建议"
    }
  },
  {
    "identifier": "urn:jy:physics:SB0401:OB06:ActivitySuggestion:26",
    "title": "“水火箭”",
    "description": "制作“水火箭”。",
    "subject": "SB0401",
    "type": "ActivitySuggestion",
    "applicableLevel": "OB06",
    "contentJson": {
      "themeL2": "urn:jy:physics:SB0401:OB06:ThemeL2:21",
      "themeL2Key": "1.1",
      "activityText": "制作“水火箭”。",
      "fromSection": "活动建议"
    }
  },
  {
    "identifier": "urn:jy:physics:SB0401:OB06:ActivitySuggestion:27",
    "title": "台球碰撞前后的运动情况",
    "description": "观察台球碰撞前后的运动情况，尝试用动量知识定性解释。",
    "subject": "SB0401",
    "type": "ActivitySuggestion",
    "applicableLevel": "OB06",
    "contentJson": {
      "themeL2": "urn:jy:physics:SB0401:OB06:ThemeL2:21",
      "themeL2Key": "1.1",
      "activityText": "观察台球碰撞前后的运动情况，尝试用动量知识定性解释。",
      "fromSection": "活动建议"
    }
  },
  {
    "identifier": "urn:jy:physics:SB0401:OB06:ActivitySuggestion:28",
    "title": "学生们手拉手站成一排",
    "description": "学生们手拉手站成一排, 依次下蹲、起立, 模拟机械波。",
    "subject": "SB0401",
    "type": "ActivitySuggestion",
    "applicableLevel": "OB06",
    "contentJson": {
      "themeL2": "urn:jy:physics:SB0401:OB06:ThemeL2:22",
      "themeL2Key": "1.2",
      "activityText": "学生们手拉手站成一排, 依次下蹲、起立, 模拟机械波。",
      "fromSection": "活动建议"
    }
  },
  {
    "identifier": "urn:jy:physics:SB0401:OB06:ActivitySuggestion:29",
    "title": "了解多普勒效应的实际应用",
    "description": "查阅资料，了解多普勒效应的实际应用。",
    "subject": "SB0401",
    "type": "ActivitySuggestion",
    "applicableLevel": "OB06",
    "contentJson": {
      "themeL2": "urn:jy:physics:SB0401:OB06:ThemeL2:22",
      "themeL2Key": "1.2",
      "activityText": "查阅资料，了解多普勒效应的实际应用。",
      "fromSection": "活动建议"
    }
  },
  {
    "identifier": "urn:jy:physics:SB0401:OB06:ActivitySuggestion:30",
    "title": "举办关于引力波的讨论会",
    "description": "查阅资料, 举办关于引力波的讨论会。",
    "subject": "SB0401",
    "type": "ActivitySuggestion",
    "applicableLevel": "OB06",
    "contentJson": {
      "themeL2": "urn:jy:physics:SB0401:OB06:ThemeL2:22",
      "themeL2Key": "1.2",
      "activityText": "查阅资料, 举办关于引力波的讨论会。",
      "fromSection": "活动建议"
    }
  },
  {
    "identifier": "urn:jy:physics:SB0401:OB06:ActivitySuggestion:31",
    "title": "通过调查研究",
    "description": "通过调查研究，收集光的偏振现象应用的实例。",
    "subject": "SB0401",
    "type": "ActivitySuggestion",
    "applicableLevel": "OB06",
    "contentJson": {
      "themeL2": "urn:jy:physics:SB0401:OB06:ThemeL2:23",
      "themeL2Key": "1.3",
      "activityText": "通过调查研究，收集光的偏振现象应用的实例。",
      "fromSection": "活动建议"
    }
  },
  {
    "identifier": "urn:jy:physics:SB0401:OB06:ActivitySuggestion:32",
    "title": "观看3D电影",
    "description": "观看3D电影，查阅资料，了解3D电影的原理。",
    "subject": "SB0401",
    "type": "ActivitySuggestion",
    "applicableLevel": "OB06",
    "contentJson": {
      "themeL2": "urn:jy:physics:SB0401:OB06:ThemeL2:23",
      "themeL2Key": "1.3",
      "activityText": "观看3D电影，查阅资料，了解3D电影的原理。",
      "fromSection": "活动建议"
    }
  },
  {
    "identifier": "urn:jy:physics:SB0401:OB06:ActivitySuggestion:33",
    "title": "用电磁继电器设计一个自动控制电路",
    "description": "用电磁继电器设计一个自动控制电路, 说明其工作原理。",
    "subject": "SB0401",
    "type": "ActivitySuggestion",
    "applicableLevel": "OB06",
    "contentJson": {
      "themeL2": "urn:jy:physics:SB0401:OB06:ThemeL2:24",
      "themeL2Key": "2.1",
      "activityText": "用电磁继电器设计一个自动控制电路, 说明其工作原理。",
      "fromSection": "活动建议"
    }
  },
  {
    "identifier": "urn:jy:physics:SB0401:OB06:ActivitySuggestion:34",
    "title": "洛伦兹力演示仪的结构",
    "description": "观察洛伦兹力演示仪的结构，定性讨论电子束偏转的原理。",
    "subject": "SB0401",
    "type": "ActivitySuggestion",
    "applicableLevel": "OB06",
    "contentJson": {
      "themeL2": "urn:jy:physics:SB0401:OB06:ThemeL2:24",
      "themeL2Key": "2.1",
      "activityText": "观察洛伦兹力演示仪的结构，定性讨论电子束偏转的原理。",
      "fromSection": "活动建议"
    }
  },
  {
    "identifier": "urn:jy:physics:SB0401:OB06:ActivitySuggestion:35",
    "title": "与同学讨论高速列车进站过程中是如何进行能量转化的",
    "description": "查阅资料, 与同学讨论高速列车进站过程中是如何进行能量转化的。",
    "subject": "SB0401",
    "type": "ActivitySuggestion",
    "applicableLevel": "OB06",
    "contentJson": {
      "themeL2": "urn:jy:physics:SB0401:OB06:ThemeL2:25",
      "themeL2Key": "2.2",
      "activityText": "查阅资料, 与同学讨论高速列车进站过程中是如何进行能量转化的。",
      "fromSection": "活动建议"
    }
  },
  {
    "identifier": "urn:jy:physics:SB0401:OB06:ActivitySuggestion:36",
    "title": "报告分析电流磁效应和法拉第电磁感应定律对第二次工业革命的贡献",
    "description": "查阅资料, 撰写报告分析电流磁效应和法拉第电磁感应定律对第二次工业革命的贡献, 体会科学技术对社会发展的意义。",
    "subject": "SB0401",
    "type": "ActivitySuggestion",
    "applicableLevel": "OB06",
    "contentJson": {
      "themeL2": "urn:jy:physics:SB0401:OB06:ThemeL2:25",
      "themeL2Key": "2.2",
      "activityText": "查阅资料, 撰写报告分析电流磁效应和法拉第电磁感应定律对第二次工业革命的贡献, 体会科学技术对社会发展的意义。",
      "fromSection": "活动建议"
    }
  },
  {
    "identifier": "urn:jy:physics:SB0401:OB06:ActivitySuggestion:37",
    "title": "了解微波炉的加热原理",
    "description": "查阅资料，了解微波炉的加热原理，总结使用微波炉的注意事项。",
    "subject": "SB0401",
    "type": "ActivitySuggestion",
    "applicableLevel": "OB06",
    "contentJson": {
      "themeL2": "urn:jy:physics:SB0401:OB06:ThemeL2:26",
      "themeL2Key": "2.3",
      "activityText": "查阅资料，了解微波炉的加热原理，总结使用微波炉的注意事项。",
      "fromSection": "活动建议"
    }
  },
  {
    "identifier": "urn:jy:physics:SB0401:OB06:ActivitySuggestion:38",
    "title": "了解移动通信技术发展情况",
    "description": "查阅资料, 了解移动通信技术发展情况, 并了解蓝牙、Wi-Fi等无线通信技术的原理、使用的电磁波频段和常用频率。",
    "subject": "SB0401",
    "type": "ActivitySuggestion",
    "applicableLevel": "OB06",
    "contentJson": {
      "themeL2": "urn:jy:physics:SB0401:OB06:ThemeL2:26",
      "themeL2Key": "2.3",
      "activityText": "查阅资料, 了解移动通信技术发展情况, 并了解蓝牙、Wi-Fi等无线通信技术的原理、使用的电磁波频段和常用频率。",
      "fromSection": "活动建议"
    }
  },
  {
    "identifier": "urn:jy:physics:SB0401:OB06:ActivitySuggestion:39",
    "title": "列举家用电器和生活用品中与红外线、紫外线有关的应用实例",
    "description": "列举家用电器和生活用品中与红外线、紫外线有关的应用实例。",
    "subject": "SB0401",
    "type": "ActivitySuggestion",
    "applicableLevel": "OB06",
    "contentJson": {
      "themeL2": "urn:jy:physics:SB0401:OB06:ThemeL2:26",
      "themeL2Key": "2.3",
      "activityText": "列举家用电器和生活用品中与红外线、紫外线有关的应用实例。",
      "fromSection": "活动建议"
    }
  },
  {
    "identifier": "urn:jy:physics:SB0401:OB06:ActivitySuggestion:40",
    "title": "生产生活中传感器的应用",
    "description": "调查生产生活中传感器的应用，分析某一种传感器的工作原理。",
    "subject": "SB0401",
    "type": "ActivitySuggestion",
    "applicableLevel": "OB06",
    "contentJson": {
      "themeL2": "urn:jy:physics:SB0401:OB06:ThemeL2:27",
      "themeL2Key": "2.4",
      "activityText": "调查生产生活中传感器的应用，分析某一种传感器的工作原理。",
      "fromSection": "活动建议"
    }
  },
  {
    "identifier": "urn:jy:physics:SB0401:OB06:ActivitySuggestion:41",
    "title": "手机中的各种传感器",
    "description": "调查手机中的各种传感器, 了解它们的应用。",
    "subject": "SB0401",
    "type": "ActivitySuggestion",
    "applicableLevel": "OB06",
    "contentJson": {
      "themeL2": "urn:jy:physics:SB0401:OB06:ThemeL2:27",
      "themeL2Key": "2.4",
      "activityText": "调查手机中的各种传感器, 了解它们的应用。",
      "fromSection": "活动建议"
    }
  },
  {
    "identifier": "urn:jy:physics:SB0401:OB06:ActivitySuggestion:42",
    "title": "实验",
    "description": "设计实验，比较肥皂水和清水的表面张力。",
    "subject": "SB0401",
    "type": "ActivitySuggestion",
    "applicableLevel": "OB06",
    "contentJson": {
      "themeL2": "urn:jy:physics:SB0401:OB06:ThemeL2:28",
      "themeL2Key": "3.1",
      "activityText": "设计实验，比较肥皂水和清水的表面张力。",
      "fromSection": "活动建议"
    }
  },
  {
    "identifier": "urn:jy:physics:SB0401:OB06:ActivitySuggestion:43",
    "title": "通过调查",
    "description": "通过调查, 了解生活中表现统计规律的实例。",
    "subject": "SB0401",
    "type": "ActivitySuggestion",
    "applicableLevel": "OB06",
    "contentJson": {
      "themeL2": "urn:jy:physics:SB0401:OB06:ThemeL2:28",
      "themeL2Key": "3.1",
      "activityText": "通过调查, 了解生活中表现统计规律的实例。",
      "fromSection": "活动建议"
    }
  },
  {
    "identifier": "urn:jy:physics:SB0401:OB06:ActivitySuggestion:44",
    "title": "基于对热力学定律的认识",
    "description": "基于对热力学定律的认识，结合可持续发展的观念，讨论人类合理开发和利用能源的问题。",
    "subject": "SB0401",
    "type": "ActivitySuggestion",
    "applicableLevel": "OB06",
    "contentJson": {
      "themeL2": "urn:jy:physics:SB0401:OB06:ThemeL2:29",
      "themeL2Key": "3.2",
      "activityText": "基于对热力学定律的认识，结合可持续发展的观念，讨论人类合理开发和利用能源的问题。",
      "fromSection": "活动建议"
    }
  },
  {
    "identifier": "urn:jy:physics:SB0401:OB06:ActivitySuggestion:45",
    "title": "为什么“第一类永动机”和“第二类永动机”不可能实现",
    "description": "讨论为什么“第一类永动机”和“第二类永动机”不可能实现。",
    "subject": "SB0401",
    "type": "ActivitySuggestion",
    "applicableLevel": "OB06",
    "contentJson": {
      "themeL2": "urn:jy:physics:SB0401:OB06:ThemeL2:29",
      "themeL2Key": "3.2",
      "activityText": "讨论为什么“第一类永动机”和“第二类永动机”不可能实现。",
      "fromSection": "活动建议"
    }
  },
  {
    "identifier": "urn:jy:physics:SB0401:OB06:ActivitySuggestion:46",
    "title": "通过了解牛顿建立万有引力定律的过程",
    "description": "通过了解牛顿建立万有引力定律的过程, 体会数学方法对物理学发展以及对人们探索自然奥秘的作用。",
    "subject": "SB0401",
    "type": "ActivitySuggestion",
    "applicableLevel": "OB06",
    "contentJson": {
      "themeL2": "urn:jy:physics:SB0401:OB06:ThemeL2:21",
      "themeL2Key": "1.1",
      "activityText": "通过了解牛顿建立万有引力定律的过程, 体会数学方法对物理学发展以及对人们探索自然奥秘的作用。",
      "fromSection": "活动建议"
    }
  },
  {
    "identifier": "urn:jy:physics:SB0401:OB06:ActivitySuggestion:47",
    "title": "通过关于波粒二象性的讨论",
    "description": "通过关于波粒二象性的讨论, 了解微观世界量子化的特征。",
    "subject": "SB0401",
    "type": "ActivitySuggestion",
    "applicableLevel": "OB06",
    "contentJson": {
      "themeL2": "urn:jy:physics:SB0401:OB06:ThemeL2:21",
      "themeL2Key": "1.1",
      "activityText": "通过关于波粒二象性的讨论, 了解微观世界量子化的特征。",
      "fromSection": "活动建议"
    }
  },
  {
    "identifier": "urn:jy:physics:SB0401:OB06:ActivitySuggestion:48",
    "title": "通过讨论交流",
    "description": "通过讨论交流, 了解相对论时空观的特点。",
    "subject": "SB0401",
    "type": "ActivitySuggestion",
    "applicableLevel": "OB06",
    "contentJson": {
      "themeL2": "urn:jy:physics:SB0401:OB06:ThemeL2:21",
      "themeL2Key": "1.1",
      "activityText": "通过讨论交流, 了解相对论时空观的特点。",
      "fromSection": "活动建议"
    }
  },
  {
    "identifier": "urn:jy:physics:SB0401:OB06:ActivitySuggestion:49",
    "title": "参观或上网查询气象站",
    "description": "参观或上网查询气象站, 了解当地空气指数及其影响因素。",
    "subject": "SB0401",
    "type": "ActivitySuggestion",
    "applicableLevel": "OB06",
    "contentJson": {
      "themeL2": "urn:jy:physics:SB0401:OB06:ThemeL2:22",
      "themeL2Key": "1.2",
      "activityText": "参观或上网查询气象站, 了解当地空气指数及其影响因素。",
      "fromSection": "活动建议"
    }
  },
  {
    "identifier": "urn:jy:physics:SB0401:OB06:ActivitySuggestion:50",
    "title": "参观或上网查询高新工业园区",
    "description": "参观或上网查询高新工业园区, 了解高新技术发展现状。",
    "subject": "SB0401",
    "type": "ActivitySuggestion",
    "applicableLevel": "OB06",
    "contentJson": {
      "themeL2": "urn:jy:physics:SB0401:OB06:ThemeL2:22",
      "themeL2Key": "1.2",
      "activityText": "参观或上网查询高新工业园区, 了解高新技术发展现状。",
      "fromSection": "活动建议"
    }
  },
  {
    "identifier": "urn:jy:physics:SB0401:OB06:ActivitySuggestion:51",
    "title": "了解世界各国核技术发展的概况",
    "description": "查阅资料，了解世界各国核技术发展的概况。",
    "subject": "SB0401",
    "type": "ActivitySuggestion",
    "applicableLevel": "OB06",
    "contentJson": {
      "themeL2": "urn:jy:physics:SB0401:OB06:ThemeL2:22",
      "themeL2Key": "1.2",
      "activityText": "查阅资料，了解世界各国核技术发展的概况。",
      "fromSection": "活动建议"
    }
  },
  {
    "identifier": "urn:jy:physics:SB0401:OB06:ActivitySuggestion:52",
    "title": "与我国科学技术史相关的著作",
    "description": "阅读与我国科学技术史相关的著作，了解我国古代科学技术的重要成就及其对世界文明产生的影响。",
    "subject": "SB0401",
    "type": "ActivitySuggestion",
    "applicableLevel": "OB06",
    "contentJson": {
      "themeL2": "urn:jy:physics:SB0401:OB06:ThemeL2:22",
      "themeL2Key": "1.2",
      "activityText": "阅读与我国科学技术史相关的著作，了解我国古代科学技术的重要成就及其对世界文明产生的影响。",
      "fromSection": "活动建议"
    }
  },
  {
    "identifier": "urn:jy:physics:SB0401:OB06:ActivitySuggestion:53",
    "title": "考察或上网查询",
    "description": "考察或上网查询，了解我国风能、太阳能等的利用状况。",
    "subject": "SB0401",
    "type": "ActivitySuggestion",
    "applicableLevel": "OB06",
    "contentJson": {
      "themeL2": "urn:jy:physics:SB0401:OB06:ThemeL2:23",
      "themeL2Key": "1.3",
      "activityText": "考察或上网查询，了解我国风能、太阳能等的利用状况。",
      "fromSection": "活动建议"
    }
  },
  {
    "identifier": "urn:jy:physics:SB0401:OB06:ActivitySuggestion:54",
    "title": "考察或上网查询",
    "description": "考察或上网查询，了解智能家居。",
    "subject": "SB0401",
    "type": "ActivitySuggestion",
    "applicableLevel": "OB06",
    "contentJson": {
      "themeL2": "urn:jy:physics:SB0401:OB06:ThemeL2:23",
      "themeL2Key": "1.3",
      "activityText": "考察或上网查询，了解智能家居。",
      "fromSection": "活动建议"
    }
  },
  {
    "identifier": "urn:jy:physics:SB0401:OB06:ActivitySuggestion:55",
    "title": "利用计算机多媒体技术制作个性化的网页",
    "description": "利用计算机多媒体技术制作个性化的网页。",
    "subject": "SB0401",
    "type": "ActivitySuggestion",
    "applicableLevel": "OB06",
    "contentJson": {
      "themeL2": "urn:jy:physics:SB0401:OB06:ThemeL2:23",
      "themeL2Key": "1.3",
      "activityText": "利用计算机多媒体技术制作个性化的网页。",
      "fromSection": "活动建议"
    }
  },
  {
    "identifier": "urn:jy:physics:SB0401:OB06:ActivitySuggestion:56",
    "title": "上网查询",
    "description": "上网查询，了解航天技术应用的现状及发展前景。",
    "subject": "SB0401",
    "type": "ActivitySuggestion",
    "applicableLevel": "OB06",
    "contentJson": {
      "themeL2": "urn:jy:physics:SB0401:OB06:ThemeL2:23",
      "themeL2Key": "1.3",
      "activityText": "上网查询，了解航天技术应用的现状及发展前景。",
      "fromSection": "活动建议"
    }
  },
  {
    "identifier": "urn:jy:physics:SB0401:OB06:ActivitySuggestion:57",
    "title": "列举物理治疗方法",
    "description": "查阅资料, 列举物理治疗方法, 并对这些方法进行分类探讨。",
    "subject": "SB0401",
    "type": "ActivitySuggestion",
    "applicableLevel": "OB06",
    "contentJson": {
      "themeL2": "urn:jy:physics:SB0401:OB06:ThemeL2:24",
      "themeL2Key": "2.1",
      "activityText": "查阅资料, 列举物理治疗方法, 并对这些方法进行分类探讨。",
      "fromSection": "活动建议"
    }
  },
  {
    "identifier": "urn:jy:physics:SB0401:OB06:ActivitySuggestion:58",
    "title": "观看视频",
    "description": "观看视频，了解B超、CT等医疗设备检查病人的过程。",
    "subject": "SB0401",
    "type": "ActivitySuggestion",
    "applicableLevel": "OB06",
    "contentJson": {
      "themeL2": "urn:jy:physics:SB0401:OB06:ThemeL2:24",
      "themeL2Key": "2.1",
      "activityText": "观看视频，了解B超、CT等医疗设备检查病人的过程。",
      "fromSection": "活动建议"
    }
  },
  {
    "identifier": "urn:jy:physics:SB0401:OB06:ActivitySuggestion:59",
    "title": "了解煤炭等能源利用中的问题",
    "description": "查阅资料, 了解煤炭等能源利用中的问题, 了解可再生能源开发的必要性。",
    "subject": "SB0401",
    "type": "ActivitySuggestion",
    "applicableLevel": "OB06",
    "contentJson": {
      "themeL2": "urn:jy:physics:SB0401:OB06:ThemeL2:25",
      "themeL2Key": "2.2",
      "activityText": "查阅资料, 了解煤炭等能源利用中的问题, 了解可再生能源开发的必要性。",
      "fromSection": "活动建议"
    }
  },
  {
    "identifier": "urn:jy:physics:SB0401:OB06:ActivitySuggestion:60",
    "title": "了解我国及其他国家对核能利用的概况",
    "description": "查阅资料，了解我国及其他国家对核能利用的概况。",
    "subject": "SB0401",
    "type": "ActivitySuggestion",
    "applicableLevel": "OB06",
    "contentJson": {
      "themeL2": "urn:jy:physics:SB0401:OB06:ThemeL2:25",
      "themeL2Key": "2.2",
      "activityText": "查阅资料，了解我国及其他国家对核能利用的概况。",
      "fromSection": "活动建议"
    }
  },
  {
    "identifier": "urn:jy:physics:SB0401:OB06:ActivitySuggestion:61",
    "title": "了解国际上一些重大的核泄漏事故及其影响",
    "description": "查阅资料, 了解国际上一些重大的核泄漏事故及其影响。",
    "subject": "SB0401",
    "type": "ActivitySuggestion",
    "applicableLevel": "OB06",
    "contentJson": {
      "themeL2": "urn:jy:physics:SB0401:OB06:ThemeL2:25",
      "themeL2Key": "2.2",
      "activityText": "查阅资料, 了解国际上一些重大的核泄漏事故及其影响。",
      "fromSection": "活动建议"
    }
  },
  {
    "identifier": "urn:jy:physics:SB0401:OB06:ActivitySuggestion:62",
    "title": "举行关于新材料应用的报告会",
    "description": "举行关于新材料应用的报告会, 了解一些新材料的发展史。",
    "subject": "SB0401",
    "type": "ActivitySuggestion",
    "applicableLevel": "OB06",
    "contentJson": {
      "themeL2": "urn:jy:physics:SB0401:OB06:ThemeL2:26",
      "themeL2Key": "2.3",
      "activityText": "举行关于新材料应用的报告会, 了解一些新材料的发展史。",
      "fromSection": "活动建议"
    }
  },
  {
    "identifier": "urn:jy:physics:SB0401:OB06:ActivitySuggestion:63",
    "title": "参观科技馆或查找资料",
    "description": "参观科技馆或查找资料, 了解纳米材料的一些实际应用。",
    "subject": "SB0401",
    "type": "ActivitySuggestion",
    "applicableLevel": "OB06",
    "contentJson": {
      "themeL2": "urn:jy:physics:SB0401:OB06:ThemeL2:26",
      "themeL2Key": "2.3",
      "activityText": "参观科技馆或查找资料, 了解纳米材料的一些实际应用。",
      "fromSection": "活动建议"
    }
  },
  {
    "identifier": "urn:jy:physics:SB0401:OB06:ActivitySuggestion:64",
    "title": "列举身边的功能材料",
    "description": "列举身边的功能材料, 了解功能材料在生活中的应用。",
    "subject": "SB0401",
    "type": "ActivitySuggestion",
    "applicableLevel": "OB06",
    "contentJson": {
      "themeL2": "urn:jy:physics:SB0401:OB06:ThemeL2:26",
      "themeL2Key": "2.3",
      "activityText": "列举身边的功能材料, 了解功能材料在生活中的应用。",
      "fromSection": "活动建议"
    }
  },
  {
    "identifier": "urn:jy:physics:SB0401:OB06:ActivitySuggestion:65",
    "title": "了解制约芯片制造和限制运算速度提升的物理因素",
    "description": "查阅资料, 了解制约芯片制造和限制运算速度提升的物理因素。",
    "subject": "SB0401",
    "type": "ActivitySuggestion",
    "applicableLevel": "OB06",
    "contentJson": {
      "themeL2": "urn:jy:physics:SB0401:OB06:ThemeL2:27",
      "themeL2Key": "2.4",
      "activityText": "查阅资料, 了解制约芯片制造和限制运算速度提升的物理因素。",
      "fromSection": "活动建议"
    }
  },
  {
    "identifier": "urn:jy:physics:SB0401:OB06:ActivitySuggestion:66",
    "title": "手机使用给人们带来的便利和问题",
    "description": "讨论手机使用给人们带来的便利和问题。",
    "subject": "SB0401",
    "type": "ActivitySuggestion",
    "applicableLevel": "OB06",
    "contentJson": {
      "themeL2": "urn:jy:physics:SB0401:OB06:ThemeL2:27",
      "themeL2Key": "2.4",
      "activityText": "讨论手机使用给人们带来的便利和问题。",
      "fromSection": "活动建议"
    }
  },
  {
    "identifier": "urn:jy:physics:SB0401:OB06:ActivitySuggestion:67",
    "title": "与同学分享全球定位技术在生活中的应用",
    "description": "查阅资料, 与同学分享全球定位技术在生活中的应用。",
    "subject": "SB0401",
    "type": "ActivitySuggestion",
    "applicableLevel": "OB06",
    "contentJson": {
      "themeL2": "urn:jy:physics:SB0401:OB06:ThemeL2:27",
      "themeL2Key": "2.4",
      "activityText": "查阅资料, 与同学分享全球定位技术在生活中的应用。",
      "fromSection": "活动建议"
    }
  },
  {
    "identifier": "urn:jy:physics:SB0401:OB06:ActivitySuggestion:68",
    "title": "了解我国北斗卫星导航系统及其价值",
    "description": "查阅资料，了解我国北斗卫星导航系统及其价值。",
    "subject": "SB0401",
    "type": "ActivitySuggestion",
    "applicableLevel": "OB06",
    "contentJson": {
      "themeL2": "urn:jy:physics:SB0401:OB06:ThemeL2:27",
      "themeL2Key": "2.4",
      "activityText": "查阅资料，了解我国北斗卫星导航系统及其价值。",
      "fromSection": "活动建议"
    }
  },
  {
    "identifier": "urn:jy:physics:SB0401:OB06:ActivitySuggestion:69",
    "title": "人工智能在现代生活中的应用",
    "description": "讨论人工智能在现代生活中的应用；分享自己应用人工智能解决问题的经验。",
    "subject": "SB0401",
    "type": "ActivitySuggestion",
    "applicableLevel": "OB06",
    "contentJson": {
      "themeL2": "urn:jy:physics:SB0401:OB06:ThemeL2:27",
      "themeL2Key": "2.4",
      "activityText": "讨论人工智能在现代生活中的应用；分享自己应用人工智能解决问题的经验。",
      "fromSection": "活动建议"
    }
  },
  {
    "identifier": "urn:jy:physics:SB0401:OB06:ActivitySuggestion:70",
    "title": "波粒二象性的发展简史",
    "description": "查阅波粒二象性的发展简史，用简报展示出来。",
    "subject": "SB0401",
    "type": "ActivitySuggestion",
    "applicableLevel": "OB06",
    "contentJson": {
      "themeL2": "urn:jy:physics:SB0401:OB06:ThemeL2:28",
      "themeL2Key": "3.1",
      "activityText": "查阅波粒二象性的发展简史，用简报展示出来。",
      "fromSection": "活动建议"
    }
  },
  {
    "identifier": "urn:jy:physics:SB0401:OB06:ActivitySuggestion:71",
    "title": "与“量子纠缠”研究及其应用有关的信息",
    "description": "查阅与“量子纠缠”研究及其应用有关的信息，了解我国科学家作出的贡献。",
    "subject": "SB0401",
    "type": "ActivitySuggestion",
    "applicableLevel": "OB06",
    "contentJson": {
      "themeL2": "urn:jy:physics:SB0401:OB06:ThemeL2:28",
      "themeL2Key": "3.1",
      "activityText": "查阅与“量子纠缠”研究及其应用有关的信息，了解我国科学家作出的贡献。",
      "fromSection": "活动建议"
    }
  },
  {
    "identifier": "urn:jy:physics:SB0401:OB06:ActivitySuggestion:72",
    "title": "了解量子计算机的发展",
    "description": "查阅资料，了解量子计算机的发展。",
    "subject": "SB0401",
    "type": "ActivitySuggestion",
    "applicableLevel": "OB06",
    "contentJson": {
      "themeL2": "urn:jy:physics:SB0401:OB06:ThemeL2:28",
      "themeL2Key": "3.1",
      "activityText": "查阅资料，了解量子计算机的发展。",
      "fromSection": "活动建议"
    }
  },
  {
    "identifier": "urn:jy:physics:SB0401:OB06:ActivitySuggestion:73",
    "title": "小组讨论 “双生子佯谬” 问题",
    "description": "小组讨论 “双生子佯谬” 问题, 分享各自的观点。",
    "subject": "SB0401",
    "type": "ActivitySuggestion",
    "applicableLevel": "OB06",
    "contentJson": {
      "themeL2": "urn:jy:physics:SB0401:OB06:ThemeL2:29",
      "themeL2Key": "3.2",
      "activityText": "小组讨论 “双生子佯谬” 问题, 分享各自的观点。",
      "fromSection": "活动建议"
    }
  },
  {
    "identifier": "urn:jy:physics:SB0401:OB06:ActivitySuggestion:74",
    "title": "了解引力波的产生及其探测",
    "description": "查阅资料，了解引力波的产生及其探测。",
    "subject": "SB0401",
    "type": "ActivitySuggestion",
    "applicableLevel": "OB06",
    "contentJson": {
      "themeL2": "urn:jy:physics:SB0401:OB06:ThemeL2:29",
      "themeL2Key": "3.2",
      "activityText": "查阅资料，了解引力波的产生及其探测。",
      "fromSection": "活动建议"
    }
  },
  {
    "identifier": "urn:jy:physics:SB0401:OB06:ActivitySuggestion:75",
    "title": "观看影片",
    "description": "观看影片，讨论大爆炸宇宙论的观测证据。",
    "subject": "SB0401",
    "type": "ActivitySuggestion",
    "applicableLevel": "OB06",
    "contentJson": {
      "themeL2": "urn:jy:physics:SB0401:OB06:ThemeL2:30",
      "themeL2Key": "3.3",
      "activityText": "观看影片，讨论大爆炸宇宙论的观测证据。",
      "fromSection": "活动建议"
    }
  },
  {
    "identifier": "urn:jy:physics:SB0401:OB06:ActivitySuggestion:76",
    "title": "人类探索反物质的历程",
    "description": "查阅资料，讨论人类探索反物质的历程。",
    "subject": "SB0401",
    "type": "ActivitySuggestion",
    "applicableLevel": "OB06",
    "contentJson": {
      "themeL2": "urn:jy:physics:SB0401:OB06:ThemeL2:30",
      "themeL2Key": "3.3",
      "activityText": "查阅资料，讨论人类探索反物质的历程。",
      "fromSection": "活动建议"
    }
  },
  {
    "identifier": "urn:jy:physics:SB0401:OB06:ActivitySuggestion:77",
    "title": "“希格斯粒子” 及其意义",
    "description": "查阅资料, 讨论 “希格斯粒子” 及其意义。",
    "subject": "SB0401",
    "type": "ActivitySuggestion",
    "applicableLevel": "OB06",
    "contentJson": {
      "themeL2": "urn:jy:physics:SB0401:OB06:ThemeL2:31",
      "themeL2Key": "3.4",
      "activityText": "查阅资料, 讨论 “希格斯粒子” 及其意义。",
      "fromSection": "活动建议"
    }
  },
  {
    "identifier": "urn:jy:physics:SB0401:OB06:ActivitySuggestion:78",
    "title": "举办与现代物理进展有关的科普论坛",
    "description": "举办与现代物理进展有关的科普论坛，通过班会或墙报交流。",
    "subject": "SB0401",
    "type": "ActivitySuggestion",
    "applicableLevel": "OB06",
    "contentJson": {
      "themeL2": "urn:jy:physics:SB0401:OB06:ThemeL2:31",
      "themeL2Key": "3.4",
      "activityText": "举办与现代物理进展有关的科普论坛，通过班会或墙报交流。",
      "fromSection": "活动建议"
    }
  }
]