[
  {
    "identifier": "urn:jy:physics:SB0401:OB06:CoreLiteracy:1",
    "title": "物质观念水平1",
    "description": "",
    "subject": "SB0401",
    "type": "CoreLiteracy",
    "applicableLevel": "OB06",
    "contentJson": {
      "standard": "1",
      "standardDescription": "能从物理学视角描述物理现象，具有对物质的初步认识。"
    }
  },
  {
    "identifier": "urn:jy:physics:SB0401:OB06:CoreLiteracy:2",
    "title": "物质观念水平2",
    "description": "",
    "subject": "SB0401",
    "type": "CoreLiteracy",
    "applicableLevel": "OB06",
    "contentJson": {
      "standard": "2",
      "standardDescription": "能从物理学视角描述和分析实际情境中的物理现象，具有对物质的基本认识。"
    }
  },
  {
    "identifier": "urn:jy:physics:SB0401:OB06:CoreLiteracy:3",
    "title": "物质观念水平3",
    "description": "",
    "subject": "SB0401",
    "type": "CoreLiteracy",
    "applicableLevel": "OB06",
    "contentJson": {
      "standard": "3",
      "standardDescription": "能从物理学视角解释实际情境中的物理现象，具有对物质的清晰认识。"
    }
  },
  {
    "identifier": "urn:jy:physics:SB0401:OB06:CoreLiteracy:4",
    "title": "运动和相互作用观念水平1",
    "description": "",
    "subject": "SB0401",
    "type": "CoreLiteracy",
    "applicableLevel": "OB06",
    "contentJson": {
      "standard": "1",
      "standardDescription": "能从物理学视角描述物理现象，具有对运动和相互作用的初步认识。"
    }
  },
  {
    "identifier": "urn:jy:physics:SB0401:OB06:CoreLiteracy:5",
    "title": "运动和相互作用观念水平2",
    "description": "",
    "subject": "SB0401",
    "type": "CoreLiteracy",
    "applicableLevel": "OB06",
    "contentJson": {
      "standard": "2",
      "standardDescription": "能从物理学视角描述和分析实际情境中的物理现象，具有对运动和相互作用的基本认识。"
    }
  },
  {
    "identifier": "urn:jy:physics:SB0401:OB06:CoreLiteracy:6",
    "title": "运动和相互作用观念水平3",
    "description": "",
    "subject": "SB0401",
    "type": "CoreLiteracy",
    "applicableLevel": "OB06",
    "contentJson": {
      "standard": "3",
      "standardDescription": "能从物理学视角解释实际情境中的物理现象，具有对运动和相互作用的清晰认识。"
    }
  },
  {
    "identifier": "urn:jy:physics:SB0401:OB06:CoreLiteracy:7",
    "title": "能量观念水平1",
    "description": "",
    "subject": "SB0401",
    "type": "CoreLiteracy",
    "applicableLevel": "OB06",
    "contentJson": {
      "standard": "1",
      "standardDescription": "能从物理学视角描述物理现象，具有对能量的初步认识。"
    }
  },
  {
    "identifier": "urn:jy:physics:SB0401:OB06:CoreLiteracy:8",
    "title": "能量观念水平2",
    "description": "",
    "subject": "SB0401",
    "type": "CoreLiteracy",
    "applicableLevel": "OB06",
    "contentJson": {
      "standard": "2",
      "standardDescription": "能从物理学视角描述和分析实际情境中的物理现象，具有对能量的基本认识。"
    }
  },
  {
    "identifier": "urn:jy:physics:SB0401:OB06:CoreLiteracy:9",
    "title": "能量观念水平3",
    "description": "",
    "subject": "SB0401",
    "type": "CoreLiteracy",
    "applicableLevel": "OB06",
    "contentJson": {
      "standard": "3",
      "standardDescription": "能从物理学视角解释实际情境中的物理现象，具有对能量的清晰认识。"
    }
  },
  {
    "identifier": "urn:jy:physics:SB0401:OB06:CoreLiteracy:10",
    "title": "科学思维水平1",
    "description": "",
    "subject": "SB0401",
    "type": "CoreLiteracy",
    "applicableLevel": "OB06",
    "contentJson": {
      "standard": "1",
      "standardDescription": "能在熟悉情境中对现象进行简单分析；会运用常见物理模型解决问题；能通过分析与综合、推理与论证形成初步结论，分析实验误差；能判断信息的可靠性与合理性，并进行初步的合理质疑与创新。"
    }
  },
  {
    "identifier": "urn:jy:physics:SB0401:OB06:CoreLiteracy:11",
    "title": "科学思维水平2",
    "description": "",
    "subject": "SB0401",
    "type": "CoreLiteracy",
    "applicableLevel": "OB06",
    "contentJson": {
      "standard": "2",
      "standardDescription": "能对现象进行描述与分析并解释与解决问题；能选用恰当模型作出猜想与假设；能运用分析与综合、推理与论证找出联系与特点，合理分析误差并解释结论；能评估证据可靠性，规范交流探究过程与结果；能在合作中尊重他人意见，对已有观点提出质疑，从不同角度思考问题。"
    }
  },
  {
    "identifier": "urn:jy:physics:SB0401:OB06:CoreLiteracy:12",
    "title": "科学思维水平3",
    "description": "",
    "subject": "SB0401",
    "type": "CoreLiteracy",
    "applicableLevel": "OB06",
    "contentJson": {
      "standard": "3",
      "standardDescription": "能综合应用多领域概念与规律科学解释现象、熟练解决问题；能准确表述可探究问题并将研究对象转换成物理模型进行分析，作出有依据的猜想与假设；能熟练运用分析与综合、推理与论证发现规律并准确分析误差；能对信息进行准确判断，对已有结论提出有证据的质疑，从不同角度分析解决问题。"
    }
  },
  {
    "identifier": "urn:jy:physics:SB0401:OB06:CoreLiteracy:13",
    "title": "科学探究水平1",
    "description": "",
    "subject": "SB0401",
    "type": "CoreLiteracy",
    "applicableLevel": "OB06",
    "contentJson": {
      "standard": "1",
      "standardDescription": "能从物理学视角提出物理问题；能根据已有探究方案借助基本器材通过实验等方式获得证据；能用物理学术语、符号、公式、图表等对探究过程与结果作初步描述与分析，撰写简单的科学探究报告。"
    }
  },
  {
    "identifier": "urn:jy:physics:SB0401:OB06:CoreLiteracy:14",
    "title": "科学探究水平2",
    "description": "",
    "subject": "SB0401",
    "type": "CoreLiteracy",
    "applicableLevel": "OB06",
    "contentJson": {
      "standard": "2",
      "standardDescription": "能提出可探究的物理问题；能在他人帮助下制订可行探究方案，使用基本器材通过实验获得合理证据；能规范表达与交流探究过程与结果，撰写科学探究报告。"
    }
  },
  {
    "identifier": "urn:jy:physics:SB0401:OB06:CoreLiteracy:15",
    "title": "科学探究水平3",
    "description": "",
    "subject": "SB0401",
    "type": "CoreLiteracy",
    "applicableLevel": "OB06",
    "contentJson": {
      "standard": "3",
      "standardDescription": "能制订科学探究方案，选用合适器材规范实验操作并准确获得证据；能准确运用物理学术语、符号、公式、图表等交流与反思探究过程与结果，撰写完整的科学探究报告。"
    }
  },
  {
    "identifier": "urn:jy:physics:SB0401:OB06:CoreLiteracy:16",
    "title": "科学态度与责任水平1",
    "description": "",
    "subject": "SB0401",
    "type": "CoreLiteracy",
    "applicableLevel": "OB06",
    "contentJson": {
      "standard": "1",
      "standardDescription": "有探索自然、了解自然奥秘的兴趣；知道物理学探究需要接受实践检验；了解物理研究与应用涉及的基本道德与规范问题；认识保护环境、节约资源、促进可持续发展的重要性，具有科技强国与民族复兴的责任感，并具有认真求证、追求真理的求实精神和实事求是的科学态度。"
    }
  },
  {
    "identifier": "urn:jy:physics:SB0401:OB06:CoreLiteracy:17",
    "title": "科学态度与责任水平2",
    "description": "",
    "subject": "SB0401",
    "type": "CoreLiteracy",
    "applicableLevel": "OB06",
    "contentJson": {
      "standard": "2",
      "standardDescription": "有较强的学习与研究物理兴趣，认识到物理研究是基于观察与实验的创造性工作；知道研究与应用应考虑道德与规范要求；具有保护环境、节约资源、促进可持续发展的意识；具有科技强国与民族复兴的责任感和使命感，并能从物理学视角判断信息可靠性与合理性。"
    }
  },
  {
    "identifier": "urn:jy:physics:SB0401:OB06:CoreLiteracy:18",
    "title": "科学态度与责任水平3",
    "description": "",
    "subject": "SB0401",
    "type": "CoreLiteracy",
    "applicableLevel": "OB06",
    "contentJson": {
      "standard": "3",
      "standardDescription": "有学习和研究物理的内在动机，认识到物理研究具有抽象与创造性；能依据普遍接受的道德与规范认识和评价研究与应用，理解科学、技术、社会及环境的关系，形成保护环境、节约资源、促进可持续发展的行为；为我国科技成就感到光荣自豪，具有科技强国和民族复兴的责任感和使命感，并具有认真求证、追求真理、实事求是的科学精神。"
    }
  }
]