[
  {
    "identifier": "urn:jy:physics:SB0401:OB06:CourseModule:1",
    "title": "必修课程",
    "description": "物理必修课程是全体学生必须学习的课程，是高中学生物理学科核心素养发展的共同基础；",
    "subject": "SB0401",
    "type": "CourseModule",
    "applicableLevel": "OB06",
    "contentJson": {}
  },
  {
    "identifier": "urn:jy:physics:SB0401:OB06:CourseModule:2",
    "title": "选择性必修课程",
    "description": "选择性必修课程由学生根据个人需求与升学要求选择学习；",
    "subject": "SB0401",
    "type": "CourseModule",
    "applicableLevel": "OB06",
    "contentJson": {}
  },
  {
    "identifier": "urn:jy:physics:SB0401:OB06:CourseModule:3",
    "title": "选修课程",
    "description": "选修课程。",
    "subject": "SB0401",
    "type": "CourseModule",
    "applicableLevel": "OB06",
    "contentJson": {}
  }
]