[
  {
    "identifier": "urn:jy:physics:SB0401:OB06:Example:1",
    "title": "了解伽利略的实验研究工作",
    "description": "了解伽利略的实验研究工作，认识伽利略有关实验的科学思想和方法。",
    "subject": "SB0401",
    "type": "Example",
    "applicableLevel": "OB06",
    "contentJson": {
      "themeL2": "urn:jy:physics:SB0401:OB06:ThemeL2:21",
      "themeL2Key": "1.1",
      "exampleIndex": "例1",
      "exampleText": "了解伽利略的实验研究工作，认识伽利略有关实验的科学思想和方法。"
    }
  },
  {
    "identifier": "urn:jy:physics:SB0401:OB06:Example:2",
    "title": "通过质点模型、太阳系行星模型等实例",
    "description": "通过质点模型、太阳系行星模型等实例，体会物理模型在物理学研究中的意义。",
    "subject": "SB0401",
    "type": "Example",
    "applicableLevel": "OB06",
    "contentJson": {
      "themeL2": "urn:jy:physics:SB0401:OB06:ThemeL2:21",
      "themeL2Key": "1.1",
      "exampleIndex": "例2",
      "exampleText": "通过质点模型、太阳系行星模型等实例，体会物理模型在物理学研究中的意义。"
    }
  },
  {
    "identifier": "urn:jy:physics:SB0401:OB06:Example:3",
    "title": "结合瞬时速度概念的建构",
    "description": "结合瞬时速度概念的建构，体会研究物理问题的极限方法。",
    "subject": "SB0401",
    "type": "Example",
    "applicableLevel": "OB06",
    "contentJson": {
      "themeL2": "urn:jy:physics:SB0401:OB06:ThemeL2:21",
      "themeL2Key": "1.1",
      "exampleIndex": "例3",
      "exampleText": "结合瞬时速度概念的建构，体会研究物理问题的极限方法。"
    }
  },
  {
    "identifier": "urn:jy:physics:SB0401:OB06:Example:4",
    "title": "结合加速度概念的建构",
    "description": "结合加速度概念的建构，体会物理学中的抽象思维。",
    "subject": "SB0401",
    "type": "Example",
    "applicableLevel": "OB06",
    "contentJson": {
      "themeL2": "urn:jy:physics:SB0401:OB06:ThemeL2:21",
      "themeL2Key": "1.1",
      "exampleIndex": "例4",
      "exampleText": "结合加速度概念的建构，体会物理学中的抽象思维。"
    }
  },
  {
    "identifier": "urn:jy:physics:SB0401:OB06:Example:5",
    "title": "打点计时器、频闪照相或其他实验工具研究匀变速直线运动的规",
    "description": "用打点计时器、频闪照相或其他实验工具研究匀变速直线运动的规律。",
    "subject": "SB0401",
    "type": "Example",
    "applicableLevel": "OB06",
    "contentJson": {
      "themeL2": "urn:jy:physics:SB0401:OB06:ThemeL2:21",
      "themeL2Key": "1.1",
      "exampleIndex": "例5",
      "exampleText": "用打点计时器、频闪照相或其他实验工具研究匀变速直线运动的规律。"
    }
  },
  {
    "identifier": "urn:jy:physics:SB0401:OB06:Example:6",
    "title": "资料",
    "description": "查阅资料，了解亚里士多德关于力与运动的主要观点和研究方法。",
    "subject": "SB0401",
    "type": "Example",
    "applicableLevel": "OB06",
    "contentJson": {
      "themeL2": "urn:jy:physics:SB0401:OB06:ThemeL2:21",
      "themeL2Key": "1.1",
      "exampleIndex": "例6",
      "exampleText": "查阅资料，了解亚里士多德关于力与运动的主要观点和研究方法。"
    }
  },
  {
    "identifier": "urn:jy:physics:SB0401:OB06:Example:7",
    "title": "资料",
    "description": "查阅资料，了解伽利略研究自由落体运动的实验和推理方法。",
    "subject": "SB0401",
    "type": "Example",
    "applicableLevel": "OB06",
    "contentJson": {
      "themeL2": "urn:jy:physics:SB0401:OB06:ThemeL2:21",
      "themeL2Key": "1.1",
      "exampleIndex": "例7",
      "exampleText": "查阅资料，了解伽利略研究自由落体运动的实验和推理方法。"
    }
  },
  {
    "identifier": "urn:jy:physics:SB0401:OB06:Example:8",
    "title": "调查生产生活中所用弹簧的形状及使用目的",
    "description": "调查生产生活中所用弹簧的形状及使用目的。",
    "subject": "SB0401",
    "type": "Example",
    "applicableLevel": "OB06",
    "contentJson": {
      "themeL2": "urn:jy:physics:SB0401:OB06:ThemeL2:22",
      "themeL2Key": "1.2",
      "exampleIndex": "例1",
      "exampleText": "调查生产生活中所用弹簧的形状及使用目的。"
    }
  },
  {
    "identifier": "urn:jy:physics:SB0401:OB06:Example:9",
    "title": "一个简易弹簧测力计",
    "description": "制作一个简易弹簧测力计，用胡克定律解释其原理。",
    "subject": "SB0401",
    "type": "Example",
    "applicableLevel": "OB06",
    "contentJson": {
      "themeL2": "urn:jy:physics:SB0401:OB06:ThemeL2:22",
      "themeL2Key": "1.2",
      "exampleIndex": "例2",
      "exampleText": "制作一个简易弹簧测力计，用胡克定律解释其原理。"
    }
  },
  {
    "identifier": "urn:jy:physics:SB0401:OB06:Example:10",
    "title": "物体移动的方向与所受力的方向不在一条直线上时",
    "description": "分析物体移动的方向与所受力的方向不在一条直线上时，该力所做的功。",
    "subject": "SB0401",
    "type": "Example",
    "applicableLevel": "OB06",
    "contentJson": {
      "themeL2": "urn:jy:physics:SB0401:OB06:ThemeL2:24",
      "themeL2Key": "2.1",
      "exampleIndex": "例1",
      "exampleText": "分析物体移动的方向与所受力的方向不在一条直线上时，该力所做的功。"
    }
  },
  {
    "identifier": "urn:jy:physics:SB0401:OB06:Example:11",
    "title": "汽车发动机的功率一定时",
    "description": "分析汽车发动机的功率一定时，牵引力与速度的关系。",
    "subject": "SB0401",
    "type": "Example",
    "applicableLevel": "OB06",
    "contentJson": {
      "themeL2": "urn:jy:physics:SB0401:OB06:ThemeL2:24",
      "themeL2Key": "2.1",
      "exampleIndex": "例2",
      "exampleText": "分析汽车发动机的功率一定时，牵引力与速度的关系。"
    }
  },
  {
    "identifier": "urn:jy:physics:SB0401:OB06:Example:12",
    "title": "根据牛顿第二定律推导出动能定理",
    "description": "根据牛顿第二定律推导出动能定理。",
    "subject": "SB0401",
    "type": "Example",
    "applicableLevel": "OB06",
    "contentJson": {
      "themeL2": "urn:jy:physics:SB0401:OB06:ThemeL2:24",
      "themeL2Key": "2.1",
      "exampleIndex": "例3",
      "exampleText": "根据牛顿第二定律推导出动能定理。"
    }
  },
  {
    "identifier": "urn:jy:physics:SB0401:OB06:Example:13",
    "title": "生活中的曲线运动",
    "description": "观察生活中的曲线运动，如投篮时篮球的运动轨迹。",
    "subject": "SB0401",
    "type": "Example",
    "applicableLevel": "OB06",
    "contentJson": {
      "themeL2": "urn:jy:physics:SB0401:OB06:ThemeL2:25",
      "themeL2Key": "2.2",
      "exampleIndex": "例1",
      "exampleText": "观察生活中的曲线运动，如投篮时篮球的运动轨迹。"
    }
  },
  {
    "identifier": "urn:jy:physics:SB0401:OB06:Example:14",
    "title": "了解铁路和高速公路拐弯处路面有一定倾斜度的原因",
    "description": "了解铁路和高速公路拐弯处路面有一定倾斜度的原因。",
    "subject": "SB0401",
    "type": "Example",
    "applicableLevel": "OB06",
    "contentJson": {
      "themeL2": "urn:jy:physics:SB0401:OB06:ThemeL2:25",
      "themeL2Key": "2.2",
      "exampleIndex": "例2",
      "exampleText": "了解铁路和高速公路拐弯处路面有一定倾斜度的原因。"
    }
  },
  {
    "identifier": "urn:jy:physics:SB0401:OB06:Example:15",
    "title": "通过发现海王星等事实",
    "description": "通过发现海王星等事实，说明科学定律的作用。",
    "subject": "SB0401",
    "type": "Example",
    "applicableLevel": "OB06",
    "contentJson": {
      "themeL2": "urn:jy:physics:SB0401:OB06:ThemeL2:25",
      "themeL2Key": "2.2",
      "exampleIndex": "例3",
      "exampleText": "通过发现海王星等事实，说明科学定律的作用。"
    }
  },
  {
    "identifier": "urn:jy:physics:SB0401:OB06:Example:16",
    "title": "以万有引力定律为例",
    "description": "以万有引力定律为例，了解统一性观念在科学认识中的重要意义。",
    "subject": "SB0401",
    "type": "Example",
    "applicableLevel": "OB06",
    "contentJson": {
      "themeL2": "urn:jy:physics:SB0401:OB06:ThemeL2:25",
      "themeL2Key": "2.2",
      "exampleIndex": "例4",
      "exampleText": "以万有引力定律为例，了解统一性观念在科学认识中的重要意义。"
    }
  },
  {
    "identifier": "urn:jy:physics:SB0401:OB06:Example:17",
    "title": "了解牛顿力学对航天技术发展的重大贡献",
    "description": "了解牛顿力学对航天技术发展的重大贡献。",
    "subject": "SB0401",
    "type": "Example",
    "applicableLevel": "OB06",
    "contentJson": {
      "themeL2": "urn:jy:physics:SB0401:OB06:ThemeL2:25",
      "themeL2Key": "2.2",
      "exampleIndex": "例5",
      "exampleText": "了解牛顿力学对航天技术发展的重大贡献。"
    }
  },
  {
    "identifier": "urn:jy:physics:SB0401:OB06:Example:18",
    "title": "初步了解长度收缩效应和时间延缓效应",
    "description": "初步了解长度收缩效应和时间延缓效应。",
    "subject": "SB0401",
    "type": "Example",
    "applicableLevel": "OB06",
    "contentJson": {
      "themeL2": "urn:jy:physics:SB0401:OB06:ThemeL2:26",
      "themeL2Key": "2.3",
      "exampleIndex": "例1",
      "exampleText": "初步了解长度收缩效应和时间延缓效应。"
    }
  },
  {
    "identifier": "urn:jy:physics:SB0401:OB06:Example:19",
    "title": "初步了解时空弯曲",
    "description": "初步了解时空弯曲。",
    "subject": "SB0401",
    "type": "Example",
    "applicableLevel": "OB06",
    "contentJson": {
      "themeL2": "urn:jy:physics:SB0401:OB06:ThemeL2:26",
      "themeL2Key": "2.3",
      "exampleIndex": "例2",
      "exampleText": "初步了解时空弯曲。"
    }
  },
  {
    "identifier": "urn:jy:physics:SB0401:OB06:Example:20",
    "title": "资料",
    "description": "查阅资料，初步了解典型的恒星演化过程。",
    "subject": "SB0401",
    "type": "Example",
    "applicableLevel": "OB06",
    "contentJson": {
      "themeL2": "urn:jy:physics:SB0401:OB06:ThemeL2:26",
      "themeL2Key": "2.3",
      "exampleIndex": "例3",
      "exampleText": "查阅资料，初步了解典型的恒星演化过程。"
    }
  },
  {
    "identifier": "urn:jy:physics:SB0401:OB06:Example:21",
    "title": "通过多种方式使物体带电",
    "description": "通过多种方式使物体带电，观察静电现象。",
    "subject": "SB0401",
    "type": "Example",
    "applicableLevel": "OB06",
    "contentJson": {
      "themeL2": "urn:jy:physics:SB0401:OB06:ThemeL2:28",
      "themeL2Key": "3.1",
      "exampleIndex": "例1",
      "exampleText": "通过多种方式使物体带电，观察静电现象。"
    }
  },
  {
    "identifier": "urn:jy:physics:SB0401:OB06:Example:22",
    "title": "演示并分析静电感应现象",
    "description": "演示并分析静电感应现象。",
    "subject": "SB0401",
    "type": "Example",
    "applicableLevel": "OB06",
    "contentJson": {
      "themeL2": "urn:jy:physics:SB0401:OB06:ThemeL2:28",
      "themeL2Key": "3.1",
      "exampleIndex": "例2",
      "exampleText": "演示并分析静电感应现象。"
    }
  },
  {
    "identifier": "urn:jy:physics:SB0401:OB06:Example:23",
    "title": "与质点模型类比",
    "description": "与质点模型类比，体会在什么情境下可将带电体抽象为点电荷。",
    "subject": "SB0401",
    "type": "Example",
    "applicableLevel": "OB06",
    "contentJson": {
      "themeL2": "urn:jy:physics:SB0401:OB06:ThemeL2:28",
      "themeL2Key": "3.1",
      "exampleIndex": "例3",
      "exampleText": "与质点模型类比，体会在什么情境下可将带电体抽象为点电荷。"
    }
  },
  {
    "identifier": "urn:jy:physics:SB0401:OB06:Example:24",
    "title": "体会库仑扭秤实验设计的巧妙之处",
    "description": "体会库仑扭秤实验设计的巧妙之处。",
    "subject": "SB0401",
    "type": "Example",
    "applicableLevel": "OB06",
    "contentJson": {
      "themeL2": "urn:jy:physics:SB0401:OB06:ThemeL2:28",
      "themeL2Key": "3.1",
      "exampleIndex": "例4",
      "exampleText": "体会库仑扭秤实验设计的巧妙之处。"
    }
  },
  {
    "identifier": "urn:jy:physics:SB0401:OB06:Example:25",
    "title": "电场线描绘两个等量异种点电荷周围的电场",
    "description": "用电场线描绘两个等量异种点电荷周围的电场。",
    "subject": "SB0401",
    "type": "Example",
    "applicableLevel": "OB06",
    "contentJson": {
      "themeL2": "urn:jy:physics:SB0401:OB06:ThemeL2:28",
      "themeL2Key": "3.1",
      "exampleIndex": "例5",
      "exampleText": "用电场线描绘两个等量异种点电荷周围的电场。"
    }
  },
  {
    "identifier": "urn:jy:physics:SB0401:OB06:Example:26",
    "title": "讨论静电在激光打印、静电喷雾和静电除尘等技术中的",
    "description": "分析讨论静电在激光打印、静电喷雾和静电除尘等技术中的",
    "subject": "SB0401",
    "type": "Example",
    "applicableLevel": "OB06",
    "contentJson": {
      "themeL2": "urn:jy:physics:SB0401:OB06:ThemeL2:28",
      "themeL2Key": "3.1",
      "exampleIndex": "例6",
      "exampleText": "分析讨论静电在激光打印、静电喷雾和静电除尘等技术中的"
    }
  },
  {
    "identifier": "urn:jy:physics:SB0401:OB06:Example:27",
    "title": "资料",
    "description": "查阅资料，了解电容器在照相机闪光灯电路中的作用。",
    "subject": "SB0401",
    "type": "Example",
    "applicableLevel": "OB06",
    "contentJson": {
      "themeL2": "urn:jy:physics:SB0401:OB06:ThemeL2:28",
      "themeL2Key": "3.1",
      "exampleIndex": "例7",
      "exampleText": "查阅资料，了解电容器在照相机闪光灯电路中的作用。"
    }
  },
  {
    "identifier": "urn:jy:physics:SB0401:OB06:Example:28",
    "title": "知道滑动变阻器的工作原理",
    "description": "知道滑动变阻器的工作原理。",
    "subject": "SB0401",
    "type": "Example",
    "applicableLevel": "OB06",
    "contentJson": {
      "themeL2": "urn:jy:physics:SB0401:OB06:ThemeL2:29",
      "themeL2Key": "3.2",
      "exampleIndex": "例1",
      "exampleText": "知道滑动变阻器的工作原理。"
    }
  },
  {
    "identifier": "urn:jy:physics:SB0401:OB06:Example:29",
    "title": "通过  $I - U$  图像了解材料的电阻特性",
    "description": "通过  $I - U$  图像了解材料的电阻特性。",
    "subject": "SB0401",
    "type": "Example",
    "applicableLevel": "OB06",
    "contentJson": {
      "themeL2": "urn:jy:physics:SB0401:OB06:ThemeL2:29",
      "themeL2Key": "3.2",
      "exampleIndex": "例2",
      "exampleText": "通过  $I - U$  图像了解材料的电阻特性。"
    }
  },
  {
    "identifier": "urn:jy:physics:SB0401:OB06:Example:30",
    "title": "通过探究电源两端电压与电流的关系",
    "description": "通过探究电源两端电压与电流的关系，体会图像法在研究物理问题中的作用。",
    "subject": "SB0401",
    "type": "Example",
    "applicableLevel": "OB06",
    "contentJson": {
      "themeL2": "urn:jy:physics:SB0401:OB06:ThemeL2:29",
      "themeL2Key": "3.2",
      "exampleIndex": "例3",
      "exampleText": "通过探究电源两端电压与电流的关系，体会图像法在研究物理问题中的作用。"
    }
  },
  {
    "identifier": "urn:jy:physics:SB0401:OB06:Example:31",
    "title": "根据某家庭的电器设施",
    "description": "根据某家庭的电器设施，估算该家庭电路中所需导线的规格。",
    "subject": "SB0401",
    "type": "Example",
    "applicableLevel": "OB06",
    "contentJson": {
      "themeL2": "urn:jy:physics:SB0401:OB06:ThemeL2:29",
      "themeL2Key": "3.2",
      "exampleIndex": "例4",
      "exampleText": "根据某家庭的电器设施，估算该家庭电路中所需导线的规格。"
    }
  },
  {
    "identifier": "urn:jy:physics:SB0401:OB06:Example:32",
    "title": "判断通电直导线和通电线圈周围磁场的方向",
    "description": "判断通电直导线和通电线圈周围磁场的方向，用磁感线描绘通电直导线和通电线圈周围的磁场。",
    "subject": "SB0401",
    "type": "Example",
    "applicableLevel": "OB06",
    "contentJson": {
      "themeL2": "urn:jy:physics:SB0401:OB06:ThemeL2:30",
      "themeL2Key": "3.3",
      "exampleIndex": "例1",
      "exampleText": "判断通电直导线和通电线圈周围磁场的方向，用磁感线描绘通电直导线和通电线圈周围的磁场。"
    }
  },
  {
    "identifier": "urn:jy:physics:SB0401:OB06:Example:33",
    "title": "收集资料",
    "description": "收集资料，了解手机无线充电的原理。",
    "subject": "SB0401",
    "type": "Example",
    "applicableLevel": "OB06",
    "contentJson": {
      "themeL2": "urn:jy:physics:SB0401:OB06:ThemeL2:30",
      "themeL2Key": "3.3",
      "exampleIndex": "例2",
      "exampleText": "收集资料，了解手机无线充电的原理。"
    }
  },
  {
    "identifier": "urn:jy:physics:SB0401:OB06:Example:34",
    "title": "知道手机和卫星通信等都是电磁波的应用",
    "description": "知道手机和卫星通信等都是电磁波的应用，了解我国卫星通信技术的应用与发展前景。",
    "subject": "SB0401",
    "type": "Example",
    "applicableLevel": "OB06",
    "contentJson": {
      "themeL2": "urn:jy:physics:SB0401:OB06:ThemeL2:30",
      "themeL2Key": "3.3",
      "exampleIndex": "例3",
      "exampleText": "知道手机和卫星通信等都是电磁波的应用，了解我国卫星通信技术的应用与发展前景。"
    }
  },
  {
    "identifier": "urn:jy:physics:SB0401:OB06:Example:35",
    "title": "家庭生活中一天所用的能量哪些来自可再生能源",
    "description": "讨论家庭生活中一天所用的能量哪些来自可再生能源，哪些来自不可再生能源。",
    "subject": "SB0401",
    "type": "Example",
    "applicableLevel": "OB06",
    "contentJson": {
      "themeL2": "urn:jy:physics:SB0401:OB06:ThemeL2:31",
      "themeL2Key": "3.4",
      "exampleIndex": "例1",
      "exampleText": "讨论家庭生活中一天所用的能量哪些来自可再生能源，哪些来自不可再生能源。"
    }
  },
  {
    "identifier": "urn:jy:physics:SB0401:OB06:Example:36",
    "title": "在生活中可采取哪些方式节能",
    "description": "讨论在生活中可采取哪些方式节能。",
    "subject": "SB0401",
    "type": "Example",
    "applicableLevel": "OB06",
    "contentJson": {
      "themeL2": "urn:jy:physics:SB0401:OB06:ThemeL2:31",
      "themeL2Key": "3.4",
      "exampleIndex": "例2",
      "exampleText": "讨论在生活中可采取哪些方式节能。"
    }
  },
  {
    "identifier": "urn:jy:physics:SB0401:OB06:Example:37",
    "title": "收集资料",
    "description": "收集资料，调查当地大气污染、水污染、声污染等的主要污染源，了解预防方法。",
    "subject": "SB0401",
    "type": "Example",
    "applicableLevel": "OB06",
    "contentJson": {
      "themeL2": "urn:jy:physics:SB0401:OB06:ThemeL2:31",
      "themeL2Key": "3.4",
      "exampleIndex": "例3",
      "exampleText": "收集资料，调查当地大气污染、水污染、声污染等的主要污染源，了解预防方法。"
    }
  },
  {
    "identifier": "urn:jy:physics:SB0401:OB06:Example:38",
    "title": "收集资料",
    "description": "收集资料，从能源的角度讨论为什么要对垃圾进行分类。",
    "subject": "SB0401",
    "type": "Example",
    "applicableLevel": "OB06",
    "contentJson": {
      "themeL2": "urn:jy:physics:SB0401:OB06:ThemeL2:31",
      "themeL2Key": "3.4",
      "exampleIndex": "例4",
      "exampleText": "收集资料，从能源的角度讨论为什么要对垃圾进行分类。"
    }
  },
  {
    "identifier": "urn:jy:physics:SB0401:OB06:Example:39",
    "title": "知道火箭的发射利用了反冲现象",
    "description": "知道火箭的发射利用了反冲现象。",
    "subject": "SB0401",
    "type": "Example",
    "applicableLevel": "OB06",
    "contentJson": {
      "themeL2": "urn:jy:physics:SB0401:OB06:ThemeL2:21",
      "themeL2Key": "1.1",
      "exampleIndex": "例1",
      "exampleText": "知道火箭的发射利用了反冲现象。"
    }
  },
  {
    "identifier": "urn:jy:physics:SB0401:OB06:Example:40",
    "title": "资料",
    "description": "查阅资料，了解中子的发现过程，讨论动量守恒定律在其中的作用。",
    "subject": "SB0401",
    "type": "Example",
    "applicableLevel": "OB06",
    "contentJson": {
      "themeL2": "urn:jy:physics:SB0401:OB06:ThemeL2:21",
      "themeL2Key": "1.1",
      "exampleIndex": "例2",
      "exampleText": "查阅资料，了解中子的发现过程，讨论动量守恒定律在其中的作用。"
    }
  },
  {
    "identifier": "urn:jy:physics:SB0401:OB06:Example:41",
    "title": "资料",
    "description": "查阅资料，了解太空物体的碰撞和微观粒子的碰撞等相关信息。",
    "subject": "SB0401",
    "type": "Example",
    "applicableLevel": "OB06",
    "contentJson": {
      "themeL2": "urn:jy:physics:SB0401:OB06:ThemeL2:21",
      "themeL2Key": "1.1",
      "exampleIndex": "例3",
      "exampleText": "查阅资料，了解太空物体的碰撞和微观粒子的碰撞等相关信息。"
    }
  },
  {
    "identifier": "urn:jy:physics:SB0401:OB06:Example:42",
    "title": "调查生产生活中受迫振动的应用实例",
    "description": "调查生产生活中受迫振动的应用实例。",
    "subject": "SB0401",
    "type": "Example",
    "applicableLevel": "OB06",
    "contentJson": {
      "themeL2": "urn:jy:physics:SB0401:OB06:ThemeL2:22",
      "themeL2Key": "1.2",
      "exampleIndex": "例1",
      "exampleText": "调查生产生活中受迫振动的应用实例。"
    }
  },
  {
    "identifier": "urn:jy:physics:SB0401:OB06:Example:43",
    "title": "调查生产生活中利用和防止共振的实例",
    "description": "调查生产生活中利用和防止共振的实例。",
    "subject": "SB0401",
    "type": "Example",
    "applicableLevel": "OB06",
    "contentJson": {
      "themeL2": "urn:jy:physics:SB0401:OB06:ThemeL2:22",
      "themeL2Key": "1.2",
      "exampleIndex": "例2",
      "exampleText": "调查生产生活中利用和防止共振的实例。"
    }
  },
  {
    "identifier": "urn:jy:physics:SB0401:OB06:Example:44",
    "title": "波动演示器显示波的叠加",
    "description": "用波动演示器显示波的叠加。",
    "subject": "SB0401",
    "type": "Example",
    "applicableLevel": "OB06",
    "contentJson": {
      "themeL2": "urn:jy:physics:SB0401:OB06:ThemeL2:22",
      "themeL2Key": "1.2",
      "exampleIndex": "例3",
      "exampleText": "用波动演示器显示波的叠加。"
    }
  },
  {
    "identifier": "urn:jy:physics:SB0401:OB06:Example:45",
    "title": "音叉双臂振动激发的水波干涉现象",
    "description": "观察音叉双臂振动激发的水波干涉现象。",
    "subject": "SB0401",
    "type": "Example",
    "applicableLevel": "OB06",
    "contentJson": {
      "themeL2": "urn:jy:physics:SB0401:OB06:ThemeL2:22",
      "themeL2Key": "1.2",
      "exampleIndex": "例4",
      "exampleText": "观察音叉双臂振动激发的水波干涉现象。"
    }
  },
  {
    "identifier": "urn:jy:physics:SB0401:OB06:Example:46",
    "title": "演示光沿水柱（或弯曲的玻璃柱）的传播",
    "description": "演示光沿水柱（或弯曲的玻璃柱）的传播。",
    "subject": "SB0401",
    "type": "Example",
    "applicableLevel": "OB06",
    "contentJson": {
      "themeL2": "urn:jy:physics:SB0401:OB06:ThemeL2:23",
      "themeL2Key": "1.3",
      "exampleIndex": "例1",
      "exampleText": "演示光沿水柱（或弯曲的玻璃柱）的传播。"
    }
  },
  {
    "identifier": "urn:jy:physics:SB0401:OB06:Example:47",
    "title": "光缆的结构",
    "description": "观察光缆的结构，分析光的全反射在光纤中是如何产生的。",
    "subject": "SB0401",
    "type": "Example",
    "applicableLevel": "OB06",
    "contentJson": {
      "themeL2": "urn:jy:physics:SB0401:OB06:ThemeL2:23",
      "themeL2Key": "1.3",
      "exampleIndex": "例2",
      "exampleText": "观察光缆的结构，分析光的全反射在光纤中是如何产生的。"
    }
  },
  {
    "identifier": "urn:jy:physics:SB0401:OB06:Example:48",
    "title": "演示双缝干涉和单缝衍射现象",
    "description": "演示双缝干涉和单缝衍射现象，观察双缝干涉和单缝衍射图样，并以此说明光具有波的性质。",
    "subject": "SB0401",
    "type": "Example",
    "applicableLevel": "OB06",
    "contentJson": {
      "themeL2": "urn:jy:physics:SB0401:OB06:ThemeL2:23",
      "themeL2Key": "1.3",
      "exampleIndex": "例3",
      "exampleText": "演示双缝干涉和单缝衍射现象，观察双缝干涉和单缝衍射图样，并以此说明光具有波的性质。"
    }
  },
  {
    "identifier": "urn:jy:physics:SB0401:OB06:Example:49",
    "title": "利用生活中的器材设计实验",
    "description": "利用生活中的器材设计实验，观察光的薄膜干涉现象，讨论薄膜干涉的原因。",
    "subject": "SB0401",
    "type": "Example",
    "applicableLevel": "OB06",
    "contentJson": {
      "themeL2": "urn:jy:physics:SB0401:OB06:ThemeL2:23",
      "themeL2Key": "1.3",
      "exampleIndex": "例4",
      "exampleText": "利用生活中的器材设计实验，观察光的薄膜干涉现象，讨论薄膜干涉的原因。"
    }
  },
  {
    "identifier": "urn:jy:physics:SB0401:OB06:Example:50",
    "title": "利用电流天平等简易装置测量安培力",
    "description": "利用电流天平等简易装置测量安培力。",
    "subject": "SB0401",
    "type": "Example",
    "applicableLevel": "OB06",
    "contentJson": {
      "themeL2": "urn:jy:physics:SB0401:OB06:ThemeL2:24",
      "themeL2Key": "2.1",
      "exampleIndex": "例1",
      "exampleText": "利用电流天平等简易装置测量安培力。"
    }
  },
  {
    "identifier": "urn:jy:physics:SB0401:OB06:Example:51",
    "title": "了解磁电式电表的结构和工作原理",
    "description": "了解磁电式电表的结构和工作原理。",
    "subject": "SB0401",
    "type": "Example",
    "applicableLevel": "OB06",
    "contentJson": {
      "themeL2": "urn:jy:physics:SB0401:OB06:ThemeL2:24",
      "themeL2Key": "2.1",
      "exampleIndex": "例2",
      "exampleText": "了解磁电式电表的结构和工作原理。"
    }
  },
  {
    "identifier": "urn:jy:physics:SB0401:OB06:Example:52",
    "title": "阴极射线在磁场中的偏转",
    "description": "观察阴极射线在磁场中的偏转。",
    "subject": "SB0401",
    "type": "Example",
    "applicableLevel": "OB06",
    "contentJson": {
      "themeL2": "urn:jy:physics:SB0401:OB06:ThemeL2:24",
      "themeL2Key": "2.1",
      "exampleIndex": "例3",
      "exampleText": "观察阴极射线在磁场中的偏转。"
    }
  },
  {
    "identifier": "urn:jy:physics:SB0401:OB06:Example:53",
    "title": "了解质谱仪和回旋加速器的工作原理",
    "description": "了解质谱仪和回旋加速器的工作原理。",
    "subject": "SB0401",
    "type": "Example",
    "applicableLevel": "OB06",
    "contentJson": {
      "themeL2": "urn:jy:physics:SB0401:OB06:ThemeL2:24",
      "themeL2Key": "2.1",
      "exampleIndex": "例4",
      "exampleText": "了解质谱仪和回旋加速器的工作原理。"
    }
  },
  {
    "identifier": "urn:jy:physics:SB0401:OB06:Example:54",
    "title": "能量的观点解释楞次定律",
    "description": "用能量的观点解释楞次定律。",
    "subject": "SB0401",
    "type": "Example",
    "applicableLevel": "OB06",
    "contentJson": {
      "themeL2": "urn:jy:physics:SB0401:OB06:ThemeL2:25",
      "themeL2Key": "2.2",
      "exampleIndex": "例1",
      "exampleText": "用能量的观点解释楞次定律。"
    }
  },
  {
    "identifier": "urn:jy:physics:SB0401:OB06:Example:55",
    "title": "了解电磁炉的结构和原理",
    "description": "了解电磁炉的结构和原理。",
    "subject": "SB0401",
    "type": "Example",
    "applicableLevel": "OB06",
    "contentJson": {
      "themeL2": "urn:jy:physics:SB0401:OB06:ThemeL2:25",
      "themeL2Key": "2.2",
      "exampleIndex": "例2",
      "exampleText": "了解电磁炉的结构和原理。"
    }
  },
  {
    "identifier": "urn:jy:physics:SB0401:OB06:Example:56",
    "title": "示波器或其他设备观察交变电流的波形",
    "description": "用示波器或其他设备观察交变电流的波形，并测算其峰值和有效值。",
    "subject": "SB0401",
    "type": "Example",
    "applicableLevel": "OB06",
    "contentJson": {
      "themeL2": "urn:jy:physics:SB0401:OB06:ThemeL2:25",
      "themeL2Key": "2.2",
      "exampleIndex": "例3",
      "exampleText": "用示波器或其他设备观察交变电流的波形，并测算其峰值和有效值。"
    }
  },
  {
    "identifier": "urn:jy:physics:SB0401:OB06:Example:57",
    "title": "常见的变压器",
    "description": "观察常见的变压器，了解其作用。",
    "subject": "SB0401",
    "type": "Example",
    "applicableLevel": "OB06",
    "contentJson": {
      "themeL2": "urn:jy:physics:SB0401:OB06:ThemeL2:25",
      "themeL2Key": "2.2",
      "exampleIndex": "例4",
      "exampleText": "观察常见的变压器，了解其作用。"
    }
  },
  {
    "identifier": "urn:jy:physics:SB0401:OB06:Example:58",
    "title": "探讨远距离输电中导致电能损耗的因素",
    "description": "探讨远距离输电中导致电能损耗的因素。",
    "subject": "SB0401",
    "type": "Example",
    "applicableLevel": "OB06",
    "contentJson": {
      "themeL2": "urn:jy:physics:SB0401:OB06:ThemeL2:25",
      "themeL2Key": "2.2",
      "exampleIndex": "例5",
      "exampleText": "探讨远距离输电中导致电能损耗的因素。"
    }
  },
  {
    "identifier": "urn:jy:physics:SB0401:OB06:Example:59",
    "title": "结合牛顿万有引力定律和麦克斯韦电磁场理论",
    "description": "结合牛顿万有引力定律和麦克斯韦电磁场理论，体会物理学发展过程中对统一性的追求。",
    "subject": "SB0401",
    "type": "Example",
    "applicableLevel": "OB06",
    "contentJson": {
      "themeL2": "urn:jy:physics:SB0401:OB06:ThemeL2:26",
      "themeL2Key": "2.3",
      "exampleIndex": "例1",
      "exampleText": "结合牛顿万有引力定律和麦克斯韦电磁场理论，体会物理学发展过程中对统一性的追求。"
    }
  },
  {
    "identifier": "urn:jy:physics:SB0401:OB06:Example:60",
    "title": "演示赫兹实验",
    "description": "演示赫兹实验，体会理论预言在科学发展中的作用，以及实",
    "subject": "SB0401",
    "type": "Example",
    "applicableLevel": "OB06",
    "contentJson": {
      "themeL2": "urn:jy:physics:SB0401:OB06:ThemeL2:26",
      "themeL2Key": "2.3",
      "exampleIndex": "例2",
      "exampleText": "演示赫兹实验，体会理论预言在科学发展中的作用，以及实"
    }
  },
  {
    "identifier": "urn:jy:physics:SB0401:OB06:Example:61",
    "title": "通过热敏电阻实验",
    "description": "通过热敏电阻实验，了解温度传感器的工作原理。",
    "subject": "SB0401",
    "type": "Example",
    "applicableLevel": "OB06",
    "contentJson": {
      "themeL2": "urn:jy:physics:SB0401:OB06:ThemeL2:27",
      "themeL2Key": "2.4",
      "exampleIndex": "例1",
      "exampleText": "通过热敏电阻实验，了解温度传感器的工作原理。"
    }
  },
  {
    "identifier": "urn:jy:physics:SB0401:OB06:Example:62",
    "title": "了解光敏传感器及其在生产生活中的应用",
    "description": "了解光敏传感器及其在生产生活中的应用。",
    "subject": "SB0401",
    "type": "Example",
    "applicableLevel": "OB06",
    "contentJson": {
      "themeL2": "urn:jy:physics:SB0401:OB06:ThemeL2:27",
      "themeL2Key": "2.4",
      "exampleIndex": "例2",
      "exampleText": "了解光敏传感器及其在生产生活中的应用。"
    }
  },
  {
    "identifier": "urn:jy:physics:SB0401:OB06:Example:63",
    "title": "利用显微镜观察布朗运动",
    "description": "利用显微镜观察布朗运动。",
    "subject": "SB0401",
    "type": "Example",
    "applicableLevel": "OB06",
    "contentJson": {
      "themeL2": "urn:jy:physics:SB0401:OB06:ThemeL2:28",
      "themeL2Key": "3.1",
      "exampleIndex": "例1",
      "exampleText": "利用显微镜观察布朗运动。"
    }
  },
  {
    "identifier": "urn:jy:physics:SB0401:OB06:Example:64",
    "title": "利用熔化的石蜡显示云母片的各向异性和玻璃片的各向同性",
    "description": "利用熔化的石蜡显示云母片的各向异性和玻璃片的各向同性。",
    "subject": "SB0401",
    "type": "Example",
    "applicableLevel": "OB06",
    "contentJson": {
      "themeL2": "urn:jy:physics:SB0401:OB06:ThemeL2:28",
      "themeL2Key": "3.1",
      "exampleIndex": "例2",
      "exampleText": "利用熔化的石蜡显示云母片的各向异性和玻璃片的各向同性。"
    }
  },
  {
    "identifier": "urn:jy:physics:SB0401:OB06:Example:65",
    "title": "知道半导体的特点",
    "description": "知道半导体的特点，了解半导体技术在生产生活中的应用。",
    "subject": "SB0401",
    "type": "Example",
    "applicableLevel": "OB06",
    "contentJson": {
      "themeL2": "urn:jy:physics:SB0401:OB06:ThemeL2:28",
      "themeL2Key": "3.1",
      "exampleIndex": "例3",
      "exampleText": "知道半导体的特点，了解半导体技术在生产生活中的应用。"
    }
  },
  {
    "identifier": "urn:jy:physics:SB0401:OB06:Example:66",
    "title": "初步了解纳米材料的特性",
    "description": "初步了解纳米材料的特性，关注纳米材料的研究和应用及其可能存在的问题。",
    "subject": "SB0401",
    "type": "Example",
    "applicableLevel": "OB06",
    "contentJson": {
      "themeL2": "urn:jy:physics:SB0401:OB06:ThemeL2:28",
      "themeL2Key": "3.1",
      "exampleIndex": "例4",
      "exampleText": "初步了解纳米材料的特性，关注纳米材料的研究和应用及其可能存在的问题。"
    }
  },
  {
    "identifier": "urn:jy:physics:SB0401:OB06:Example:67",
    "title": "生活中与表面张力相关的实例",
    "description": "分析生活中与表面张力相关的实例。",
    "subject": "SB0401",
    "type": "Example",
    "applicableLevel": "OB06",
    "contentJson": {
      "themeL2": "urn:jy:physics:SB0401:OB06:ThemeL2:28",
      "themeL2Key": "3.1",
      "exampleIndex": "例5",
      "exampleText": "分析生活中与表面张力相关的实例。"
    }
  },
  {
    "identifier": "urn:jy:physics:SB0401:OB06:Example:68",
    "title": "了解电子衍射实验",
    "description": "了解电子衍射实验。",
    "subject": "SB0401",
    "type": "Example",
    "applicableLevel": "OB06",
    "contentJson": {
      "themeL2": "urn:jy:physics:SB0401:OB06:ThemeL2:31",
      "themeL2Key": "3.4",
      "exampleIndex": "例1",
      "exampleText": "了解电子衍射实验。"
    }
  },
  {
    "identifier": "urn:jy:physics:SB0401:OB06:Example:69",
    "title": "通过史实",
    "description": "通过史实，了解量子概念的建构对人类认识自然的影响。",
    "subject": "SB0401",
    "type": "Example",
    "applicableLevel": "OB06",
    "contentJson": {
      "themeL2": "urn:jy:physics:SB0401:OB06:ThemeL2:31",
      "themeL2Key": "3.4",
      "exampleIndex": "例2",
      "exampleText": "通过史实，了解量子概念的建构对人类认识自然的影响。"
    }
  }
]