[
  {
    "identifier": "urn:jy:physics:SB0401:OB06:Experiment:1",
    "title": "做直线运动物体的瞬时速度",
    "description": "测量做直线运动物体的瞬时速度",
    "subject": "SB0401",
    "type": "Experiment",
    "applicableLevel": "OB06",
    "contentJson": {
      "theme": "urn:jy:physics:SB0401:OB06:Theme:9",
      "themeTitle": "选修3",
      "experimentText": "测量做直线运动物体的瞬时速度",
      "fromSection": "实验探究"
    }
  },
  {
    "identifier": "urn:jy:physics:SB0401:OB06:Experiment:2",
    "title": "弹簧弹力与形变量的关系",
    "description": "探究弹簧弹力与形变量的关系",
    "subject": "SB0401",
    "type": "Experiment",
    "applicableLevel": "OB06",
    "contentJson": {
      "theme": "urn:jy:physics:SB0401:OB06:Theme:9",
      "themeTitle": "选修3",
      "experimentText": "探究弹簧弹力与形变量的关系",
      "fromSection": "实验探究"
    }
  },
  {
    "identifier": "urn:jy:physics:SB0401:OB06:Experiment:3",
    "title": "两个互成角度的力的合成规律",
    "description": "探究两个互成角度的力的合成规律",
    "subject": "SB0401",
    "type": "Experiment",
    "applicableLevel": "OB06",
    "contentJson": {
      "theme": "urn:jy:physics:SB0401:OB06:Theme:9",
      "themeTitle": "选修3",
      "experimentText": "探究两个互成角度的力的合成规律",
      "fromSection": "实验探究"
    }
  },
  {
    "identifier": "urn:jy:physics:SB0401:OB06:Experiment:4",
    "title": "加速度与物体受力、物体质量的关系",
    "description": "探究加速度与物体受力、物体质量的关系",
    "subject": "SB0401",
    "type": "Experiment",
    "applicableLevel": "OB06",
    "contentJson": {
      "theme": "urn:jy:physics:SB0401:OB06:Theme:9",
      "themeTitle": "选修3",
      "experimentText": "探究加速度与物体受力、物体质量的关系",
      "fromSection": "实验探究"
    }
  },
  {
    "identifier": "urn:jy:physics:SB0401:OB06:Experiment:5",
    "title": "机械能守恒定律",
    "description": "验证机械能守恒定律",
    "subject": "SB0401",
    "type": "Experiment",
    "applicableLevel": "OB06",
    "contentJson": {
      "theme": "urn:jy:physics:SB0401:OB06:Theme:9",
      "themeTitle": "选修3",
      "experimentText": "验证机械能守恒定律",
      "fromSection": "实验探究"
    }
  },
  {
    "identifier": "urn:jy:physics:SB0401:OB06:Experiment:6",
    "title": "平抛运动的特点",
    "description": "探究平抛运动的特点",
    "subject": "SB0401",
    "type": "Experiment",
    "applicableLevel": "OB06",
    "contentJson": {
      "theme": "urn:jy:physics:SB0401:OB06:Theme:9",
      "themeTitle": "选修3",
      "experimentText": "探究平抛运动的特点",
      "fromSection": "实验探究"
    }
  },
  {
    "identifier": "urn:jy:physics:SB0401:OB06:Experiment:7",
    "title": "向心力大小与半径、角速度、质量的关系",
    "description": "探究向心力大小与半径、角速度、质量的关系",
    "subject": "SB0401",
    "type": "Experiment",
    "applicableLevel": "OB06",
    "contentJson": {
      "theme": "urn:jy:physics:SB0401:OB06:Theme:9",
      "themeTitle": "选修3",
      "experimentText": "探究向心力大小与半径、角速度、质量的关系",
      "fromSection": "实验探究"
    }
  },
  {
    "identifier": "urn:jy:physics:SB0401:OB06:Experiment:8",
    "title": "电容器的充、放电现象",
    "description": "观察电容器的充、放电现象",
    "subject": "SB0401",
    "type": "Experiment",
    "applicableLevel": "OB06",
    "contentJson": {
      "theme": "urn:jy:physics:SB0401:OB06:Theme:9",
      "themeTitle": "选修3",
      "experimentText": "观察电容器的充、放电现象",
      "fromSection": "实验探究"
    }
  },
  {
    "identifier": "urn:jy:physics:SB0401:OB06:Experiment:9",
    "title": "长度的测量及其测量工具的选用",
    "description": "长度的测量及其测量工具的选用",
    "subject": "SB0401",
    "type": "Experiment",
    "applicableLevel": "OB06",
    "contentJson": {
      "theme": "urn:jy:physics:SB0401:OB06:Theme:9",
      "themeTitle": "选修3",
      "experimentText": "长度的测量及其测量工具的选用",
      "fromSection": "实验探究"
    }
  },
  {
    "identifier": "urn:jy:physics:SB0401:OB06:Experiment:10",
    "title": "金属丝的电阻率",
    "description": "测量金属丝的电阻率",
    "subject": "SB0401",
    "type": "Experiment",
    "applicableLevel": "OB06",
    "contentJson": {
      "theme": "urn:jy:physics:SB0401:OB06:Theme:9",
      "themeTitle": "选修3",
      "experimentText": "测量金属丝的电阻率",
      "fromSection": "实验探究"
    }
  },
  {
    "identifier": "urn:jy:physics:SB0401:OB06:Experiment:11",
    "title": "多用电表测量电学中的物理量",
    "description": "用多用电表测量电学中的物理量",
    "subject": "SB0401",
    "type": "Experiment",
    "applicableLevel": "OB06",
    "contentJson": {
      "theme": "urn:jy:physics:SB0401:OB06:Theme:9",
      "themeTitle": "选修3",
      "experimentText": "用多用电表测量电学中的物理量",
      "fromSection": "实验探究"
    }
  },
  {
    "identifier": "urn:jy:physics:SB0401:OB06:Experiment:12",
    "title": "电源的电动势和内阻",
    "description": "测量电源的电动势和内阻",
    "subject": "SB0401",
    "type": "Experiment",
    "applicableLevel": "OB06",
    "contentJson": {
      "theme": "urn:jy:physics:SB0401:OB06:Theme:9",
      "themeTitle": "选修3",
      "experimentText": "测量电源的电动势和内阻",
      "fromSection": "实验探究"
    }
  },
  {
    "identifier": "urn:jy:physics:SB0401:OB06:Experiment:13",
    "title": "动量守恒定律",
    "description": "验证动量守恒定律",
    "subject": "SB0401",
    "type": "Experiment",
    "applicableLevel": "OB06",
    "contentJson": {
      "theme": "urn:jy:physics:SB0401:OB06:Theme:9",
      "themeTitle": "选修3",
      "experimentText": "验证动量守恒定律",
      "fromSection": "实验探究"
    }
  },
  {
    "identifier": "urn:jy:physics:SB0401:OB06:Experiment:14",
    "title": "单摆测量重力加速度的大小",
    "description": "用单摆测量重力加速度的大小",
    "subject": "SB0401",
    "type": "Experiment",
    "applicableLevel": "OB06",
    "contentJson": {
      "theme": "urn:jy:physics:SB0401:OB06:Theme:9",
      "themeTitle": "选修3",
      "experimentText": "用单摆测量重力加速度的大小",
      "fromSection": "实验探究"
    }
  },
  {
    "identifier": "urn:jy:physics:SB0401:OB06:Experiment:15",
    "title": "玻璃的折射率",
    "description": "测量玻璃的折射率",
    "subject": "SB0401",
    "type": "Experiment",
    "applicableLevel": "OB06",
    "contentJson": {
      "theme": "urn:jy:physics:SB0401:OB06:Theme:9",
      "themeTitle": "选修3",
      "experimentText": "测量玻璃的折射率",
      "fromSection": "实验探究"
    }
  },
  {
    "identifier": "urn:jy:physics:SB0401:OB06:Experiment:16",
    "title": "双缝干涉实验测量光的波长",
    "description": "用双缝干涉实验测量光的波长",
    "subject": "SB0401",
    "type": "Experiment",
    "applicableLevel": "OB06",
    "contentJson": {
      "theme": "urn:jy:physics:SB0401:OB06:Theme:9",
      "themeTitle": "选修3",
      "experimentText": "用双缝干涉实验测量光的波长",
      "fromSection": "实验探究"
    }
  },
  {
    "identifier": "urn:jy:physics:SB0401:OB06:Experiment:17",
    "title": "影响感应电流方向的因素",
    "description": "探究影响感应电流方向的因素",
    "subject": "SB0401",
    "type": "Experiment",
    "applicableLevel": "OB06",
    "contentJson": {
      "theme": "urn:jy:physics:SB0401:OB06:Theme:9",
      "themeTitle": "选修3",
      "experimentText": "探究影响感应电流方向的因素",
      "fromSection": "实验探究"
    }
  },
  {
    "identifier": "urn:jy:physics:SB0401:OB06:Experiment:18",
    "title": "变压器原、副线圈电压与匝数的关系",
    "description": "探究变压器原、副线圈电压与匝数的关系",
    "subject": "SB0401",
    "type": "Experiment",
    "applicableLevel": "OB06",
    "contentJson": {
      "theme": "urn:jy:physics:SB0401:OB06:Theme:9",
      "themeTitle": "选修3",
      "experimentText": "探究变压器原、副线圈电压与匝数的关系",
      "fromSection": "实验探究"
    }
  },
  {
    "identifier": "urn:jy:physics:SB0401:OB06:Experiment:19",
    "title": "传感器制作简单的自动控制装置",
    "description": "利用传感器制作简单的自动控制装置",
    "subject": "SB0401",
    "type": "Experiment",
    "applicableLevel": "OB06",
    "contentJson": {
      "theme": "urn:jy:physics:SB0401:OB06:Theme:9",
      "themeTitle": "选修3",
      "experimentText": "利用传感器制作简单的自动控制装置",
      "fromSection": "实验探究"
    }
  },
  {
    "identifier": "urn:jy:physics:SB0401:OB06:Experiment:20",
    "title": "等温情况下一定质量气体压强与体积的关系",
    "description": "探究等温情况下一定质量气体压强与体积的关系",
    "subject": "SB0401",
    "type": "Experiment",
    "applicableLevel": "OB06",
    "contentJson": {
      "theme": "urn:jy:physics:SB0401:OB06:Theme:9",
      "themeTitle": "选修3",
      "experimentText": "探究等温情况下一定质量气体压强与体积的关系",
      "fromSection": "实验探究"
    }
  }
]