{
  "entities": [
    {
      "identifier": "urn:jy:physics:SB0401:OB06:Section:1",
      "title": "1.质点 参考系",
      "description": "",
      "subject": "SB0401",
      "type": "Section",
      "applicableLevel": "OB06",
      "contentJson": {
        "academicTerm": "高中",
        "grade": "高一",
        "edition": "人教版",
        "volume": "必修 第一册",
        "chapter": "第一章 运动的描述"
      }
    },
    {
      "identifier": "urn:jy:physics:SB0401:OB06:Section:2",
      "title": "2.时间 位移",
      "description": "",
      "subject": "SB0401",
      "type": "Section",
      "applicableLevel": "OB06",
      "contentJson": {
        "academicTerm": "高中",
        "grade": "高一",
        "edition": "人教版",
        "volume": "必修 第一册",
        "chapter": "第一章 运动的描述"
      }
    },
    {
      "identifier": "urn:jy:physics:SB0401:OB06:Section:3",
      "title": "3.位置变化快慢的描述——速度",
      "description": "",
      "subject": "SB0401",
      "type": "Section",
      "applicableLevel": "OB06",
      "contentJson": {
        "academicTerm": "高中",
        "grade": "高一",
        "edition": "人教版",
        "volume": "必修 第一册",
        "chapter": "第一章 运动的描述"
      }
    },
    {
      "identifier": "urn:jy:physics:SB0401:OB06:Section:4",
      "title": "4.速度变化快慢的描述——加速度",
      "description": "",
      "subject": "SB0401",
      "type": "Section",
      "applicableLevel": "OB06",
      "contentJson": {
        "academicTerm": "高中",
        "grade": "高一",
        "edition": "人教版",
        "volume": "必修 第一册",
        "chapter": "第一章 运动的描述"
      }
    },
    {
      "identifier": "urn:jy:physics:SB0401:OB06:Section:5",
      "title": "1.实验：探究小车速度随时间变化的规律",
      "description": "",
      "subject": "SB0401",
      "type": "Section",
      "applicableLevel": "OB06",
      "contentJson": {
        "academicTerm": "高中",
        "grade": "高一",
        "edition": "人教版",
        "volume": "必修 第一册",
        "chapter": "第二章 匀变速直线运动的研究"
      }
    },
    {
      "identifier": "urn:jy:physics:SB0401:OB06:Section:6",
      "title": "2.匀变速直线运动的速度与时间的关系",
      "description": "",
      "subject": "SB0401",
      "type": "Section",
      "applicableLevel": "OB06",
      "contentJson": {
        "academicTerm": "高中",
        "grade": "高一",
        "edition": "人教版",
        "volume": "必修 第一册",
        "chapter": "第二章 匀变速直线运动的研究"
      }
    },
    {
      "identifier": "urn:jy:physics:SB0401:OB06:Section:7",
      "title": "3.匀变速直线运动的位移与时间的关系",
      "description": "",
      "subject": "SB0401",
      "type": "Section",
      "applicableLevel": "OB06",
      "contentJson": {
        "academicTerm": "高中",
        "grade": "高一",
        "edition": "人教版",
        "volume": "必修 第一册",
        "chapter": "第二章 匀变速直线运动的研究"
      }
    },
    {
      "identifier": "urn:jy:physics:SB0401:OB06:Section:8",
      "title": "4.自由落体运动",
      "description": "",
      "subject": "SB0401",
      "type": "Section",
      "applicableLevel": "OB06",
      "contentJson": {
        "academicTerm": "高中",
        "grade": "高一",
        "edition": "人教版",
        "volume": "必修 第一册",
        "chapter": "第二章 匀变速直线运动的研究"
      }
    },
    {
      "identifier": "urn:jy:physics:SB0401:OB06:Section:9",
      "title": "1.重力与弹力",
      "description": "",
      "subject": "SB0401",
      "type": "Section",
      "applicableLevel": "OB06",
      "contentJson": {
        "academicTerm": "高中",
        "grade": "高一",
        "edition": "人教版",
        "volume": "必修 第一册",
        "chapter": "第三章 相互作用——力"
      }
    },
    {
      "identifier": "urn:jy:physics:SB0401:OB06:Section:10",
      "title": "2.摩擦力",
      "description": "",
      "subject": "SB0401",
      "type": "Section",
      "applicableLevel": "OB06",
      "contentJson": {
        "academicTerm": "高中",
        "grade": "高一",
        "edition": "人教版",
        "volume": "必修 第一册",
        "chapter": "第三章 相互作用——力"
      }
    },
    {
      "identifier": "urn:jy:physics:SB0401:OB06:Section:11",
      "title": "3.牛顿第三定律",
      "description": "",
      "subject": "SB0401",
      "type": "Section",
      "applicableLevel": "OB06",
      "contentJson": {
        "academicTerm": "高中",
        "grade": "高一",
        "edition": "人教版",
        "volume": "必修 第一册",
        "chapter": "第三章 相互作用——力"
      }
    },
    {
      "identifier": "urn:jy:physics:SB0401:OB06:Section:12",
      "title": "4.力的合成和分解",
      "description": "",
      "subject": "SB0401",
      "type": "Section",
      "applicableLevel": "OB06",
      "contentJson": {
        "academicTerm": "高中",
        "grade": "高一",
        "edition": "人教版",
        "volume": "必修 第一册",
        "chapter": "第三章 相互作用——力"
      }
    },
    {
      "identifier": "urn:jy:physics:SB0401:OB06:Section:13",
      "title": "5.共点力的平衡",
      "description": "",
      "subject": "SB0401",
      "type": "Section",
      "applicableLevel": "OB06",
      "contentJson": {
        "academicTerm": "高中",
        "grade": "高一",
        "edition": "人教版",
        "volume": "必修 第一册",
        "chapter": "第三章 相互作用——力"
      }
    },
    {
      "identifier": "urn:jy:physics:SB0401:OB06:Section:14",
      "title": "1.牛顿第一定律",
      "description": "",
      "subject": "SB0401",
      "type": "Section",
      "applicableLevel": "OB06",
      "contentJson": {
        "academicTerm": "高中",
        "grade": "高一",
        "edition": "人教版",
        "volume": "必修 第一册",
        "chapter": "第四章 运动和力的关系"
      }
    },
    {
      "identifier": "urn:jy:physics:SB0401:OB06:Section:15",
      "title": "2.实验：探究加速度与力、质量的关系",
      "description": "",
      "subject": "SB0401",
      "type": "Section",
      "applicableLevel": "OB06",
      "contentJson": {
        "academicTerm": "高中",
        "grade": "高一",
        "edition": "人教版",
        "volume": "必修 第一册",
        "chapter": "第四章 运动和力的关系"
      }
    },
    {
      "identifier": "urn:jy:physics:SB0401:OB06:Section:16",
      "title": "3.牛顿第二定律",
      "description": "",
      "subject": "SB0401",
      "type": "Section",
      "applicableLevel": "OB06",
      "contentJson": {
        "academicTerm": "高中",
        "grade": "高一",
        "edition": "人教版",
        "volume": "必修 第一册",
        "chapter": "第四章 运动和力的关系"
      }
    },
    {
      "identifier": "urn:jy:physics:SB0401:OB06:Section:17",
      "title": "4.力学单位制",
      "description": "",
      "subject": "SB0401",
      "type": "Section",
      "applicableLevel": "OB06",
      "contentJson": {
        "academicTerm": "高中",
        "grade": "高一",
        "edition": "人教版",
        "volume": "必修 第一册",
        "chapter": "第四章 运动和力的关系"
      }
    },
    {
      "identifier": "urn:jy:physics:SB0401:OB06:Section:18",
      "title": "5.牛顿运动定律的应用",
      "description": "",
      "subject": "SB0401",
      "type": "Section",
      "applicableLevel": "OB06",
      "contentJson": {
        "academicTerm": "高中",
        "grade": "高一",
        "edition": "人教版",
        "volume": "必修 第一册",
        "chapter": "第四章 运动和力的关系"
      }
    },
    {
      "identifier": "urn:jy:physics:SB0401:OB06:Section:19",
      "title": "6.超重和失重",
      "description": "",
      "subject": "SB0401",
      "type": "Section",
      "applicableLevel": "OB06",
      "contentJson": {
        "academicTerm": "高中",
        "grade": "高一",
        "edition": "人教版",
        "volume": "必修 第一册",
        "chapter": "第四章 运动和力的关系"
      }
    },
    {
      "identifier": "urn:jy:physics:SB0401:OB06:Section:20",
      "title": "1.曲线运动",
      "description": "",
      "subject": "SB0401",
      "type": "Section",
      "applicableLevel": "OB06",
      "contentJson": {
        "academicTerm": "高中",
        "grade": "高一",
        "edition": "人教版",
        "volume": "必修 第二册",
        "chapter": "第五章 抛体运动"
      }
    },
    {
      "identifier": "urn:jy:physics:SB0401:OB06:Section:21",
      "title": "2.运动的合成与分解",
      "description": "",
      "subject": "SB0401",
      "type": "Section",
      "applicableLevel": "OB06",
      "contentJson": {
        "academicTerm": "高中",
        "grade": "高一",
        "edition": "人教版",
        "volume": "必修 第二册",
        "chapter": "第五章 抛体运动"
      }
    },
    {
      "identifier": "urn:jy:physics:SB0401:OB06:Section:22",
      "title": "3.实验：探究平抛运动的特点",
      "description": "",
      "subject": "SB0401",
      "type": "Section",
      "applicableLevel": "OB06",
      "contentJson": {
        "academicTerm": "高中",
        "grade": "高一",
        "edition": "人教版",
        "volume": "必修 第二册",
        "chapter": "第五章 抛体运动"
      }
    },
    {
      "identifier": "urn:jy:physics:SB0401:OB06:Section:23",
      "title": "4.抛体运动的规律",
      "description": "",
      "subject": "SB0401",
      "type": "Section",
      "applicableLevel": "OB06",
      "contentJson": {
        "academicTerm": "高中",
        "grade": "高一",
        "edition": "人教版",
        "volume": "必修 第二册",
        "chapter": "第五章 抛体运动"
      }
    },
    {
      "identifier": "urn:jy:physics:SB0401:OB06:Section:24",
      "title": "1.圆周运动",
      "description": "",
      "subject": "SB0401",
      "type": "Section",
      "applicableLevel": "OB06",
      "contentJson": {
        "academicTerm": "高中",
        "grade": "高一",
        "edition": "人教版",
        "volume": "必修 第二册",
        "chapter": "第六章 圆周运动"
      }
    },
    {
      "identifier": "urn:jy:physics:SB0401:OB06:Section:25",
      "title": "2.向心力",
      "description": "",
      "subject": "SB0401",
      "type": "Section",
      "applicableLevel": "OB06",
      "contentJson": {
        "academicTerm": "高中",
        "grade": "高一",
        "edition": "人教版",
        "volume": "必修 第二册",
        "chapter": "第六章 圆周运动"
      }
    },
    {
      "identifier": "urn:jy:physics:SB0401:OB06:Section:26",
      "title": "3.向心加速度",
      "description": "",
      "subject": "SB0401",
      "type": "Section",
      "applicableLevel": "OB06",
      "contentJson": {
        "academicTerm": "高中",
        "grade": "高一",
        "edition": "人教版",
        "volume": "必修 第二册",
        "chapter": "第六章 圆周运动"
      }
    },
    {
      "identifier": "urn:jy:physics:SB0401:OB06:Section:27",
      "title": "4.生活中的圆周运动",
      "description": "",
      "subject": "SB0401",
      "type": "Section",
      "applicableLevel": "OB06",
      "contentJson": {
        "academicTerm": "高中",
        "grade": "高一",
        "edition": "人教版",
        "volume": "必修 第二册",
        "chapter": "第六章 圆周运动"
      }
    },
    {
      "identifier": "urn:jy:physics:SB0401:OB06:Section:28",
      "title": "1.行星的运动",
      "description": "",
      "subject": "SB0401",
      "type": "Section",
      "applicableLevel": "OB06",
      "contentJson": {
        "academicTerm": "高中",
        "grade": "高一",
        "edition": "人教版",
        "volume": "必修 第二册",
        "chapter": "第七章 万有引力与宇宙航行"
      }
    },
    {
      "identifier": "urn:jy:physics:SB0401:OB06:Section:29",
      "title": "2.万有引力定律",
      "description": "",
      "subject": "SB0401",
      "type": "Section",
      "applicableLevel": "OB06",
      "contentJson": {
        "academicTerm": "高中",
        "grade": "高一",
        "edition": "人教版",
        "volume": "必修 第二册",
        "chapter": "第七章 万有引力与宇宙航行"
      }
    },
    {
      "identifier": "urn:jy:physics:SB0401:OB06:Section:30",
      "title": "3.万有引力理论的成就",
      "description": "",
      "subject": "SB0401",
      "type": "Section",
      "applicableLevel": "OB06",
      "contentJson": {
        "academicTerm": "高中",
        "grade": "高一",
        "edition": "人教版",
        "volume": "必修 第二册",
        "chapter": "第七章 万有引力与宇宙航行"
      }
    },
    {
      "identifier": "urn:jy:physics:SB0401:OB06:Section:31",
      "title": "4.宇宙航行",
      "description": "",
      "subject": "SB0401",
      "type": "Section",
      "applicableLevel": "OB06",
      "contentJson": {
        "academicTerm": "高中",
        "grade": "高一",
        "edition": "人教版",
        "volume": "必修 第二册",
        "chapter": "第七章 万有引力与宇宙航行"
      }
    },
    {
      "identifier": "urn:jy:physics:SB0401:OB06:Section:32",
      "title": "5.相对论时空观与牛顿力学的局限性",
      "description": "",
      "subject": "SB0401",
      "type": "Section",
      "applicableLevel": "OB06",
      "contentJson": {
        "academicTerm": "高中",
        "grade": "高一",
        "edition": "人教版",
        "volume": "必修 第二册",
        "chapter": "第七章 万有引力与宇宙航行"
      }
    },
    {
      "identifier": "urn:jy:physics:SB0401:OB06:Section:33",
      "title": "1.功与功率",
      "description": "",
      "subject": "SB0401",
      "type": "Section",
      "applicableLevel": "OB06",
      "contentJson": {
        "academicTerm": "高中",
        "grade": "高一",
        "edition": "人教版",
        "volume": "必修 第二册",
        "chapter": "第八章 机械能守恒定律"
      }
    },
    {
      "identifier": "urn:jy:physics:SB0401:OB06:Section:34",
      "title": "2.重力势能",
      "description": "",
      "subject": "SB0401",
      "type": "Section",
      "applicableLevel": "OB06",
      "contentJson": {
        "academicTerm": "高中",
        "grade": "高一",
        "edition": "人教版",
        "volume": "必修 第二册",
        "chapter": "第八章 机械能守恒定律"
      }
    },
    {
      "identifier": "urn:jy:physics:SB0401:OB06:Section:35",
      "title": "3.动能和动能定理",
      "description": "",
      "subject": "SB0401",
      "type": "Section",
      "applicableLevel": "OB06",
      "contentJson": {
        "academicTerm": "高中",
        "grade": "高一",
        "edition": "人教版",
        "volume": "必修 第二册",
        "chapter": "第八章 机械能守恒定律"
      }
    },
    {
      "identifier": "urn:jy:physics:SB0401:OB06:Section:36",
      "title": "4.机械能守恒定律",
      "description": "",
      "subject": "SB0401",
      "type": "Section",
      "applicableLevel": "OB06",
      "contentJson": {
        "academicTerm": "高中",
        "grade": "高一",
        "edition": "人教版",
        "volume": "必修 第二册",
        "chapter": "第八章 机械能守恒定律"
      }
    },
    {
      "identifier": "urn:jy:physics:SB0401:OB06:Section:37",
      "title": "5.实验：验证机械能守恒定律",
      "description": "",
      "subject": "SB0401",
      "type": "Section",
      "applicableLevel": "OB06",
      "contentJson": {
        "academicTerm": "高中",
        "grade": "高一",
        "edition": "人教版",
        "volume": "必修 第二册",
        "chapter": "第八章 机械能守恒定律"
      }
    },
    {
      "identifier": "urn:jy:physics:SB0401:OB06:Section:38",
      "title": "1.电荷",
      "description": "",
      "subject": "SB0401",
      "type": "Section",
      "applicableLevel": "OB06",
      "contentJson": {
        "academicTerm": "高中",
        "grade": "高二",
        "edition": "人教版",
        "volume": "必修 第三册",
        "chapter": "第九章 静电场及其应用"
      }
    },
    {
      "identifier": "urn:jy:physics:SB0401:OB06:Section:39",
      "title": "2.库仑定律",
      "description": "",
      "subject": "SB0401",
      "type": "Section",
      "applicableLevel": "OB06",
      "contentJson": {
        "academicTerm": "高中",
        "grade": "高二",
        "edition": "人教版",
        "volume": "必修 第三册",
        "chapter": "第九章 静电场及其应用"
      }
    },
    {
      "identifier": "urn:jy:physics:SB0401:OB06:Section:40",
      "title": "3.电场 电场强度",
      "description": "",
      "subject": "SB0401",
      "type": "Section",
      "applicableLevel": "OB06",
      "contentJson": {
        "academicTerm": "高中",
        "grade": "高二",
        "edition": "人教版",
        "volume": "必修 第三册",
        "chapter": "第九章 静电场及其应用"
      }
    },
    {
      "identifier": "urn:jy:physics:SB0401:OB06:Section:41",
      "title": "4.静电的防止与利用",
      "description": "",
      "subject": "SB0401",
      "type": "Section",
      "applicableLevel": "OB06",
      "contentJson": {
        "academicTerm": "高中",
        "grade": "高二",
        "edition": "人教版",
        "volume": "必修 第三册",
        "chapter": "第九章 静电场及其应用"
      }
    },
    {
      "identifier": "urn:jy:physics:SB0401:OB06:Section:42",
      "title": "1.电势能和电势",
      "description": "",
      "subject": "SB0401",
      "type": "Section",
      "applicableLevel": "OB06",
      "contentJson": {
        "academicTerm": "高中",
        "grade": "高二",
        "edition": "人教版",
        "volume": "必修 第三册",
        "chapter": "第十章 静电场中的能量"
      }
    },
    {
      "identifier": "urn:jy:physics:SB0401:OB06:Section:43",
      "title": "2.电势差",
      "description": "",
      "subject": "SB0401",
      "type": "Section",
      "applicableLevel": "OB06",
      "contentJson": {
        "academicTerm": "高中",
        "grade": "高二",
        "edition": "人教版",
        "volume": "必修 第三册",
        "chapter": "第十章 静电场中的能量"
      }
    },
    {
      "identifier": "urn:jy:physics:SB0401:OB06:Section:44",
      "title": "3.电势差与电场强度的关系",
      "description": "",
      "subject": "SB0401",
      "type": "Section",
      "applicableLevel": "OB06",
      "contentJson": {
        "academicTerm": "高中",
        "grade": "高二",
        "edition": "人教版",
        "volume": "必修 第三册",
        "chapter": "第十章 静电场中的能量"
      }
    },
    {
      "identifier": "urn:jy:physics:SB0401:OB06:Section:45",
      "title": "4.电容器的电容",
      "description": "",
      "subject": "SB0401",
      "type": "Section",
      "applicableLevel": "OB06",
      "contentJson": {
        "academicTerm": "高中",
        "grade": "高二",
        "edition": "人教版",
        "volume": "必修 第三册",
        "chapter": "第十章 静电场中的能量"
      }
    },
    {
      "identifier": "urn:jy:physics:SB0401:OB06:Section:46",
      "title": "5.带电粒子在电场中的运动",
      "description": "",
      "subject": "SB0401",
      "type": "Section",
      "applicableLevel": "OB06",
      "contentJson": {
        "academicTerm": "高中",
        "grade": "高二",
        "edition": "人教版",
        "volume": "必修 第三册",
        "chapter": "第十章 静电场中的能量"
      }
    },
    {
      "identifier": "urn:jy:physics:SB0401:OB06:Section:47",
      "title": "1.电源和电流",
      "description": "",
      "subject": "SB0401",
      "type": "Section",
      "applicableLevel": "OB06",
      "contentJson": {
        "academicTerm": "高中",
        "grade": "高二",
        "edition": "人教版",
        "volume": "必修 第三册",
        "chapter": "第十一章 电路及其应用"
      }
    },
    {
      "identifier": "urn:jy:physics:SB0401:OB06:Section:48",
      "title": "2.导体的电阻",
      "description": "",
      "subject": "SB0401",
      "type": "Section",
      "applicableLevel": "OB06",
      "contentJson": {
        "academicTerm": "高中",
        "grade": "高二",
        "edition": "人教版",
        "volume": "必修 第三册",
        "chapter": "第十一章 电路及其应用"
      }
    },
    {
      "identifier": "urn:jy:physics:SB0401:OB06:Section:49",
      "title": "3.实验：导体电阻率的测量",
      "description": "",
      "subject": "SB0401",
      "type": "Section",
      "applicableLevel": "OB06",
      "contentJson": {
        "academicTerm": "高中",
        "grade": "高二",
        "edition": "人教版",
        "volume": "必修 第三册",
        "chapter": "第十一章 电路及其应用"
      }
    },
    {
      "identifier": "urn:jy:physics:SB0401:OB06:Section:50",
      "title": "4.串联电路和并联电路",
      "description": "",
      "subject": "SB0401",
      "type": "Section",
      "applicableLevel": "OB06",
      "contentJson": {
        "academicTerm": "高中",
        "grade": "高二",
        "edition": "人教版",
        "volume": "必修 第三册",
        "chapter": "第十一章 电路及其应用"
      }
    },
    {
      "identifier": "urn:jy:physics:SB0401:OB06:Section:51",
      "title": "5.实验：练习使用多用电表",
      "description": "",
      "subject": "SB0401",
      "type": "Section",
      "applicableLevel": "OB06",
      "contentJson": {
        "academicTerm": "高中",
        "grade": "高二",
        "edition": "人教版",
        "volume": "必修 第三册",
        "chapter": "第十一章 电路及其应用"
      }
    },
    {
      "identifier": "urn:jy:physics:SB0401:OB06:Section:52",
      "title": "1.电路中的能量转化",
      "description": "",
      "subject": "SB0401",
      "type": "Section",
      "applicableLevel": "OB06",
      "contentJson": {
        "academicTerm": "高中",
        "grade": "高二",
        "edition": "人教版",
        "volume": "必修 第三册",
        "chapter": "第十二章 电能 能量守恒定律"
      }
    },
    {
      "identifier": "urn:jy:physics:SB0401:OB06:Section:53",
      "title": "2.闭合电路的欧姆定律",
      "description": "",
      "subject": "SB0401",
      "type": "Section",
      "applicableLevel": "OB06",
      "contentJson": {
        "academicTerm": "高中",
        "grade": "高二",
        "edition": "人教版",
        "volume": "必修 第三册",
        "chapter": "第十二章 电能 能量守恒定律"
      }
    },
    {
      "identifier": "urn:jy:physics:SB0401:OB06:Section:54",
      "title": "3.实验：电池电动势和内阻的测量",
      "description": "",
      "subject": "SB0401",
      "type": "Section",
      "applicableLevel": "OB06",
      "contentJson": {
        "academicTerm": "高中",
        "grade": "高二",
        "edition": "人教版",
        "volume": "必修 第三册",
        "chapter": "第十二章 电能 能量守恒定律"
      }
    },
    {
      "identifier": "urn:jy:physics:SB0401:OB06:Section:55",
      "title": "4.能源与可持续发展",
      "description": "",
      "subject": "SB0401",
      "type": "Section",
      "applicableLevel": "OB06",
      "contentJson": {
        "academicTerm": "高中",
        "grade": "高二",
        "edition": "人教版",
        "volume": "必修 第三册",
        "chapter": "第十二章 电能 能量守恒定律"
      }
    },
    {
      "identifier": "urn:jy:physics:SB0401:OB06:Section:56",
      "title": "1.磁场 磁感线",
      "description": "",
      "subject": "SB0401",
      "type": "Section",
      "applicableLevel": "OB06",
      "contentJson": {
        "academicTerm": "高中",
        "grade": "高二",
        "edition": "人教版",
        "volume": "必修 第三册",
        "chapter": "第十三章 电磁感应与电磁波初步"
      }
    },
    {
      "identifier": "urn:jy:physics:SB0401:OB06:Section:57",
      "title": "2.磁感应强度 磁通量",
      "description": "",
      "subject": "SB0401",
      "type": "Section",
      "applicableLevel": "OB06",
      "contentJson": {
        "academicTerm": "高中",
        "grade": "高二",
        "edition": "人教版",
        "volume": "必修 第三册",
        "chapter": "第十三章 电磁感应与电磁波初步"
      }
    },
    {
      "identifier": "urn:jy:physics:SB0401:OB06:Section:58",
      "title": "3.电磁感应现象及应用",
      "description": "",
      "subject": "SB0401",
      "type": "Section",
      "applicableLevel": "OB06",
      "contentJson": {
        "academicTerm": "高中",
        "grade": "高二",
        "edition": "人教版",
        "volume": "必修 第三册",
        "chapter": "第十三章 电磁感应与电磁波初步"
      }
    },
    {
      "identifier": "urn:jy:physics:SB0401:OB06:Section:59",
      "title": "4.电磁波的发现及应用",
      "description": "",
      "subject": "SB0401",
      "type": "Section",
      "applicableLevel": "OB06",
      "contentJson": {
        "academicTerm": "高中",
        "grade": "高二",
        "edition": "人教版",
        "volume": "必修 第三册",
        "chapter": "第十三章 电磁感应与电磁波初步"
      }
    },
    {
      "identifier": "urn:jy:physics:SB0401:OB06:Section:60",
      "title": "5.能量量子化",
      "description": "",
      "subject": "SB0401",
      "type": "Section",
      "applicableLevel": "OB06",
      "contentJson": {
        "academicTerm": "高中",
        "grade": "高二",
        "edition": "人教版",
        "volume": "必修 第三册",
        "chapter": "第十三章 电磁感应与电磁波初步"
      }
    },
    {
      "identifier": "urn:jy:physics:SB0401:OB06:Section:61",
      "title": "1.动量",
      "description": "",
      "subject": "SB0401",
      "type": "Section",
      "applicableLevel": "OB06",
      "contentJson": {
        "academicTerm": "高中",
        "grade": "",
        "edition": "人教版",
        "volume": "选择性必修 第一册",
        "chapter": "第一章 动量守恒定律"
      }
    },
    {
      "identifier": "urn:jy:physics:SB0401:OB06:Section:62",
      "title": "2.动量定理",
      "description": "",
      "subject": "SB0401",
      "type": "Section",
      "applicableLevel": "OB06",
      "contentJson": {
        "academicTerm": "高中",
        "grade": "",
        "edition": "人教版",
        "volume": "选择性必修 第一册",
        "chapter": "第一章 动量守恒定律"
      }
    },
    {
      "identifier": "urn:jy:physics:SB0401:OB06:Section:63",
      "title": "3.动量守恒定律",
      "description": "",
      "subject": "SB0401",
      "type": "Section",
      "applicableLevel": "OB06",
      "contentJson": {
        "academicTerm": "高中",
        "grade": "",
        "edition": "人教版",
        "volume": "选择性必修 第一册",
        "chapter": "第一章 动量守恒定律"
      }
    },
    {
      "identifier": "urn:jy:physics:SB0401:OB06:Section:64",
      "title": "4.实验：验证动量守恒定律",
      "description": "",
      "subject": "SB0401",
      "type": "Section",
      "applicableLevel": "OB06",
      "contentJson": {
        "academicTerm": "高中",
        "grade": "",
        "edition": "人教版",
        "volume": "选择性必修 第一册",
        "chapter": "第一章 动量守恒定律"
      }
    },
    {
      "identifier": "urn:jy:physics:SB0401:OB06:Section:65",
      "title": "5.弹性碰撞和非弹性碰撞",
      "description": "",
      "subject": "SB0401",
      "type": "Section",
      "applicableLevel": "OB06",
      "contentJson": {
        "academicTerm": "高中",
        "grade": "",
        "edition": "人教版",
        "volume": "选择性必修 第一册",
        "chapter": "第一章 动量守恒定律"
      }
    },
    {
      "identifier": "urn:jy:physics:SB0401:OB06:Section:66",
      "title": "6.反冲现象 火箭",
      "description": "",
      "subject": "SB0401",
      "type": "Section",
      "applicableLevel": "OB06",
      "contentJson": {
        "academicTerm": "高中",
        "grade": "",
        "edition": "人教版",
        "volume": "选择性必修 第一册",
        "chapter": "第一章 动量守恒定律"
      }
    },
    {
      "identifier": "urn:jy:physics:SB0401:OB06:Section:67",
      "title": "1.简谐运动",
      "description": "",
      "subject": "SB0401",
      "type": "Section",
      "applicableLevel": "OB06",
      "contentJson": {
        "academicTerm": "高中",
        "grade": "",
        "edition": "人教版",
        "volume": "选择性必修 第一册",
        "chapter": "第二章 机械振动"
      }
    },
    {
      "identifier": "urn:jy:physics:SB0401:OB06:Section:68",
      "title": "2.简谐运动的描述",
      "description": "",
      "subject": "SB0401",
      "type": "Section",
      "applicableLevel": "OB06",
      "contentJson": {
        "academicTerm": "高中",
        "grade": "",
        "edition": "人教版",
        "volume": "选择性必修 第一册",
        "chapter": "第二章 机械振动"
      }
    },
    {
      "identifier": "urn:jy:physics:SB0401:OB06:Section:69",
      "title": "3.简谐运动的回复力和能量",
      "description": "",
      "subject": "SB0401",
      "type": "Section",
      "applicableLevel": "OB06",
      "contentJson": {
        "academicTerm": "高中",
        "grade": "",
        "edition": "人教版",
        "volume": "选择性必修 第一册",
        "chapter": "第二章 机械振动"
      }
    },
    {
      "identifier": "urn:jy:physics:SB0401:OB06:Section:70",
      "title": "4.单摆",
      "description": "",
      "subject": "SB0401",
      "type": "Section",
      "applicableLevel": "OB06",
      "contentJson": {
        "academicTerm": "高中",
        "grade": "",
        "edition": "人教版",
        "volume": "选择性必修 第一册",
        "chapter": "第二章 机械振动"
      }
    },
    {
      "identifier": "urn:jy:physics:SB0401:OB06:Section:71",
      "title": "5.实验：用单摆测量重力加速度",
      "description": "",
      "subject": "SB0401",
      "type": "Section",
      "applicableLevel": "OB06",
      "contentJson": {
        "academicTerm": "高中",
        "grade": "",
        "edition": "人教版",
        "volume": "选择性必修 第一册",
        "chapter": "第二章 机械振动"
      }
    },
    {
      "identifier": "urn:jy:physics:SB0401:OB06:Section:72",
      "title": "6.受迫振动 共振",
      "description": "",
      "subject": "SB0401",
      "type": "Section",
      "applicableLevel": "OB06",
      "contentJson": {
        "academicTerm": "高中",
        "grade": "",
        "edition": "人教版",
        "volume": "选择性必修 第一册",
        "chapter": "第二章 机械振动"
      }
    },
    {
      "identifier": "urn:jy:physics:SB0401:OB06:Section:73",
      "title": "1.波的形成",
      "description": "",
      "subject": "SB0401",
      "type": "Section",
      "applicableLevel": "OB06",
      "contentJson": {
        "academicTerm": "高中",
        "grade": "",
        "edition": "人教版",
        "volume": "选择性必修 第一册",
        "chapter": "第三章 机械波"
      }
    },
    {
      "identifier": "urn:jy:physics:SB0401:OB06:Section:74",
      "title": "2.波的描述",
      "description": "",
      "subject": "SB0401",
      "type": "Section",
      "applicableLevel": "OB06",
      "contentJson": {
        "academicTerm": "高中",
        "grade": "",
        "edition": "人教版",
        "volume": "选择性必修 第一册",
        "chapter": "第三章 机械波"
      }
    },
    {
      "identifier": "urn:jy:physics:SB0401:OB06:Section:75",
      "title": "3.波的反射、折射和衍射",
      "description": "",
      "subject": "SB0401",
      "type": "Section",
      "applicableLevel": "OB06",
      "contentJson": {
        "academicTerm": "高中",
        "grade": "",
        "edition": "人教版",
        "volume": "选择性必修 第一册",
        "chapter": "第三章 机械波"
      }
    },
    {
      "identifier": "urn:jy:physics:SB0401:OB06:Section:76",
      "title": "4.波的干涉",
      "description": "",
      "subject": "SB0401",
      "type": "Section",
      "applicableLevel": "OB06",
      "contentJson": {
        "academicTerm": "高中",
        "grade": "",
        "edition": "人教版",
        "volume": "选择性必修 第一册",
        "chapter": "第三章 机械波"
      }
    },
    {
      "identifier": "urn:jy:physics:SB0401:OB06:Section:77",
      "title": "5.多普勒效应",
      "description": "",
      "subject": "SB0401",
      "type": "Section",
      "applicableLevel": "OB06",
      "contentJson": {
        "academicTerm": "高中",
        "grade": "",
        "edition": "人教版",
        "volume": "选择性必修 第一册",
        "chapter": "第三章 机械波"
      }
    },
    {
      "identifier": "urn:jy:physics:SB0401:OB06:Section:78",
      "title": "1.光的折射",
      "description": "",
      "subject": "SB0401",
      "type": "Section",
      "applicableLevel": "OB06",
      "contentJson": {
        "academicTerm": "高中",
        "grade": "",
        "edition": "人教版",
        "volume": "选择性必修 第一册",
        "chapter": "第四章 光"
      }
    },
    {
      "identifier": "urn:jy:physics:SB0401:OB06:Section:79",
      "title": "2.全反射",
      "description": "",
      "subject": "SB0401",
      "type": "Section",
      "applicableLevel": "OB06",
      "contentJson": {
        "academicTerm": "高中",
        "grade": "",
        "edition": "人教版",
        "volume": "选择性必修 第一册",
        "chapter": "第四章 光"
      }
    },
    {
      "identifier": "urn:jy:physics:SB0401:OB06:Section:80",
      "title": "3.光的干涉",
      "description": "",
      "subject": "SB0401",
      "type": "Section",
      "applicableLevel": "OB06",
      "contentJson": {
        "academicTerm": "高中",
        "grade": "",
        "edition": "人教版",
        "volume": "选择性必修 第一册",
        "chapter": "第四章 光"
      }
    },
    {
      "identifier": "urn:jy:physics:SB0401:OB06:Section:81",
      "title": "4.实验：用双缝干涉测量光的波长",
      "description": "",
      "subject": "SB0401",
      "type": "Section",
      "applicableLevel": "OB06",
      "contentJson": {
        "academicTerm": "高中",
        "grade": "",
        "edition": "人教版",
        "volume": "选择性必修 第一册",
        "chapter": "第四章 光"
      }
    },
    {
      "identifier": "urn:jy:physics:SB0401:OB06:Section:82",
      "title": "5.光的衍射",
      "description": "",
      "subject": "SB0401",
      "type": "Section",
      "applicableLevel": "OB06",
      "contentJson": {
        "academicTerm": "高中",
        "grade": "",
        "edition": "人教版",
        "volume": "选择性必修 第一册",
        "chapter": "第四章 光"
      }
    },
    {
      "identifier": "urn:jy:physics:SB0401:OB06:Section:83",
      "title": "6.光的偏振 激光",
      "description": "",
      "subject": "SB0401",
      "type": "Section",
      "applicableLevel": "OB06",
      "contentJson": {
        "academicTerm": "高中",
        "grade": "",
        "edition": "人教版",
        "volume": "选择性必修 第一册",
        "chapter": "第四章 光"
      }
    },
    {
      "identifier": "urn:jy:physics:SB0401:OB06:Section:84",
      "title": "1.磁场对通电导线的作用力",
      "description": "",
      "subject": "SB0401",
      "type": "Section",
      "applicableLevel": "OB06",
      "contentJson": {
        "academicTerm": "高中",
        "grade": "高二",
        "edition": "人教版",
        "volume": "选择性必修 第二册",
        "chapter": "第一章 安培力与洛伦兹力"
      }
    },
    {
      "identifier": "urn:jy:physics:SB0401:OB06:Section:85",
      "title": "2.磁场对运动电荷的作用力",
      "description": "",
      "subject": "SB0401",
      "type": "Section",
      "applicableLevel": "OB06",
      "contentJson": {
        "academicTerm": "高中",
        "grade": "高二",
        "edition": "人教版",
        "volume": "选择性必修 第二册",
        "chapter": "第一章 安培力与洛伦兹力"
      }
    },
    {
      "identifier": "urn:jy:physics:SB0401:OB06:Section:86",
      "title": "3.带电粒子在匀强磁场中的运动",
      "description": "",
      "subject": "SB0401",
      "type": "Section",
      "applicableLevel": "OB06",
      "contentJson": {
        "academicTerm": "高中",
        "grade": "高二",
        "edition": "人教版",
        "volume": "选择性必修 第二册",
        "chapter": "第一章 安培力与洛伦兹力"
      }
    },
    {
      "identifier": "urn:jy:physics:SB0401:OB06:Section:87",
      "title": "4.质谱仪与回旋加速器",
      "description": "",
      "subject": "SB0401",
      "type": "Section",
      "applicableLevel": "OB06",
      "contentJson": {
        "academicTerm": "高中",
        "grade": "高二",
        "edition": "人教版",
        "volume": "选择性必修 第二册",
        "chapter": "第一章 安培力与洛伦兹力"
      }
    },
    {
      "identifier": "urn:jy:physics:SB0401:OB06:Section:88",
      "title": "1.楞次定律",
      "description": "",
      "subject": "SB0401",
      "type": "Section",
      "applicableLevel": "OB06",
      "contentJson": {
        "academicTerm": "高中",
        "grade": "高二",
        "edition": "人教版",
        "volume": "选择性必修 第二册",
        "chapter": "第二章 电磁感应"
      }
    },
    {
      "identifier": "urn:jy:physics:SB0401:OB06:Section:89",
      "title": "2.法拉第电磁感应定律",
      "description": "",
      "subject": "SB0401",
      "type": "Section",
      "applicableLevel": "OB06",
      "contentJson": {
        "academicTerm": "高中",
        "grade": "高二",
        "edition": "人教版",
        "volume": "选择性必修 第二册",
        "chapter": "第二章 电磁感应"
      }
    },
    {
      "identifier": "urn:jy:physics:SB0401:OB06:Section:90",
      "title": "3.涡流、电磁阻尼和电磁驱动",
      "description": "",
      "subject": "SB0401",
      "type": "Section",
      "applicableLevel": "OB06",
      "contentJson": {
        "academicTerm": "高中",
        "grade": "高二",
        "edition": "人教版",
        "volume": "选择性必修 第二册",
        "chapter": "第二章 电磁感应"
      }
    },
    {
      "identifier": "urn:jy:physics:SB0401:OB06:Section:91",
      "title": "4.互感和自感",
      "description": "",
      "subject": "SB0401",
      "type": "Section",
      "applicableLevel": "OB06",
      "contentJson": {
        "academicTerm": "高中",
        "grade": "高二",
        "edition": "人教版",
        "volume": "选择性必修 第二册",
        "chapter": "第二章 电磁感应"
      }
    },
    {
      "identifier": "urn:jy:physics:SB0401:OB06:Section:92",
      "title": "1.交变电流",
      "description": "",
      "subject": "SB0401",
      "type": "Section",
      "applicableLevel": "OB06",
      "contentJson": {
        "academicTerm": "高中",
        "grade": "高二",
        "edition": "人教版",
        "volume": "选择性必修 第二册",
        "chapter": "第三章 交变电流"
      }
    },
    {
      "identifier": "urn:jy:physics:SB0401:OB06:Section:93",
      "title": "2.交变电流的描述",
      "description": "",
      "subject": "SB0401",
      "type": "Section",
      "applicableLevel": "OB06",
      "contentJson": {
        "academicTerm": "高中",
        "grade": "高二",
        "edition": "人教版",
        "volume": "选择性必修 第二册",
        "chapter": "第三章 交变电流"
      }
    },
    {
      "identifier": "urn:jy:physics:SB0401:OB06:Section:94",
      "title": "3.变压器",
      "description": "",
      "subject": "SB0401",
      "type": "Section",
      "applicableLevel": "OB06",
      "contentJson": {
        "academicTerm": "高中",
        "grade": "高二",
        "edition": "人教版",
        "volume": "选择性必修 第二册",
        "chapter": "第三章 交变电流"
      }
    },
    {
      "identifier": "urn:jy:physics:SB0401:OB06:Section:95",
      "title": "4.电能的输送",
      "description": "",
      "subject": "SB0401",
      "type": "Section",
      "applicableLevel": "OB06",
      "contentJson": {
        "academicTerm": "高中",
        "grade": "高二",
        "edition": "人教版",
        "volume": "选择性必修 第二册",
        "chapter": "第三章 交变电流"
      }
    },
    {
      "identifier": "urn:jy:physics:SB0401:OB06:Section:96",
      "title": "1.电磁振荡",
      "description": "",
      "subject": "SB0401",
      "type": "Section",
      "applicableLevel": "OB06",
      "contentJson": {
        "academicTerm": "高中",
        "grade": "高二",
        "edition": "人教版",
        "volume": "选择性必修 第二册",
        "chapter": "第四章 电磁振荡与电磁波"
      }
    },
    {
      "identifier": "urn:jy:physics:SB0401:OB06:Section:97",
      "title": "2.电磁场与电磁波",
      "description": "",
      "subject": "SB0401",
      "type": "Section",
      "applicableLevel": "OB06",
      "contentJson": {
        "academicTerm": "高中",
        "grade": "高二",
        "edition": "人教版",
        "volume": "选择性必修 第二册",
        "chapter": "第四章 电磁振荡与电磁波"
      }
    },
    {
      "identifier": "urn:jy:physics:SB0401:OB06:Section:98",
      "title": "3.无线电波的发射和接收",
      "description": "",
      "subject": "SB0401",
      "type": "Section",
      "applicableLevel": "OB06",
      "contentJson": {
        "academicTerm": "高中",
        "grade": "高二",
        "edition": "人教版",
        "volume": "选择性必修 第二册",
        "chapter": "第四章 电磁振荡与电磁波"
      }
    },
    {
      "identifier": "urn:jy:physics:SB0401:OB06:Section:99",
      "title": "4.电磁波谱",
      "description": "",
      "subject": "SB0401",
      "type": "Section",
      "applicableLevel": "OB06",
      "contentJson": {
        "academicTerm": "高中",
        "grade": "高二",
        "edition": "人教版",
        "volume": "选择性必修 第二册",
        "chapter": "第四章 电磁振荡与电磁波"
      }
    },
    {
      "identifier": "urn:jy:physics:SB0401:OB06:Section:100",
      "title": "1.认识传感器",
      "description": "",
      "subject": "SB0401",
      "type": "Section",
      "applicableLevel": "OB06",
      "contentJson": {
        "academicTerm": "高中",
        "grade": "高二",
        "edition": "人教版",
        "volume": "选择性必修 第二册",
        "chapter": "第五章 传感器"
      }
    },
    {
      "identifier": "urn:jy:physics:SB0401:OB06:Section:101",
      "title": "2.常见传感器的工作原理及应用",
      "description": "",
      "subject": "SB0401",
      "type": "Section",
      "applicableLevel": "OB06",
      "contentJson": {
        "academicTerm": "高中",
        "grade": "高二",
        "edition": "人教版",
        "volume": "选择性必修 第二册",
        "chapter": "第五章 传感器"
      }
    },
    {
      "identifier": "urn:jy:physics:SB0401:OB06:Section:102",
      "title": "3.利用传感器制作简单的自动控制装置",
      "description": "",
      "subject": "SB0401",
      "type": "Section",
      "applicableLevel": "OB06",
      "contentJson": {
        "academicTerm": "高中",
        "grade": "高二",
        "edition": "人教版",
        "volume": "选择性必修 第二册",
        "chapter": "第五章 传感器"
      }
    },
    {
      "identifier": "urn:jy:physics:SB0401:OB06:Section:103",
      "title": "1.分子动理论的基本内容",
      "description": "",
      "subject": "SB0401",
      "type": "Section",
      "applicableLevel": "OB06",
      "contentJson": {
        "academicTerm": "高中",
        "grade": "",
        "edition": "人教版",
        "volume": "选择性必修 第三册",
        "chapter": "第一章 分子动理论"
      }
    },
    {
      "identifier": "urn:jy:physics:SB0401:OB06:Section:104",
      "title": "2.实验：用油膜法估测油酸分子的大小",
      "description": "",
      "subject": "SB0401",
      "type": "Section",
      "applicableLevel": "OB06",
      "contentJson": {
        "academicTerm": "高中",
        "grade": "",
        "edition": "人教版",
        "volume": "选择性必修 第三册",
        "chapter": "第一章 分子动理论"
      }
    },
    {
      "identifier": "urn:jy:physics:SB0401:OB06:Section:105",
      "title": "3.分子运动速率分布规律",
      "description": "",
      "subject": "SB0401",
      "type": "Section",
      "applicableLevel": "OB06",
      "contentJson": {
        "academicTerm": "高中",
        "grade": "",
        "edition": "人教版",
        "volume": "选择性必修 第三册",
        "chapter": "第一章 分子动理论"
      }
    },
    {
      "identifier": "urn:jy:physics:SB0401:OB06:Section:106",
      "title": "4.分子动能和分子势能",
      "description": "",
      "subject": "SB0401",
      "type": "Section",
      "applicableLevel": "OB06",
      "contentJson": {
        "academicTerm": "高中",
        "grade": "",
        "edition": "人教版",
        "volume": "选择性必修 第三册",
        "chapter": "第一章 分子动理论"
      }
    },
    {
      "identifier": "urn:jy:physics:SB0401:OB06:Section:107",
      "title": "1.温度和温标",
      "description": "",
      "subject": "SB0401",
      "type": "Section",
      "applicableLevel": "OB06",
      "contentJson": {
        "academicTerm": "高中",
        "grade": "",
        "edition": "人教版",
        "volume": "选择性必修 第三册",
        "chapter": "第二章 气体、固体和液体"
      }
    },
    {
      "identifier": "urn:jy:physics:SB0401:OB06:Section:108",
      "title": "2.气体的等温变化",
      "description": "",
      "subject": "SB0401",
      "type": "Section",
      "applicableLevel": "OB06",
      "contentJson": {
        "academicTerm": "高中",
        "grade": "",
        "edition": "人教版",
        "volume": "选择性必修 第三册",
        "chapter": "第二章 气体、固体和液体"
      }
    },
    {
      "identifier": "urn:jy:physics:SB0401:OB06:Section:109",
      "title": "3.气体的等压变化和等容变化",
      "description": "",
      "subject": "SB0401",
      "type": "Section",
      "applicableLevel": "OB06",
      "contentJson": {
        "academicTerm": "高中",
        "grade": "",
        "edition": "人教版",
        "volume": "选择性必修 第三册",
        "chapter": "第二章 气体、固体和液体"
      }
    },
    {
      "identifier": "urn:jy:physics:SB0401:OB06:Section:110",
      "title": "4.固体",
      "description": "",
      "subject": "SB0401",
      "type": "Section",
      "applicableLevel": "OB06",
      "contentJson": {
        "academicTerm": "高中",
        "grade": "",
        "edition": "人教版",
        "volume": "选择性必修 第三册",
        "chapter": "第二章 气体、固体和液体"
      }
    },
    {
      "identifier": "urn:jy:physics:SB0401:OB06:Section:111",
      "title": "5.液体",
      "description": "",
      "subject": "SB0401",
      "type": "Section",
      "applicableLevel": "OB06",
      "contentJson": {
        "academicTerm": "高中",
        "grade": "",
        "edition": "人教版",
        "volume": "选择性必修 第三册",
        "chapter": "第二章 气体、固体和液体"
      }
    },
    {
      "identifier": "urn:jy:physics:SB0401:OB06:Section:112",
      "title": "1.功、热和内能的改变",
      "description": "",
      "subject": "SB0401",
      "type": "Section",
      "applicableLevel": "OB06",
      "contentJson": {
        "academicTerm": "高中",
        "grade": "",
        "edition": "人教版",
        "volume": "选择性必修 第三册",
        "chapter": "第三章 热力学定律"
      }
    },
    {
      "identifier": "urn:jy:physics:SB0401:OB06:Section:113",
      "title": "2.热力学第一定律",
      "description": "",
      "subject": "SB0401",
      "type": "Section",
      "applicableLevel": "OB06",
      "contentJson": {
        "academicTerm": "高中",
        "grade": "",
        "edition": "人教版",
        "volume": "选择性必修 第三册",
        "chapter": "第三章 热力学定律"
      }
    },
    {
      "identifier": "urn:jy:physics:SB0401:OB06:Section:114",
      "title": "3.能量守恒定律",
      "description": "",
      "subject": "SB0401",
      "type": "Section",
      "applicableLevel": "OB06",
      "contentJson": {
        "academicTerm": "高中",
        "grade": "",
        "edition": "人教版",
        "volume": "选择性必修 第三册",
        "chapter": "第三章 热力学定律"
      }
    },
    {
      "identifier": "urn:jy:physics:SB0401:OB06:Section:115",
      "title": "4.热力学第二定律",
      "description": "",
      "subject": "SB0401",
      "type": "Section",
      "applicableLevel": "OB06",
      "contentJson": {
        "academicTerm": "高中",
        "grade": "",
        "edition": "人教版",
        "volume": "选择性必修 第三册",
        "chapter": "第三章 热力学定律"
      }
    },
    {
      "identifier": "urn:jy:physics:SB0401:OB06:Section:116",
      "title": "1.普朗克黑体辐射理论",
      "description": "",
      "subject": "SB0401",
      "type": "Section",
      "applicableLevel": "OB06",
      "contentJson": {
        "academicTerm": "高中",
        "grade": "",
        "edition": "人教版",
        "volume": "选择性必修 第三册",
        "chapter": "第四章 原子结构和波粒二象性"
      }
    },
    {
      "identifier": "urn:jy:physics:SB0401:OB06:Section:117",
      "title": "2.光电效应",
      "description": "",
      "subject": "SB0401",
      "type": "Section",
      "applicableLevel": "OB06",
      "contentJson": {
        "academicTerm": "高中",
        "grade": "",
        "edition": "人教版",
        "volume": "选择性必修 第三册",
        "chapter": "第四章 原子结构和波粒二象性"
      }
    },
    {
      "identifier": "urn:jy:physics:SB0401:OB06:Section:118",
      "title": "3.原子的核式结构模型",
      "description": "",
      "subject": "SB0401",
      "type": "Section",
      "applicableLevel": "OB06",
      "contentJson": {
        "academicTerm": "高中",
        "grade": "",
        "edition": "人教版",
        "volume": "选择性必修 第三册",
        "chapter": "第四章 原子结构和波粒二象性"
      }
    },
    {
      "identifier": "urn:jy:physics:SB0401:OB06:Section:119",
      "title": "4.氢原子光谱和玻尔的原子模型",
      "description": "",
      "subject": "SB0401",
      "type": "Section",
      "applicableLevel": "OB06",
      "contentJson": {
        "academicTerm": "高中",
        "grade": "",
        "edition": "人教版",
        "volume": "选择性必修 第三册",
        "chapter": "第四章 原子结构和波粒二象性"
      }
    },
    {
      "identifier": "urn:jy:physics:SB0401:OB06:Section:120",
      "title": "5.粒子的波动性和量子力学的建立",
      "description": "",
      "subject": "SB0401",
      "type": "Section",
      "applicableLevel": "OB06",
      "contentJson": {
        "academicTerm": "高中",
        "grade": "",
        "edition": "人教版",
        "volume": "选择性必修 第三册",
        "chapter": "第四章 原子结构和波粒二象性"
      }
    },
    {
      "identifier": "urn:jy:physics:SB0401:OB06:Section:121",
      "title": "1.原子核的组成",
      "description": "",
      "subject": "SB0401",
      "type": "Section",
      "applicableLevel": "OB06",
      "contentJson": {
        "academicTerm": "高中",
        "grade": "",
        "edition": "人教版",
        "volume": "选择性必修 第三册",
        "chapter": "第五章 原子核"
      }
    },
    {
      "identifier": "urn:jy:physics:SB0401:OB06:Section:122",
      "title": "2.放射性元素的衰变",
      "description": "",
      "subject": "SB0401",
      "type": "Section",
      "applicableLevel": "OB06",
      "contentJson": {
        "academicTerm": "高中",
        "grade": "",
        "edition": "人教版",
        "volume": "选择性必修 第三册",
        "chapter": "第五章 原子核"
      }
    },
    {
      "identifier": "urn:jy:physics:SB0401:OB06:Section:123",
      "title": "3.核力与结合能",
      "description": "",
      "subject": "SB0401",
      "type": "Section",
      "applicableLevel": "OB06",
      "contentJson": {
        "academicTerm": "高中",
        "grade": "",
        "edition": "人教版",
        "volume": "选择性必修 第三册",
        "chapter": "第五章 原子核"
      }
    },
    {
      "identifier": "urn:jy:physics:SB0401:OB06:Section:124",
      "title": "4.核裂变与核聚变",
      "description": "",
      "subject": "SB0401",
      "type": "Section",
      "applicableLevel": "OB06",
      "contentJson": {
        "academicTerm": "高中",
        "grade": "",
        "edition": "人教版",
        "volume": "选择性必修 第三册",
        "chapter": "第五章 原子核"
      }
    },
    {
      "identifier": "urn:jy:physics:SB0401:OB06:Section:125",
      "title": "5.“基本”粒子",
      "description": "",
      "subject": "SB0401",
      "type": "Section",
      "applicableLevel": "OB06",
      "contentJson": {
        "academicTerm": "高中",
        "grade": "",
        "edition": "人教版",
        "volume": "选择性必修 第三册",
        "chapter": "第五章 原子核"
      }
    },
    {
      "identifier": "urn:jy:physics:SB0401:OB06:Section:126",
      "title": "力学复习之能量与动量",
      "description": "",
      "subject": "SB0401",
      "type": "Section",
      "applicableLevel": "OB06",
      "contentJson": {
        "academicTerm": "高中",
        "grade": "",
        "edition": "人教版",
        "volume": "选择性必修 第三册",
        "chapter": "高考复习"
      }
    },
    {
      "identifier": "urn:jy:physics:SB0401:OB06:Section:127",
      "title": "电学复习之带电物体在场中的运动",
      "description": "",
      "subject": "SB0401",
      "type": "Section",
      "applicableLevel": "OB06",
      "contentJson": {
        "academicTerm": "高中",
        "grade": "",
        "edition": "人教版",
        "volume": "选择性必修 第三册",
        "chapter": "高考复习"
      }
    },
    {
      "identifier": "urn:jy:physics:SB0401:OB06:Section:128",
      "title": "电学实验考点大全",
      "description": "",
      "subject": "SB0401",
      "type": "Section",
      "applicableLevel": "OB06",
      "contentJson": {
        "academicTerm": "高中",
        "grade": "",
        "edition": "人教版",
        "volume": "选择性必修 第三册",
        "chapter": "高考复习"
      }
    },
    {
      "identifier": "urn:jy:physics:SB0401:OB06:Section:129",
      "title": "高考物理复习（一）",
      "description": "",
      "subject": "SB0401",
      "type": "Section",
      "applicableLevel": "OB06",
      "contentJson": {
        "academicTerm": "高中",
        "grade": "",
        "edition": "人教版",
        "volume": "选择性必修 第三册",
        "chapter": "高考复习"
      }
    },
    {
      "identifier": "urn:jy:physics:SB0401:OB06:Section:130",
      "title": "高考物理复习（二）",
      "description": "",
      "subject": "SB0401",
      "type": "Section",
      "applicableLevel": "OB06",
      "contentJson": {
        "academicTerm": "高中",
        "grade": "",
        "edition": "人教版",
        "volume": "选择性必修 第三册",
        "chapter": "高考复习"
      }
    },
    {
      "identifier": "urn:jy:physics:SB0401:OB06:Section:131",
      "title": "高考物理复习（三）",
      "description": "",
      "subject": "SB0401",
      "type": "Section",
      "applicableLevel": "OB06",
      "contentJson": {
        "academicTerm": "高中",
        "grade": "",
        "edition": "人教版",
        "volume": "选择性必修 第三册",
        "chapter": "高考复习"
      }
    },
    {
      "identifier": "urn:jy:physics:SB0401:OB06:Section:132",
      "title": "高考物理复习（四）",
      "description": "",
      "subject": "SB0401",
      "type": "Section",
      "applicableLevel": "OB06",
      "contentJson": {
        "academicTerm": "高中",
        "grade": "",
        "edition": "人教版",
        "volume": "选择性必修 第三册",
        "chapter": "高考复习"
      }
    },
    {
      "identifier": "urn:jy:physics:SB0401:OB06:Section:133",
      "title": "高考物理复习（五）—— 物理模型与建模",
      "description": "",
      "subject": "SB0401",
      "type": "Section",
      "applicableLevel": "OB06",
      "contentJson": {
        "academicTerm": "高中",
        "grade": "",
        "edition": "人教版",
        "volume": "选择性必修 第三册",
        "chapter": "高考复习"
      }
    },
    {
      "identifier": "urn:jy:physics:SB0401:OB06:Section:134",
      "title": "《力与运动》专题",
      "description": "",
      "subject": "SB0401",
      "type": "Section",
      "applicableLevel": "OB06",
      "contentJson": {
        "academicTerm": "高中",
        "grade": "",
        "edition": "人教版",
        "volume": "选择性必修 第三册",
        "chapter": "高考复习"
      }
    },
    {
      "identifier": "urn:jy:physics:SB0401:OB06:Section:135",
      "title": "牛顿定律考查方式及题目变化",
      "description": "",
      "subject": "SB0401",
      "type": "Section",
      "applicableLevel": "OB06",
      "contentJson": {
        "academicTerm": "高中",
        "grade": "",
        "edition": "人教版",
        "volume": "选择性必修 第三册",
        "chapter": "高考复习"
      }
    },
    {
      "identifier": "urn:jy:physics:SB0401:OB06:Section:136",
      "title": "力学中的功能关系与能量守恒",
      "description": "",
      "subject": "SB0401",
      "type": "Section",
      "applicableLevel": "OB06",
      "contentJson": {
        "academicTerm": "高中",
        "grade": "",
        "edition": "人教版",
        "volume": "选择性必修 第三册",
        "chapter": "高考复习"
      }
    },
    {
      "identifier": "urn:jy:physics:SB0401:OB06:Section:137",
      "title": "与动量有关的力学问题",
      "description": "",
      "subject": "SB0401",
      "type": "Section",
      "applicableLevel": "OB06",
      "contentJson": {
        "academicTerm": "高中",
        "grade": "",
        "edition": "人教版",
        "volume": "选择性必修 第三册",
        "chapter": "高考复习"
      }
    },
    {
      "identifier": "urn:jy:physics:SB0401:OB06:Section:138",
      "title": "计算题备考策略",
      "description": "",
      "subject": "SB0401",
      "type": "Section",
      "applicableLevel": "OB06",
      "contentJson": {
        "academicTerm": "高中",
        "grade": "",
        "edition": "人教版",
        "volume": "选择性必修 第三册",
        "chapter": "高考复习"
      }
    },
    {
      "identifier": "urn:jy:physics:SB0401:OB06:Section:139",
      "title": "高考备考之场的问题",
      "description": "",
      "subject": "SB0401",
      "type": "Section",
      "applicableLevel": "OB06",
      "contentJson": {
        "academicTerm": "高中",
        "grade": "",
        "edition": "人教版",
        "volume": "选择性必修 第三册",
        "chapter": "高考复习"
      }
    }
  ]
}