[
  {
    "identifier": "urn:jy:physics:SB0401:OB06:ThemeL3:1",
    "title": "近代实验科学产生的背景；实验对物理学发展的推动作用",
    "description": "了解近代实验科学产生的背景，认识实验对物理学发展的推动作用。",
    "subject": "SB0401",
    "type": "ThemeL3",
    "applicableLevel": "OB06",
    "contentJson": {
      "themeL2": "urn:jy:physics:SB0401:OB06:ThemeL2:21",
      "themeL2Key": "1.1",
      "requirementIndex": "1.1.1",
      "requirementText": "了解近代实验科学产生的背景，认识实验对物理学发展的推动作用。"
    }
  },
  {
    "identifier": "urn:jy:physics:SB0401:OB06:ThemeL3:2",
    "title": "经历质点模型的建构过程；质点的含义。知道将物体抽象为质点",
    "description": "经历质点模型的建构过程，了解质点的含义。知道将物体抽象为质点的条件，能将特定实际情境中的物体抽象成质点。体会建构物理模型的思维方式，认识物理模型在探索自然规律中的作用。",
    "subject": "SB0401",
    "type": "ThemeL3",
    "applicableLevel": "OB06",
    "contentJson": {
      "themeL2": "urn:jy:physics:SB0401:OB06:ThemeL2:21",
      "themeL2Key": "1.1",
      "requirementIndex": "1.1.2",
      "requirementText": "经历质点模型的建构过程，了解质点的含义。知道将物体抽象为质点的条件，能将特定实际情境中的物体抽象成质点。体会建构物理模型的思维方式，认识物理模型在探索自然规律中的作用。"
    }
  },
  {
    "identifier": "urn:jy:physics:SB0401:OB06:ThemeL3:3",
    "title": "位移、速度和加速度。通过实验；匀变速直线运动的特点",
    "description": "理解位移、速度和加速度。通过实验，探究匀变速直线运动的特点，能用公式、图像等方法描述匀变速直线运动。理解匀变速直线运动的规律，能运用其解决实际问题，体会科学思维中的抽象方法和物理问题研究中的极限方法。",
    "subject": "SB0401",
    "type": "ThemeL3",
    "applicableLevel": "OB06",
    "contentJson": {
      "themeL2": "urn:jy:physics:SB0401:OB06:ThemeL2:21",
      "themeL2Key": "1.1",
      "requirementIndex": "1.1.3",
      "requirementText": "理解位移、速度和加速度。通过实验，探究匀变速直线运动的特点，能用公式、图像等方法描述匀变速直线运动。理解匀变速直线运动的规律，能运用其解决实际问题，体会科学思维中的抽象方法和物理问题研究中的极限方法。"
    }
  },
  {
    "identifier": "urn:jy:physics:SB0401:OB06:ThemeL3:4",
    "title": "实验；自由落体运动规律。结合物理学史的相关内容",
    "description": "通过实验，认识自由落体运动规律。结合物理学史的相关内容，认识物理实验与科学推理在物理学研究中的作用。",
    "subject": "SB0401",
    "type": "ThemeL3",
    "applicableLevel": "OB06",
    "contentJson": {
      "themeL2": "urn:jy:physics:SB0401:OB06:ThemeL2:21",
      "themeL2Key": "1.1",
      "requirementIndex": "1.1.4",
      "requirementText": "通过实验，认识自由落体运动规律。结合物理学史的相关内容，认识物理实验与科学推理在物理学研究中的作用。"
    }
  },
  {
    "identifier": "urn:jy:physics:SB0401:OB06:ThemeL3:5",
    "title": "重力、弹力与摩擦力。通过实验；胡克定律。知道滑动摩擦和静",
    "description": "认识重力、弹力与摩擦力。通过实验，了解胡克定律。知道滑动摩擦和静摩擦现象，能用动摩擦因数计算滑动摩擦力的大小。",
    "subject": "SB0401",
    "type": "ThemeL3",
    "applicableLevel": "OB06",
    "contentJson": {
      "themeL2": "urn:jy:physics:SB0401:OB06:ThemeL2:22",
      "themeL2Key": "1.2",
      "requirementIndex": "1.2.1",
      "requirementText": "认识重力、弹力与摩擦力。通过实验，了解胡克定律。知道滑动摩擦和静摩擦现象，能用动摩擦因数计算滑动摩擦力的大小。"
    }
  },
  {
    "identifier": "urn:jy:physics:SB0401:OB06:ThemeL3:6",
    "title": "实验；力的合成与分解。知道矢量和标量。能用共点力的平衡条",
    "description": "通过实验，了解力的合成与分解。知道矢量和标量。能用共点力的平衡条件分析生产生活中的问题。",
    "subject": "SB0401",
    "type": "ThemeL3",
    "applicableLevel": "OB06",
    "contentJson": {
      "themeL2": "urn:jy:physics:SB0401:OB06:ThemeL2:22",
      "themeL2Key": "1.2",
      "requirementIndex": "1.2.2",
      "requirementText": "通过实验，了解力的合成与分解。知道矢量和标量。能用共点力的平衡条件分析生产生活中的问题。"
    }
  },
  {
    "identifier": "urn:jy:physics:SB0401:OB06:ThemeL3:7",
    "title": "实验；物体运动的加速度与物体受力、物体质量的关系。理解牛",
    "description": "通过实验，探究物体运动的加速度与物体受力、物体质量的关系。理解牛顿运动定律，能用牛顿运动定律解释生产生活中的有关现象，解决有关问题。通过实验，认识超重和失重现象。",
    "subject": "SB0401",
    "type": "ThemeL3",
    "applicableLevel": "OB06",
    "contentJson": {
      "themeL2": "urn:jy:physics:SB0401:OB06:ThemeL2:22",
      "themeL2Key": "1.2",
      "requirementIndex": "1.2.3",
      "requirementText": "通过实验，探究物体运动的加速度与物体受力、物体质量的关系。理解牛顿运动定律，能用牛顿运动定律解释生产生活中的有关现象，解决有关问题。通过实验，认识超重和失重现象。"
    }
  },
  {
    "identifier": "urn:jy:physics:SB0401:OB06:ThemeL3:8",
    "title": "国际单位制中的力学单位。了解单位制在物理学中的重要意义",
    "description": "知道国际单位制中的力学单位。了解单位制在物理学中的重要意义。",
    "subject": "SB0401",
    "type": "ThemeL3",
    "applicableLevel": "OB06",
    "contentJson": {
      "themeL2": "urn:jy:physics:SB0401:OB06:ThemeL2:22",
      "themeL2Key": "1.2",
      "requirementIndex": "1.2.4",
      "requirementText": "知道国际单位制中的力学单位。了解单位制在物理学中的重要意义。"
    }
  },
  {
    "identifier": "urn:jy:physics:SB0401:OB06:ThemeL3:9",
    "title": "功和功率。了解生产生活中常见机械的功率大小及其意义",
    "description": "理解功和功率。了解生产生活中常见机械的功率大小及其意义。",
    "subject": "SB0401",
    "type": "ThemeL3",
    "applicableLevel": "OB06",
    "contentJson": {
      "themeL2": "urn:jy:physics:SB0401:OB06:ThemeL2:24",
      "themeL2Key": "2.1",
      "requirementIndex": "2.1.1",
      "requirementText": "理解功和功率。了解生产生活中常见机械的功率大小及其意义。"
    }
  },
  {
    "identifier": "urn:jy:physics:SB0401:OB06:ThemeL3:10",
    "title": "动能和动能定理。能用动能定理解释生产生活中的有关",
    "description": "理解动能和动能定理。能用动能定理解释生产生活中的有关",
    "subject": "SB0401",
    "type": "ThemeL3",
    "applicableLevel": "OB06",
    "contentJson": {
      "themeL2": "urn:jy:physics:SB0401:OB06:ThemeL2:24",
      "themeL2Key": "2.1",
      "requirementIndex": "2.1.2",
      "requirementText": "理解动能和动能定理。能用动能定理解释生产生活中的有关"
    }
  },
  {
    "identifier": "urn:jy:physics:SB0401:OB06:ThemeL3:11",
    "title": "重力势能；重力势能的变化与重力做功的关系。定性了解弹性势",
    "description": "理解重力势能，知道重力势能的变化与重力做功的关系。定性了解弹性势能。",
    "subject": "SB0401",
    "type": "ThemeL3",
    "applicableLevel": "OB06",
    "contentJson": {
      "themeL2": "urn:jy:physics:SB0401:OB06:ThemeL2:24",
      "themeL2Key": "2.1",
      "requirementIndex": "2.1.3",
      "requirementText": "理解重力势能，知道重力势能的变化与重力做功的关系。定性了解弹性势能。"
    }
  },
  {
    "identifier": "urn:jy:physics:SB0401:OB06:ThemeL3:12",
    "title": "实验；验证机械能守恒定律。理解机械能守恒定律",
    "description": "通过实验，验证机械能守恒定律。理解机械能守恒定律，体会守恒观念对认识物理规律的重要性。能用机械能守恒定律分析生产生活中的有关问题。",
    "subject": "SB0401",
    "type": "ThemeL3",
    "applicableLevel": "OB06",
    "contentJson": {
      "themeL2": "urn:jy:physics:SB0401:OB06:ThemeL2:24",
      "themeL2Key": "2.1",
      "requirementIndex": "2.1.4",
      "requirementText": "通过实验，验证机械能守恒定律。理解机械能守恒定律，体会守恒观念对认识物理规律的重要性。能用机械能守恒定律分析生产生活中的有关问题。"
    }
  },
  {
    "identifier": "urn:jy:physics:SB0401:OB06:ThemeL3:13",
    "title": "实验；曲线运动",
    "description": "通过实验，了解曲线运动，知道物体做曲线运动的条件。",
    "subject": "SB0401",
    "type": "ThemeL3",
    "applicableLevel": "OB06",
    "contentJson": {
      "themeL2": "urn:jy:physics:SB0401:OB06:ThemeL2:25",
      "themeL2Key": "2.2",
      "requirementIndex": "2.2.1",
      "requirementText": "通过实验，了解曲线运动，知道物体做曲线运动的条件。"
    }
  },
  {
    "identifier": "urn:jy:physics:SB0401:OB06:ThemeL3:14",
    "title": "实验；并认识平抛运动的规律。会用运动合成与分解的方法分析",
    "description": "通过实验，探究并认识平抛运动的规律。会用运动合成与分解的方法分析平抛运动。体会将复杂运动分解为简单运动的物理思想。能分析生产生活中的抛体运动。",
    "subject": "SB0401",
    "type": "ThemeL3",
    "applicableLevel": "OB06",
    "contentJson": {
      "themeL2": "urn:jy:physics:SB0401:OB06:ThemeL2:25",
      "themeL2Key": "2.2",
      "requirementIndex": "2.2.2",
      "requirementText": "通过实验，探究并认识平抛运动的规律。会用运动合成与分解的方法分析平抛运动。体会将复杂运动分解为简单运动的物理思想。能分析生产生活中的抛体运动。"
    }
  },
  {
    "identifier": "urn:jy:physics:SB0401:OB06:ThemeL3:15",
    "title": "用线速度、角速度、周期描述匀速圆周运动。知道匀速圆周运动",
    "description": "会用线速度、角速度、周期描述匀速圆周运动。知道匀速圆周运动向心加速度的大小和方向。通过实验，探究并了解匀速圆周运动向心力大小与半径、角速度、质量的关系。能用牛顿第二定律分析匀速圆周运动的向心力。了解生产生活中的离心现象及其产生的原因。",
    "subject": "SB0401",
    "type": "ThemeL3",
    "applicableLevel": "OB06",
    "contentJson": {
      "themeL2": "urn:jy:physics:SB0401:OB06:ThemeL2:25",
      "themeL2Key": "2.2",
      "requirementIndex": "2.2.3",
      "requirementText": "会用线速度、角速度、周期描述匀速圆周运动。知道匀速圆周运动向心加速度的大小和方向。通过实验，探究并了解匀速圆周运动向心力大小与半径、角速度、质量的关系。能用牛顿第二定律分析匀速圆周运动的向心力。了解生产生活中的离心现象及其产生的原因。"
    }
  },
  {
    "identifier": "urn:jy:physics:SB0401:OB06:ThemeL3:16",
    "title": "史实；万有引力定律的发现过程。知道万有引力定律。认识发现",
    "description": "通过史实，了解万有引力定律的发现过程。知道万有引力定律。认识发现万有引力定律的重要意义。认识科学定律对人类探索未知世界的作用。",
    "subject": "SB0401",
    "type": "ThemeL3",
    "applicableLevel": "OB06",
    "contentJson": {
      "themeL2": "urn:jy:physics:SB0401:OB06:ThemeL2:25",
      "themeL2Key": "2.2",
      "requirementIndex": "2.2.4",
      "requirementText": "通过史实，了解万有引力定律的发现过程。知道万有引力定律。认识发现万有引力定律的重要意义。认识科学定律对人类探索未知世界的作用。"
    }
  },
  {
    "identifier": "urn:jy:physics:SB0401:OB06:ThemeL3:17",
    "title": "计算人造地球卫星的环绕速度。知道第二宇宙速度和第三宇宙速",
    "description": "会计算人造地球卫星的环绕速度。知道第二宇宙速度和第三宇宙速度。",
    "subject": "SB0401",
    "type": "ThemeL3",
    "applicableLevel": "OB06",
    "contentJson": {
      "themeL2": "urn:jy:physics:SB0401:OB06:ThemeL2:25",
      "themeL2Key": "2.2",
      "requirementIndex": "2.2.5",
      "requirementText": "会计算人造地球卫星的环绕速度。知道第二宇宙速度和第三宇宙速度。"
    }
  },
  {
    "identifier": "urn:jy:physics:SB0401:OB06:ThemeL3:18",
    "title": "牛顿力学的局限性；体会人类对自然界的探索是不断深入的",
    "description": "知道牛顿力学的局限性，体会人类对自然界的探索是不断深入的。",
    "subject": "SB0401",
    "type": "ThemeL3",
    "applicableLevel": "OB06",
    "contentJson": {
      "themeL2": "urn:jy:physics:SB0401:OB06:ThemeL2:26",
      "themeL2Key": "2.3",
      "requirementIndex": "2.3.1",
      "requirementText": "知道牛顿力学的局限性，体会人类对自然界的探索是不断深入的。"
    }
  },
  {
    "identifier": "urn:jy:physics:SB0401:OB06:ThemeL3:19",
    "title": "初步了解相对论时空观",
    "description": "初步了解相对论时空观",
    "subject": "SB0401",
    "type": "ThemeL3",
    "applicableLevel": "OB06",
    "contentJson": {
      "themeL2": "urn:jy:physics:SB0401:OB06:ThemeL2:26",
      "themeL2Key": "2.3",
      "requirementIndex": "2.3.2",
      "requirementText": "初步了解相对论时空观"
    }
  },
  {
    "identifier": "urn:jy:physics:SB0401:OB06:ThemeL3:20",
    "title": "关注宇宙起源和演化的研究进展",
    "description": "关注宇宙起源和演化的研究进展",
    "subject": "SB0401",
    "type": "ThemeL3",
    "applicableLevel": "OB06",
    "contentJson": {
      "themeL2": "urn:jy:physics:SB0401:OB06:ThemeL2:26",
      "themeL2Key": "2.3",
      "requirementIndex": "2.3.3",
      "requirementText": "关注宇宙起源和演化的研究进展"
    }
  },
  {
    "identifier": "urn:jy:physics:SB0401:OB06:ThemeL3:21",
    "title": "实验；静电现象。能用原子结构模型和电荷守恒的知识分析静电",
    "description": "通过实验，了解静电现象。能用原子结构模型和电荷守恒的知识分析静电现象。",
    "subject": "SB0401",
    "type": "ThemeL3",
    "applicableLevel": "OB06",
    "contentJson": {
      "themeL2": "urn:jy:physics:SB0401:OB06:ThemeL2:28",
      "themeL2Key": "3.1",
      "requirementIndex": "3.1.1",
      "requirementText": "通过实验，了解静电现象。能用原子结构模型和电荷守恒的知识分析静电现象。"
    }
  },
  {
    "identifier": "urn:jy:physics:SB0401:OB06:ThemeL3:22",
    "title": "点电荷模型。知道两个点电荷间相互作用的规律。体会探究库仑",
    "description": "知道点电荷模型。知道两个点电荷间相互作用的规律。体会探究库仑定律过程中的科学思想和方法。",
    "subject": "SB0401",
    "type": "ThemeL3",
    "applicableLevel": "OB06",
    "contentJson": {
      "themeL2": "urn:jy:physics:SB0401:OB06:ThemeL2:28",
      "themeL2Key": "3.1",
      "requirementIndex": "3.1.2",
      "requirementText": "知道点电荷模型。知道两个点电荷间相互作用的规律。体会探究库仑定律过程中的科学思想和方法。"
    }
  },
  {
    "identifier": "urn:jy:physics:SB0401:OB06:ThemeL3:23",
    "title": "电场是一种物质。了解电场强度；体会用物理量之比定义新物理",
    "description": "知道电场是一种物质。了解电场强度，体会用物理量之比定义新物理量的方法。会用电场线描述电场。",
    "subject": "SB0401",
    "type": "ThemeL3",
    "applicableLevel": "OB06",
    "contentJson": {
      "themeL2": "urn:jy:physics:SB0401:OB06:ThemeL2:28",
      "themeL2Key": "3.1",
      "requirementIndex": "3.1.3",
      "requirementText": "知道电场是一种物质。了解电场强度，体会用物理量之比定义新物理量的方法。会用电场线描述电场。"
    }
  },
  {
    "identifier": "urn:jy:physics:SB0401:OB06:ThemeL3:24",
    "title": "生产生活中关于静电的利用与防护",
    "description": "了解生产生活中关于静电的利用与防护。",
    "subject": "SB0401",
    "type": "ThemeL3",
    "applicableLevel": "OB06",
    "contentJson": {
      "themeL2": "urn:jy:physics:SB0401:OB06:ThemeL2:28",
      "themeL2Key": "3.1",
      "requirementIndex": "3.1.4",
      "requirementText": "了解生产生活中关于静电的利用与防护。"
    }
  },
  {
    "identifier": "urn:jy:physics:SB0401:OB06:ThemeL3:25",
    "title": "静电场中的电荷具有电势能。了解电势能、电势和电势差的含义",
    "description": "知道静电场中的电荷具有电势能。了解电势能、电势和电势差的含义。知道匀强电场中电势差与电场强度的关系。能分析带电粒子在电场中的运动情况，能解释相关的物理现象。",
    "subject": "SB0401",
    "type": "ThemeL3",
    "applicableLevel": "OB06",
    "contentJson": {
      "themeL2": "urn:jy:physics:SB0401:OB06:ThemeL2:28",
      "themeL2Key": "3.1",
      "requirementIndex": "3.1.5",
      "requirementText": "知道静电场中的电荷具有电势能。了解电势能、电势和电势差的含义。知道匀强电场中电势差与电场强度的关系。能分析带电粒子在电场中的运动情况，能解释相关的物理现象。"
    }
  },
  {
    "identifier": "urn:jy:physics:SB0401:OB06:ThemeL3:26",
    "title": "观察常见的电容器；电容器的电容",
    "description": "观察常见的电容器，了解电容器的电容，观察电容器的充、放电现象。能举例说明电容器的应用。",
    "subject": "SB0401",
    "type": "ThemeL3",
    "applicableLevel": "OB06",
    "contentJson": {
      "themeL2": "urn:jy:physics:SB0401:OB06:ThemeL2:28",
      "themeL2Key": "3.1",
      "requirementIndex": "3.1.6",
      "requirementText": "观察常见的电容器，了解电容器的电容，观察电容器的充、放电现象。能举例说明电容器的应用。"
    }
  },
  {
    "identifier": "urn:jy:physics:SB0401:OB06:ThemeL3:27",
    "title": "观察并能识别常见的电路元器件；它们在电路中的作用。会使用",
    "description": "观察并能识别常见的电路元器件，了解它们在电路中的作用。会使用多用电表。",
    "subject": "SB0401",
    "type": "ThemeL3",
    "applicableLevel": "OB06",
    "contentJson": {
      "themeL2": "urn:jy:physics:SB0401:OB06:ThemeL2:29",
      "themeL2Key": "3.2",
      "requirementIndex": "3.2.1",
      "requirementText": "观察并能识别常见的电路元器件，了解它们在电路中的作用。会使用多用电表。"
    }
  },
  {
    "identifier": "urn:jy:physics:SB0401:OB06:ThemeL3:28",
    "title": "实验；并了解金属导体的电阻与材料、长度和横截面积的定量关",
    "description": "通过实验，探究并了解金属导体的电阻与材料、长度和横截面积的定量关系。会测量金属丝的电阻率。",
    "subject": "SB0401",
    "type": "ThemeL3",
    "applicableLevel": "OB06",
    "contentJson": {
      "themeL2": "urn:jy:physics:SB0401:OB06:ThemeL2:29",
      "themeL2Key": "3.2",
      "requirementIndex": "3.2.2",
      "requirementText": "通过实验，探究并了解金属导体的电阻与材料、长度和横截面积的定量关系。会测量金属丝的电阻率。"
    }
  },
  {
    "identifier": "urn:jy:physics:SB0401:OB06:ThemeL3:29",
    "title": "串、并联电路电阻的特点",
    "description": "了解串、并联电路电阻的特点。",
    "subject": "SB0401",
    "type": "ThemeL3",
    "applicableLevel": "OB06",
    "contentJson": {
      "themeL2": "urn:jy:physics:SB0401:OB06:ThemeL2:29",
      "themeL2Key": "3.2",
      "requirementIndex": "3.2.3",
      "requirementText": "了解串、并联电路电阻的特点。"
    }
  },
  {
    "identifier": "urn:jy:physics:SB0401:OB06:ThemeL3:30",
    "title": "闭合电路欧姆定律。会测量电源的电动势和内阻",
    "description": "理解闭合电路欧姆定律。会测量电源的电动势和内阻。",
    "subject": "SB0401",
    "type": "ThemeL3",
    "applicableLevel": "OB06",
    "contentJson": {
      "themeL2": "urn:jy:physics:SB0401:OB06:ThemeL2:29",
      "themeL2Key": "3.2",
      "requirementIndex": "3.2.4",
      "requirementText": "理解闭合电路欧姆定律。会测量电源的电动势和内阻。"
    }
  },
  {
    "identifier": "urn:jy:physics:SB0401:OB06:ThemeL3:31",
    "title": "电功、电功率及焦耳定律；用焦耳定律解释生产生活",
    "description": "理解电功、电功率及焦耳定律，能用焦耳定律解释生产生活",
    "subject": "SB0401",
    "type": "ThemeL3",
    "applicableLevel": "OB06",
    "contentJson": {
      "themeL2": "urn:jy:physics:SB0401:OB06:ThemeL2:29",
      "themeL2Key": "3.2",
      "requirementIndex": "3.2.5",
      "requirementText": "理解电功、电功率及焦耳定律，能用焦耳定律解释生产生活"
    }
  },
  {
    "identifier": "urn:jy:physics:SB0401:OB06:ThemeL3:32",
    "title": "分析和解决家庭电路中的简单问题；将安全用电和节约用电的知",
    "description": "能分析和解决家庭电路中的简单问题，能将安全用电和节约用电的知识应用于生活实际。",
    "subject": "SB0401",
    "type": "ThemeL3",
    "applicableLevel": "OB06",
    "contentJson": {
      "themeL2": "urn:jy:physics:SB0401:OB06:ThemeL2:29",
      "themeL2Key": "3.2",
      "requirementIndex": "3.2.6",
      "requirementText": "能分析和解决家庭电路中的简单问题，能将安全用电和节约用电的知识应用于生活实际。"
    }
  },
  {
    "identifier": "urn:jy:physics:SB0401:OB06:ThemeL3:33",
    "title": "列举磁现象在生产生活中的应用。了解我国古代在磁现象方面的",
    "description": "能列举磁现象在生产生活中的应用。了解我国古代在磁现象方面的研究成果及其对人类文明的影响。关注与磁相关的现代技术发展。",
    "subject": "SB0401",
    "type": "ThemeL3",
    "applicableLevel": "OB06",
    "contentJson": {
      "themeL2": "urn:jy:physics:SB0401:OB06:ThemeL2:30",
      "themeL2Key": "3.3",
      "requirementIndex": "3.3.1",
      "requirementText": "能列举磁现象在生产生活中的应用。了解我国古代在磁现象方面的研究成果及其对人类文明的影响。关注与磁相关的现代技术发展。"
    }
  },
  {
    "identifier": "urn:jy:physics:SB0401:OB06:ThemeL3:34",
    "title": "实验；磁场。了解磁感应强度",
    "description": "通过实验，认识磁场。了解磁感应强度，会用磁感线描述磁场。体会物理模型在探索自然规律中的作用。",
    "subject": "SB0401",
    "type": "ThemeL3",
    "applicableLevel": "OB06",
    "contentJson": {
      "themeL2": "urn:jy:physics:SB0401:OB06:ThemeL2:30",
      "themeL2Key": "3.3",
      "requirementIndex": "3.3.2",
      "requirementText": "通过实验，认识磁场。了解磁感应强度，会用磁感线描述磁场。体会物理模型在探索自然规律中的作用。"
    }
  },
  {
    "identifier": "urn:jy:physics:SB0401:OB06:ThemeL3:35",
    "title": "磁通量。通过实验；电磁感应现象",
    "description": "知道磁通量。通过实验，了解电磁感应现象，了解产生感应电流的条件。知道电磁感应现象的应用及其对现代社会的影响。",
    "subject": "SB0401",
    "type": "ThemeL3",
    "applicableLevel": "OB06",
    "contentJson": {
      "themeL2": "urn:jy:physics:SB0401:OB06:ThemeL2:30",
      "themeL2Key": "3.3",
      "requirementIndex": "3.3.3",
      "requirementText": "知道磁通量。通过实验，了解电磁感应现象，了解产生感应电流的条件。知道电磁感应现象的应用及其对现代社会的影响。"
    }
  },
  {
    "identifier": "urn:jy:physics:SB0401:OB06:ThemeL3:36",
    "title": "实验；电磁波",
    "description": "通过实验，了解电磁波，知道电磁场的物质性。",
    "subject": "SB0401",
    "type": "ThemeL3",
    "applicableLevel": "OB06",
    "contentJson": {
      "themeL2": "urn:jy:physics:SB0401:OB06:ThemeL2:30",
      "themeL2Key": "3.3",
      "requirementIndex": "3.3.4",
      "requirementText": "通过实验，了解电磁波，知道电磁场的物质性。"
    }
  },
  {
    "identifier": "urn:jy:physics:SB0401:OB06:ThemeL3:37",
    "title": "实例；电磁波的应用及其带来的影响",
    "description": "通过实例，了解电磁波的应用及其带来的影响。",
    "subject": "SB0401",
    "type": "ThemeL3",
    "applicableLevel": "OB06",
    "contentJson": {
      "themeL2": "urn:jy:physics:SB0401:OB06:ThemeL2:30",
      "themeL2Key": "3.3",
      "requirementIndex": "3.3.5",
      "requirementText": "通过实例，了解电磁波的应用及其带来的影响。"
    }
  },
  {
    "identifier": "urn:jy:physics:SB0401:OB06:ThemeL3:38",
    "title": "光是一种电磁波。知道光的能量是不连续的。初步了解微观世界",
    "description": "知道光是一种电磁波。知道光的能量是不连续的。初步了解微观世界的量子化特征。",
    "subject": "SB0401",
    "type": "ThemeL3",
    "applicableLevel": "OB06",
    "contentJson": {
      "themeL2": "urn:jy:physics:SB0401:OB06:ThemeL2:30",
      "themeL2Key": "3.3",
      "requirementIndex": "3.3.6",
      "requirementText": "知道光是一种电磁波。知道光的能量是不连续的。初步了解微观世界的量子化特征。"
    }
  },
  {
    "identifier": "urn:jy:physics:SB0401:OB06:ThemeL3:39",
    "title": "水能、风能、太阳能和核能的方式。初步了解核裂变与核聚变",
    "description": "了解利用水能、风能、太阳能和核能的方式。初步了解核裂变与核聚变。",
    "subject": "SB0401",
    "type": "ThemeL3",
    "applicableLevel": "OB06",
    "contentJson": {
      "themeL2": "urn:jy:physics:SB0401:OB06:ThemeL2:31",
      "themeL2Key": "3.4",
      "requirementIndex": "3.4.1",
      "requirementText": "了解利用水能、风能、太阳能和核能的方式。初步了解核裂变与核聚变。"
    }
  },
  {
    "identifier": "urn:jy:physics:SB0401:OB06:ThemeL3:40",
    "title": "不同形式的能量可互相转化；转化过程中能量总量保持不变",
    "description": "知道不同形式的能量可互相转化，在转化过程中能量总量保持不变，能量转化是有方向性的。",
    "subject": "SB0401",
    "type": "ThemeL3",
    "applicableLevel": "OB06",
    "contentJson": {
      "themeL2": "urn:jy:physics:SB0401:OB06:ThemeL2:31",
      "themeL2Key": "3.4",
      "requirementIndex": "3.4.2",
      "requirementText": "知道不同形式的能量可互相转化，在转化过程中能量总量保持不变，能量转化是有方向性的。"
    }
  },
  {
    "identifier": "urn:jy:physics:SB0401:OB06:ThemeL3:41",
    "title": "可再生能源和不可再生能源的分类；能源的过度开发和利用对环",
    "description": "了解可再生能源和不可再生能源的分类，认识能源的过度开发和利用对环境的影响。",
    "subject": "SB0401",
    "type": "ThemeL3",
    "applicableLevel": "OB06",
    "contentJson": {
      "themeL2": "urn:jy:physics:SB0401:OB06:ThemeL2:31",
      "themeL2Key": "3.4",
      "requirementIndex": "3.4.3",
      "requirementText": "了解可再生能源和不可再生能源的分类，认识能源的过度开发和利用对环境的影响。"
    }
  },
  {
    "identifier": "urn:jy:physics:SB0401:OB06:ThemeL3:42",
    "title": "环境污染的危害；科学、技术、社会及环境协调发展的重要性",
    "description": "认识环境污染的危害，了解科学、技术、社会及环境协调发展的重要性，具有环境保护的意识和行为。",
    "subject": "SB0401",
    "type": "ThemeL3",
    "applicableLevel": "OB06",
    "contentJson": {
      "themeL2": "urn:jy:physics:SB0401:OB06:ThemeL2:31",
      "themeL2Key": "3.4",
      "requirementIndex": "3.4.4",
      "requirementText": "认识环境污染的危害，了解科学、技术、社会及环境协调发展的重要性，具有环境保护的意识和行为。"
    }
  },
  {
    "identifier": "urn:jy:physics:SB0401:OB06:ThemeL3:43",
    "title": "冲量和动量。通过理论推导和实验；动量定理和动量守恒定律",
    "description": "理解冲量和动量。通过理论推导和实验，理解动量定理和动量守恒定律，能用其解释生产生活中的有关现象。知道动量守恒定律的普适性。",
    "subject": "SB0401",
    "type": "ThemeL3",
    "applicableLevel": "OB06",
    "contentJson": {
      "themeL2": "urn:jy:physics:SB0401:OB06:ThemeL2:21",
      "themeL2Key": "1.1",
      "requirementIndex": "1.1.1",
      "requirementText": "理解冲量和动量。通过理论推导和实验，理解动量定理和动量守恒定律，能用其解释生产生活中的有关现象。知道动量守恒定律的普适性。"
    }
  },
  {
    "identifier": "urn:jy:physics:SB0401:OB06:ThemeL3:44",
    "title": "实验；弹性碰撞和非弹性碰撞的特点。定量分析一维碰撞问题并",
    "description": "通过实验，了解弹性碰撞和非弹性碰撞的特点。定量分析一维碰撞问题并能解释生产生活中的弹性碰撞和非弹性碰撞现象。",
    "subject": "SB0401",
    "type": "ThemeL3",
    "applicableLevel": "OB06",
    "contentJson": {
      "themeL2": "urn:jy:physics:SB0401:OB06:ThemeL2:21",
      "themeL2Key": "1.1",
      "requirementIndex": "1.1.2",
      "requirementText": "通过实验，了解弹性碰撞和非弹性碰撞的特点。定量分析一维碰撞问题并能解释生产生活中的弹性碰撞和非弹性碰撞现象。"
    }
  },
  {
    "identifier": "urn:jy:physics:SB0401:OB06:ThemeL3:45",
    "title": "体会用守恒定律分析物理问题的方法；体会自然界的和谐与统一",
    "description": "体会用守恒定律分析物理问题的方法，体会自然界的和谐与统一。",
    "subject": "SB0401",
    "type": "ThemeL3",
    "applicableLevel": "OB06",
    "contentJson": {
      "themeL2": "urn:jy:physics:SB0401:OB06:ThemeL2:21",
      "themeL2Key": "1.1",
      "requirementIndex": "1.1.3",
      "requirementText": "体会用守恒定律分析物理问题的方法，体会自然界的和谐与统一。"
    }
  },
  {
    "identifier": "urn:jy:physics:SB0401:OB06:ThemeL3:46",
    "title": "实验；简谐运动的特征。能用公式和图像描述简谐运动",
    "description": "通过实验，认识简谐运动的特征。能用公式和图像描述简谐运动。",
    "subject": "SB0401",
    "type": "ThemeL3",
    "applicableLevel": "OB06",
    "contentJson": {
      "themeL2": "urn:jy:physics:SB0401:OB06:ThemeL2:22",
      "themeL2Key": "1.2",
      "requirementIndex": "1.2.1",
      "requirementText": "通过实验，认识简谐运动的特征。能用公式和图像描述简谐运动。"
    }
  },
  {
    "identifier": "urn:jy:physics:SB0401:OB06:ThemeL3:47",
    "title": "实验；单摆的周期与摆长的定量关系。知道单摆周期与摆长、重",
    "description": "通过实验，探究单摆的周期与摆长的定量关系。知道单摆周期与摆长、重力加速度的关系。会用单摆测量重力加速度的大小。",
    "subject": "SB0401",
    "type": "ThemeL3",
    "applicableLevel": "OB06",
    "contentJson": {
      "themeL2": "urn:jy:physics:SB0401:OB06:ThemeL2:22",
      "themeL2Key": "1.2",
      "requirementIndex": "1.2.2",
      "requirementText": "通过实验，探究单摆的周期与摆长的定量关系。知道单摆周期与摆长、重力加速度的关系。会用单摆测量重力加速度的大小。"
    }
  },
  {
    "identifier": "urn:jy:physics:SB0401:OB06:ThemeL3:48",
    "title": "实验；受迫振动的特点。了解产生共振的条件及其应用",
    "description": "通过实验，认识受迫振动的特点。了解产生共振的条件及其应用。",
    "subject": "SB0401",
    "type": "ThemeL3",
    "applicableLevel": "OB06",
    "contentJson": {
      "themeL2": "urn:jy:physics:SB0401:OB06:ThemeL2:22",
      "themeL2Key": "1.2",
      "requirementIndex": "1.2.3",
      "requirementText": "通过实验，认识受迫振动的特点。了解产生共振的条件及其应用。"
    }
  },
  {
    "identifier": "urn:jy:physics:SB0401:OB06:ThemeL3:49",
    "title": "观察；波的特征。能区别横波和纵波。能用图像描述横波。理解",
    "description": "通过观察，认识波的特征。能区别横波和纵波。能用图像描述横波。理解波速、波长和频率的关系。",
    "subject": "SB0401",
    "type": "ThemeL3",
    "applicableLevel": "OB06",
    "contentJson": {
      "themeL2": "urn:jy:physics:SB0401:OB06:ThemeL2:22",
      "themeL2Key": "1.2",
      "requirementIndex": "1.2.4",
      "requirementText": "通过观察，认识波的特征。能区别横波和纵波。能用图像描述横波。理解波速、波长和频率的关系。"
    }
  },
  {
    "identifier": "urn:jy:physics:SB0401:OB06:ThemeL3:50",
    "title": "波的反射和折射现象。通过实验；波的干涉与衍射现象",
    "description": "知道波的反射和折射现象。通过实验，了解波的干涉与衍射现象。",
    "subject": "SB0401",
    "type": "ThemeL3",
    "applicableLevel": "OB06",
    "contentJson": {
      "themeL2": "urn:jy:physics:SB0401:OB06:ThemeL2:22",
      "themeL2Key": "1.2",
      "requirementIndex": "1.2.5",
      "requirementText": "知道波的反射和折射现象。通过实验，了解波的干涉与衍射现象。"
    }
  },
  {
    "identifier": "urn:jy:physics:SB0401:OB06:ThemeL3:51",
    "title": "实验；多普勒效应。能解释多普勒效应产生的原因。能列举多普",
    "description": "通过实验，认识多普勒效应。能解释多普勒效应产生的原因。能列举多普勒效应的应用实例。",
    "subject": "SB0401",
    "type": "ThemeL3",
    "applicableLevel": "OB06",
    "contentJson": {
      "themeL2": "urn:jy:physics:SB0401:OB06:ThemeL2:22",
      "themeL2Key": "1.2",
      "requirementIndex": "1.2.6",
      "requirementText": "通过实验，认识多普勒效应。能解释多普勒效应产生的原因。能列举多普勒效应的应用实例。"
    }
  },
  {
    "identifier": "urn:jy:physics:SB0401:OB06:ThemeL3:52",
    "title": "实验；光的折射定律。会测量材料的折射率",
    "description": "通过实验，理解光的折射定律。会测量材料的折射率。",
    "subject": "SB0401",
    "type": "ThemeL3",
    "applicableLevel": "OB06",
    "contentJson": {
      "themeL2": "urn:jy:physics:SB0401:OB06:ThemeL2:23",
      "themeL2Key": "1.3",
      "requirementIndex": "1.3.1",
      "requirementText": "通过实验，理解光的折射定律。会测量材料的折射率。"
    }
  },
  {
    "identifier": "urn:jy:physics:SB0401:OB06:ThemeL3:53",
    "title": "光的全反射现象及其产生的条件。初步了解光纤的工作",
    "description": "知道光的全反射现象及其产生的条件。初步了解光纤的工作",
    "subject": "SB0401",
    "type": "ThemeL3",
    "applicableLevel": "OB06",
    "contentJson": {
      "themeL2": "urn:jy:physics:SB0401:OB06:ThemeL2:23",
      "themeL2Key": "1.3",
      "requirementIndex": "1.3.2",
      "requirementText": "知道光的全反射现象及其产生的条件。初步了解光纤的工作"
    }
  },
  {
    "identifier": "urn:jy:physics:SB0401:OB06:ThemeL3:54",
    "title": "观察光的干涉、衍射和偏振现象；这些现象产生的条件",
    "description": "观察光的干涉、衍射和偏振现象，了解这些现象产生的条件，知道其在生产生活中的应用。知道光是横波，会用双缝干涉实验测量光的波长。",
    "subject": "SB0401",
    "type": "ThemeL3",
    "applicableLevel": "OB06",
    "contentJson": {
      "themeL2": "urn:jy:physics:SB0401:OB06:ThemeL2:23",
      "themeL2Key": "1.3",
      "requirementIndex": "1.3.3",
      "requirementText": "观察光的干涉、衍射和偏振现象，了解这些现象产生的条件，知道其在生产生活中的应用。知道光是横波，会用双缝干涉实验测量光的波长。"
    }
  },
  {
    "identifier": "urn:jy:physics:SB0401:OB06:ThemeL3:55",
    "title": "实验；激光的特性。能举例说明激光技术在生产生活中的应用",
    "description": "通过实验，了解激光的特性。能举例说明激光技术在生产生活中的应用。",
    "subject": "SB0401",
    "type": "ThemeL3",
    "applicableLevel": "OB06",
    "contentJson": {
      "themeL2": "urn:jy:physics:SB0401:OB06:ThemeL2:23",
      "themeL2Key": "1.3",
      "requirementIndex": "1.3.4",
      "requirementText": "通过实验，了解激光的特性。能举例说明激光技术在生产生活中的应用。"
    }
  },
  {
    "identifier": "urn:jy:physics:SB0401:OB06:ThemeL3:56",
    "title": "实验；安培力。能判断安培力的方向",
    "description": "通过实验，认识安培力。能判断安培力的方向，会计算安培力的大小。了解安培力在生产生活中的应用。",
    "subject": "SB0401",
    "type": "ThemeL3",
    "applicableLevel": "OB06",
    "contentJson": {
      "themeL2": "urn:jy:physics:SB0401:OB06:ThemeL2:24",
      "themeL2Key": "2.1",
      "requirementIndex": "2.1.1",
      "requirementText": "通过实验，认识安培力。能判断安培力的方向，会计算安培力的大小。了解安培力在生产生活中的应用。"
    }
  },
  {
    "identifier": "urn:jy:physics:SB0401:OB06:ThemeL3:57",
    "title": "实验；洛伦兹力。能判断洛伦兹力的方向",
    "description": "通过实验，认识洛伦兹力。能判断洛伦兹力的方向，会计算洛伦兹力的大小。",
    "subject": "SB0401",
    "type": "ThemeL3",
    "applicableLevel": "OB06",
    "contentJson": {
      "themeL2": "urn:jy:physics:SB0401:OB06:ThemeL2:24",
      "themeL2Key": "2.1",
      "requirementIndex": "2.1.2",
      "requirementText": "通过实验，认识洛伦兹力。能判断洛伦兹力的方向，会计算洛伦兹力的大小。"
    }
  },
  {
    "identifier": "urn:jy:physics:SB0401:OB06:ThemeL3:58",
    "title": "用洛伦兹力分析带电粒子在匀强磁场中的圆周运动。了解带电粒",
    "description": "能用洛伦兹力分析带电粒子在匀强磁场中的圆周运动。了解带电粒子在匀强磁场中的偏转及其应用。",
    "subject": "SB0401",
    "type": "ThemeL3",
    "applicableLevel": "OB06",
    "contentJson": {
      "themeL2": "urn:jy:physics:SB0401:OB06:ThemeL2:24",
      "themeL2Key": "2.1",
      "requirementIndex": "2.1.3",
      "requirementText": "能用洛伦兹力分析带电粒子在匀强磁场中的圆周运动。了解带电粒子在匀强磁场中的偏转及其应用。"
    }
  },
  {
    "identifier": "urn:jy:physics:SB0401:OB06:ThemeL3:59",
    "title": "影响感应电流方向的因素；楞次定律",
    "description": "探究影响感应电流方向的因素，理解楞次定律。",
    "subject": "SB0401",
    "type": "ThemeL3",
    "applicableLevel": "OB06",
    "contentJson": {
      "themeL2": "urn:jy:physics:SB0401:OB06:ThemeL2:25",
      "themeL2Key": "2.2",
      "requirementIndex": "2.2.1",
      "requirementText": "探究影响感应电流方向的因素，理解楞次定律。"
    }
  },
  {
    "identifier": "urn:jy:physics:SB0401:OB06:ThemeL3:60",
    "title": "实验；法拉第电磁感应定律",
    "description": "通过实验，理解法拉第电磁感应定律。",
    "subject": "SB0401",
    "type": "ThemeL3",
    "applicableLevel": "OB06",
    "contentJson": {
      "themeL2": "urn:jy:physics:SB0401:OB06:ThemeL2:25",
      "themeL2Key": "2.2",
      "requirementIndex": "2.2.2",
      "requirementText": "通过实验，理解法拉第电磁感应定律。"
    }
  },
  {
    "identifier": "urn:jy:physics:SB0401:OB06:ThemeL3:61",
    "title": "实验；自感现象和涡流现象。能举例说明自感现象",
    "description": "通过实验，了解自感现象和涡流现象。能举例说明自感现象",
    "subject": "SB0401",
    "type": "ThemeL3",
    "applicableLevel": "OB06",
    "contentJson": {
      "themeL2": "urn:jy:physics:SB0401:OB06:ThemeL2:25",
      "themeL2Key": "2.2",
      "requirementIndex": "2.2.3",
      "requirementText": "通过实验，了解自感现象和涡流现象。能举例说明自感现象"
    }
  },
  {
    "identifier": "urn:jy:physics:SB0401:OB06:ThemeL3:62",
    "title": "实验；交变电流。能用公式和图像描述正弦交变电流",
    "description": "通过实验，认识交变电流。能用公式和图像描述正弦交变电流。",
    "subject": "SB0401",
    "type": "ThemeL3",
    "applicableLevel": "OB06",
    "contentJson": {
      "themeL2": "urn:jy:physics:SB0401:OB06:ThemeL2:25",
      "themeL2Key": "2.2",
      "requirementIndex": "2.2.4",
      "requirementText": "通过实验，认识交变电流。能用公式和图像描述正弦交变电流。"
    }
  },
  {
    "identifier": "urn:jy:physics:SB0401:OB06:ThemeL3:63",
    "title": "实验；并了解变压器原、副线圈电压与匝数的关系。知道远距离",
    "description": "通过实验，探究并了解变压器原、副线圈电压与匝数的关系。知道远距离输电时通常采用高压输电的原因。",
    "subject": "SB0401",
    "type": "ThemeL3",
    "applicableLevel": "OB06",
    "contentJson": {
      "themeL2": "urn:jy:physics:SB0401:OB06:ThemeL2:25",
      "themeL2Key": "2.2",
      "requirementIndex": "2.2.5",
      "requirementText": "通过实验，探究并了解变压器原、副线圈电压与匝数的关系。知道远距离输电时通常采用高压输电的原因。"
    }
  },
  {
    "identifier": "urn:jy:physics:SB0401:OB06:ThemeL3:64",
    "title": "发电机和电动机工作过程中的能量转化。认识电磁学在人类生活",
    "description": "了解发电机和电动机工作过程中的能量转化。认识电磁学在人类生活和社会发展中的作用。",
    "subject": "SB0401",
    "type": "ThemeL3",
    "applicableLevel": "OB06",
    "contentJson": {
      "themeL2": "urn:jy:physics:SB0401:OB06:ThemeL2:25",
      "themeL2Key": "2.2",
      "requirementIndex": "2.2.6",
      "requirementText": "了解发电机和电动机工作过程中的能量转化。认识电磁学在人类生活和社会发展中的作用。"
    }
  },
  {
    "identifier": "urn:jy:physics:SB0401:OB06:ThemeL3:65",
    "title": "初步了解麦克斯韦电磁场理论的基本思想；初步了解场的统一性",
    "description": "初步了解麦克斯韦电磁场理论的基本思想，初步了解场的统一性与多样性，体会物理学对统一性的追求。",
    "subject": "SB0401",
    "type": "ThemeL3",
    "applicableLevel": "OB06",
    "contentJson": {
      "themeL2": "urn:jy:physics:SB0401:OB06:ThemeL2:26",
      "themeL2Key": "2.3",
      "requirementIndex": "2.3.1",
      "requirementText": "初步了解麦克斯韦电磁场理论的基本思想，初步了解场的统一性与多样性，体会物理学对统一性的追求。"
    }
  },
  {
    "identifier": "urn:jy:physics:SB0401:OB06:ThemeL3:66",
    "title": "实验；电磁振荡",
    "description": "通过实验，了解电磁振荡。",
    "subject": "SB0401",
    "type": "ThemeL3",
    "applicableLevel": "OB06",
    "contentJson": {
      "themeL2": "urn:jy:physics:SB0401:OB06:ThemeL2:26",
      "themeL2Key": "2.3",
      "requirementIndex": "2.3.2",
      "requirementText": "通过实验，了解电磁振荡。"
    }
  },
  {
    "identifier": "urn:jy:physics:SB0401:OB06:ThemeL3:67",
    "title": "电磁波的发射、传播和接收",
    "description": "知道电磁波的发射、传播和接收。",
    "subject": "SB0401",
    "type": "ThemeL3",
    "applicableLevel": "OB06",
    "contentJson": {
      "themeL2": "urn:jy:physics:SB0401:OB06:ThemeL2:26",
      "themeL2Key": "2.3",
      "requirementIndex": "2.3.3",
      "requirementText": "知道电磁波的发射、传播和接收。"
    }
  },
  {
    "identifier": "urn:jy:physics:SB0401:OB06:ThemeL3:68",
    "title": "电磁波谱。知道各个波段的电磁波的名称、特征和典型应用",
    "description": "认识电磁波谱。知道各个波段的电磁波的名称、特征和典型应用。",
    "subject": "SB0401",
    "type": "ThemeL3",
    "applicableLevel": "OB06",
    "contentJson": {
      "themeL2": "urn:jy:physics:SB0401:OB06:ThemeL2:26",
      "themeL2Key": "2.3",
      "requirementIndex": "2.3.4",
      "requirementText": "认识电磁波谱。知道各个波段的电磁波的名称、特征和典型应用。"
    }
  },
  {
    "identifier": "urn:jy:physics:SB0401:OB06:ThemeL3:69",
    "title": "非电学量转换成电学量的技术意义",
    "description": "知道非电学量转换成电学量的技术意义。",
    "subject": "SB0401",
    "type": "ThemeL3",
    "applicableLevel": "OB06",
    "contentJson": {
      "themeL2": "urn:jy:physics:SB0401:OB06:ThemeL2:27",
      "themeL2Key": "2.4",
      "requirementIndex": "2.4.1",
      "requirementText": "知道非电学量转换成电学量的技术意义。"
    }
  },
  {
    "identifier": "urn:jy:physics:SB0401:OB06:ThemeL3:70",
    "title": "实验；常见传感器的工作原理。会利用传感器制作简单的自动控",
    "description": "通过实验，了解常见传感器的工作原理。会利用传感器制作简单的自动控制装置。",
    "subject": "SB0401",
    "type": "ThemeL3",
    "applicableLevel": "OB06",
    "contentJson": {
      "themeL2": "urn:jy:physics:SB0401:OB06:ThemeL2:27",
      "themeL2Key": "2.4",
      "requirementIndex": "2.4.2",
      "requirementText": "通过实验，了解常见传感器的工作原理。会利用传感器制作简单的自动控制装置。"
    }
  },
  {
    "identifier": "urn:jy:physics:SB0401:OB06:ThemeL3:71",
    "title": "列举传感器在生产生活中的应用",
    "description": "列举传感器在生产生活中的应用",
    "subject": "SB0401",
    "type": "ThemeL3",
    "applicableLevel": "OB06",
    "contentJson": {
      "themeL2": "urn:jy:physics:SB0401:OB06:ThemeL2:27",
      "themeL2Key": "2.4",
      "requirementIndex": "2.4.3",
      "requirementText": "列举传感器在生产生活中的应用"
    }
  },
  {
    "identifier": "urn:jy:physics:SB0401:OB06:ThemeL3:72",
    "title": "实验；估测油酸分子的大小。了解分子动理论的基本观点及相关",
    "description": "通过实验，估测油酸分子的大小。了解分子动理论的基本观点及相关的实验证据。",
    "subject": "SB0401",
    "type": "ThemeL3",
    "applicableLevel": "OB06",
    "contentJson": {
      "themeL2": "urn:jy:physics:SB0401:OB06:ThemeL2:28",
      "themeL2Key": "3.1",
      "requirementIndex": "3.1.1",
      "requirementText": "通过实验，估测油酸分子的大小。了解分子动理论的基本观点及相关的实验证据。"
    }
  },
  {
    "identifier": "urn:jy:physics:SB0401:OB06:ThemeL3:73",
    "title": "实验；扩散现象。观察并解释布朗运动。了解分子运动速率分布",
    "description": "通过实验，了解扩散现象。观察并解释布朗运动。了解分子运动速率分布的统计规律，知道分子运动速率分布图像的物理意义。",
    "subject": "SB0401",
    "type": "ThemeL3",
    "applicableLevel": "OB06",
    "contentJson": {
      "themeL2": "urn:jy:physics:SB0401:OB06:ThemeL2:28",
      "themeL2Key": "3.1",
      "requirementIndex": "3.1.2",
      "requirementText": "通过实验，了解扩散现象。观察并解释布朗运动。了解分子运动速率分布的统计规律，知道分子运动速率分布图像的物理意义。"
    }
  },
  {
    "identifier": "urn:jy:physics:SB0401:OB06:ThemeL3:74",
    "title": "固体的微观结构。知道晶体和非晶体的特点。能列举生活中的晶",
    "description": "了解固体的微观结构。知道晶体和非晶体的特点。能列举生活中的晶体和非晶体。通过实例，了解液晶的主要性质及其在显示技术中的应用。",
    "subject": "SB0401",
    "type": "ThemeL3",
    "applicableLevel": "OB06",
    "contentJson": {
      "themeL2": "urn:jy:physics:SB0401:OB06:ThemeL2:28",
      "themeL2Key": "3.1",
      "requirementIndex": "3.1.3",
      "requirementText": "了解固体的微观结构。知道晶体和非晶体的特点。能列举生活中的晶体和非晶体。通过实例，了解液晶的主要性质及其在显示技术中的应用。"
    }
  },
  {
    "identifier": "urn:jy:physics:SB0401:OB06:ThemeL3:75",
    "title": "材料科学的有关知识及应用；体会它们的发展对人类生活和社会",
    "description": "了解材料科学的有关知识及应用，体会它们的发展对人类生活和社会发展的影响。",
    "subject": "SB0401",
    "type": "ThemeL3",
    "applicableLevel": "OB06",
    "contentJson": {
      "themeL2": "urn:jy:physics:SB0401:OB06:ThemeL2:28",
      "themeL2Key": "3.1",
      "requirementIndex": "3.1.4",
      "requirementText": "了解材料科学的有关知识及应用，体会它们的发展对人类生活和社会发展的影响。"
    }
  },
  {
    "identifier": "urn:jy:physics:SB0401:OB06:ThemeL3:76",
    "title": "观察液体的表面张力现象。了解表面张力产生的原因。知道毛细",
    "description": "观察液体的表面张力现象。了解表面张力产生的原因。知道毛细现象。",
    "subject": "SB0401",
    "type": "ThemeL3",
    "applicableLevel": "OB06",
    "contentJson": {
      "themeL2": "urn:jy:physics:SB0401:OB06:ThemeL2:28",
      "themeL2Key": "3.1",
      "requirementIndex": "3.1.5",
      "requirementText": "观察液体的表面张力现象。了解表面张力产生的原因。知道毛细现象。"
    }
  },
  {
    "identifier": "urn:jy:physics:SB0401:OB06:ThemeL3:77",
    "title": "实验；气体实验定律。知道理想气体模型。能用分子动理论和统",
    "description": "通过实验，了解气体实验定律。知道理想气体模型。能用分子动理论和统计观点解释气体压强和气体实验定律。",
    "subject": "SB0401",
    "type": "ThemeL3",
    "applicableLevel": "OB06",
    "contentJson": {
      "themeL2": "urn:jy:physics:SB0401:OB06:ThemeL2:28",
      "themeL2Key": "3.1",
      "requirementIndex": "3.1.6",
      "requirementText": "通过实验，了解气体实验定律。知道理想气体模型。能用分子动理论和统计观点解释气体压强和气体实验定律。"
    }
  },
  {
    "identifier": "urn:jy:physics:SB0401:OB06:ThemeL3:78",
    "title": "热力学第一定律。通过有关史实；热力学第一定律和能量守恒定",
    "description": "知道热力学第一定律。通过有关史实，了解热力学第一定律和能量守恒定律的发现过程，体会科学探索中的挫折和失败对科学发现的意义。",
    "subject": "SB0401",
    "type": "ThemeL3",
    "applicableLevel": "OB06",
    "contentJson": {
      "themeL2": "urn:jy:physics:SB0401:OB06:ThemeL2:29",
      "themeL2Key": "3.2",
      "requirementIndex": "3.2.1",
      "requirementText": "知道热力学第一定律。通过有关史实，了解热力学第一定律和能量守恒定律的发现过程，体会科学探索中的挫折和失败对科学发现的意义。"
    }
  },
  {
    "identifier": "urn:jy:physics:SB0401:OB06:ThemeL3:79",
    "title": "能量守恒定律；用能量守恒的观点解释自然现象。体会能量守恒",
    "description": "理解能量守恒定律，能用能量守恒的观点解释自然现象。体会能量守恒定律是最基本、最普遍的自然规律之一。",
    "subject": "SB0401",
    "type": "ThemeL3",
    "applicableLevel": "OB06",
    "contentJson": {
      "themeL2": "urn:jy:physics:SB0401:OB06:ThemeL2:29",
      "themeL2Key": "3.2",
      "requirementIndex": "3.2.2",
      "requirementText": "理解能量守恒定律，能用能量守恒的观点解释自然现象。体会能量守恒定律是最基本、最普遍的自然规律之一。"
    }
  },
  {
    "identifier": "urn:jy:physics:SB0401:OB06:ThemeL3:80",
    "title": "自然界中宏观过程的方向性；热力学第二定律",
    "description": "通过自然界中宏观过程的方向性，了解热力学第二定律。",
    "subject": "SB0401",
    "type": "ThemeL3",
    "applicableLevel": "OB06",
    "contentJson": {
      "themeL2": "urn:jy:physics:SB0401:OB06:ThemeL2:29",
      "themeL2Key": "3.2",
      "requirementIndex": "3.2.3",
      "requirementText": "通过自然界中宏观过程的方向性，了解热力学第二定律。"
    }
  },
  {
    "identifier": "urn:jy:physics:SB0401:OB06:ThemeL3:81",
    "title": "人类探索原子及其结构的历史。知道原子的核式结构模型。通过",
    "description": "了解人类探索原子及其结构的历史。知道原子的核式结构模型。通过对氢原子光谱的分析，了解原子的能级结构。",
    "subject": "SB0401",
    "type": "ThemeL3",
    "applicableLevel": "OB06",
    "contentJson": {
      "themeL2": "urn:jy:physics:SB0401:OB06:ThemeL2:30",
      "themeL2Key": "3.3",
      "requirementIndex": "3.3.1",
      "requirementText": "了解人类探索原子及其结构的历史。知道原子的核式结构模型。通过对氢原子光谱的分析，了解原子的能级结构。"
    }
  },
  {
    "identifier": "urn:jy:physics:SB0401:OB06:ThemeL3:82",
    "title": "原子核的组成和核力的性质。知道四种基本相互作用。能根据质",
    "description": "了解原子核的组成和核力的性质。知道四种基本相互作用。能根据质量数守恒和电荷守恒写出核反应方程。",
    "subject": "SB0401",
    "type": "ThemeL3",
    "applicableLevel": "OB06",
    "contentJson": {
      "themeL2": "urn:jy:physics:SB0401:OB06:ThemeL2:30",
      "themeL2Key": "3.3",
      "requirementIndex": "3.3.2",
      "requirementText": "了解原子核的组成和核力的性质。知道四种基本相互作用。能根据质量数守恒和电荷守恒写出核反应方程。"
    }
  },
  {
    "identifier": "urn:jy:physics:SB0401:OB06:ThemeL3:83",
    "title": "放射性和原子核衰变。知道半衰期及其统计意义。了解放射性同",
    "description": "了解放射性和原子核衰变。知道半衰期及其统计意义。了解放射性同位素的应用，知道射线的危害与防护。",
    "subject": "SB0401",
    "type": "ThemeL3",
    "applicableLevel": "OB06",
    "contentJson": {
      "themeL2": "urn:jy:physics:SB0401:OB06:ThemeL2:30",
      "themeL2Key": "3.3",
      "requirementIndex": "3.3.3",
      "requirementText": "了解放射性和原子核衰变。知道半衰期及其统计意义。了解放射性同位素的应用，知道射线的危害与防护。"
    }
  },
  {
    "identifier": "urn:jy:physics:SB0401:OB06:ThemeL3:84",
    "title": "原子核的结合能；核裂变反应和核聚变反应。关注核技术应用对",
    "description": "认识原子核的结合能，了解核裂变反应和核聚变反应。关注核技术应用对人类生活和社会发展的影响。",
    "subject": "SB0401",
    "type": "ThemeL3",
    "applicableLevel": "OB06",
    "contentJson": {
      "themeL2": "urn:jy:physics:SB0401:OB06:ThemeL2:30",
      "themeL2Key": "3.3",
      "requirementIndex": "3.3.4",
      "requirementText": "认识原子核的结合能，了解核裂变反应和核聚变反应。关注核技术应用对人类生活和社会发展的影响。"
    }
  },
  {
    "identifier": "urn:jy:physics:SB0401:OB06:ThemeL3:85",
    "title": "人类对物质结构的探索历程",
    "description": "了解人类对物质结构的探索历程。",
    "subject": "SB0401",
    "type": "ThemeL3",
    "applicableLevel": "OB06",
    "contentJson": {
      "themeL2": "urn:jy:physics:SB0401:OB06:ThemeL2:30",
      "themeL2Key": "3.3",
      "requirementIndex": "3.3.5",
      "requirementText": "了解人类对物质结构的探索历程。"
    }
  },
  {
    "identifier": "urn:jy:physics:SB0401:OB06:ThemeL3:86",
    "title": "实验；光电效应现象。知道爱因斯坦光电效应方程及其意义。能",
    "description": "通过实验，了解光电效应现象。知道爱因斯坦光电效应方程及其意义。能根据实验结论说明光的波粒二象性。",
    "subject": "SB0401",
    "type": "ThemeL3",
    "applicableLevel": "OB06",
    "contentJson": {
      "themeL2": "urn:jy:physics:SB0401:OB06:ThemeL2:31",
      "themeL2Key": "3.4",
      "requirementIndex": "3.4.1",
      "requirementText": "通过实验，了解光电效应现象。知道爱因斯坦光电效应方程及其意义。能根据实验结论说明光的波粒二象性。"
    }
  },
  {
    "identifier": "urn:jy:physics:SB0401:OB06:ThemeL3:87",
    "title": "实物粒子具有波动性；微观世界的量子化特征。体会量子论的建",
    "description": "知道实物粒子具有波动性，了解微观世界的量子化特征。体会量子论的建立对人们认识物质世界的影响。",
    "subject": "SB0401",
    "type": "ThemeL3",
    "applicableLevel": "OB06",
    "contentJson": {
      "themeL2": "urn:jy:physics:SB0401:OB06:ThemeL2:31",
      "themeL2Key": "3.4",
      "requirementIndex": "3.4.2",
      "requirementText": "知道实物粒子具有波动性，了解微观世界的量子化特征。体会量子论的建立对人们认识物质世界的影响。"
    }
  },
  {
    "identifier": "urn:jy:physics:SB0401:OB06:ThemeL3:88",
    "title": "古希腊的宇宙观与我国古代的宇宙观。了解哥白尼日心说对宇宙",
    "description": "了解古希腊的宇宙观与我国古代的宇宙观。了解哥白尼日心说对宇宙观的冲击。了解开普勒定律对牛顿发现万有引力定律的重要作用。",
    "subject": "SB0401",
    "type": "ThemeL3",
    "applicableLevel": "OB06",
    "contentJson": {
      "themeL2": "urn:jy:physics:SB0401:OB06:ThemeL2:21",
      "themeL2Key": "1.1",
      "requirementIndex": "1.1.1",
      "requirementText": "了解古希腊的宇宙观与我国古代的宇宙观。了解哥白尼日心说对宇宙观的冲击。了解开普勒定律对牛顿发现万有引力定律的重要作用。"
    }
  },
  {
    "identifier": "urn:jy:physics:SB0401:OB06:ThemeL3:89",
    "title": "伽利略的实验方法和逻辑方法对牛顿力学诞生的贡献。了解牛顿",
    "description": "了解伽利略的实验方法和逻辑方法对牛顿力学诞生的贡献。了解牛顿力学的成就和局限性。",
    "subject": "SB0401",
    "type": "ThemeL3",
    "applicableLevel": "OB06",
    "contentJson": {
      "themeL2": "urn:jy:physics:SB0401:OB06:ThemeL2:21",
      "themeL2Key": "1.1",
      "requirementIndex": "1.1.2",
      "requirementText": "了解伽利略的实验方法和逻辑方法对牛顿力学诞生的贡献。了解牛顿力学的成就和局限性。"
    }
  },
  {
    "identifier": "urn:jy:physics:SB0401:OB06:ThemeL3:90",
    "title": "19世纪末物理学的发现对于近代物理学革命的意义",
    "description": "了解19世纪末物理学的发现对于近代物理学革命的意义。",
    "subject": "SB0401",
    "type": "ThemeL3",
    "applicableLevel": "OB06",
    "contentJson": {
      "themeL2": "urn:jy:physics:SB0401:OB06:ThemeL2:21",
      "themeL2Key": "1.1",
      "requirementIndex": "1.1.3",
      "requirementText": "了解19世纪末物理学的发现对于近代物理学革命的意义。"
    }
  },
  {
    "identifier": "urn:jy:physics:SB0401:OB06:ThemeL3:91",
    "title": "波粒二象性的物理思想；体会人们对物质本性认识的不断发展",
    "description": "了解波粒二象性的物理思想，体会人们对物质本性认识的不断发展。",
    "subject": "SB0401",
    "type": "ThemeL3",
    "applicableLevel": "OB06",
    "contentJson": {
      "themeL2": "urn:jy:physics:SB0401:OB06:ThemeL2:21",
      "themeL2Key": "1.1",
      "requirementIndex": "1.1.4",
      "requirementText": "了解波粒二象性的物理思想，体会人们对物质本性认识的不断发展。"
    }
  },
  {
    "identifier": "urn:jy:physics:SB0401:OB06:ThemeL3:92",
    "title": "相对论的时空观；质能关系的意义",
    "description": "了解相对论的时空观，知道质能关系的意义，了解相对论与量子论对人类认识的影响。",
    "subject": "SB0401",
    "type": "ThemeL3",
    "applicableLevel": "OB06",
    "contentJson": {
      "themeL2": "urn:jy:physics:SB0401:OB06:ThemeL2:21",
      "themeL2Key": "1.1",
      "requirementIndex": "1.1.5",
      "requirementText": "了解相对论的时空观，知道质能关系的意义，了解相对论与量子论对人类认识的影响。"
    }
  },
  {
    "identifier": "urn:jy:physics:SB0401:OB06:ThemeL3:93",
    "title": "我国物理学家的成果与贡献",
    "description": "了解我国物理学家的成果与贡献。",
    "subject": "SB0401",
    "type": "ThemeL3",
    "applicableLevel": "OB06",
    "contentJson": {
      "themeL2": "urn:jy:physics:SB0401:OB06:ThemeL2:21",
      "themeL2Key": "1.1",
      "requirementIndex": "1.1.6",
      "requirementText": "了解我国物理学家的成果与贡献。"
    }
  },
  {
    "identifier": "urn:jy:physics:SB0401:OB06:ThemeL3:94",
    "title": "蒸汽机的发明对第一次工业革命的推动作用",
    "description": "了解蒸汽机的发明对第一次工业革命的推动作用。",
    "subject": "SB0401",
    "type": "ThemeL3",
    "applicableLevel": "OB06",
    "contentJson": {
      "themeL2": "urn:jy:physics:SB0401:OB06:ThemeL2:22",
      "themeL2Key": "1.2",
      "requirementIndex": "1.2.1",
      "requirementText": "了解蒸汽机的发明对第一次工业革命的推动作用。"
    }
  },
  {
    "identifier": "urn:jy:physics:SB0401:OB06:ThemeL3:95",
    "title": "电磁学的发展对第二次工业革命的推动作用",
    "description": "了解电磁学的发展对第二次工业革命的推动作用。",
    "subject": "SB0401",
    "type": "ThemeL3",
    "applicableLevel": "OB06",
    "contentJson": {
      "themeL2": "urn:jy:physics:SB0401:OB06:ThemeL2:22",
      "themeL2Key": "1.2",
      "requirementIndex": "1.2.2",
      "requirementText": "了解电磁学的发展对第二次工业革命的推动作用。"
    }
  },
  {
    "identifier": "urn:jy:physics:SB0401:OB06:ThemeL3:96",
    "title": "集成电路的进展；微电子技术的应用对社会发展的影响",
    "description": "了解集成电路的进展，了解微电子技术的应用对社会发展的影响。",
    "subject": "SB0401",
    "type": "ThemeL3",
    "applicableLevel": "OB06",
    "contentJson": {
      "themeL2": "urn:jy:physics:SB0401:OB06:ThemeL2:22",
      "themeL2Key": "1.2",
      "requirementIndex": "1.2.3",
      "requirementText": "了解集成电路的进展，了解微电子技术的应用对社会发展的影响。"
    }
  },
  {
    "identifier": "urn:jy:physics:SB0401:OB06:ThemeL3:97",
    "title": "信息技术的应用对社会发展的影响",
    "description": "了解信息技术的应用对社会发展的影响",
    "subject": "SB0401",
    "type": "ThemeL3",
    "applicableLevel": "OB06",
    "contentJson": {
      "themeL2": "urn:jy:physics:SB0401:OB06:ThemeL2:22",
      "themeL2Key": "1.2",
      "requirementIndex": "1.2.4",
      "requirementText": "了解信息技术的应用对社会发展的影响"
    }
  },
  {
    "identifier": "urn:jy:physics:SB0401:OB06:ThemeL3:98",
    "title": "核技术的应用对社会发展的影响",
    "description": "了解核技术的应用对社会发展的影响",
    "subject": "SB0401",
    "type": "ThemeL3",
    "applicableLevel": "OB06",
    "contentJson": {
      "themeL2": "urn:jy:physics:SB0401:OB06:ThemeL2:22",
      "themeL2Key": "1.2",
      "requirementIndex": "1.2.5",
      "requirementText": "了解核技术的应用对社会发展的影响"
    }
  },
  {
    "identifier": "urn:jy:physics:SB0401:OB06:ThemeL3:99",
    "title": "可再生能源与不可再生能源在生活中应用的实例",
    "description": "了解可再生能源与不可再生能源在生活中应用的实例。",
    "subject": "SB0401",
    "type": "ThemeL3",
    "applicableLevel": "OB06",
    "contentJson": {
      "themeL2": "urn:jy:physics:SB0401:OB06:ThemeL2:23",
      "themeL2Key": "1.3",
      "requirementIndex": "1.3.1",
      "requirementText": "了解可再生能源与不可再生能源在生活中应用的实例。"
    }
  },
  {
    "identifier": "urn:jy:physics:SB0401:OB06:ThemeL3:100",
    "title": "列举微电子技术在生活中的应用实例。了解电视广播技术的发展",
    "description": "能列举微电子技术在生活中的应用实例。了解电视广播技术的发展对生活的影响。",
    "subject": "SB0401",
    "type": "ThemeL3",
    "applicableLevel": "OB06",
    "contentJson": {
      "themeL2": "urn:jy:physics:SB0401:OB06:ThemeL2:23",
      "themeL2Key": "1.3",
      "requirementIndex": "1.3.2",
      "requirementText": "能列举微电子技术在生活中的应用实例。了解电视广播技术的发展对生活的影响。"
    }
  },
  {
    "identifier": "urn:jy:physics:SB0401:OB06:ThemeL3:101",
    "title": "计算机、手机等发展的大致历程及其对生活的影响",
    "description": "了解计算机、手机等发展的大致历程及其对生活的影响。",
    "subject": "SB0401",
    "type": "ThemeL3",
    "applicableLevel": "OB06",
    "contentJson": {
      "themeL2": "urn:jy:physics:SB0401:OB06:ThemeL2:23",
      "themeL2Key": "1.3",
      "requirementIndex": "1.3.3",
      "requirementText": "了解计算机、手机等发展的大致历程及其对生活的影响。"
    }
  },
  {
    "identifier": "urn:jy:physics:SB0401:OB06:ThemeL3:102",
    "title": "激光技术和光纤通信技术在生活中的应用",
    "description": "了解激光技术和光纤通信技术在生活中的应用。",
    "subject": "SB0401",
    "type": "ThemeL3",
    "applicableLevel": "OB06",
    "contentJson": {
      "themeL2": "urn:jy:physics:SB0401:OB06:ThemeL2:23",
      "themeL2Key": "1.3",
      "requirementIndex": "1.3.4",
      "requirementText": "了解激光技术和光纤通信技术在生活中的应用。"
    }
  },
  {
    "identifier": "urn:jy:physics:SB0401:OB06:ThemeL3:103",
    "title": "航天技术对生活的影响",
    "description": "了解航天技术对生活的影响。",
    "subject": "SB0401",
    "type": "ThemeL3",
    "applicableLevel": "OB06",
    "contentJson": {
      "themeL2": "urn:jy:physics:SB0401:OB06:ThemeL2:23",
      "themeL2Key": "1.3",
      "requirementIndex": "1.3.5",
      "requirementText": "了解航天技术对生活的影响。"
    }
  },
  {
    "identifier": "urn:jy:physics:SB0401:OB06:ThemeL3:104",
    "title": "声波的反射在B超中的应用",
    "description": "了解声波的反射在B超中的应用",
    "subject": "SB0401",
    "type": "ThemeL3",
    "applicableLevel": "OB06",
    "contentJson": {
      "themeL2": "urn:jy:physics:SB0401:OB06:ThemeL2:24",
      "themeL2Key": "2.1",
      "requirementIndex": "2.1.1",
      "requirementText": "了解声波的反射在B超中的应用"
    }
  },
  {
    "identifier": "urn:jy:physics:SB0401:OB06:ThemeL3:105",
    "title": "多普勒效应在彩超中的应用",
    "description": "了解多普勒效应在彩超中的应用。",
    "subject": "SB0401",
    "type": "ThemeL3",
    "applicableLevel": "OB06",
    "contentJson": {
      "themeL2": "urn:jy:physics:SB0401:OB06:ThemeL2:24",
      "themeL2Key": "2.1",
      "requirementIndex": "2.1.2",
      "requirementText": "了解多普勒效应在彩超中的应用。"
    }
  },
  {
    "identifier": "urn:jy:physics:SB0401:OB06:ThemeL3:106",
    "title": "X射线对人体不同组织的穿透性差异",
    "description": "了解X射线对人体不同组织的穿透性差异。",
    "subject": "SB0401",
    "type": "ThemeL3",
    "applicableLevel": "OB06",
    "contentJson": {
      "themeL2": "urn:jy:physics:SB0401:OB06:ThemeL2:24",
      "themeL2Key": "2.1",
      "requirementIndex": "2.1.3",
      "requirementText": "了解X射线对人体不同组织的穿透性差异。"
    }
  },
  {
    "identifier": "urn:jy:physics:SB0401:OB06:ThemeL3:107",
    "title": "CT扫描的基本原理",
    "description": "了解CT扫描的基本原理",
    "subject": "SB0401",
    "type": "ThemeL3",
    "applicableLevel": "OB06",
    "contentJson": {
      "themeL2": "urn:jy:physics:SB0401:OB06:ThemeL2:24",
      "themeL2Key": "2.1",
      "requirementIndex": "2.1.4",
      "requirementText": "了解CT扫描的基本原理"
    }
  },
  {
    "identifier": "urn:jy:physics:SB0401:OB06:ThemeL3:108",
    "title": "典型射线的特性及其防护措施；这些射线在医学中的应用及其对",
    "description": "了解典型射线的特性及其防护措施，知道这些射线在医学中的应用及其对人体的影响。",
    "subject": "SB0401",
    "type": "ThemeL3",
    "applicableLevel": "OB06",
    "contentJson": {
      "themeL2": "urn:jy:physics:SB0401:OB06:ThemeL2:24",
      "themeL2Key": "2.1",
      "requirementIndex": "2.1.5",
      "requirementText": "了解典型射线的特性及其防护措施，知道这些射线在医学中的应用及其对人体的影响。"
    }
  },
  {
    "identifier": "urn:jy:physics:SB0401:OB06:ThemeL3:109",
    "title": "可再生能源和不可再生能源的开发与利用；新能源开发的必要性",
    "description": "了解可再生能源和不可再生能源的开发与利用，了解新能源开发的必要性。",
    "subject": "SB0401",
    "type": "ThemeL3",
    "applicableLevel": "OB06",
    "contentJson": {
      "themeL2": "urn:jy:physics:SB0401:OB06:ThemeL2:25",
      "themeL2Key": "2.2",
      "requirementIndex": "2.2.1",
      "requirementText": "了解可再生能源和不可再生能源的开发与利用，了解新能源开发的必要性。"
    }
  },
  {
    "identifier": "urn:jy:physics:SB0401:OB06:ThemeL3:110",
    "title": "太阳能利用的常见方式及应用前景",
    "description": "了解太阳能利用的常见方式及应用前景。",
    "subject": "SB0401",
    "type": "ThemeL3",
    "applicableLevel": "OB06",
    "contentJson": {
      "themeL2": "urn:jy:physics:SB0401:OB06:ThemeL2:25",
      "themeL2Key": "2.2",
      "requirementIndex": "2.2.2",
      "requirementText": "了解太阳能利用的常见方式及应用前景。"
    }
  },
  {
    "identifier": "urn:jy:physics:SB0401:OB06:ThemeL3:111",
    "title": "核裂变和核聚变；核能的利用及核废料的处理",
    "description": "了解核裂变和核聚变，了解核能的利用及核废料的处理。",
    "subject": "SB0401",
    "type": "ThemeL3",
    "applicableLevel": "OB06",
    "contentJson": {
      "themeL2": "urn:jy:physics:SB0401:OB06:ThemeL2:25",
      "themeL2Key": "2.2",
      "requirementIndex": "2.2.3",
      "requirementText": "了解核裂变和核聚变，了解核能的利用及核废料的处理。"
    }
  },
  {
    "identifier": "urn:jy:physics:SB0401:OB06:ThemeL3:112",
    "title": "地热能、潮汐能及风能等的利用",
    "description": "了解地热能、潮汐能及风能等的利用。",
    "subject": "SB0401",
    "type": "ThemeL3",
    "applicableLevel": "OB06",
    "contentJson": {
      "themeL2": "urn:jy:physics:SB0401:OB06:ThemeL2:25",
      "themeL2Key": "2.2",
      "requirementIndex": "2.2.4",
      "requirementText": "了解地热能、潮汐能及风能等的利用。"
    }
  },
  {
    "identifier": "urn:jy:physics:SB0401:OB06:ThemeL3:113",
    "title": "物理学在新材料开发中的作用",
    "description": "了解物理学在新材料开发中的作用。",
    "subject": "SB0401",
    "type": "ThemeL3",
    "applicableLevel": "OB06",
    "contentJson": {
      "themeL2": "urn:jy:physics:SB0401:OB06:ThemeL2:26",
      "themeL2Key": "2.3",
      "requirementIndex": "2.3.1",
      "requirementText": "了解物理学在新材料开发中的作用。"
    }
  },
  {
    "identifier": "urn:jy:physics:SB0401:OB06:ThemeL3:114",
    "title": "纳米材料的特性及其在生活中的应用",
    "description": "了解纳米材料的特性及其在生活中的应用",
    "subject": "SB0401",
    "type": "ThemeL3",
    "applicableLevel": "OB06",
    "contentJson": {
      "themeL2": "urn:jy:physics:SB0401:OB06:ThemeL2:26",
      "themeL2Key": "2.3",
      "requirementIndex": "2.3.2",
      "requirementText": "了解纳米材料的特性及其在生活中的应用"
    }
  },
  {
    "identifier": "urn:jy:physics:SB0401:OB06:ThemeL3:115",
    "title": "超导体的一些特点；超导技术的应用",
    "description": "了解超导体的一些特点，了解超导技术的应用。",
    "subject": "SB0401",
    "type": "ThemeL3",
    "applicableLevel": "OB06",
    "contentJson": {
      "themeL2": "urn:jy:physics:SB0401:OB06:ThemeL2:26",
      "themeL2Key": "2.3",
      "requirementIndex": "2.3.3",
      "requirementText": "了解超导体的一些特点，了解超导技术的应用。"
    }
  },
  {
    "identifier": "urn:jy:physics:SB0401:OB06:ThemeL3:116",
    "title": "一些功能材料的特性及应用",
    "description": "了解一些功能材料的特性及应用。",
    "subject": "SB0401",
    "type": "ThemeL3",
    "applicableLevel": "OB06",
    "contentJson": {
      "themeL2": "urn:jy:physics:SB0401:OB06:ThemeL2:26",
      "themeL2Key": "2.3",
      "requirementIndex": "2.3.4",
      "requirementText": "了解一些功能材料的特性及应用。"
    }
  },
  {
    "identifier": "urn:jy:physics:SB0401:OB06:ThemeL3:117",
    "title": "物理学对信息技术发展的贡献",
    "description": "了解物理学对信息技术发展的贡献。",
    "subject": "SB0401",
    "type": "ThemeL3",
    "applicableLevel": "OB06",
    "contentJson": {
      "themeL2": "urn:jy:physics:SB0401:OB06:ThemeL2:27",
      "themeL2Key": "2.4",
      "requirementIndex": "2.4.1",
      "requirementText": "了解物理学对信息技术发展的贡献。"
    }
  },
  {
    "identifier": "urn:jy:physics:SB0401:OB06:ThemeL3:118",
    "title": "智能手机的一些功能及其对生活的影响",
    "description": "了解智能手机的一些功能及其对生活的影响",
    "subject": "SB0401",
    "type": "ThemeL3",
    "applicableLevel": "OB06",
    "contentJson": {
      "themeL2": "urn:jy:physics:SB0401:OB06:ThemeL2:27",
      "themeL2Key": "2.4",
      "requirementIndex": "2.4.2",
      "requirementText": "了解智能手机的一些功能及其对生活的影响"
    }
  },
  {
    "identifier": "urn:jy:physics:SB0401:OB06:ThemeL3:119",
    "title": "计算机的主要部件及其作用",
    "description": "了解计算机的主要部件及其作用。",
    "subject": "SB0401",
    "type": "ThemeL3",
    "applicableLevel": "OB06",
    "contentJson": {
      "themeL2": "urn:jy:physics:SB0401:OB06:ThemeL2:27",
      "themeL2Key": "2.4",
      "requirementIndex": "2.4.3",
      "requirementText": "了解计算机的主要部件及其作用。"
    }
  },
  {
    "identifier": "urn:jy:physics:SB0401:OB06:ThemeL3:120",
    "title": "卫星定位系统的发展历程及其在生活中的应用",
    "description": "了解卫星定位系统的发展历程及其在生活中的应用。",
    "subject": "SB0401",
    "type": "ThemeL3",
    "applicableLevel": "OB06",
    "contentJson": {
      "themeL2": "urn:jy:physics:SB0401:OB06:ThemeL2:27",
      "themeL2Key": "2.4",
      "requirementIndex": "2.4.4",
      "requirementText": "了解卫星定位系统的发展历程及其在生活中的应用。"
    }
  },
  {
    "identifier": "urn:jy:physics:SB0401:OB06:ThemeL3:121",
    "title": "物理学对人工智能发展的推动作用",
    "description": "了解物理学对人工智能发展的推动作用",
    "subject": "SB0401",
    "type": "ThemeL3",
    "applicableLevel": "OB06",
    "contentJson": {
      "themeL2": "urn:jy:physics:SB0401:OB06:ThemeL2:27",
      "themeL2Key": "2.4",
      "requirementIndex": "2.4.5",
      "requirementText": "了解物理学对人工智能发展的推动作用"
    }
  },
  {
    "identifier": "urn:jy:physics:SB0401:OB06:ThemeL3:122",
    "title": "对宏观物体与微观粒子运动特点描述的差异",
    "description": "比较对宏观物体与微观粒子运动特点描述的差异。",
    "subject": "SB0401",
    "type": "ThemeL3",
    "applicableLevel": "OB06",
    "contentJson": {
      "themeL2": "urn:jy:physics:SB0401:OB06:ThemeL2:28",
      "themeL2Key": "3.1",
      "requirementIndex": "3.1.1",
      "requirementText": "比较对宏观物体与微观粒子运动特点描述的差异。"
    }
  },
  {
    "identifier": "urn:jy:physics:SB0401:OB06:ThemeL3:123",
    "title": "德布罗意物质波；物质的波粒二象性",
    "description": "了解德布罗意物质波，知道物质的波粒二象性。",
    "subject": "SB0401",
    "type": "ThemeL3",
    "applicableLevel": "OB06",
    "contentJson": {
      "themeL2": "urn:jy:physics:SB0401:OB06:ThemeL2:28",
      "themeL2Key": "3.1",
      "requirementIndex": "3.1.2",
      "requirementText": "了解德布罗意物质波，知道物质的波粒二象性。"
    }
  },
  {
    "identifier": "urn:jy:physics:SB0401:OB06:ThemeL3:124",
    "title": "初步了解海森伯不确定性原理",
    "description": "初步了解海森伯不确定性原理",
    "subject": "SB0401",
    "type": "ThemeL3",
    "applicableLevel": "OB06",
    "contentJson": {
      "themeL2": "urn:jy:physics:SB0401:OB06:ThemeL2:28",
      "themeL2Key": "3.1",
      "requirementIndex": "3.1.3",
      "requirementText": "初步了解海森伯不确定性原理"
    }
  },
  {
    "identifier": "urn:jy:physics:SB0401:OB06:ThemeL3:125",
    "title": "初步了解基本粒子的微观模型及其特点",
    "description": "初步了解基本粒子的微观模型及其特点。",
    "subject": "SB0401",
    "type": "ThemeL3",
    "applicableLevel": "OB06",
    "contentJson": {
      "themeL2": "urn:jy:physics:SB0401:OB06:ThemeL2:28",
      "themeL2Key": "3.1",
      "requirementIndex": "3.1.4",
      "requirementText": "初步了解基本粒子的微观模型及其特点。"
    }
  },
  {
    "identifier": "urn:jy:physics:SB0401:OB06:ThemeL3:126",
    "title": "人类探索基本粒子的大致历程；这种探索将不断深入",
    "description": "了解人类探索基本粒子的大致历程，知道这种探索将不断深入。",
    "subject": "SB0401",
    "type": "ThemeL3",
    "applicableLevel": "OB06",
    "contentJson": {
      "themeL2": "urn:jy:physics:SB0401:OB06:ThemeL2:28",
      "themeL2Key": "3.1",
      "requirementIndex": "3.1.5",
      "requirementText": "了解人类探索基本粒子的大致历程，知道这种探索将不断深入。"
    }
  },
  {
    "identifier": "urn:jy:physics:SB0401:OB06:ThemeL3:127",
    "title": "相对性原理和光速不变原理",
    "description": "知道相对性原理和光速不变原理",
    "subject": "SB0401",
    "type": "ThemeL3",
    "applicableLevel": "OB06",
    "contentJson": {
      "themeL2": "urn:jy:physics:SB0401:OB06:ThemeL2:29",
      "themeL2Key": "3.2",
      "requirementIndex": "3.2.1",
      "requirementText": "知道相对性原理和光速不变原理"
    }
  },
  {
    "identifier": "urn:jy:physics:SB0401:OB06:ThemeL3:128",
    "title": "公式；长度收缩效应和时间延缓效应",
    "description": "能利用公式，解释长度收缩效应和时间延缓效应。",
    "subject": "SB0401",
    "type": "ThemeL3",
    "applicableLevel": "OB06",
    "contentJson": {
      "themeL2": "urn:jy:physics:SB0401:OB06:ThemeL2:29",
      "themeL2Key": "3.2",
      "requirementIndex": "3.2.2",
      "requirementText": "能利用公式，解释长度收缩效应和时间延缓效应。"
    }
  },
  {
    "identifier": "urn:jy:physics:SB0401:OB06:ThemeL3:129",
    "title": "爱因斯坦质能方程的意义",
    "description": "知道爱因斯坦质能方程的意义。",
    "subject": "SB0401",
    "type": "ThemeL3",
    "applicableLevel": "OB06",
    "contentJson": {
      "themeL2": "urn:jy:physics:SB0401:OB06:ThemeL2:29",
      "themeL2Key": "3.2",
      "requirementIndex": "3.2.3",
      "requirementText": "知道爱因斯坦质能方程的意义。"
    }
  },
  {
    "identifier": "urn:jy:physics:SB0401:OB06:ThemeL3:130",
    "title": "广义相对论的主要思想、结论和观测证据",
    "description": "了解广义相对论的主要思想、结论和观测证据。",
    "subject": "SB0401",
    "type": "ThemeL3",
    "applicableLevel": "OB06",
    "contentJson": {
      "themeL2": "urn:jy:physics:SB0401:OB06:ThemeL2:29",
      "themeL2Key": "3.2",
      "requirementIndex": "3.2.4",
      "requirementText": "了解广义相对论的主要思想、结论和观测证据。"
    }
  },
  {
    "identifier": "urn:jy:physics:SB0401:OB06:ThemeL3:131",
    "title": "人类探索高速世界的大致历程；这种探索将不断深入",
    "description": "了解人类探索高速世界的大致历程，知道这种探索将不断深入。",
    "subject": "SB0401",
    "type": "ThemeL3",
    "applicableLevel": "OB06",
    "contentJson": {
      "themeL2": "urn:jy:physics:SB0401:OB06:ThemeL2:29",
      "themeL2Key": "3.2",
      "requirementIndex": "3.2.5",
      "requirementText": "了解人类探索高速世界的大致历程，知道这种探索将不断深入。"
    }
  },
  {
    "identifier": "urn:jy:physics:SB0401:OB06:ThemeL3:132",
    "title": "初步了解大爆炸宇宙论的理论模型及其观测证据",
    "description": "初步了解大爆炸宇宙论的理论模型及其观测证据。",
    "subject": "SB0401",
    "type": "ThemeL3",
    "applicableLevel": "OB06",
    "contentJson": {
      "themeL2": "urn:jy:physics:SB0401:OB06:ThemeL2:30",
      "themeL2Key": "3.3",
      "requirementIndex": "3.3.1",
      "requirementText": "初步了解大爆炸宇宙论的理论模型及其观测证据。"
    }
  },
  {
    "identifier": "urn:jy:physics:SB0401:OB06:ThemeL3:133",
    "title": "初步了解黑洞及对黑洞的观测方法",
    "description": "初步了解黑洞及对黑洞的观测方法",
    "subject": "SB0401",
    "type": "ThemeL3",
    "applicableLevel": "OB06",
    "contentJson": {
      "themeL2": "urn:jy:physics:SB0401:OB06:ThemeL2:30",
      "themeL2Key": "3.3",
      "requirementIndex": "3.3.2",
      "requirementText": "初步了解黑洞及对黑洞的观测方法"
    }
  },
  {
    "identifier": "urn:jy:physics:SB0401:OB06:ThemeL3:134",
    "title": "初步了解暗物质和暗能量",
    "description": "初步了解暗物质和暗能量。",
    "subject": "SB0401",
    "type": "ThemeL3",
    "applicableLevel": "OB06",
    "contentJson": {
      "themeL2": "urn:jy:physics:SB0401:OB06:ThemeL2:30",
      "themeL2Key": "3.3",
      "requirementIndex": "3.3.3",
      "requirementText": "初步了解暗物质和暗能量。"
    }
  },
  {
    "identifier": "urn:jy:physics:SB0401:OB06:ThemeL3:135",
    "title": "初步了解物质与反物质",
    "description": "初步了解物质与反物质。",
    "subject": "SB0401",
    "type": "ThemeL3",
    "applicableLevel": "OB06",
    "contentJson": {
      "themeL2": "urn:jy:physics:SB0401:OB06:ThemeL2:30",
      "themeL2Key": "3.3",
      "requirementIndex": "3.3.4",
      "requirementText": "初步了解物质与反物质。"
    }
  },
  {
    "identifier": "urn:jy:physics:SB0401:OB06:ThemeL3:136",
    "title": "初步了解宇宙论的一些进展",
    "description": "初步了解宇宙论的一些进展。",
    "subject": "SB0401",
    "type": "ThemeL3",
    "applicableLevel": "OB06",
    "contentJson": {
      "themeL2": "urn:jy:physics:SB0401:OB06:ThemeL2:30",
      "themeL2Key": "3.3",
      "requirementIndex": "3.3.5",
      "requirementText": "初步了解宇宙论的一些进展。"
    }
  },
  {
    "identifier": "urn:jy:physics:SB0401:OB06:ThemeL3:137",
    "title": "四种基本相互作用及其特点",
    "description": "了解四种基本相互作用及其特点。",
    "subject": "SB0401",
    "type": "ThemeL3",
    "applicableLevel": "OB06",
    "contentJson": {
      "themeL2": "urn:jy:physics:SB0401:OB06:ThemeL2:31",
      "themeL2Key": "3.4",
      "requirementIndex": "3.4.1",
      "requirementText": "了解四种基本相互作用及其特点。"
    }
  },
  {
    "identifier": "urn:jy:physics:SB0401:OB06:ThemeL3:138",
    "title": "初步了解追求相互作用统一的思想和探索在物理学发展中的作用",
    "description": "初步了解追求相互作用统一的思想和探索在物理学发展中的作用。",
    "subject": "SB0401",
    "type": "ThemeL3",
    "applicableLevel": "OB06",
    "contentJson": {
      "themeL2": "urn:jy:physics:SB0401:OB06:ThemeL2:31",
      "themeL2Key": "3.4",
      "requirementIndex": "3.4.2",
      "requirementText": "初步了解追求相互作用统一的思想和探索在物理学发展中的作用。"
    }
  }
]