[
  {
    "relationName": "SectionmiddleHasSubsection",
    "label": "包含小节 / hasSubsection",
    "source": "urn:jy:dwfz:SB0309:OB0301:Sectionmiddle:01",
    "target": "urn:jy:dwfz:SB0309:OB0301:Subsection:01"
  },
  {
    "relationName": "SubsectionBelongsToSectionmiddle",
    "label": "属于节 / belongsToSectionmiddle",
    "source": "urn:jy:dwfz:SB0309:OB0301:Subsection:01",
    "target": "urn:jy:dwfz:SB0309:OB0301:Sectionmiddle:01"
  },
  {
    "relationName": "SectionmiddleHasSubsection",
    "label": "包含小节 / hasSubsection",
    "source": "urn:jy:dwfz:SB0309:OB0301:Sectionmiddle:01",
    "target": "urn:jy:dwfz:SB0309:OB0301:Subsection:02"
  },
  {
    "relationName": "SubsectionBelongsToSectionmiddle",
    "label": "属于节 / belongsToSectionmiddle",
    "source": "urn:jy:dwfz:SB0309:OB0301:Subsection:02",
    "target": "urn:jy:dwfz:SB0309:OB0301:Sectionmiddle:01"
  },
  {
    "relationName": "SectionmiddleHasSubsection",
    "label": "包含小节 / hasSubsection",
    "source": "urn:jy:dwfz:SB0309:OB0301:Sectionmiddle:02",
    "target": "urn:jy:dwfz:SB0309:OB0301:Subsection:03"
  },
  {
    "relationName": "SubsectionBelongsToSectionmiddle",
    "label": "属于节 / belongsToSectionmiddle",
    "source": "urn:jy:dwfz:SB0309:OB0301:Subsection:03",
    "target": "urn:jy:dwfz:SB0309:OB0301:Sectionmiddle:02"
  },
  {
    "relationName": "SectionmiddleHasSubsection",
    "label": "包含小节 / hasSubsection",
    "source": "urn:jy:dwfz:SB0309:OB0301:Sectionmiddle:02",
    "target": "urn:jy:dwfz:SB0309:OB0301:Subsection:04"
  },
  {
    "relationName": "SubsectionBelongsToSectionmiddle",
    "label": "属于节 / belongsToSectionmiddle",
    "source": "urn:jy:dwfz:SB0309:OB0301:Subsection:04",
    "target": "urn:jy:dwfz:SB0309:OB0301:Sectionmiddle:02"
  },
  {
    "relationName": "SectionmiddleHasSubsection",
    "label": "包含小节 / hasSubsection",
    "source": "urn:jy:dwfz:SB0309:OB0301:Sectionmiddle:03",
    "target": "urn:jy:dwfz:SB0309:OB0301:Subsection:05"
  },
  {
    "relationName": "SubsectionBelongsToSectionmiddle",
    "label": "属于节 / belongsToSectionmiddle",
    "source": "urn:jy:dwfz:SB0309:OB0301:Subsection:05",
    "target": "urn:jy:dwfz:SB0309:OB0301:Sectionmiddle:03"
  },
  {
    "relationName": "SectionmiddleHasSubsection",
    "label": "包含小节 / hasSubsection",
    "source": "urn:jy:dwfz:SB0309:OB0301:Sectionmiddle:03",
    "target": "urn:jy:dwfz:SB0309:OB0301:Subsection:06"
  },
  {
    "relationName": "SubsectionBelongsToSectionmiddle",
    "label": "属于节 / belongsToSectionmiddle",
    "source": "urn:jy:dwfz:SB0309:OB0301:Subsection:06",
    "target": "urn:jy:dwfz:SB0309:OB0301:Sectionmiddle:03"
  },
  {
    "relationName": "SectionmiddleHasSubsection",
    "label": "包含小节 / hasSubsection",
    "source": "urn:jy:dwfz:SB0309:OB0301:Sectionmiddle:05",
    "target": "urn:jy:dwfz:SB0309:OB0301:Subsection:07"
  },
  {
    "relationName": "SubsectionBelongsToSectionmiddle",
    "label": "属于节 / belongsToSectionmiddle",
    "source": "urn:jy:dwfz:SB0309:OB0301:Subsection:07",
    "target": "urn:jy:dwfz:SB0309:OB0301:Sectionmiddle:05"
  },
  {
    "relationName": "SectionmiddleHasSubsection",
    "label": "包含小节 / hasSubsection",
    "source": "urn:jy:dwfz:SB0309:OB0301:Sectionmiddle:05",
    "target": "urn:jy:dwfz:SB0309:OB0301:Subsection:08"
  },
  {
    "relationName": "SubsectionBelongsToSectionmiddle",
    "label": "属于节 / belongsToSectionmiddle",
    "source": "urn:jy:dwfz:SB0309:OB0301:Subsection:08",
    "target": "urn:jy:dwfz:SB0309:OB0301:Sectionmiddle:05"
  },
  {
    "relationName": "SectionmiddleHasSubsection",
    "label": "包含小节 / hasSubsection",
    "source": "urn:jy:dwfz:SB0309:OB0301:Sectionmiddle:06",
    "target": "urn:jy:dwfz:SB0309:OB0301:Subsection:09"
  },
  {
    "relationName": "SubsectionBelongsToSectionmiddle",
    "label": "属于节 / belongsToSectionmiddle",
    "source": "urn:jy:dwfz:SB0309:OB0301:Subsection:09",
    "target": "urn:jy:dwfz:SB0309:OB0301:Sectionmiddle:06"
  },
  {
    "relationName": "SectionmiddleHasSubsection",
    "label": "包含小节 / hasSubsection",
    "source": "urn:jy:dwfz:SB0309:OB0301:Sectionmiddle:06",
    "target": "urn:jy:dwfz:SB0309:OB0301:Subsection:10"
  },
  {
    "relationName": "SubsectionBelongsToSectionmiddle",
    "label": "属于节 / belongsToSectionmiddle",
    "source": "urn:jy:dwfz:SB0309:OB0301:Subsection:10",
    "target": "urn:jy:dwfz:SB0309:OB0301:Sectionmiddle:06"
  },
  {
    "relationName": "SectionmiddleHasSubsection",
    "label": "包含小节 / hasSubsection",
    "source": "urn:jy:dwfz:SB0309:OB0301:Sectionmiddle:07",
    "target": "urn:jy:dwfz:SB0309:OB0301:Subsection:11"
  },
  {
    "relationName": "SubsectionBelongsToSectionmiddle",
    "label": "属于节 / belongsToSectionmiddle",
    "source": "urn:jy:dwfz:SB0309:OB0301:Subsection:11",
    "target": "urn:jy:dwfz:SB0309:OB0301:Sectionmiddle:07"
  },
  {
    "relationName": "SectionmiddleHasSubsection",
    "label": "包含小节 / hasSubsection",
    "source": "urn:jy:dwfz:SB0309:OB0301:Sectionmiddle:07",
    "target": "urn:jy:dwfz:SB0309:OB0301:Subsection:12"
  },
  {
    "relationName": "SubsectionBelongsToSectionmiddle",
    "label": "属于节 / belongsToSectionmiddle",
    "source": "urn:jy:dwfz:SB0309:OB0301:Subsection:12",
    "target": "urn:jy:dwfz:SB0309:OB0301:Sectionmiddle:07"
  },
  {
    "relationName": "SectionmiddleHasSubsection",
    "label": "包含小节 / hasSubsection",
    "source": "urn:jy:dwfz:SB0309:OB0301:Sectionmiddle:08",
    "target": "urn:jy:dwfz:SB0309:OB0301:Subsection:13"
  },
  {
    "relationName": "SubsectionBelongsToSectionmiddle",
    "label": "属于节 / belongsToSectionmiddle",
    "source": "urn:jy:dwfz:SB0309:OB0301:Subsection:13",
    "target": "urn:jy:dwfz:SB0309:OB0301:Sectionmiddle:08"
  },
  {
    "relationName": "SectionmiddleHasSubsection",
    "label": "包含小节 / hasSubsection",
    "source": "urn:jy:dwfz:SB0309:OB0301:Sectionmiddle:08",
    "target": "urn:jy:dwfz:SB0309:OB0301:Subsection:14"
  },
  {
    "relationName": "SubsectionBelongsToSectionmiddle",
    "label": "属于节 / belongsToSectionmiddle",
    "source": "urn:jy:dwfz:SB0309:OB0301:Subsection:14",
    "target": "urn:jy:dwfz:SB0309:OB0301:Sectionmiddle:08"
  },
  {
    "relationName": "SectionmiddleHasSubsection",
    "label": "包含小节 / hasSubsection",
    "source": "urn:jy:dwfz:SB0309:OB0301:Sectionmiddle:10",
    "target": "urn:jy:dwfz:SB0309:OB0301:Subsection:15"
  },
  {
    "relationName": "SubsectionBelongsToSectionmiddle",
    "label": "属于节 / belongsToSectionmiddle",
    "source": "urn:jy:dwfz:SB0309:OB0301:Subsection:15",
    "target": "urn:jy:dwfz:SB0309:OB0301:Sectionmiddle:10"
  },
  {
    "relationName": "SectionmiddleHasSubsection",
    "label": "包含小节 / hasSubsection",
    "source": "urn:jy:dwfz:SB0309:OB0301:Sectionmiddle:10",
    "target": "urn:jy:dwfz:SB0309:OB0301:Subsection:16"
  },
  {
    "relationName": "SubsectionBelongsToSectionmiddle",
    "label": "属于节 / belongsToSectionmiddle",
    "source": "urn:jy:dwfz:SB0309:OB0301:Subsection:16",
    "target": "urn:jy:dwfz:SB0309:OB0301:Sectionmiddle:10"
  },
  {
    "relationName": "SectionmiddleHasSubsection",
    "label": "包含小节 / hasSubsection",
    "source": "urn:jy:dwfz:SB0309:OB0301:Sectionmiddle:11",
    "target": "urn:jy:dwfz:SB0309:OB0301:Subsection:17"
  },
  {
    "relationName": "SubsectionBelongsToSectionmiddle",
    "label": "属于节 / belongsToSectionmiddle",
    "source": "urn:jy:dwfz:SB0309:OB0301:Subsection:17",
    "target": "urn:jy:dwfz:SB0309:OB0301:Sectionmiddle:11"
  },
  {
    "relationName": "SectionmiddleHasSubsection",
    "label": "包含小节 / hasSubsection",
    "source": "urn:jy:dwfz:SB0309:OB0301:Sectionmiddle:11",
    "target": "urn:jy:dwfz:SB0309:OB0301:Subsection:18"
  },
  {
    "relationName": "SubsectionBelongsToSectionmiddle",
    "label": "属于节 / belongsToSectionmiddle",
    "source": "urn:jy:dwfz:SB0309:OB0301:Subsection:18",
    "target": "urn:jy:dwfz:SB0309:OB0301:Sectionmiddle:11"
  },
  {
    "relationName": "SectionmiddleHasSubsection",
    "label": "包含小节 / hasSubsection",
    "source": "urn:jy:dwfz:SB0309:OB0301:Sectionmiddle:12",
    "target": "urn:jy:dwfz:SB0309:OB0301:Subsection:19"
  },
  {
    "relationName": "SubsectionBelongsToSectionmiddle",
    "label": "属于节 / belongsToSectionmiddle",
    "source": "urn:jy:dwfz:SB0309:OB0301:Subsection:19",
    "target": "urn:jy:dwfz:SB0309:OB0301:Sectionmiddle:12"
  },
  {
    "relationName": "SectionmiddleHasSubsection",
    "label": "包含小节 / hasSubsection",
    "source": "urn:jy:dwfz:SB0309:OB0301:Sectionmiddle:12",
    "target": "urn:jy:dwfz:SB0309:OB0301:Subsection:20"
  },
  {
    "relationName": "SubsectionBelongsToSectionmiddle",
    "label": "属于节 / belongsToSectionmiddle",
    "source": "urn:jy:dwfz:SB0309:OB0301:Subsection:20",
    "target": "urn:jy:dwfz:SB0309:OB0301:Sectionmiddle:12"
  },
  {
    "relationName": "SectionmiddleHasSubsection",
    "label": "包含小节 / hasSubsection",
    "source": "urn:jy:dwfz:SB0309:OB0301:Sectionmiddle:14",
    "target": "urn:jy:dwfz:SB0309:OB0301:Subsection:21"
  },
  {
    "relationName": "SubsectionBelongsToSectionmiddle",
    "label": "属于节 / belongsToSectionmiddle",
    "source": "urn:jy:dwfz:SB0309:OB0301:Subsection:21",
    "target": "urn:jy:dwfz:SB0309:OB0301:Sectionmiddle:14"
  },
  {
    "relationName": "SectionmiddleHasSubsection",
    "label": "包含小节 / hasSubsection",
    "source": "urn:jy:dwfz:SB0309:OB0301:Sectionmiddle:14",
    "target": "urn:jy:dwfz:SB0309:OB0301:Subsection:22"
  },
  {
    "relationName": "SubsectionBelongsToSectionmiddle",
    "label": "属于节 / belongsToSectionmiddle",
    "source": "urn:jy:dwfz:SB0309:OB0301:Subsection:22",
    "target": "urn:jy:dwfz:SB0309:OB0301:Sectionmiddle:14"
  },
  {
    "relationName": "SectionmiddleHasSubsection",
    "label": "包含小节 / hasSubsection",
    "source": "urn:jy:dwfz:SB0309:OB0301:Sectionmiddle:15",
    "target": "urn:jy:dwfz:SB0309:OB0301:Subsection:23"
  },
  {
    "relationName": "SubsectionBelongsToSectionmiddle",
    "label": "属于节 / belongsToSectionmiddle",
    "source": "urn:jy:dwfz:SB0309:OB0301:Subsection:23",
    "target": "urn:jy:dwfz:SB0309:OB0301:Sectionmiddle:15"
  },
  {
    "relationName": "SectionmiddleHasSubsection",
    "label": "包含小节 / hasSubsection",
    "source": "urn:jy:dwfz:SB0309:OB0301:Sectionmiddle:15",
    "target": "urn:jy:dwfz:SB0309:OB0301:Subsection:24"
  },
  {
    "relationName": "SubsectionBelongsToSectionmiddle",
    "label": "属于节 / belongsToSectionmiddle",
    "source": "urn:jy:dwfz:SB0309:OB0301:Subsection:24",
    "target": "urn:jy:dwfz:SB0309:OB0301:Sectionmiddle:15"
  },
  {
    "relationName": "SectionmiddleHasSubsection",
    "label": "包含小节 / hasSubsection",
    "source": "urn:jy:dwfz:SB0309:OB0301:Sectionmiddle:16",
    "target": "urn:jy:dwfz:SB0309:OB0301:Subsection:25"
  },
  {
    "relationName": "SubsectionBelongsToSectionmiddle",
    "label": "属于节 / belongsToSectionmiddle",
    "source": "urn:jy:dwfz:SB0309:OB0301:Subsection:25",
    "target": "urn:jy:dwfz:SB0309:OB0301:Sectionmiddle:16"
  },
  {
    "relationName": "SectionmiddleHasSubsection",
    "label": "包含小节 / hasSubsection",
    "source": "urn:jy:dwfz:SB0309:OB0301:Sectionmiddle:16",
    "target": "urn:jy:dwfz:SB0309:OB0301:Subsection:26"
  },
  {
    "relationName": "SubsectionBelongsToSectionmiddle",
    "label": "属于节 / belongsToSectionmiddle",
    "source": "urn:jy:dwfz:SB0309:OB0301:Subsection:26",
    "target": "urn:jy:dwfz:SB0309:OB0301:Sectionmiddle:16"
  },
  {
    "relationName": "SectionmiddleHasSubsection",
    "label": "包含小节 / hasSubsection",
    "source": "urn:jy:dwfz:SB0309:OB0301:Sectionmiddle:18",
    "target": "urn:jy:dwfz:SB0309:OB0301:Subsection:27"
  },
  {
    "relationName": "SubsectionBelongsToSectionmiddle",
    "label": "属于节 / belongsToSectionmiddle",
    "source": "urn:jy:dwfz:SB0309:OB0301:Subsection:27",
    "target": "urn:jy:dwfz:SB0309:OB0301:Sectionmiddle:18"
  },
  {
    "relationName": "SectionmiddleHasSubsection",
    "label": "包含小节 / hasSubsection",
    "source": "urn:jy:dwfz:SB0309:OB0301:Sectionmiddle:18",
    "target": "urn:jy:dwfz:SB0309:OB0301:Subsection:28"
  },
  {
    "relationName": "SubsectionBelongsToSectionmiddle",
    "label": "属于节 / belongsToSectionmiddle",
    "source": "urn:jy:dwfz:SB0309:OB0301:Subsection:28",
    "target": "urn:jy:dwfz:SB0309:OB0301:Sectionmiddle:18"
  },
  {
    "relationName": "SectionmiddleHasSubsection",
    "label": "包含小节 / hasSubsection",
    "source": "urn:jy:dwfz:SB0309:OB0301:Sectionmiddle:18",
    "target": "urn:jy:dwfz:SB0309:OB0301:Subsection:29"
  },
  {
    "relationName": "SubsectionBelongsToSectionmiddle",
    "label": "属于节 / belongsToSectionmiddle",
    "source": "urn:jy:dwfz:SB0309:OB0301:Subsection:29",
    "target": "urn:jy:dwfz:SB0309:OB0301:Sectionmiddle:18"
  },
  {
    "relationName": "SectionmiddleHasSubsection",
    "label": "包含小节 / hasSubsection",
    "source": "urn:jy:dwfz:SB0309:OB0301:Sectionmiddle:19",
    "target": "urn:jy:dwfz:SB0309:OB0301:Subsection:30"
  },
  {
    "relationName": "SubsectionBelongsToSectionmiddle",
    "label": "属于节 / belongsToSectionmiddle",
    "source": "urn:jy:dwfz:SB0309:OB0301:Subsection:30",
    "target": "urn:jy:dwfz:SB0309:OB0301:Sectionmiddle:19"
  },
  {
    "relationName": "SectionmiddleHasSubsection",
    "label": "包含小节 / hasSubsection",
    "source": "urn:jy:dwfz:SB0309:OB0301:Sectionmiddle:19",
    "target": "urn:jy:dwfz:SB0309:OB0301:Subsection:31"
  },
  {
    "relationName": "SubsectionBelongsToSectionmiddle",
    "label": "属于节 / belongsToSectionmiddle",
    "source": "urn:jy:dwfz:SB0309:OB0301:Subsection:31",
    "target": "urn:jy:dwfz:SB0309:OB0301:Sectionmiddle:19"
  },
  {
    "relationName": "SectionmiddleHasSubsection",
    "label": "包含小节 / hasSubsection",
    "source": "urn:jy:dwfz:SB0309:OB0301:Sectionmiddle:19",
    "target": "urn:jy:dwfz:SB0309:OB0301:Subsection:32"
  },
  {
    "relationName": "SubsectionBelongsToSectionmiddle",
    "label": "属于节 / belongsToSectionmiddle",
    "source": "urn:jy:dwfz:SB0309:OB0301:Subsection:32",
    "target": "urn:jy:dwfz:SB0309:OB0301:Sectionmiddle:19"
  },
  {
    "relationName": "SectionmiddleHasSubsection",
    "label": "包含小节 / hasSubsection",
    "source": "urn:jy:dwfz:SB0309:OB0301:Sectionmiddle:21",
    "target": "urn:jy:dwfz:SB0309:OB0301:Subsection:33"
  },
  {
    "relationName": "SubsectionBelongsToSectionmiddle",
    "label": "属于节 / belongsToSectionmiddle",
    "source": "urn:jy:dwfz:SB0309:OB0301:Subsection:33",
    "target": "urn:jy:dwfz:SB0309:OB0301:Sectionmiddle:21"
  },
  {
    "relationName": "SectionmiddleHasSubsection",
    "label": "包含小节 / hasSubsection",
    "source": "urn:jy:dwfz:SB0309:OB0301:Sectionmiddle:21",
    "target": "urn:jy:dwfz:SB0309:OB0301:Subsection:34"
  },
  {
    "relationName": "SubsectionBelongsToSectionmiddle",
    "label": "属于节 / belongsToSectionmiddle",
    "source": "urn:jy:dwfz:SB0309:OB0301:Subsection:34",
    "target": "urn:jy:dwfz:SB0309:OB0301:Sectionmiddle:21"
  },
  {
    "relationName": "SectionmiddleHasSubsection",
    "label": "包含小节 / hasSubsection",
    "source": "urn:jy:dwfz:SB0309:OB0301:Sectionmiddle:22",
    "target": "urn:jy:dwfz:SB0309:OB0301:Subsection:35"
  },
  {
    "relationName": "SubsectionBelongsToSectionmiddle",
    "label": "属于节 / belongsToSectionmiddle",
    "source": "urn:jy:dwfz:SB0309:OB0301:Subsection:35",
    "target": "urn:jy:dwfz:SB0309:OB0301:Sectionmiddle:22"
  },
  {
    "relationName": "SectionmiddleHasSubsection",
    "label": "包含小节 / hasSubsection",
    "source": "urn:jy:dwfz:SB0309:OB0301:Sectionmiddle:22",
    "target": "urn:jy:dwfz:SB0309:OB0301:Subsection:36"
  },
  {
    "relationName": "SubsectionBelongsToSectionmiddle",
    "label": "属于节 / belongsToSectionmiddle",
    "source": "urn:jy:dwfz:SB0309:OB0301:Subsection:36",
    "target": "urn:jy:dwfz:SB0309:OB0301:Sectionmiddle:22"
  },
  {
    "relationName": "SectionmiddleHasSubsection",
    "label": "包含小节 / hasSubsection",
    "source": "urn:jy:dwfz:SB0309:OB0301:Sectionmiddle:23",
    "target": "urn:jy:dwfz:SB0309:OB0301:Subsection:37"
  },
  {
    "relationName": "SubsectionBelongsToSectionmiddle",
    "label": "属于节 / belongsToSectionmiddle",
    "source": "urn:jy:dwfz:SB0309:OB0301:Subsection:37",
    "target": "urn:jy:dwfz:SB0309:OB0301:Sectionmiddle:23"
  },
  {
    "relationName": "SectionmiddleHasSubsection",
    "label": "包含小节 / hasSubsection",
    "source": "urn:jy:dwfz:SB0309:OB0301:Sectionmiddle:23",
    "target": "urn:jy:dwfz:SB0309:OB0301:Subsection:38"
  },
  {
    "relationName": "SubsectionBelongsToSectionmiddle",
    "label": "属于节 / belongsToSectionmiddle",
    "source": "urn:jy:dwfz:SB0309:OB0301:Subsection:38",
    "target": "urn:jy:dwfz:SB0309:OB0301:Sectionmiddle:23"
  },
  {
    "relationName": "SectionmiddleHasSubsection",
    "label": "包含小节 / hasSubsection",
    "source": "urn:jy:dwfz:SB0309:OB0301:Sectionmiddle:25",
    "target": "urn:jy:dwfz:SB0309:OB0301:Subsection:39"
  },
  {
    "relationName": "SubsectionBelongsToSectionmiddle",
    "label": "属于节 / belongsToSectionmiddle",
    "source": "urn:jy:dwfz:SB0309:OB0301:Subsection:39",
    "target": "urn:jy:dwfz:SB0309:OB0301:Sectionmiddle:25"
  },
  {
    "relationName": "SectionmiddleHasSubsection",
    "label": "包含小节 / hasSubsection",
    "source": "urn:jy:dwfz:SB0309:OB0301:Sectionmiddle:25",
    "target": "urn:jy:dwfz:SB0309:OB0301:Subsection:40"
  },
  {
    "relationName": "SubsectionBelongsToSectionmiddle",
    "label": "属于节 / belongsToSectionmiddle",
    "source": "urn:jy:dwfz:SB0309:OB0301:Subsection:40",
    "target": "urn:jy:dwfz:SB0309:OB0301:Sectionmiddle:25"
  },
  {
    "relationName": "SectionmiddleHasSubsection",
    "label": "包含小节 / hasSubsection",
    "source": "urn:jy:dwfz:SB0309:OB0301:Sectionmiddle:26",
    "target": "urn:jy:dwfz:SB0309:OB0301:Subsection:41"
  },
  {
    "relationName": "SubsectionBelongsToSectionmiddle",
    "label": "属于节 / belongsToSectionmiddle",
    "source": "urn:jy:dwfz:SB0309:OB0301:Subsection:41",
    "target": "urn:jy:dwfz:SB0309:OB0301:Sectionmiddle:26"
  },
  {
    "relationName": "SectionmiddleHasSubsection",
    "label": "包含小节 / hasSubsection",
    "source": "urn:jy:dwfz:SB0309:OB0301:Sectionmiddle:26",
    "target": "urn:jy:dwfz:SB0309:OB0301:Subsection:42"
  },
  {
    "relationName": "SubsectionBelongsToSectionmiddle",
    "label": "属于节 / belongsToSectionmiddle",
    "source": "urn:jy:dwfz:SB0309:OB0301:Subsection:42",
    "target": "urn:jy:dwfz:SB0309:OB0301:Sectionmiddle:26"
  },
  {
    "relationName": "SectionmiddleHasSubsection",
    "label": "包含小节 / hasSubsection",
    "source": "urn:jy:dwfz:SB0309:OB0301:Sectionmiddle:27",
    "target": "urn:jy:dwfz:SB0309:OB0301:Subsection:43"
  },
  {
    "relationName": "SubsectionBelongsToSectionmiddle",
    "label": "属于节 / belongsToSectionmiddle",
    "source": "urn:jy:dwfz:SB0309:OB0301:Subsection:43",
    "target": "urn:jy:dwfz:SB0309:OB0301:Sectionmiddle:27"
  },
  {
    "relationName": "SectionmiddleHasSubsection",
    "label": "包含小节 / hasSubsection",
    "source": "urn:jy:dwfz:SB0309:OB0301:Sectionmiddle:27",
    "target": "urn:jy:dwfz:SB0309:OB0301:Subsection:44"
  },
  {
    "relationName": "SubsectionBelongsToSectionmiddle",
    "label": "属于节 / belongsToSectionmiddle",
    "source": "urn:jy:dwfz:SB0309:OB0301:Subsection:44",
    "target": "urn:jy:dwfz:SB0309:OB0301:Sectionmiddle:27"
  },
  {
    "relationName": "SectionmiddleHasSubsection",
    "label": "包含小节 / hasSubsection",
    "source": "urn:jy:dwfz:SB0309:OB0301:Sectionmiddle:29",
    "target": "urn:jy:dwfz:SB0309:OB0301:Subsection:45"
  },
  {
    "relationName": "SubsectionBelongsToSectionmiddle",
    "label": "属于节 / belongsToSectionmiddle",
    "source": "urn:jy:dwfz:SB0309:OB0301:Subsection:45",
    "target": "urn:jy:dwfz:SB0309:OB0301:Sectionmiddle:29"
  },
  {
    "relationName": "SectionmiddleHasSubsection",
    "label": "包含小节 / hasSubsection",
    "source": "urn:jy:dwfz:SB0309:OB0301:Sectionmiddle:29",
    "target": "urn:jy:dwfz:SB0309:OB0301:Subsection:46"
  },
  {
    "relationName": "SubsectionBelongsToSectionmiddle",
    "label": "属于节 / belongsToSectionmiddle",
    "source": "urn:jy:dwfz:SB0309:OB0301:Subsection:46",
    "target": "urn:jy:dwfz:SB0309:OB0301:Sectionmiddle:29"
  },
  {
    "relationName": "SectionmiddleHasSubsection",
    "label": "包含小节 / hasSubsection",
    "source": "urn:jy:dwfz:SB0309:OB0301:Sectionmiddle:30",
    "target": "urn:jy:dwfz:SB0309:OB0301:Subsection:47"
  },
  {
    "relationName": "SubsectionBelongsToSectionmiddle",
    "label": "属于节 / belongsToSectionmiddle",
    "source": "urn:jy:dwfz:SB0309:OB0301:Subsection:47",
    "target": "urn:jy:dwfz:SB0309:OB0301:Sectionmiddle:30"
  },
  {
    "relationName": "SectionmiddleHasSubsection",
    "label": "包含小节 / hasSubsection",
    "source": "urn:jy:dwfz:SB0309:OB0301:Sectionmiddle:30",
    "target": "urn:jy:dwfz:SB0309:OB0301:Subsection:48"
  },
  {
    "relationName": "SubsectionBelongsToSectionmiddle",
    "label": "属于节 / belongsToSectionmiddle",
    "source": "urn:jy:dwfz:SB0309:OB0301:Subsection:48",
    "target": "urn:jy:dwfz:SB0309:OB0301:Sectionmiddle:30"
  },
  {
    "relationName": "SectionmiddleHasSubsection",
    "label": "包含小节 / hasSubsection",
    "source": "urn:jy:dwfz:SB0309:OB0301:Sectionmiddle:30",
    "target": "urn:jy:dwfz:SB0309:OB0301:Subsection:49"
  },
  {
    "relationName": "SubsectionBelongsToSectionmiddle",
    "label": "属于节 / belongsToSectionmiddle",
    "source": "urn:jy:dwfz:SB0309:OB0301:Subsection:49",
    "target": "urn:jy:dwfz:SB0309:OB0301:Sectionmiddle:30"
  },
  {
    "relationName": "SectionmiddleHasSubsection",
    "label": "包含小节 / hasSubsection",
    "source": "urn:jy:dwfz:SB0309:OB0301:Sectionmiddle:31",
    "target": "urn:jy:dwfz:SB0309:OB0301:Subsection:50"
  },
  {
    "relationName": "SubsectionBelongsToSectionmiddle",
    "label": "属于节 / belongsToSectionmiddle",
    "source": "urn:jy:dwfz:SB0309:OB0301:Subsection:50",
    "target": "urn:jy:dwfz:SB0309:OB0301:Sectionmiddle:31"
  },
  {
    "relationName": "SectionmiddleHasSubsection",
    "label": "包含小节 / hasSubsection",
    "source": "urn:jy:dwfz:SB0309:OB0301:Sectionmiddle:31",
    "target": "urn:jy:dwfz:SB0309:OB0301:Subsection:51"
  },
  {
    "relationName": "SubsectionBelongsToSectionmiddle",
    "label": "属于节 / belongsToSectionmiddle",
    "source": "urn:jy:dwfz:SB0309:OB0301:Subsection:51",
    "target": "urn:jy:dwfz:SB0309:OB0301:Sectionmiddle:31"
  },
  {
    "relationName": "SectionmiddleHasSubsection",
    "label": "包含小节 / hasSubsection",
    "source": "urn:jy:dwfz:SB0309:OB0301:Sectionmiddle:31",
    "target": "urn:jy:dwfz:SB0309:OB0301:Subsection:52"
  },
  {
    "relationName": "SubsectionBelongsToSectionmiddle",
    "label": "属于节 / belongsToSectionmiddle",
    "source": "urn:jy:dwfz:SB0309:OB0301:Subsection:52",
    "target": "urn:jy:dwfz:SB0309:OB0301:Sectionmiddle:31"
  },
  {
    "relationName": "SectionmiddleHasSubsection",
    "label": "包含小节 / hasSubsection",
    "source": "urn:jy:dwfz:SB0309:OB0302:Sectionmiddle:33",
    "target": "urn:jy:dwfz:SB0309:OB0302:Subsection:53"
  },
  {
    "relationName": "SubsectionBelongsToSectionmiddle",
    "label": "属于节 / belongsToSectionmiddle",
    "source": "urn:jy:dwfz:SB0309:OB0302:Subsection:53",
    "target": "urn:jy:dwfz:SB0309:OB0302:Sectionmiddle:33"
  },
  {
    "relationName": "SectionmiddleHasSubsection",
    "label": "包含小节 / hasSubsection",
    "source": "urn:jy:dwfz:SB0309:OB0302:Sectionmiddle:33",
    "target": "urn:jy:dwfz:SB0309:OB0302:Subsection:54"
  },
  {
    "relationName": "SubsectionBelongsToSectionmiddle",
    "label": "属于节 / belongsToSectionmiddle",
    "source": "urn:jy:dwfz:SB0309:OB0302:Subsection:54",
    "target": "urn:jy:dwfz:SB0309:OB0302:Sectionmiddle:33"
  },
  {
    "relationName": "SectionmiddleHasSubsection",
    "label": "包含小节 / hasSubsection",
    "source": "urn:jy:dwfz:SB0309:OB0302:Sectionmiddle:34",
    "target": "urn:jy:dwfz:SB0309:OB0302:Subsection:55"
  },
  {
    "relationName": "SubsectionBelongsToSectionmiddle",
    "label": "属于节 / belongsToSectionmiddle",
    "source": "urn:jy:dwfz:SB0309:OB0302:Subsection:55",
    "target": "urn:jy:dwfz:SB0309:OB0302:Sectionmiddle:34"
  },
  {
    "relationName": "SectionmiddleHasSubsection",
    "label": "包含小节 / hasSubsection",
    "source": "urn:jy:dwfz:SB0309:OB0302:Sectionmiddle:34",
    "target": "urn:jy:dwfz:SB0309:OB0302:Subsection:56"
  },
  {
    "relationName": "SubsectionBelongsToSectionmiddle",
    "label": "属于节 / belongsToSectionmiddle",
    "source": "urn:jy:dwfz:SB0309:OB0302:Subsection:56",
    "target": "urn:jy:dwfz:SB0309:OB0302:Sectionmiddle:34"
  },
  {
    "relationName": "SectionmiddleHasSubsection",
    "label": "包含小节 / hasSubsection",
    "source": "urn:jy:dwfz:SB0309:OB0302:Sectionmiddle:35",
    "target": "urn:jy:dwfz:SB0309:OB0302:Subsection:57"
  },
  {
    "relationName": "SubsectionBelongsToSectionmiddle",
    "label": "属于节 / belongsToSectionmiddle",
    "source": "urn:jy:dwfz:SB0309:OB0302:Subsection:57",
    "target": "urn:jy:dwfz:SB0309:OB0302:Sectionmiddle:35"
  },
  {
    "relationName": "SectionmiddleHasSubsection",
    "label": "包含小节 / hasSubsection",
    "source": "urn:jy:dwfz:SB0309:OB0302:Sectionmiddle:35",
    "target": "urn:jy:dwfz:SB0309:OB0302:Subsection:58"
  },
  {
    "relationName": "SubsectionBelongsToSectionmiddle",
    "label": "属于节 / belongsToSectionmiddle",
    "source": "urn:jy:dwfz:SB0309:OB0302:Subsection:58",
    "target": "urn:jy:dwfz:SB0309:OB0302:Sectionmiddle:35"
  },
  {
    "relationName": "SectionmiddleHasSubsection",
    "label": "包含小节 / hasSubsection",
    "source": "urn:jy:dwfz:SB0309:OB0302:Sectionmiddle:37",
    "target": "urn:jy:dwfz:SB0309:OB0302:Subsection:59"
  },
  {
    "relationName": "SubsectionBelongsToSectionmiddle",
    "label": "属于节 / belongsToSectionmiddle",
    "source": "urn:jy:dwfz:SB0309:OB0302:Subsection:59",
    "target": "urn:jy:dwfz:SB0309:OB0302:Sectionmiddle:37"
  },
  {
    "relationName": "SectionmiddleHasSubsection",
    "label": "包含小节 / hasSubsection",
    "source": "urn:jy:dwfz:SB0309:OB0302:Sectionmiddle:37",
    "target": "urn:jy:dwfz:SB0309:OB0302:Subsection:60"
  },
  {
    "relationName": "SubsectionBelongsToSectionmiddle",
    "label": "属于节 / belongsToSectionmiddle",
    "source": "urn:jy:dwfz:SB0309:OB0302:Subsection:60",
    "target": "urn:jy:dwfz:SB0309:OB0302:Sectionmiddle:37"
  },
  {
    "relationName": "SectionmiddleHasSubsection",
    "label": "包含小节 / hasSubsection",
    "source": "urn:jy:dwfz:SB0309:OB0302:Sectionmiddle:38",
    "target": "urn:jy:dwfz:SB0309:OB0302:Subsection:61"
  },
  {
    "relationName": "SubsectionBelongsToSectionmiddle",
    "label": "属于节 / belongsToSectionmiddle",
    "source": "urn:jy:dwfz:SB0309:OB0302:Subsection:61",
    "target": "urn:jy:dwfz:SB0309:OB0302:Sectionmiddle:38"
  },
  {
    "relationName": "SectionmiddleHasSubsection",
    "label": "包含小节 / hasSubsection",
    "source": "urn:jy:dwfz:SB0309:OB0302:Sectionmiddle:38",
    "target": "urn:jy:dwfz:SB0309:OB0302:Subsection:62"
  },
  {
    "relationName": "SubsectionBelongsToSectionmiddle",
    "label": "属于节 / belongsToSectionmiddle",
    "source": "urn:jy:dwfz:SB0309:OB0302:Subsection:62",
    "target": "urn:jy:dwfz:SB0309:OB0302:Sectionmiddle:38"
  },
  {
    "relationName": "SectionmiddleHasSubsection",
    "label": "包含小节 / hasSubsection",
    "source": "urn:jy:dwfz:SB0309:OB0302:Sectionmiddle:38",
    "target": "urn:jy:dwfz:SB0309:OB0302:Subsection:63"
  },
  {
    "relationName": "SubsectionBelongsToSectionmiddle",
    "label": "属于节 / belongsToSectionmiddle",
    "source": "urn:jy:dwfz:SB0309:OB0302:Subsection:63",
    "target": "urn:jy:dwfz:SB0309:OB0302:Sectionmiddle:38"
  },
  {
    "relationName": "SectionmiddleHasSubsection",
    "label": "包含小节 / hasSubsection",
    "source": "urn:jy:dwfz:SB0309:OB0302:Sectionmiddle:39",
    "target": "urn:jy:dwfz:SB0309:OB0302:Subsection:64"
  },
  {
    "relationName": "SubsectionBelongsToSectionmiddle",
    "label": "属于节 / belongsToSectionmiddle",
    "source": "urn:jy:dwfz:SB0309:OB0302:Subsection:64",
    "target": "urn:jy:dwfz:SB0309:OB0302:Sectionmiddle:39"
  },
  {
    "relationName": "SectionmiddleHasSubsection",
    "label": "包含小节 / hasSubsection",
    "source": "urn:jy:dwfz:SB0309:OB0302:Sectionmiddle:39",
    "target": "urn:jy:dwfz:SB0309:OB0302:Subsection:65"
  },
  {
    "relationName": "SubsectionBelongsToSectionmiddle",
    "label": "属于节 / belongsToSectionmiddle",
    "source": "urn:jy:dwfz:SB0309:OB0302:Subsection:65",
    "target": "urn:jy:dwfz:SB0309:OB0302:Sectionmiddle:39"
  },
  {
    "relationName": "SectionmiddleHasSubsection",
    "label": "包含小节 / hasSubsection",
    "source": "urn:jy:dwfz:SB0309:OB0302:Sectionmiddle:41",
    "target": "urn:jy:dwfz:SB0309:OB0302:Subsection:66"
  },
  {
    "relationName": "SubsectionBelongsToSectionmiddle",
    "label": "属于节 / belongsToSectionmiddle",
    "source": "urn:jy:dwfz:SB0309:OB0302:Subsection:66",
    "target": "urn:jy:dwfz:SB0309:OB0302:Sectionmiddle:41"
  },
  {
    "relationName": "SectionmiddleHasSubsection",
    "label": "包含小节 / hasSubsection",
    "source": "urn:jy:dwfz:SB0309:OB0302:Sectionmiddle:41",
    "target": "urn:jy:dwfz:SB0309:OB0302:Subsection:67"
  },
  {
    "relationName": "SubsectionBelongsToSectionmiddle",
    "label": "属于节 / belongsToSectionmiddle",
    "source": "urn:jy:dwfz:SB0309:OB0302:Subsection:67",
    "target": "urn:jy:dwfz:SB0309:OB0302:Sectionmiddle:41"
  },
  {
    "relationName": "SectionmiddleHasSubsection",
    "label": "包含小节 / hasSubsection",
    "source": "urn:jy:dwfz:SB0309:OB0302:Sectionmiddle:42",
    "target": "urn:jy:dwfz:SB0309:OB0302:Subsection:68"
  },
  {
    "relationName": "SubsectionBelongsToSectionmiddle",
    "label": "属于节 / belongsToSectionmiddle",
    "source": "urn:jy:dwfz:SB0309:OB0302:Subsection:68",
    "target": "urn:jy:dwfz:SB0309:OB0302:Sectionmiddle:42"
  },
  {
    "relationName": "SectionmiddleHasSubsection",
    "label": "包含小节 / hasSubsection",
    "source": "urn:jy:dwfz:SB0309:OB0302:Sectionmiddle:42",
    "target": "urn:jy:dwfz:SB0309:OB0302:Subsection:69"
  },
  {
    "relationName": "SubsectionBelongsToSectionmiddle",
    "label": "属于节 / belongsToSectionmiddle",
    "source": "urn:jy:dwfz:SB0309:OB0302:Subsection:69",
    "target": "urn:jy:dwfz:SB0309:OB0302:Sectionmiddle:42"
  },
  {
    "relationName": "SectionmiddleHasSubsection",
    "label": "包含小节 / hasSubsection",
    "source": "urn:jy:dwfz:SB0309:OB0302:Sectionmiddle:43",
    "target": "urn:jy:dwfz:SB0309:OB0302:Subsection:70"
  },
  {
    "relationName": "SubsectionBelongsToSectionmiddle",
    "label": "属于节 / belongsToSectionmiddle",
    "source": "urn:jy:dwfz:SB0309:OB0302:Subsection:70",
    "target": "urn:jy:dwfz:SB0309:OB0302:Sectionmiddle:43"
  },
  {
    "relationName": "SectionmiddleHasSubsection",
    "label": "包含小节 / hasSubsection",
    "source": "urn:jy:dwfz:SB0309:OB0302:Sectionmiddle:43",
    "target": "urn:jy:dwfz:SB0309:OB0302:Subsection:71"
  },
  {
    "relationName": "SubsectionBelongsToSectionmiddle",
    "label": "属于节 / belongsToSectionmiddle",
    "source": "urn:jy:dwfz:SB0309:OB0302:Subsection:71",
    "target": "urn:jy:dwfz:SB0309:OB0302:Sectionmiddle:43"
  },
  {
    "relationName": "SectionmiddleHasSubsection",
    "label": "包含小节 / hasSubsection",
    "source": "urn:jy:dwfz:SB0309:OB0302:Sectionmiddle:45",
    "target": "urn:jy:dwfz:SB0309:OB0302:Subsection:72"
  },
  {
    "relationName": "SubsectionBelongsToSectionmiddle",
    "label": "属于节 / belongsToSectionmiddle",
    "source": "urn:jy:dwfz:SB0309:OB0302:Subsection:72",
    "target": "urn:jy:dwfz:SB0309:OB0302:Sectionmiddle:45"
  },
  {
    "relationName": "SectionmiddleHasSubsection",
    "label": "包含小节 / hasSubsection",
    "source": "urn:jy:dwfz:SB0309:OB0302:Sectionmiddle:45",
    "target": "urn:jy:dwfz:SB0309:OB0302:Subsection:73"
  },
  {
    "relationName": "SubsectionBelongsToSectionmiddle",
    "label": "属于节 / belongsToSectionmiddle",
    "source": "urn:jy:dwfz:SB0309:OB0302:Subsection:73",
    "target": "urn:jy:dwfz:SB0309:OB0302:Sectionmiddle:45"
  },
  {
    "relationName": "SectionmiddleHasSubsection",
    "label": "包含小节 / hasSubsection",
    "source": "urn:jy:dwfz:SB0309:OB0302:Sectionmiddle:46",
    "target": "urn:jy:dwfz:SB0309:OB0302:Subsection:74"
  },
  {
    "relationName": "SubsectionBelongsToSectionmiddle",
    "label": "属于节 / belongsToSectionmiddle",
    "source": "urn:jy:dwfz:SB0309:OB0302:Subsection:74",
    "target": "urn:jy:dwfz:SB0309:OB0302:Sectionmiddle:46"
  },
  {
    "relationName": "SectionmiddleHasSubsection",
    "label": "包含小节 / hasSubsection",
    "source": "urn:jy:dwfz:SB0309:OB0302:Sectionmiddle:46",
    "target": "urn:jy:dwfz:SB0309:OB0302:Subsection:75"
  },
  {
    "relationName": "SubsectionBelongsToSectionmiddle",
    "label": "属于节 / belongsToSectionmiddle",
    "source": "urn:jy:dwfz:SB0309:OB0302:Subsection:75",
    "target": "urn:jy:dwfz:SB0309:OB0302:Sectionmiddle:46"
  },
  {
    "relationName": "SectionmiddleHasSubsection",
    "label": "包含小节 / hasSubsection",
    "source": "urn:jy:dwfz:SB0309:OB0302:Sectionmiddle:47",
    "target": "urn:jy:dwfz:SB0309:OB0302:Subsection:76"
  },
  {
    "relationName": "SubsectionBelongsToSectionmiddle",
    "label": "属于节 / belongsToSectionmiddle",
    "source": "urn:jy:dwfz:SB0309:OB0302:Subsection:76",
    "target": "urn:jy:dwfz:SB0309:OB0302:Sectionmiddle:47"
  },
  {
    "relationName": "SectionmiddleHasSubsection",
    "label": "包含小节 / hasSubsection",
    "source": "urn:jy:dwfz:SB0309:OB0302:Sectionmiddle:47",
    "target": "urn:jy:dwfz:SB0309:OB0302:Subsection:77"
  },
  {
    "relationName": "SubsectionBelongsToSectionmiddle",
    "label": "属于节 / belongsToSectionmiddle",
    "source": "urn:jy:dwfz:SB0309:OB0302:Subsection:77",
    "target": "urn:jy:dwfz:SB0309:OB0302:Sectionmiddle:47"
  },
  {
    "relationName": "SectionmiddleHasSubsection",
    "label": "包含小节 / hasSubsection",
    "source": "urn:jy:dwfz:SB0309:OB0302:Sectionmiddle:49",
    "target": "urn:jy:dwfz:SB0309:OB0302:Subsection:78"
  },
  {
    "relationName": "SubsectionBelongsToSectionmiddle",
    "label": "属于节 / belongsToSectionmiddle",
    "source": "urn:jy:dwfz:SB0309:OB0302:Subsection:78",
    "target": "urn:jy:dwfz:SB0309:OB0302:Sectionmiddle:49"
  },
  {
    "relationName": "SectionmiddleHasSubsection",
    "label": "包含小节 / hasSubsection",
    "source": "urn:jy:dwfz:SB0309:OB0302:Sectionmiddle:49",
    "target": "urn:jy:dwfz:SB0309:OB0302:Subsection:79"
  },
  {
    "relationName": "SubsectionBelongsToSectionmiddle",
    "label": "属于节 / belongsToSectionmiddle",
    "source": "urn:jy:dwfz:SB0309:OB0302:Subsection:79",
    "target": "urn:jy:dwfz:SB0309:OB0302:Sectionmiddle:49"
  },
  {
    "relationName": "SectionmiddleHasSubsection",
    "label": "包含小节 / hasSubsection",
    "source": "urn:jy:dwfz:SB0309:OB0302:Sectionmiddle:49",
    "target": "urn:jy:dwfz:SB0309:OB0302:Subsection:80"
  },
  {
    "relationName": "SubsectionBelongsToSectionmiddle",
    "label": "属于节 / belongsToSectionmiddle",
    "source": "urn:jy:dwfz:SB0309:OB0302:Subsection:80",
    "target": "urn:jy:dwfz:SB0309:OB0302:Sectionmiddle:49"
  },
  {
    "relationName": "SectionmiddleHasSubsection",
    "label": "包含小节 / hasSubsection",
    "source": "urn:jy:dwfz:SB0309:OB0302:Sectionmiddle:50",
    "target": "urn:jy:dwfz:SB0309:OB0302:Subsection:81"
  },
  {
    "relationName": "SubsectionBelongsToSectionmiddle",
    "label": "属于节 / belongsToSectionmiddle",
    "source": "urn:jy:dwfz:SB0309:OB0302:Subsection:81",
    "target": "urn:jy:dwfz:SB0309:OB0302:Sectionmiddle:50"
  },
  {
    "relationName": "SectionmiddleHasSubsection",
    "label": "包含小节 / hasSubsection",
    "source": "urn:jy:dwfz:SB0309:OB0302:Sectionmiddle:50",
    "target": "urn:jy:dwfz:SB0309:OB0302:Subsection:82"
  },
  {
    "relationName": "SubsectionBelongsToSectionmiddle",
    "label": "属于节 / belongsToSectionmiddle",
    "source": "urn:jy:dwfz:SB0309:OB0302:Subsection:82",
    "target": "urn:jy:dwfz:SB0309:OB0302:Sectionmiddle:50"
  },
  {
    "relationName": "SectionmiddleHasSubsection",
    "label": "包含小节 / hasSubsection",
    "source": "urn:jy:dwfz:SB0309:OB0302:Sectionmiddle:51",
    "target": "urn:jy:dwfz:SB0309:OB0302:Subsection:83"
  },
  {
    "relationName": "SubsectionBelongsToSectionmiddle",
    "label": "属于节 / belongsToSectionmiddle",
    "source": "urn:jy:dwfz:SB0309:OB0302:Subsection:83",
    "target": "urn:jy:dwfz:SB0309:OB0302:Sectionmiddle:51"
  },
  {
    "relationName": "SectionmiddleHasSubsection",
    "label": "包含小节 / hasSubsection",
    "source": "urn:jy:dwfz:SB0309:OB0302:Sectionmiddle:51",
    "target": "urn:jy:dwfz:SB0309:OB0302:Subsection:84"
  },
  {
    "relationName": "SubsectionBelongsToSectionmiddle",
    "label": "属于节 / belongsToSectionmiddle",
    "source": "urn:jy:dwfz:SB0309:OB0302:Subsection:84",
    "target": "urn:jy:dwfz:SB0309:OB0302:Sectionmiddle:51"
  },
  {
    "relationName": "SectionmiddleHasSubsection",
    "label": "包含小节 / hasSubsection",
    "source": "urn:jy:dwfz:SB0309:OB0302:Sectionmiddle:52",
    "target": "urn:jy:dwfz:SB0309:OB0302:Subsection:85"
  },
  {
    "relationName": "SubsectionBelongsToSectionmiddle",
    "label": "属于节 / belongsToSectionmiddle",
    "source": "urn:jy:dwfz:SB0309:OB0302:Subsection:85",
    "target": "urn:jy:dwfz:SB0309:OB0302:Sectionmiddle:52"
  },
  {
    "relationName": "SectionmiddleHasSubsection",
    "label": "包含小节 / hasSubsection",
    "source": "urn:jy:dwfz:SB0309:OB0302:Sectionmiddle:52",
    "target": "urn:jy:dwfz:SB0309:OB0302:Subsection:86"
  },
  {
    "relationName": "SubsectionBelongsToSectionmiddle",
    "label": "属于节 / belongsToSectionmiddle",
    "source": "urn:jy:dwfz:SB0309:OB0302:Subsection:86",
    "target": "urn:jy:dwfz:SB0309:OB0302:Sectionmiddle:52"
  },
  {
    "relationName": "SectionmiddleHasSubsection",
    "label": "包含小节 / hasSubsection",
    "source": "urn:jy:dwfz:SB0309:OB0302:Sectionmiddle:53",
    "target": "urn:jy:dwfz:SB0309:OB0302:Subsection:87"
  },
  {
    "relationName": "SubsectionBelongsToSectionmiddle",
    "label": "属于节 / belongsToSectionmiddle",
    "source": "urn:jy:dwfz:SB0309:OB0302:Subsection:87",
    "target": "urn:jy:dwfz:SB0309:OB0302:Sectionmiddle:53"
  },
  {
    "relationName": "SectionmiddleHasSubsection",
    "label": "包含小节 / hasSubsection",
    "source": "urn:jy:dwfz:SB0309:OB0302:Sectionmiddle:53",
    "target": "urn:jy:dwfz:SB0309:OB0302:Subsection:88"
  },
  {
    "relationName": "SubsectionBelongsToSectionmiddle",
    "label": "属于节 / belongsToSectionmiddle",
    "source": "urn:jy:dwfz:SB0309:OB0302:Subsection:88",
    "target": "urn:jy:dwfz:SB0309:OB0302:Sectionmiddle:53"
  },
  {
    "relationName": "SectionmiddleHasSubsection",
    "label": "包含小节 / hasSubsection",
    "source": "urn:jy:dwfz:SB0309:OB0302:Sectionmiddle:53",
    "target": "urn:jy:dwfz:SB0309:OB0302:Subsection:89"
  },
  {
    "relationName": "SubsectionBelongsToSectionmiddle",
    "label": "属于节 / belongsToSectionmiddle",
    "source": "urn:jy:dwfz:SB0309:OB0302:Subsection:89",
    "target": "urn:jy:dwfz:SB0309:OB0302:Sectionmiddle:53"
  },
  {
    "relationName": "SectionmiddleHasSubsection",
    "label": "包含小节 / hasSubsection",
    "source": "urn:jy:dwfz:SB0309:OB0302:Sectionmiddle:54",
    "target": "urn:jy:dwfz:SB0309:OB0302:Subsection:90"
  },
  {
    "relationName": "SubsectionBelongsToSectionmiddle",
    "label": "属于节 / belongsToSectionmiddle",
    "source": "urn:jy:dwfz:SB0309:OB0302:Subsection:90",
    "target": "urn:jy:dwfz:SB0309:OB0302:Sectionmiddle:54"
  },
  {
    "relationName": "SectionmiddleHasSubsection",
    "label": "包含小节 / hasSubsection",
    "source": "urn:jy:dwfz:SB0309:OB0302:Sectionmiddle:54",
    "target": "urn:jy:dwfz:SB0309:OB0302:Subsection:91"
  },
  {
    "relationName": "SubsectionBelongsToSectionmiddle",
    "label": "属于节 / belongsToSectionmiddle",
    "source": "urn:jy:dwfz:SB0309:OB0302:Subsection:91",
    "target": "urn:jy:dwfz:SB0309:OB0302:Sectionmiddle:54"
  },
  {
    "relationName": "SectionmiddleHasSubsection",
    "label": "包含小节 / hasSubsection",
    "source": "urn:jy:dwfz:SB0309:OB0302:Sectionmiddle:54",
    "target": "urn:jy:dwfz:SB0309:OB0302:Subsection:92"
  },
  {
    "relationName": "SubsectionBelongsToSectionmiddle",
    "label": "属于节 / belongsToSectionmiddle",
    "source": "urn:jy:dwfz:SB0309:OB0302:Subsection:92",
    "target": "urn:jy:dwfz:SB0309:OB0302:Sectionmiddle:54"
  },
  {
    "relationName": "SectionmiddleHasSubsection",
    "label": "包含小节 / hasSubsection",
    "source": "urn:jy:dwfz:SB0309:OB0302:Sectionmiddle:54",
    "target": "urn:jy:dwfz:SB0309:OB0302:Subsection:93"
  },
  {
    "relationName": "SubsectionBelongsToSectionmiddle",
    "label": "属于节 / belongsToSectionmiddle",
    "source": "urn:jy:dwfz:SB0309:OB0302:Subsection:93",
    "target": "urn:jy:dwfz:SB0309:OB0302:Sectionmiddle:54"
  },
  {
    "relationName": "SectionmiddleHasSubsection",
    "label": "包含小节 / hasSubsection",
    "source": "urn:jy:dwfz:SB0309:OB0302:Sectionmiddle:54",
    "target": "urn:jy:dwfz:SB0309:OB0302:Subsection:94"
  },
  {
    "relationName": "SubsectionBelongsToSectionmiddle",
    "label": "属于节 / belongsToSectionmiddle",
    "source": "urn:jy:dwfz:SB0309:OB0302:Subsection:94",
    "target": "urn:jy:dwfz:SB0309:OB0302:Sectionmiddle:54"
  },
  {
    "relationName": "SectionmiddleHasSubsection",
    "label": "包含小节 / hasSubsection",
    "source": "urn:jy:dwfz:SB0309:OB0302:Sectionmiddle:55",
    "target": "urn:jy:dwfz:SB0309:OB0302:Subsection:95"
  },
  {
    "relationName": "SubsectionBelongsToSectionmiddle",
    "label": "属于节 / belongsToSectionmiddle",
    "source": "urn:jy:dwfz:SB0309:OB0302:Subsection:95",
    "target": "urn:jy:dwfz:SB0309:OB0302:Sectionmiddle:55"
  },
  {
    "relationName": "SectionmiddleHasSubsection",
    "label": "包含小节 / hasSubsection",
    "source": "urn:jy:dwfz:SB0309:OB0302:Sectionmiddle:55",
    "target": "urn:jy:dwfz:SB0309:OB0302:Subsection:96"
  },
  {
    "relationName": "SubsectionBelongsToSectionmiddle",
    "label": "属于节 / belongsToSectionmiddle",
    "source": "urn:jy:dwfz:SB0309:OB0302:Subsection:96",
    "target": "urn:jy:dwfz:SB0309:OB0302:Sectionmiddle:55"
  },
  {
    "relationName": "SectionmiddleHasSubsection",
    "label": "包含小节 / hasSubsection",
    "source": "urn:jy:dwfz:SB0309:OB0302:Sectionmiddle:56",
    "target": "urn:jy:dwfz:SB0309:OB0302:Subsection:97"
  },
  {
    "relationName": "SubsectionBelongsToSectionmiddle",
    "label": "属于节 / belongsToSectionmiddle",
    "source": "urn:jy:dwfz:SB0309:OB0302:Subsection:97",
    "target": "urn:jy:dwfz:SB0309:OB0302:Sectionmiddle:56"
  },
  {
    "relationName": "SectionmiddleHasSubsection",
    "label": "包含小节 / hasSubsection",
    "source": "urn:jy:dwfz:SB0309:OB0302:Sectionmiddle:56",
    "target": "urn:jy:dwfz:SB0309:OB0302:Subsection:98"
  },
  {
    "relationName": "SubsectionBelongsToSectionmiddle",
    "label": "属于节 / belongsToSectionmiddle",
    "source": "urn:jy:dwfz:SB0309:OB0302:Subsection:98",
    "target": "urn:jy:dwfz:SB0309:OB0302:Sectionmiddle:56"
  },
  {
    "relationName": "SectionmiddleHasSubsection",
    "label": "包含小节 / hasSubsection",
    "source": "urn:jy:dwfz:SB0309:OB0303:Sectionmiddle:57",
    "target": "urn:jy:dwfz:SB0309:OB0303:Subsection:99"
  },
  {
    "relationName": "SubsectionBelongsToSectionmiddle",
    "label": "属于节 / belongsToSectionmiddle",
    "source": "urn:jy:dwfz:SB0309:OB0303:Subsection:99",
    "target": "urn:jy:dwfz:SB0309:OB0303:Sectionmiddle:57"
  },
  {
    "relationName": "SectionmiddleHasSubsection",
    "label": "包含小节 / hasSubsection",
    "source": "urn:jy:dwfz:SB0309:OB0303:Sectionmiddle:57",
    "target": "urn:jy:dwfz:SB0309:OB0301:Subsection:100"
  },
  {
    "relationName": "SubsectionBelongsToSectionmiddle",
    "label": "属于节 / belongsToSectionmiddle",
    "source": "urn:jy:dwfz:SB0309:OB0301:Subsection:100",
    "target": "urn:jy:dwfz:SB0309:OB0303:Sectionmiddle:57"
  },
  {
    "relationName": "SectionmiddleHasSubsection",
    "label": "包含小节 / hasSubsection",
    "source": "urn:jy:dwfz:SB0309:OB0303:Sectionmiddle:58",
    "target": "urn:jy:dwfz:SB0309:OB0301:Subsection:101"
  },
  {
    "relationName": "SubsectionBelongsToSectionmiddle",
    "label": "属于节 / belongsToSectionmiddle",
    "source": "urn:jy:dwfz:SB0309:OB0301:Subsection:101",
    "target": "urn:jy:dwfz:SB0309:OB0303:Sectionmiddle:58"
  },
  {
    "relationName": "SectionmiddleHasSubsection",
    "label": "包含小节 / hasSubsection",
    "source": "urn:jy:dwfz:SB0309:OB0303:Sectionmiddle:58",
    "target": "urn:jy:dwfz:SB0309:OB0301:Subsection:102"
  },
  {
    "relationName": "SubsectionBelongsToSectionmiddle",
    "label": "属于节 / belongsToSectionmiddle",
    "source": "urn:jy:dwfz:SB0309:OB0301:Subsection:102",
    "target": "urn:jy:dwfz:SB0309:OB0303:Sectionmiddle:58"
  },
  {
    "relationName": "SectionmiddleHasSubsection",
    "label": "包含小节 / hasSubsection",
    "source": "urn:jy:dwfz:SB0309:OB0303:Sectionmiddle:59",
    "target": "urn:jy:dwfz:SB0309:OB0301:Subsection:103"
  },
  {
    "relationName": "SubsectionBelongsToSectionmiddle",
    "label": "属于节 / belongsToSectionmiddle",
    "source": "urn:jy:dwfz:SB0309:OB0301:Subsection:103",
    "target": "urn:jy:dwfz:SB0309:OB0303:Sectionmiddle:59"
  },
  {
    "relationName": "SectionmiddleHasSubsection",
    "label": "包含小节 / hasSubsection",
    "source": "urn:jy:dwfz:SB0309:OB0303:Sectionmiddle:59",
    "target": "urn:jy:dwfz:SB0309:OB0301:Subsection:104"
  },
  {
    "relationName": "SubsectionBelongsToSectionmiddle",
    "label": "属于节 / belongsToSectionmiddle",
    "source": "urn:jy:dwfz:SB0309:OB0301:Subsection:104",
    "target": "urn:jy:dwfz:SB0309:OB0303:Sectionmiddle:59"
  },
  {
    "relationName": "SectionmiddleHasSubsection",
    "label": "包含小节 / hasSubsection",
    "source": "urn:jy:dwfz:SB0309:OB0303:Sectionmiddle:60",
    "target": "urn:jy:dwfz:SB0309:OB0301:Subsection:105"
  },
  {
    "relationName": "SubsectionBelongsToSectionmiddle",
    "label": "属于节 / belongsToSectionmiddle",
    "source": "urn:jy:dwfz:SB0309:OB0301:Subsection:105",
    "target": "urn:jy:dwfz:SB0309:OB0303:Sectionmiddle:60"
  },
  {
    "relationName": "SectionmiddleHasSubsection",
    "label": "包含小节 / hasSubsection",
    "source": "urn:jy:dwfz:SB0309:OB0303:Sectionmiddle:60",
    "target": "urn:jy:dwfz:SB0309:OB0301:Subsection:106"
  },
  {
    "relationName": "SubsectionBelongsToSectionmiddle",
    "label": "属于节 / belongsToSectionmiddle",
    "source": "urn:jy:dwfz:SB0309:OB0301:Subsection:106",
    "target": "urn:jy:dwfz:SB0309:OB0303:Sectionmiddle:60"
  },
  {
    "relationName": "SectionmiddleHasSubsection",
    "label": "包含小节 / hasSubsection",
    "source": "urn:jy:dwfz:SB0309:OB0303:Sectionmiddle:61",
    "target": "urn:jy:dwfz:SB0309:OB0301:Subsection:107"
  },
  {
    "relationName": "SubsectionBelongsToSectionmiddle",
    "label": "属于节 / belongsToSectionmiddle",
    "source": "urn:jy:dwfz:SB0309:OB0301:Subsection:107",
    "target": "urn:jy:dwfz:SB0309:OB0303:Sectionmiddle:61"
  },
  {
    "relationName": "SectionmiddleHasSubsection",
    "label": "包含小节 / hasSubsection",
    "source": "urn:jy:dwfz:SB0309:OB0303:Sectionmiddle:61",
    "target": "urn:jy:dwfz:SB0309:OB0301:Subsection:108"
  },
  {
    "relationName": "SubsectionBelongsToSectionmiddle",
    "label": "属于节 / belongsToSectionmiddle",
    "source": "urn:jy:dwfz:SB0309:OB0301:Subsection:108",
    "target": "urn:jy:dwfz:SB0309:OB0303:Sectionmiddle:61"
  },
  {
    "relationName": "SectionmiddleHasSubsection",
    "label": "包含小节 / hasSubsection",
    "source": "urn:jy:dwfz:SB0309:OB0303:Sectionmiddle:62",
    "target": "urn:jy:dwfz:SB0309:OB0301:Subsection:109"
  },
  {
    "relationName": "SubsectionBelongsToSectionmiddle",
    "label": "属于节 / belongsToSectionmiddle",
    "source": "urn:jy:dwfz:SB0309:OB0301:Subsection:109",
    "target": "urn:jy:dwfz:SB0309:OB0303:Sectionmiddle:62"
  },
  {
    "relationName": "SectionmiddleHasSubsection",
    "label": "包含小节 / hasSubsection",
    "source": "urn:jy:dwfz:SB0309:OB0303:Sectionmiddle:62",
    "target": "urn:jy:dwfz:SB0309:OB0301:Subsection:110"
  },
  {
    "relationName": "SubsectionBelongsToSectionmiddle",
    "label": "属于节 / belongsToSectionmiddle",
    "source": "urn:jy:dwfz:SB0309:OB0301:Subsection:110",
    "target": "urn:jy:dwfz:SB0309:OB0303:Sectionmiddle:62"
  },
  {
    "relationName": "SectionmiddleHasSubsection",
    "label": "包含小节 / hasSubsection",
    "source": "urn:jy:dwfz:SB0309:OB0303:Sectionmiddle:63",
    "target": "urn:jy:dwfz:SB0309:OB0301:Subsection:111"
  },
  {
    "relationName": "SubsectionBelongsToSectionmiddle",
    "label": "属于节 / belongsToSectionmiddle",
    "source": "urn:jy:dwfz:SB0309:OB0301:Subsection:111",
    "target": "urn:jy:dwfz:SB0309:OB0303:Sectionmiddle:63"
  },
  {
    "relationName": "SectionmiddleHasSubsection",
    "label": "包含小节 / hasSubsection",
    "source": "urn:jy:dwfz:SB0309:OB0303:Sectionmiddle:63",
    "target": "urn:jy:dwfz:SB0309:OB0301:Subsection:112"
  },
  {
    "relationName": "SubsectionBelongsToSectionmiddle",
    "label": "属于节 / belongsToSectionmiddle",
    "source": "urn:jy:dwfz:SB0309:OB0301:Subsection:112",
    "target": "urn:jy:dwfz:SB0309:OB0303:Sectionmiddle:63"
  },
  {
    "relationName": "SectionmiddleHasSubsection",
    "label": "包含小节 / hasSubsection",
    "source": "urn:jy:dwfz:SB0309:OB0303:Sectionmiddle:64",
    "target": "urn:jy:dwfz:SB0309:OB0301:Subsection:113"
  },
  {
    "relationName": "SubsectionBelongsToSectionmiddle",
    "label": "属于节 / belongsToSectionmiddle",
    "source": "urn:jy:dwfz:SB0309:OB0301:Subsection:113",
    "target": "urn:jy:dwfz:SB0309:OB0303:Sectionmiddle:64"
  },
  {
    "relationName": "SectionmiddleHasSubsection",
    "label": "包含小节 / hasSubsection",
    "source": "urn:jy:dwfz:SB0309:OB0303:Sectionmiddle:64",
    "target": "urn:jy:dwfz:SB0309:OB0301:Subsection:114"
  },
  {
    "relationName": "SubsectionBelongsToSectionmiddle",
    "label": "属于节 / belongsToSectionmiddle",
    "source": "urn:jy:dwfz:SB0309:OB0301:Subsection:114",
    "target": "urn:jy:dwfz:SB0309:OB0303:Sectionmiddle:64"
  },
  {
    "relationName": "SectionmiddleHasSubsection",
    "label": "包含小节 / hasSubsection",
    "source": "urn:jy:dwfz:SB0309:OB0303:Sectionmiddle:65",
    "target": "urn:jy:dwfz:SB0309:OB0301:Subsection:115"
  },
  {
    "relationName": "SubsectionBelongsToSectionmiddle",
    "label": "属于节 / belongsToSectionmiddle",
    "source": "urn:jy:dwfz:SB0309:OB0301:Subsection:115",
    "target": "urn:jy:dwfz:SB0309:OB0303:Sectionmiddle:65"
  },
  {
    "relationName": "SectionmiddleHasSubsection",
    "label": "包含小节 / hasSubsection",
    "source": "urn:jy:dwfz:SB0309:OB0303:Sectionmiddle:65",
    "target": "urn:jy:dwfz:SB0309:OB0301:Subsection:116"
  },
  {
    "relationName": "SubsectionBelongsToSectionmiddle",
    "label": "属于节 / belongsToSectionmiddle",
    "source": "urn:jy:dwfz:SB0309:OB0301:Subsection:116",
    "target": "urn:jy:dwfz:SB0309:OB0303:Sectionmiddle:65"
  },
  {
    "relationName": "SectionmiddleHasSubsection",
    "label": "包含小节 / hasSubsection",
    "source": "urn:jy:dwfz:SB0309:OB0303:Sectionmiddle:66",
    "target": "urn:jy:dwfz:SB0309:OB0301:Subsection:117"
  },
  {
    "relationName": "SubsectionBelongsToSectionmiddle",
    "label": "属于节 / belongsToSectionmiddle",
    "source": "urn:jy:dwfz:SB0309:OB0301:Subsection:117",
    "target": "urn:jy:dwfz:SB0309:OB0303:Sectionmiddle:66"
  },
  {
    "relationName": "SectionmiddleHasSubsection",
    "label": "包含小节 / hasSubsection",
    "source": "urn:jy:dwfz:SB0309:OB0303:Sectionmiddle:66",
    "target": "urn:jy:dwfz:SB0309:OB0301:Subsection:118"
  },
  {
    "relationName": "SubsectionBelongsToSectionmiddle",
    "label": "属于节 / belongsToSectionmiddle",
    "source": "urn:jy:dwfz:SB0309:OB0301:Subsection:118",
    "target": "urn:jy:dwfz:SB0309:OB0303:Sectionmiddle:66"
  },
  {
    "relationName": "SectionmiddleHasSubsection",
    "label": "包含小节 / hasSubsection",
    "source": "urn:jy:dwfz:SB0309:OB0303:Sectionmiddle:67",
    "target": "urn:jy:dwfz:SB0309:OB0301:Subsection:119"
  },
  {
    "relationName": "SubsectionBelongsToSectionmiddle",
    "label": "属于节 / belongsToSectionmiddle",
    "source": "urn:jy:dwfz:SB0309:OB0301:Subsection:119",
    "target": "urn:jy:dwfz:SB0309:OB0303:Sectionmiddle:67"
  },
  {
    "relationName": "SectionmiddleHasSubsection",
    "label": "包含小节 / hasSubsection",
    "source": "urn:jy:dwfz:SB0309:OB0303:Sectionmiddle:67",
    "target": "urn:jy:dwfz:SB0309:OB0301:Subsection:120"
  },
  {
    "relationName": "SubsectionBelongsToSectionmiddle",
    "label": "属于节 / belongsToSectionmiddle",
    "source": "urn:jy:dwfz:SB0309:OB0301:Subsection:120",
    "target": "urn:jy:dwfz:SB0309:OB0303:Sectionmiddle:67"
  },
  {
    "relationName": "SectionmiddleHasSubsection",
    "label": "包含小节 / hasSubsection",
    "source": "urn:jy:dwfz:SB0309:OB0303:Sectionmiddle:68",
    "target": "urn:jy:dwfz:SB0309:OB0301:Subsection:121"
  },
  {
    "relationName": "SubsectionBelongsToSectionmiddle",
    "label": "属于节 / belongsToSectionmiddle",
    "source": "urn:jy:dwfz:SB0309:OB0301:Subsection:121",
    "target": "urn:jy:dwfz:SB0309:OB0303:Sectionmiddle:68"
  },
  {
    "relationName": "SectionmiddleHasSubsection",
    "label": "包含小节 / hasSubsection",
    "source": "urn:jy:dwfz:SB0309:OB0303:Sectionmiddle:68",
    "target": "urn:jy:dwfz:SB0309:OB0301:Subsection:122"
  },
  {
    "relationName": "SubsectionBelongsToSectionmiddle",
    "label": "属于节 / belongsToSectionmiddle",
    "source": "urn:jy:dwfz:SB0309:OB0301:Subsection:122",
    "target": "urn:jy:dwfz:SB0309:OB0303:Sectionmiddle:68"
  },
  {
    "relationName": "SectionmiddleHasSubsection",
    "label": "包含小节 / hasSubsection",
    "source": "urn:jy:dwfz:SB0309:OB0303:Sectionmiddle:69",
    "target": "urn:jy:dwfz:SB0309:OB0301:Subsection:123"
  },
  {
    "relationName": "SubsectionBelongsToSectionmiddle",
    "label": "属于节 / belongsToSectionmiddle",
    "source": "urn:jy:dwfz:SB0309:OB0301:Subsection:123",
    "target": "urn:jy:dwfz:SB0309:OB0303:Sectionmiddle:69"
  },
  {
    "relationName": "SectionmiddleHasSubsection",
    "label": "包含小节 / hasSubsection",
    "source": "urn:jy:dwfz:SB0309:OB0303:Sectionmiddle:69",
    "target": "urn:jy:dwfz:SB0309:OB0301:Subsection:124"
  },
  {
    "relationName": "SubsectionBelongsToSectionmiddle",
    "label": "属于节 / belongsToSectionmiddle",
    "source": "urn:jy:dwfz:SB0309:OB0301:Subsection:124",
    "target": "urn:jy:dwfz:SB0309:OB0303:Sectionmiddle:69"
  },
  {
    "relationName": "SectionmiddleHasSubsection",
    "label": "包含小节 / hasSubsection",
    "source": "urn:jy:dwfz:SB0309:OB0303:Sectionmiddle:70",
    "target": "urn:jy:dwfz:SB0309:OB0301:Subsection:125"
  },
  {
    "relationName": "SubsectionBelongsToSectionmiddle",
    "label": "属于节 / belongsToSectionmiddle",
    "source": "urn:jy:dwfz:SB0309:OB0301:Subsection:125",
    "target": "urn:jy:dwfz:SB0309:OB0303:Sectionmiddle:70"
  },
  {
    "relationName": "SectionmiddleHasSubsection",
    "label": "包含小节 / hasSubsection",
    "source": "urn:jy:dwfz:SB0309:OB0303:Sectionmiddle:70",
    "target": "urn:jy:dwfz:SB0309:OB0301:Subsection:126"
  },
  {
    "relationName": "SubsectionBelongsToSectionmiddle",
    "label": "属于节 / belongsToSectionmiddle",
    "source": "urn:jy:dwfz:SB0309:OB0301:Subsection:126",
    "target": "urn:jy:dwfz:SB0309:OB0303:Sectionmiddle:70"
  },
  {
    "relationName": "SectionmiddleHasSubsection",
    "label": "包含小节 / hasSubsection",
    "source": "urn:jy:dwfz:SB0309:OB0303:Sectionmiddle:71",
    "target": "urn:jy:dwfz:SB0309:OB0301:Subsection:127"
  },
  {
    "relationName": "SubsectionBelongsToSectionmiddle",
    "label": "属于节 / belongsToSectionmiddle",
    "source": "urn:jy:dwfz:SB0309:OB0301:Subsection:127",
    "target": "urn:jy:dwfz:SB0309:OB0303:Sectionmiddle:71"
  },
  {
    "relationName": "SectionmiddleHasSubsection",
    "label": "包含小节 / hasSubsection",
    "source": "urn:jy:dwfz:SB0309:OB0303:Sectionmiddle:71",
    "target": "urn:jy:dwfz:SB0309:OB0301:Subsection:128"
  },
  {
    "relationName": "SubsectionBelongsToSectionmiddle",
    "label": "属于节 / belongsToSectionmiddle",
    "source": "urn:jy:dwfz:SB0309:OB0301:Subsection:128",
    "target": "urn:jy:dwfz:SB0309:OB0303:Sectionmiddle:71"
  },
  {
    "relationName": "SectionmiddleHasSubsection",
    "label": "包含小节 / hasSubsection",
    "source": "urn:jy:dwfz:SB0309:OB0303:Sectionmiddle:72",
    "target": "urn:jy:dwfz:SB0309:OB0301:Subsection:129"
  },
  {
    "relationName": "SubsectionBelongsToSectionmiddle",
    "label": "属于节 / belongsToSectionmiddle",
    "source": "urn:jy:dwfz:SB0309:OB0301:Subsection:129",
    "target": "urn:jy:dwfz:SB0309:OB0303:Sectionmiddle:72"
  },
  {
    "relationName": "SectionmiddleHasSubsection",
    "label": "包含小节 / hasSubsection",
    "source": "urn:jy:dwfz:SB0309:OB0303:Sectionmiddle:72",
    "target": "urn:jy:dwfz:SB0309:OB0301:Subsection:130"
  },
  {
    "relationName": "SubsectionBelongsToSectionmiddle",
    "label": "属于节 / belongsToSectionmiddle",
    "source": "urn:jy:dwfz:SB0309:OB0301:Subsection:130",
    "target": "urn:jy:dwfz:SB0309:OB0303:Sectionmiddle:72"
  },
  {
    "relationName": "SectionmiddleHasSubsection",
    "label": "包含小节 / hasSubsection",
    "source": "urn:jy:dwfz:SB0309:OB0303:Sectionmiddle:73",
    "target": "urn:jy:dwfz:SB0309:OB0301:Subsection:131"
  },
  {
    "relationName": "SubsectionBelongsToSectionmiddle",
    "label": "属于节 / belongsToSectionmiddle",
    "source": "urn:jy:dwfz:SB0309:OB0301:Subsection:131",
    "target": "urn:jy:dwfz:SB0309:OB0303:Sectionmiddle:73"
  },
  {
    "relationName": "SectionmiddleHasSubsection",
    "label": "包含小节 / hasSubsection",
    "source": "urn:jy:dwfz:SB0309:OB0303:Sectionmiddle:73",
    "target": "urn:jy:dwfz:SB0309:OB0301:Subsection:132"
  },
  {
    "relationName": "SubsectionBelongsToSectionmiddle",
    "label": "属于节 / belongsToSectionmiddle",
    "source": "urn:jy:dwfz:SB0309:OB0301:Subsection:132",
    "target": "urn:jy:dwfz:SB0309:OB0303:Sectionmiddle:73"
  },
  {
    "relationName": "SectionmiddleHasSubsection",
    "label": "包含小节 / hasSubsection",
    "source": "urn:jy:dwfz:SB0309:OB0303:Sectionmiddle:73",
    "target": "urn:jy:dwfz:SB0309:OB0301:Subsection:133"
  },
  {
    "relationName": "SubsectionBelongsToSectionmiddle",
    "label": "属于节 / belongsToSectionmiddle",
    "source": "urn:jy:dwfz:SB0309:OB0301:Subsection:133",
    "target": "urn:jy:dwfz:SB0309:OB0303:Sectionmiddle:73"
  },
  {
    "relationName": "SectionmiddleHasSubsection",
    "label": "包含小节 / hasSubsection",
    "source": "urn:jy:dwfz:SB0309:OB0303:Sectionmiddle:73",
    "target": "urn:jy:dwfz:SB0309:OB0301:Subsection:134"
  },
  {
    "relationName": "SubsectionBelongsToSectionmiddle",
    "label": "属于节 / belongsToSectionmiddle",
    "source": "urn:jy:dwfz:SB0309:OB0301:Subsection:134",
    "target": "urn:jy:dwfz:SB0309:OB0303:Sectionmiddle:73"
  },
  {
    "relationName": "SectionmiddleHasSubsection",
    "label": "包含小节 / hasSubsection",
    "source": "urn:jy:dwfz:SB0309:OB0303:Sectionmiddle:74",
    "target": "urn:jy:dwfz:SB0309:OB0301:Subsection:135"
  },
  {
    "relationName": "SubsectionBelongsToSectionmiddle",
    "label": "属于节 / belongsToSectionmiddle",
    "source": "urn:jy:dwfz:SB0309:OB0301:Subsection:135",
    "target": "urn:jy:dwfz:SB0309:OB0303:Sectionmiddle:74"
  },
  {
    "relationName": "SectionmiddleHasSubsection",
    "label": "包含小节 / hasSubsection",
    "source": "urn:jy:dwfz:SB0309:OB0303:Sectionmiddle:74",
    "target": "urn:jy:dwfz:SB0309:OB0301:Subsection:136"
  },
  {
    "relationName": "SubsectionBelongsToSectionmiddle",
    "label": "属于节 / belongsToSectionmiddle",
    "source": "urn:jy:dwfz:SB0309:OB0301:Subsection:136",
    "target": "urn:jy:dwfz:SB0309:OB0303:Sectionmiddle:74"
  },
  {
    "relationName": "SectionmiddleHasSubsection",
    "label": "包含小节 / hasSubsection",
    "source": "urn:jy:dwfz:SB0309:OB0303:Sectionmiddle:74",
    "target": "urn:jy:dwfz:SB0309:OB0301:Subsection:137"
  },
  {
    "relationName": "SubsectionBelongsToSectionmiddle",
    "label": "属于节 / belongsToSectionmiddle",
    "source": "urn:jy:dwfz:SB0309:OB0301:Subsection:137",
    "target": "urn:jy:dwfz:SB0309:OB0303:Sectionmiddle:74"
  },
  {
    "relationName": "SectionmiddleHasSubsection",
    "label": "包含小节 / hasSubsection",
    "source": "urn:jy:dwfz:SB0309:OB0303:Sectionmiddle:74",
    "target": "urn:jy:dwfz:SB0309:OB0301:Subsection:138"
  },
  {
    "relationName": "SubsectionBelongsToSectionmiddle",
    "label": "属于节 / belongsToSectionmiddle",
    "source": "urn:jy:dwfz:SB0309:OB0301:Subsection:138",
    "target": "urn:jy:dwfz:SB0309:OB0303:Sectionmiddle:74"
  },
  {
    "relationName": "SectionmiddleHasSubsection",
    "label": "包含小节 / hasSubsection",
    "source": "urn:jy:dwfz:SB0309:OB0303:Sectionmiddle:75",
    "target": "urn:jy:dwfz:SB0309:OB0301:Subsection:139"
  },
  {
    "relationName": "SubsectionBelongsToSectionmiddle",
    "label": "属于节 / belongsToSectionmiddle",
    "source": "urn:jy:dwfz:SB0309:OB0301:Subsection:139",
    "target": "urn:jy:dwfz:SB0309:OB0303:Sectionmiddle:75"
  },
  {
    "relationName": "SectionmiddleHasSubsection",
    "label": "包含小节 / hasSubsection",
    "source": "urn:jy:dwfz:SB0309:OB0303:Sectionmiddle:75",
    "target": "urn:jy:dwfz:SB0309:OB0301:Subsection:140"
  },
  {
    "relationName": "SubsectionBelongsToSectionmiddle",
    "label": "属于节 / belongsToSectionmiddle",
    "source": "urn:jy:dwfz:SB0309:OB0301:Subsection:140",
    "target": "urn:jy:dwfz:SB0309:OB0303:Sectionmiddle:75"
  },
  {
    "relationName": "SectionmiddleHasSubsection",
    "label": "包含小节 / hasSubsection",
    "source": "urn:jy:dwfz:SB0309:OB0303:Sectionmiddle:75",
    "target": "urn:jy:dwfz:SB0309:OB0301:Subsection:141"
  },
  {
    "relationName": "SubsectionBelongsToSectionmiddle",
    "label": "属于节 / belongsToSectionmiddle",
    "source": "urn:jy:dwfz:SB0309:OB0301:Subsection:141",
    "target": "urn:jy:dwfz:SB0309:OB0303:Sectionmiddle:75"
  },
  {
    "relationName": "SectionmiddleHasSubsection",
    "label": "包含小节 / hasSubsection",
    "source": "urn:jy:dwfz:SB0309:OB0303:Sectionmiddle:75",
    "target": "urn:jy:dwfz:SB0309:OB0301:Subsection:142"
  },
  {
    "relationName": "SubsectionBelongsToSectionmiddle",
    "label": "属于节 / belongsToSectionmiddle",
    "source": "urn:jy:dwfz:SB0309:OB0301:Subsection:142",
    "target": "urn:jy:dwfz:SB0309:OB0303:Sectionmiddle:75"
  },
  {
    "relationName": "SectionmiddleHasSubsection",
    "label": "包含小节 / hasSubsection",
    "source": "urn:jy:dwfz:SB0309:OB0303:Sectionmiddle:75",
    "target": "urn:jy:dwfz:SB0309:OB0301:Subsection:143"
  },
  {
    "relationName": "SubsectionBelongsToSectionmiddle",
    "label": "属于节 / belongsToSectionmiddle",
    "source": "urn:jy:dwfz:SB0309:OB0301:Subsection:143",
    "target": "urn:jy:dwfz:SB0309:OB0303:Sectionmiddle:75"
  },
  {
    "relationName": "SectionmiddleHasSubsection",
    "label": "包含小节 / hasSubsection",
    "source": "urn:jy:dwfz:SB0309:OB0303:Sectionmiddle:76",
    "target": "urn:jy:dwfz:SB0309:OB0301:Subsection:144"
  },
  {
    "relationName": "SubsectionBelongsToSectionmiddle",
    "label": "属于节 / belongsToSectionmiddle",
    "source": "urn:jy:dwfz:SB0309:OB0301:Subsection:144",
    "target": "urn:jy:dwfz:SB0309:OB0303:Sectionmiddle:76"
  },
  {
    "relationName": "SectionmiddleHasSubsection",
    "label": "包含小节 / hasSubsection",
    "source": "urn:jy:dwfz:SB0309:OB0303:Sectionmiddle:76",
    "target": "urn:jy:dwfz:SB0309:OB0301:Subsection:145"
  },
  {
    "relationName": "SubsectionBelongsToSectionmiddle",
    "label": "属于节 / belongsToSectionmiddle",
    "source": "urn:jy:dwfz:SB0309:OB0301:Subsection:145",
    "target": "urn:jy:dwfz:SB0309:OB0303:Sectionmiddle:76"
  },
  {
    "relationName": "SectionmiddleHasSubsection",
    "label": "包含小节 / hasSubsection",
    "source": "urn:jy:dwfz:SB0309:OB0303:Sectionmiddle:76",
    "target": "urn:jy:dwfz:SB0309:OB0301:Subsection:146"
  },
  {
    "relationName": "SubsectionBelongsToSectionmiddle",
    "label": "属于节 / belongsToSectionmiddle",
    "source": "urn:jy:dwfz:SB0309:OB0301:Subsection:146",
    "target": "urn:jy:dwfz:SB0309:OB0303:Sectionmiddle:76"
  },
  {
    "relationName": "SectionmiddleHasSubsection",
    "label": "包含小节 / hasSubsection",
    "source": "urn:jy:dwfz:SB0309:OB0303:Sectionmiddle:76",
    "target": "urn:jy:dwfz:SB0309:OB0301:Subsection:147"
  },
  {
    "relationName": "SubsectionBelongsToSectionmiddle",
    "label": "属于节 / belongsToSectionmiddle",
    "source": "urn:jy:dwfz:SB0309:OB0301:Subsection:147",
    "target": "urn:jy:dwfz:SB0309:OB0303:Sectionmiddle:76"
  },
  {
    "relationName": "SectionmiddleHasSubsection",
    "label": "包含小节 / hasSubsection",
    "source": "urn:jy:dwfz:SB0309:OB0303:Sectionmiddle:76",
    "target": "urn:jy:dwfz:SB0309:OB0301:Subsection:148"
  },
  {
    "relationName": "SubsectionBelongsToSectionmiddle",
    "label": "属于节 / belongsToSectionmiddle",
    "source": "urn:jy:dwfz:SB0309:OB0301:Subsection:148",
    "target": "urn:jy:dwfz:SB0309:OB0303:Sectionmiddle:76"
  },
  {
    "relationName": "SectionmiddleHasSubsection",
    "label": "包含小节 / hasSubsection",
    "source": "urn:jy:dwfz:SB0309:OB0303:Sectionmiddle:76",
    "target": "urn:jy:dwfz:SB0309:OB0301:Subsection:149"
  },
  {
    "relationName": "SubsectionBelongsToSectionmiddle",
    "label": "属于节 / belongsToSectionmiddle",
    "source": "urn:jy:dwfz:SB0309:OB0301:Subsection:149",
    "target": "urn:jy:dwfz:SB0309:OB0303:Sectionmiddle:76"
  },
  {
    "relationName": "SectionmiddleHasSubsection",
    "label": "包含小节 / hasSubsection",
    "source": "urn:jy:dwfz:SB0309:OB0303:Sectionmiddle:76",
    "target": "urn:jy:dwfz:SB0309:OB0301:Subsection:150"
  },
  {
    "relationName": "SubsectionBelongsToSectionmiddle",
    "label": "属于节 / belongsToSectionmiddle",
    "source": "urn:jy:dwfz:SB0309:OB0301:Subsection:150",
    "target": "urn:jy:dwfz:SB0309:OB0303:Sectionmiddle:76"
  },
  {
    "relationName": "SectionmiddleHasSubsection",
    "label": "包含小节 / hasSubsection",
    "source": "urn:jy:dwfz:SB0309:OB0303:Sectionmiddle:76",
    "target": "urn:jy:dwfz:SB0309:OB0301:Subsection:151"
  },
  {
    "relationName": "SubsectionBelongsToSectionmiddle",
    "label": "属于节 / belongsToSectionmiddle",
    "source": "urn:jy:dwfz:SB0309:OB0301:Subsection:151",
    "target": "urn:jy:dwfz:SB0309:OB0303:Sectionmiddle:76"
  },
  {
    "relationName": "SectionmiddleHasSubsection",
    "label": "包含小节 / hasSubsection",
    "source": "urn:jy:dwfz:SB0309:OB0303:Sectionmiddle:76",
    "target": "urn:jy:dwfz:SB0309:OB0301:Subsection:152"
  },
  {
    "relationName": "SubsectionBelongsToSectionmiddle",
    "label": "属于节 / belongsToSectionmiddle",
    "source": "urn:jy:dwfz:SB0309:OB0301:Subsection:152",
    "target": "urn:jy:dwfz:SB0309:OB0303:Sectionmiddle:76"
  },
  {
    "relationName": "SectionmiddleHasSubsection",
    "label": "包含小节 / hasSubsection",
    "source": "urn:jy:dwfz:SB0309:OB0303:Sectionmiddle:76",
    "target": "urn:jy:dwfz:SB0309:OB0301:Subsection:153"
  },
  {
    "relationName": "SubsectionBelongsToSectionmiddle",
    "label": "属于节 / belongsToSectionmiddle",
    "source": "urn:jy:dwfz:SB0309:OB0301:Subsection:153",
    "target": "urn:jy:dwfz:SB0309:OB0303:Sectionmiddle:76"
  },
  {
    "relationName": "SectionmiddleHasSubsection",
    "label": "包含小节 / hasSubsection",
    "source": "urn:jy:dwfz:SB0309:OB0303:Sectionmiddle:76",
    "target": "urn:jy:dwfz:SB0309:OB0301:Subsection:154"
  },
  {
    "relationName": "SubsectionBelongsToSectionmiddle",
    "label": "属于节 / belongsToSectionmiddle",
    "source": "urn:jy:dwfz:SB0309:OB0301:Subsection:154",
    "target": "urn:jy:dwfz:SB0309:OB0303:Sectionmiddle:76"
  },
  {
    "relationName": "SectionmiddleHasSubsection",
    "label": "包含小节 / hasSubsection",
    "source": "urn:jy:dwfz:SB0309:OB0303:Sectionmiddle:76",
    "target": "urn:jy:dwfz:SB0309:OB0301:Subsection:155"
  },
  {
    "relationName": "SubsectionBelongsToSectionmiddle",
    "label": "属于节 / belongsToSectionmiddle",
    "source": "urn:jy:dwfz:SB0309:OB0301:Subsection:155",
    "target": "urn:jy:dwfz:SB0309:OB0303:Sectionmiddle:76"
  },
  {
    "relationName": "SectionmiddleHasSubsection",
    "label": "包含小节 / hasSubsection",
    "source": "urn:jy:dwfz:SB0309:OB0303:Sectionmiddle:77",
    "target": "urn:jy:dwfz:SB0309:OB0301:Subsection:156"
  },
  {
    "relationName": "SubsectionBelongsToSectionmiddle",
    "label": "属于节 / belongsToSectionmiddle",
    "source": "urn:jy:dwfz:SB0309:OB0301:Subsection:156",
    "target": "urn:jy:dwfz:SB0309:OB0303:Sectionmiddle:77"
  },
  {
    "relationName": "SectionmiddleHasSubsection",
    "label": "包含小节 / hasSubsection",
    "source": "urn:jy:dwfz:SB0309:OB0303:Sectionmiddle:77",
    "target": "urn:jy:dwfz:SB0309:OB0301:Subsection:157"
  },
  {
    "relationName": "SubsectionBelongsToSectionmiddle",
    "label": "属于节 / belongsToSectionmiddle",
    "source": "urn:jy:dwfz:SB0309:OB0301:Subsection:157",
    "target": "urn:jy:dwfz:SB0309:OB0303:Sectionmiddle:77"
  },
  {
    "relationName": "SectionmiddleHasSubsection",
    "label": "包含小节 / hasSubsection",
    "source": "urn:jy:dwfz:SB0309:OB0303:Sectionmiddle:77",
    "target": "urn:jy:dwfz:SB0309:OB0301:Subsection:158"
  },
  {
    "relationName": "SubsectionBelongsToSectionmiddle",
    "label": "属于节 / belongsToSectionmiddle",
    "source": "urn:jy:dwfz:SB0309:OB0301:Subsection:158",
    "target": "urn:jy:dwfz:SB0309:OB0303:Sectionmiddle:77"
  },
  {
    "relationName": "SectionmiddleHasSubsection",
    "label": "包含小节 / hasSubsection",
    "source": "urn:jy:dwfz:SB0309:OB0303:Sectionmiddle:77",
    "target": "urn:jy:dwfz:SB0309:OB0301:Subsection:159"
  },
  {
    "relationName": "SubsectionBelongsToSectionmiddle",
    "label": "属于节 / belongsToSectionmiddle",
    "source": "urn:jy:dwfz:SB0309:OB0301:Subsection:159",
    "target": "urn:jy:dwfz:SB0309:OB0303:Sectionmiddle:77"
  },
  {
    "relationName": "SectionmiddleHasSubsection",
    "label": "包含小节 / hasSubsection",
    "source": "urn:jy:dwfz:SB0309:OB0303:Sectionmiddle:78",
    "target": "urn:jy:dwfz:SB0309:OB0301:Subsection:160"
  },
  {
    "relationName": "SubsectionBelongsToSectionmiddle",
    "label": "属于节 / belongsToSectionmiddle",
    "source": "urn:jy:dwfz:SB0309:OB0301:Subsection:160",
    "target": "urn:jy:dwfz:SB0309:OB0303:Sectionmiddle:78"
  },
  {
    "relationName": "SectionmiddleHasSubsection",
    "label": "包含小节 / hasSubsection",
    "source": "urn:jy:dwfz:SB0309:OB0303:Sectionmiddle:78",
    "target": "urn:jy:dwfz:SB0309:OB0301:Subsection:161"
  },
  {
    "relationName": "SubsectionBelongsToSectionmiddle",
    "label": "属于节 / belongsToSectionmiddle",
    "source": "urn:jy:dwfz:SB0309:OB0301:Subsection:161",
    "target": "urn:jy:dwfz:SB0309:OB0303:Sectionmiddle:78"
  },
  {
    "relationName": "SectionmiddleHasSubsection",
    "label": "包含小节 / hasSubsection",
    "source": "urn:jy:dwfz:SB0309:OB0303:Sectionmiddle:78",
    "target": "urn:jy:dwfz:SB0309:OB0301:Subsection:162"
  },
  {
    "relationName": "SubsectionBelongsToSectionmiddle",
    "label": "属于节 / belongsToSectionmiddle",
    "source": "urn:jy:dwfz:SB0309:OB0301:Subsection:162",
    "target": "urn:jy:dwfz:SB0309:OB0303:Sectionmiddle:78"
  },
  {
    "relationName": "SectionmiddleHasSubsection",
    "label": "包含小节 / hasSubsection",
    "source": "urn:jy:dwfz:SB0309:OB0303:Sectionmiddle:78",
    "target": "urn:jy:dwfz:SB0309:OB0301:Subsection:163"
  },
  {
    "relationName": "SubsectionBelongsToSectionmiddle",
    "label": "属于节 / belongsToSectionmiddle",
    "source": "urn:jy:dwfz:SB0309:OB0301:Subsection:163",
    "target": "urn:jy:dwfz:SB0309:OB0303:Sectionmiddle:78"
  },
  {
    "relationName": "SectionmiddleHasSubsection",
    "label": "包含小节 / hasSubsection",
    "source": "urn:jy:dwfz:SB0309:OB0303:Sectionmiddle:78",
    "target": "urn:jy:dwfz:SB0309:OB0301:Subsection:164"
  },
  {
    "relationName": "SubsectionBelongsToSectionmiddle",
    "label": "属于节 / belongsToSectionmiddle",
    "source": "urn:jy:dwfz:SB0309:OB0301:Subsection:164",
    "target": "urn:jy:dwfz:SB0309:OB0303:Sectionmiddle:78"
  }
]