[
  {
    "relationName": "SectionprimaryBelongsToTheme",
    "label": "属于主题 / belongsToTheme",
    "source": "urn:jy:dwfz:SB0309:OB0201:Sectionprimary:01",
    "target": "urn:jy:dwfz:SB0309:Theme:TH01"
  },
  {
    "relationName": "ThemeHasSectionprimary",
    "label": "包含节 / hasSectionprimary",
    "source": "urn:jy:dwfz:SB0309:Theme:TH01",
    "target": "urn:jy:dwfz:SB0309:OB0201:Sectionprimary:01"
  },
  {
    "relationName": "SectionprimaryBelongsToTheme",
    "label": "属于主题 / belongsToTheme",
    "source": "urn:jy:dwfz:SB0309:OB0201:Sectionprimary:02",
    "target": "urn:jy:dwfz:SB0309:Theme:TH09"
  },
  {
    "relationName": "ThemeHasSectionprimary",
    "label": "包含节 / hasSectionprimary",
    "source": "urn:jy:dwfz:SB0309:Theme:TH09",
    "target": "urn:jy:dwfz:SB0309:OB0201:Sectionprimary:02"
  },
  {
    "relationName": "SectionprimaryBelongsToTheme",
    "label": "属于主题 / belongsToTheme",
    "source": "urn:jy:dwfz:SB0309:OB0201:Sectionprimary:03",
    "target": "urn:jy:dwfz:SB0309:Theme:TH01"
  },
  {
    "relationName": "ThemeHasSectionprimary",
    "label": "包含节 / hasSectionprimary",
    "source": "urn:jy:dwfz:SB0309:Theme:TH01",
    "target": "urn:jy:dwfz:SB0309:OB0201:Sectionprimary:03"
  },
  {
    "relationName": "SectionprimaryBelongsToTheme",
    "label": "属于主题 / belongsToTheme",
    "source": "urn:jy:dwfz:SB0309:OB0201:Sectionprimary:04",
    "target": "urn:jy:dwfz:SB0309:Theme:TH05"
  },
  {
    "relationName": "ThemeHasSectionprimary",
    "label": "包含节 / hasSectionprimary",
    "source": "urn:jy:dwfz:SB0309:Theme:TH05",
    "target": "urn:jy:dwfz:SB0309:OB0201:Sectionprimary:04"
  },
  {
    "relationName": "SectionprimaryBelongsToTheme",
    "label": "属于主题 / belongsToTheme",
    "source": "urn:jy:dwfz:SB0309:OB0201:Sectionprimary:05",
    "target": "urn:jy:dwfz:SB0309:Theme:TH01"
  },
  {
    "relationName": "ThemeHasSectionprimary",
    "label": "包含节 / hasSectionprimary",
    "source": "urn:jy:dwfz:SB0309:Theme:TH01",
    "target": "urn:jy:dwfz:SB0309:OB0201:Sectionprimary:05"
  },
  {
    "relationName": "SectionprimaryBelongsToTheme",
    "label": "属于主题 / belongsToTheme",
    "source": "urn:jy:dwfz:SB0309:OB0201:Sectionprimary:06",
    "target": "urn:jy:dwfz:SB0309:Theme:TH01"
  },
  {
    "relationName": "ThemeHasSectionprimary",
    "label": "包含节 / hasSectionprimary",
    "source": "urn:jy:dwfz:SB0309:Theme:TH01",
    "target": "urn:jy:dwfz:SB0309:OB0201:Sectionprimary:06"
  },
  {
    "relationName": "SectionprimaryBelongsToTheme",
    "label": "属于主题 / belongsToTheme",
    "source": "urn:jy:dwfz:SB0309:OB0201:Sectionprimary:07",
    "target": "urn:jy:dwfz:SB0309:Theme:TH01"
  },
  {
    "relationName": "ThemeHasSectionprimary",
    "label": "包含节 / hasSectionprimary",
    "source": "urn:jy:dwfz:SB0309:Theme:TH01",
    "target": "urn:jy:dwfz:SB0309:OB0201:Sectionprimary:07"
  },
  {
    "relationName": "SectionprimaryBelongsToTheme",
    "label": "属于主题 / belongsToTheme",
    "source": "urn:jy:dwfz:SB0309:OB0201:Sectionprimary:08",
    "target": "urn:jy:dwfz:SB0309:Theme:TH01"
  },
  {
    "relationName": "ThemeHasSectionprimary",
    "label": "包含节 / hasSectionprimary",
    "source": "urn:jy:dwfz:SB0309:Theme:TH01",
    "target": "urn:jy:dwfz:SB0309:OB0201:Sectionprimary:08"
  },
  {
    "relationName": "SectionprimaryBelongsToTheme",
    "label": "属于主题 / belongsToTheme",
    "source": "urn:jy:dwfz:SB0309:OB0201:Sectionprimary:09",
    "target": "urn:jy:dwfz:SB0309:Theme:TH02"
  },
  {
    "relationName": "ThemeHasSectionprimary",
    "label": "包含节 / hasSectionprimary",
    "source": "urn:jy:dwfz:SB0309:Theme:TH02",
    "target": "urn:jy:dwfz:SB0309:OB0201:Sectionprimary:09"
  },
  {
    "relationName": "SectionprimaryBelongsToTheme",
    "label": "属于主题 / belongsToTheme",
    "source": "urn:jy:dwfz:SB0309:OB0201:Sectionprimary:10",
    "target": "urn:jy:dwfz:SB0309:Theme:TH02"
  },
  {
    "relationName": "ThemeHasSectionprimary",
    "label": "包含节 / hasSectionprimary",
    "source": "urn:jy:dwfz:SB0309:Theme:TH02",
    "target": "urn:jy:dwfz:SB0309:OB0201:Sectionprimary:10"
  },
  {
    "relationName": "SectionprimaryBelongsToTheme",
    "label": "属于主题 / belongsToTheme",
    "source": "urn:jy:dwfz:SB0309:OB0201:Sectionprimary:11",
    "target": "urn:jy:dwfz:SB0309:Theme:TH02"
  },
  {
    "relationName": "ThemeHasSectionprimary",
    "label": "包含节 / hasSectionprimary",
    "source": "urn:jy:dwfz:SB0309:Theme:TH02",
    "target": "urn:jy:dwfz:SB0309:OB0201:Sectionprimary:11"
  },
  {
    "relationName": "SectionprimaryBelongsToTheme",
    "label": "属于主题 / belongsToTheme",
    "source": "urn:jy:dwfz:SB0309:OB0201:Sectionprimary:12",
    "target": "urn:jy:dwfz:SB0309:Theme:TH02"
  },
  {
    "relationName": "ThemeHasSectionprimary",
    "label": "包含节 / hasSectionprimary",
    "source": "urn:jy:dwfz:SB0309:Theme:TH02",
    "target": "urn:jy:dwfz:SB0309:OB0201:Sectionprimary:12"
  },
  {
    "relationName": "SectionprimaryBelongsToTheme",
    "label": "属于主题 / belongsToTheme",
    "source": "urn:jy:dwfz:SB0309:OB0201:Sectionprimary:13",
    "target": "urn:jy:dwfz:SB0309:Theme:TH02"
  },
  {
    "relationName": "ThemeHasSectionprimary",
    "label": "包含节 / hasSectionprimary",
    "source": "urn:jy:dwfz:SB0309:Theme:TH02",
    "target": "urn:jy:dwfz:SB0309:OB0201:Sectionprimary:13"
  },
  {
    "relationName": "SectionprimaryBelongsToTheme",
    "label": "属于主题 / belongsToTheme",
    "source": "urn:jy:dwfz:SB0309:OB0201:Sectionprimary:14",
    "target": "urn:jy:dwfz:SB0309:Theme:TH02"
  },
  {
    "relationName": "ThemeHasSectionprimary",
    "label": "包含节 / hasSectionprimary",
    "source": "urn:jy:dwfz:SB0309:Theme:TH02",
    "target": "urn:jy:dwfz:SB0309:OB0201:Sectionprimary:14"
  },
  {
    "relationName": "SectionprimaryBelongsToTheme",
    "label": "属于主题 / belongsToTheme",
    "source": "urn:jy:dwfz:SB0309:OB0201:Sectionprimary:15",
    "target": "urn:jy:dwfz:SB0309:Theme:TH02"
  },
  {
    "relationName": "ThemeHasSectionprimary",
    "label": "包含节 / hasSectionprimary",
    "source": "urn:jy:dwfz:SB0309:Theme:TH02",
    "target": "urn:jy:dwfz:SB0309:OB0201:Sectionprimary:15"
  },
  {
    "relationName": "SectionprimaryBelongsToTheme",
    "label": "属于主题 / belongsToTheme",
    "source": "urn:jy:dwfz:SB0309:OB0201:Sectionprimary:16",
    "target": "urn:jy:dwfz:SB0309:Theme:TH02"
  },
  {
    "relationName": "ThemeHasSectionprimary",
    "label": "包含节 / hasSectionprimary",
    "source": "urn:jy:dwfz:SB0309:Theme:TH02",
    "target": "urn:jy:dwfz:SB0309:OB0201:Sectionprimary:16"
  },
  {
    "relationName": "SectionprimaryBelongsToTheme",
    "label": "属于主题 / belongsToTheme",
    "source": "urn:jy:dwfz:SB0309:OB0201:Sectionprimary:17",
    "target": "urn:jy:dwfz:SB0309:Theme:TH01"
  },
  {
    "relationName": "ThemeHasSectionprimary",
    "label": "包含节 / hasSectionprimary",
    "source": "urn:jy:dwfz:SB0309:Theme:TH01",
    "target": "urn:jy:dwfz:SB0309:OB0201:Sectionprimary:17"
  },
  {
    "relationName": "SectionprimaryBelongsToTheme",
    "label": "属于主题 / belongsToTheme",
    "source": "urn:jy:dwfz:SB0309:OB0201:Sectionprimary:18",
    "target": "urn:jy:dwfz:SB0309:Theme:TH01"
  },
  {
    "relationName": "ThemeHasSectionprimary",
    "label": "包含节 / hasSectionprimary",
    "source": "urn:jy:dwfz:SB0309:Theme:TH01",
    "target": "urn:jy:dwfz:SB0309:OB0201:Sectionprimary:18"
  },
  {
    "relationName": "SectionprimaryBelongsToTheme",
    "label": "属于主题 / belongsToTheme",
    "source": "urn:jy:dwfz:SB0309:OB0201:Sectionprimary:19",
    "target": "urn:jy:dwfz:SB0309:Theme:TH01"
  },
  {
    "relationName": "ThemeHasSectionprimary",
    "label": "包含节 / hasSectionprimary",
    "source": "urn:jy:dwfz:SB0309:Theme:TH01",
    "target": "urn:jy:dwfz:SB0309:OB0201:Sectionprimary:19"
  },
  {
    "relationName": "SectionprimaryBelongsToTheme",
    "label": "属于主题 / belongsToTheme",
    "source": "urn:jy:dwfz:SB0309:OB0201:Sectionprimary:20",
    "target": "urn:jy:dwfz:SB0309:Theme:TH01"
  },
  {
    "relationName": "ThemeHasSectionprimary",
    "label": "包含节 / hasSectionprimary",
    "source": "urn:jy:dwfz:SB0309:Theme:TH01",
    "target": "urn:jy:dwfz:SB0309:OB0201:Sectionprimary:20"
  },
  {
    "relationName": "SectionprimaryBelongsToTheme",
    "label": "属于主题 / belongsToTheme",
    "source": "urn:jy:dwfz:SB0309:OB0201:Sectionprimary:21",
    "target": "urn:jy:dwfz:SB0309:Theme:TH02"
  },
  {
    "relationName": "ThemeHasSectionprimary",
    "label": "包含节 / hasSectionprimary",
    "source": "urn:jy:dwfz:SB0309:Theme:TH02",
    "target": "urn:jy:dwfz:SB0309:OB0201:Sectionprimary:21"
  },
  {
    "relationName": "SectionprimaryBelongsToTheme",
    "label": "属于主题 / belongsToTheme",
    "source": "urn:jy:dwfz:SB0309:OB0201:Sectionprimary:22",
    "target": "urn:jy:dwfz:SB0309:Theme:TH02"
  },
  {
    "relationName": "ThemeHasSectionprimary",
    "label": "包含节 / hasSectionprimary",
    "source": "urn:jy:dwfz:SB0309:Theme:TH02",
    "target": "urn:jy:dwfz:SB0309:OB0201:Sectionprimary:22"
  },
  {
    "relationName": "SectionprimaryBelongsToTheme",
    "label": "属于主题 / belongsToTheme",
    "source": "urn:jy:dwfz:SB0309:OB0201:Sectionprimary:23",
    "target": "urn:jy:dwfz:SB0309:Theme:TH02"
  },
  {
    "relationName": "ThemeHasSectionprimary",
    "label": "包含节 / hasSectionprimary",
    "source": "urn:jy:dwfz:SB0309:Theme:TH02",
    "target": "urn:jy:dwfz:SB0309:OB0201:Sectionprimary:23"
  },
  {
    "relationName": "SectionprimaryBelongsToTheme",
    "label": "属于主题 / belongsToTheme",
    "source": "urn:jy:dwfz:SB0309:OB0201:Sectionprimary:24",
    "target": "urn:jy:dwfz:SB0309:Theme:TH02"
  },
  {
    "relationName": "ThemeHasSectionprimary",
    "label": "包含节 / hasSectionprimary",
    "source": "urn:jy:dwfz:SB0309:Theme:TH02",
    "target": "urn:jy:dwfz:SB0309:OB0201:Sectionprimary:24"
  },
  {
    "relationName": "SectionprimaryBelongsToTheme",
    "label": "属于主题 / belongsToTheme",
    "source": "urn:jy:dwfz:SB0309:OB0201:Sectionprimary:25",
    "target": "urn:jy:dwfz:SB0309:Theme:TH02"
  },
  {
    "relationName": "ThemeHasSectionprimary",
    "label": "包含节 / hasSectionprimary",
    "source": "urn:jy:dwfz:SB0309:Theme:TH02",
    "target": "urn:jy:dwfz:SB0309:OB0201:Sectionprimary:25"
  },
  {
    "relationName": "SectionprimaryBelongsToTheme",
    "label": "属于主题 / belongsToTheme",
    "source": "urn:jy:dwfz:SB0309:OB0201:Sectionprimary:26",
    "target": "urn:jy:dwfz:SB0309:Theme:TH02"
  },
  {
    "relationName": "ThemeHasSectionprimary",
    "label": "包含节 / hasSectionprimary",
    "source": "urn:jy:dwfz:SB0309:Theme:TH02",
    "target": "urn:jy:dwfz:SB0309:OB0201:Sectionprimary:26"
  },
  {
    "relationName": "SectionprimaryBelongsToTheme",
    "label": "属于主题 / belongsToTheme",
    "source": "urn:jy:dwfz:SB0309:OB0201:Sectionprimary:27",
    "target": "urn:jy:dwfz:SB0309:Theme:TH02"
  },
  {
    "relationName": "ThemeHasSectionprimary",
    "label": "包含节 / hasSectionprimary",
    "source": "urn:jy:dwfz:SB0309:Theme:TH02",
    "target": "urn:jy:dwfz:SB0309:OB0201:Sectionprimary:27"
  },
  {
    "relationName": "SectionprimaryBelongsToTheme",
    "label": "属于主题 / belongsToTheme",
    "source": "urn:jy:dwfz:SB0309:OB0201:Sectionprimary:28",
    "target": "urn:jy:dwfz:SB0309:Theme:TH02"
  },
  {
    "relationName": "ThemeHasSectionprimary",
    "label": "包含节 / hasSectionprimary",
    "source": "urn:jy:dwfz:SB0309:Theme:TH02",
    "target": "urn:jy:dwfz:SB0309:OB0201:Sectionprimary:28"
  },
  {
    "relationName": "SectionprimaryBelongsToTheme",
    "label": "属于主题 / belongsToTheme",
    "source": "urn:jy:dwfz:SB0309:OB0201:Sectionprimary:29",
    "target": "urn:jy:dwfz:SB0309:Theme:TH13"
  },
  {
    "relationName": "ThemeHasSectionprimary",
    "label": "包含节 / hasSectionprimary",
    "source": "urn:jy:dwfz:SB0309:Theme:TH13",
    "target": "urn:jy:dwfz:SB0309:OB0201:Sectionprimary:29"
  },
  {
    "relationName": "SectionprimaryBelongsToTheme",
    "label": "属于主题 / belongsToTheme",
    "source": "urn:jy:dwfz:SB0309:OB0201:Sectionprimary:30",
    "target": "urn:jy:dwfz:SB0309:Theme:TH13"
  },
  {
    "relationName": "ThemeHasSectionprimary",
    "label": "包含节 / hasSectionprimary",
    "source": "urn:jy:dwfz:SB0309:Theme:TH13",
    "target": "urn:jy:dwfz:SB0309:OB0201:Sectionprimary:30"
  },
  {
    "relationName": "SectionprimaryBelongsToTheme",
    "label": "属于主题 / belongsToTheme",
    "source": "urn:jy:dwfz:SB0309:OB0201:Sectionprimary:31",
    "target": "urn:jy:dwfz:SB0309:Theme:TH13"
  },
  {
    "relationName": "ThemeHasSectionprimary",
    "label": "包含节 / hasSectionprimary",
    "source": "urn:jy:dwfz:SB0309:Theme:TH13",
    "target": "urn:jy:dwfz:SB0309:OB0201:Sectionprimary:31"
  },
  {
    "relationName": "SectionprimaryBelongsToTheme",
    "label": "属于主题 / belongsToTheme",
    "source": "urn:jy:dwfz:SB0309:OB0201:Sectionprimary:32",
    "target": "urn:jy:dwfz:SB0309:Theme:TH13"
  },
  {
    "relationName": "ThemeHasSectionprimary",
    "label": "包含节 / hasSectionprimary",
    "source": "urn:jy:dwfz:SB0309:Theme:TH13",
    "target": "urn:jy:dwfz:SB0309:OB0201:Sectionprimary:32"
  },
  {
    "relationName": "SectionprimaryBelongsToTheme",
    "label": "属于主题 / belongsToTheme",
    "source": "urn:jy:dwfz:SB0309:OB0202:Sectionprimary:33",
    "target": "urn:jy:dwfz:SB0309:Theme:TH02"
  },
  {
    "relationName": "ThemeHasSectionprimary",
    "label": "包含节 / hasSectionprimary",
    "source": "urn:jy:dwfz:SB0309:Theme:TH02",
    "target": "urn:jy:dwfz:SB0309:OB0202:Sectionprimary:33"
  },
  {
    "relationName": "SectionprimaryBelongsToTheme",
    "label": "属于主题 / belongsToTheme",
    "source": "urn:jy:dwfz:SB0309:OB0202:Sectionprimary:34",
    "target": "urn:jy:dwfz:SB0309:Theme:TH13"
  },
  {
    "relationName": "ThemeHasSectionprimary",
    "label": "包含节 / hasSectionprimary",
    "source": "urn:jy:dwfz:SB0309:Theme:TH13",
    "target": "urn:jy:dwfz:SB0309:OB0202:Sectionprimary:34"
  },
  {
    "relationName": "SectionprimaryBelongsToTheme",
    "label": "属于主题 / belongsToTheme",
    "source": "urn:jy:dwfz:SB0309:OB0202:Sectionprimary:35",
    "target": "urn:jy:dwfz:SB0309:Theme:TH13"
  },
  {
    "relationName": "ThemeHasSectionprimary",
    "label": "包含节 / hasSectionprimary",
    "source": "urn:jy:dwfz:SB0309:Theme:TH13",
    "target": "urn:jy:dwfz:SB0309:OB0202:Sectionprimary:35"
  },
  {
    "relationName": "SectionprimaryBelongsToTheme",
    "label": "属于主题 / belongsToTheme",
    "source": "urn:jy:dwfz:SB0309:OB0202:Sectionprimary:36",
    "target": "urn:jy:dwfz:SB0309:Theme:TH13"
  },
  {
    "relationName": "ThemeHasSectionprimary",
    "label": "包含节 / hasSectionprimary",
    "source": "urn:jy:dwfz:SB0309:Theme:TH13",
    "target": "urn:jy:dwfz:SB0309:OB0202:Sectionprimary:36"
  },
  {
    "relationName": "SectionprimaryBelongsToTheme",
    "label": "属于主题 / belongsToTheme",
    "source": "urn:jy:dwfz:SB0309:OB0202:Sectionprimary:37",
    "target": "urn:jy:dwfz:SB0309:Theme:TH02"
  },
  {
    "relationName": "ThemeHasSectionprimary",
    "label": "包含节 / hasSectionprimary",
    "source": "urn:jy:dwfz:SB0309:Theme:TH02",
    "target": "urn:jy:dwfz:SB0309:OB0202:Sectionprimary:37"
  },
  {
    "relationName": "SectionprimaryBelongsToTheme",
    "label": "属于主题 / belongsToTheme",
    "source": "urn:jy:dwfz:SB0309:OB0202:Sectionprimary:38",
    "target": "urn:jy:dwfz:SB0309:Theme:TH09"
  },
  {
    "relationName": "ThemeHasSectionprimary",
    "label": "包含节 / hasSectionprimary",
    "source": "urn:jy:dwfz:SB0309:Theme:TH09",
    "target": "urn:jy:dwfz:SB0309:OB0202:Sectionprimary:38"
  },
  {
    "relationName": "SectionprimaryBelongsToTheme",
    "label": "属于主题 / belongsToTheme",
    "source": "urn:jy:dwfz:SB0309:OB0202:Sectionprimary:39",
    "target": "urn:jy:dwfz:SB0309:Theme:TH02"
  },
  {
    "relationName": "ThemeHasSectionprimary",
    "label": "包含节 / hasSectionprimary",
    "source": "urn:jy:dwfz:SB0309:Theme:TH02",
    "target": "urn:jy:dwfz:SB0309:OB0202:Sectionprimary:39"
  },
  {
    "relationName": "SectionprimaryBelongsToTheme",
    "label": "属于主题 / belongsToTheme",
    "source": "urn:jy:dwfz:SB0309:OB0202:Sectionprimary:40",
    "target": "urn:jy:dwfz:SB0309:Theme:TH02"
  },
  {
    "relationName": "ThemeHasSectionprimary",
    "label": "包含节 / hasSectionprimary",
    "source": "urn:jy:dwfz:SB0309:Theme:TH02",
    "target": "urn:jy:dwfz:SB0309:OB0202:Sectionprimary:40"
  },
  {
    "relationName": "SectionprimaryBelongsToTheme",
    "label": "属于主题 / belongsToTheme",
    "source": "urn:jy:dwfz:SB0309:OB0202:Sectionprimary:41",
    "target": "urn:jy:dwfz:SB0309:Theme:TH02"
  },
  {
    "relationName": "ThemeHasSectionprimary",
    "label": "包含节 / hasSectionprimary",
    "source": "urn:jy:dwfz:SB0309:Theme:TH02",
    "target": "urn:jy:dwfz:SB0309:OB0202:Sectionprimary:41"
  },
  {
    "relationName": "SectionprimaryBelongsToTheme",
    "label": "属于主题 / belongsToTheme",
    "source": "urn:jy:dwfz:SB0309:OB0202:Sectionprimary:42",
    "target": "urn:jy:dwfz:SB0309:Theme:TH02"
  },
  {
    "relationName": "ThemeHasSectionprimary",
    "label": "包含节 / hasSectionprimary",
    "source": "urn:jy:dwfz:SB0309:Theme:TH02",
    "target": "urn:jy:dwfz:SB0309:OB0202:Sectionprimary:42"
  },
  {
    "relationName": "SectionprimaryBelongsToTheme",
    "label": "属于主题 / belongsToTheme",
    "source": "urn:jy:dwfz:SB0309:OB0202:Sectionprimary:43",
    "target": "urn:jy:dwfz:SB0309:Theme:TH02"
  },
  {
    "relationName": "ThemeHasSectionprimary",
    "label": "包含节 / hasSectionprimary",
    "source": "urn:jy:dwfz:SB0309:Theme:TH02",
    "target": "urn:jy:dwfz:SB0309:OB0202:Sectionprimary:43"
  },
  {
    "relationName": "SectionprimaryBelongsToTheme",
    "label": "属于主题 / belongsToTheme",
    "source": "urn:jy:dwfz:SB0309:OB0202:Sectionprimary:44",
    "target": "urn:jy:dwfz:SB0309:Theme:TH02"
  },
  {
    "relationName": "ThemeHasSectionprimary",
    "label": "包含节 / hasSectionprimary",
    "source": "urn:jy:dwfz:SB0309:Theme:TH02",
    "target": "urn:jy:dwfz:SB0309:OB0202:Sectionprimary:44"
  },
  {
    "relationName": "SectionprimaryBelongsToTheme",
    "label": "属于主题 / belongsToTheme",
    "source": "urn:jy:dwfz:SB0309:OB0202:Sectionprimary:45",
    "target": "urn:jy:dwfz:SB0309:Theme:TH13"
  },
  {
    "relationName": "ThemeHasSectionprimary",
    "label": "包含节 / hasSectionprimary",
    "source": "urn:jy:dwfz:SB0309:Theme:TH13",
    "target": "urn:jy:dwfz:SB0309:OB0202:Sectionprimary:45"
  },
  {
    "relationName": "SectionprimaryBelongsToTheme",
    "label": "属于主题 / belongsToTheme",
    "source": "urn:jy:dwfz:SB0309:OB0202:Sectionprimary:46",
    "target": "urn:jy:dwfz:SB0309:Theme:TH13"
  },
  {
    "relationName": "ThemeHasSectionprimary",
    "label": "包含节 / hasSectionprimary",
    "source": "urn:jy:dwfz:SB0309:Theme:TH13",
    "target": "urn:jy:dwfz:SB0309:OB0202:Sectionprimary:46"
  },
  {
    "relationName": "SectionprimaryBelongsToTheme",
    "label": "属于主题 / belongsToTheme",
    "source": "urn:jy:dwfz:SB0309:OB0202:Sectionprimary:47",
    "target": "urn:jy:dwfz:SB0309:Theme:TH13"
  },
  {
    "relationName": "ThemeHasSectionprimary",
    "label": "包含节 / hasSectionprimary",
    "source": "urn:jy:dwfz:SB0309:Theme:TH13",
    "target": "urn:jy:dwfz:SB0309:OB0202:Sectionprimary:47"
  },
  {
    "relationName": "SectionprimaryBelongsToTheme",
    "label": "属于主题 / belongsToTheme",
    "source": "urn:jy:dwfz:SB0309:OB0202:Sectionprimary:48",
    "target": "urn:jy:dwfz:SB0309:Theme:TH13"
  },
  {
    "relationName": "ThemeHasSectionprimary",
    "label": "包含节 / hasSectionprimary",
    "source": "urn:jy:dwfz:SB0309:Theme:TH13",
    "target": "urn:jy:dwfz:SB0309:OB0202:Sectionprimary:48"
  },
  {
    "relationName": "SectionprimaryBelongsToTheme",
    "label": "属于主题 / belongsToTheme",
    "source": "urn:jy:dwfz:SB0309:OB0202:Sectionprimary:49",
    "target": "urn:jy:dwfz:SB0309:Theme:TH02"
  },
  {
    "relationName": "ThemeHasSectionprimary",
    "label": "包含节 / hasSectionprimary",
    "source": "urn:jy:dwfz:SB0309:Theme:TH02",
    "target": "urn:jy:dwfz:SB0309:OB0202:Sectionprimary:49"
  },
  {
    "relationName": "SectionprimaryBelongsToTheme",
    "label": "属于主题 / belongsToTheme",
    "source": "urn:jy:dwfz:SB0309:OB0202:Sectionprimary:50",
    "target": "urn:jy:dwfz:SB0309:Theme:TH02"
  },
  {
    "relationName": "ThemeHasSectionprimary",
    "label": "包含节 / hasSectionprimary",
    "source": "urn:jy:dwfz:SB0309:Theme:TH02",
    "target": "urn:jy:dwfz:SB0309:OB0202:Sectionprimary:50"
  },
  {
    "relationName": "SectionprimaryBelongsToTheme",
    "label": "属于主题 / belongsToTheme",
    "source": "urn:jy:dwfz:SB0309:OB0202:Sectionprimary:51",
    "target": "urn:jy:dwfz:SB0309:Theme:TH02"
  },
  {
    "relationName": "ThemeHasSectionprimary",
    "label": "包含节 / hasSectionprimary",
    "source": "urn:jy:dwfz:SB0309:Theme:TH02",
    "target": "urn:jy:dwfz:SB0309:OB0202:Sectionprimary:51"
  },
  {
    "relationName": "SectionprimaryBelongsToTheme",
    "label": "属于主题 / belongsToTheme",
    "source": "urn:jy:dwfz:SB0309:OB0202:Sectionprimary:52",
    "target": "urn:jy:dwfz:SB0309:Theme:TH02"
  },
  {
    "relationName": "ThemeHasSectionprimary",
    "label": "包含节 / hasSectionprimary",
    "source": "urn:jy:dwfz:SB0309:Theme:TH02",
    "target": "urn:jy:dwfz:SB0309:OB0202:Sectionprimary:52"
  },
  {
    "relationName": "SectionprimaryBelongsToTheme",
    "label": "属于主题 / belongsToTheme",
    "source": "urn:jy:dwfz:SB0309:OB0202:Sectionprimary:53",
    "target": "urn:jy:dwfz:SB0309:Theme:TH05"
  },
  {
    "relationName": "ThemeHasSectionprimary",
    "label": "包含节 / hasSectionprimary",
    "source": "urn:jy:dwfz:SB0309:Theme:TH05",
    "target": "urn:jy:dwfz:SB0309:OB0202:Sectionprimary:53"
  },
  {
    "relationName": "SectionprimaryBelongsToTheme",
    "label": "属于主题 / belongsToTheme",
    "source": "urn:jy:dwfz:SB0309:OB0202:Sectionprimary:54",
    "target": "urn:jy:dwfz:SB0309:Theme:TH13"
  },
  {
    "relationName": "ThemeHasSectionprimary",
    "label": "包含节 / hasSectionprimary",
    "source": "urn:jy:dwfz:SB0309:Theme:TH13",
    "target": "urn:jy:dwfz:SB0309:OB0202:Sectionprimary:54"
  },
  {
    "relationName": "SectionprimaryBelongsToTheme",
    "label": "属于主题 / belongsToTheme",
    "source": "urn:jy:dwfz:SB0309:OB0202:Sectionprimary:55",
    "target": "urn:jy:dwfz:SB0309:Theme:TH02"
  },
  {
    "relationName": "ThemeHasSectionprimary",
    "label": "包含节 / hasSectionprimary",
    "source": "urn:jy:dwfz:SB0309:Theme:TH02",
    "target": "urn:jy:dwfz:SB0309:OB0202:Sectionprimary:55"
  },
  {
    "relationName": "SectionprimaryBelongsToTheme",
    "label": "属于主题 / belongsToTheme",
    "source": "urn:jy:dwfz:SB0309:OB0202:Sectionprimary:56",
    "target": "urn:jy:dwfz:SB0309:Theme:TH05"
  },
  {
    "relationName": "ThemeHasSectionprimary",
    "label": "包含节 / hasSectionprimary",
    "source": "urn:jy:dwfz:SB0309:Theme:TH05",
    "target": "urn:jy:dwfz:SB0309:OB0202:Sectionprimary:56"
  },
  {
    "relationName": "SectionprimaryBelongsToTheme",
    "label": "属于主题 / belongsToTheme",
    "source": "urn:jy:dwfz:SB0309:OB0202:Sectionprimary:57",
    "target": "urn:jy:dwfz:SB0309:Theme:TH02"
  },
  {
    "relationName": "ThemeHasSectionprimary",
    "label": "包含节 / hasSectionprimary",
    "source": "urn:jy:dwfz:SB0309:Theme:TH02",
    "target": "urn:jy:dwfz:SB0309:OB0202:Sectionprimary:57"
  },
  {
    "relationName": "SectionprimaryBelongsToTheme",
    "label": "属于主题 / belongsToTheme",
    "source": "urn:jy:dwfz:SB0309:OB0202:Sectionprimary:58",
    "target": "urn:jy:dwfz:SB0309:Theme:TH02"
  },
  {
    "relationName": "ThemeHasSectionprimary",
    "label": "包含节 / hasSectionprimary",
    "source": "urn:jy:dwfz:SB0309:Theme:TH02",
    "target": "urn:jy:dwfz:SB0309:OB0202:Sectionprimary:58"
  },
  {
    "relationName": "SectionprimaryBelongsToTheme",
    "label": "属于主题 / belongsToTheme",
    "source": "urn:jy:dwfz:SB0309:OB0202:Sectionprimary:59",
    "target": "urn:jy:dwfz:SB0309:Theme:TH02"
  },
  {
    "relationName": "ThemeHasSectionprimary",
    "label": "包含节 / hasSectionprimary",
    "source": "urn:jy:dwfz:SB0309:Theme:TH02",
    "target": "urn:jy:dwfz:SB0309:OB0202:Sectionprimary:59"
  },
  {
    "relationName": "SectionprimaryBelongsToTheme",
    "label": "属于主题 / belongsToTheme",
    "source": "urn:jy:dwfz:SB0309:OB0202:Sectionprimary:60",
    "target": "urn:jy:dwfz:SB0309:Theme:TH02"
  },
  {
    "relationName": "ThemeHasSectionprimary",
    "label": "包含节 / hasSectionprimary",
    "source": "urn:jy:dwfz:SB0309:Theme:TH02",
    "target": "urn:jy:dwfz:SB0309:OB0202:Sectionprimary:60"
  },
  {
    "relationName": "SectionprimaryBelongsToTheme",
    "label": "属于主题 / belongsToTheme",
    "source": "urn:jy:dwfz:SB0309:OB0202:Sectionprimary:61",
    "target": "urn:jy:dwfz:SB0309:Theme:TH02"
  },
  {
    "relationName": "ThemeHasSectionprimary",
    "label": "包含节 / hasSectionprimary",
    "source": "urn:jy:dwfz:SB0309:Theme:TH02",
    "target": "urn:jy:dwfz:SB0309:OB0202:Sectionprimary:61"
  },
  {
    "relationName": "SectionprimaryBelongsToTheme",
    "label": "属于主题 / belongsToTheme",
    "source": "urn:jy:dwfz:SB0309:OB0202:Sectionprimary:62",
    "target": "urn:jy:dwfz:SB0309:Theme:TH02"
  },
  {
    "relationName": "ThemeHasSectionprimary",
    "label": "包含节 / hasSectionprimary",
    "source": "urn:jy:dwfz:SB0309:Theme:TH02",
    "target": "urn:jy:dwfz:SB0309:OB0202:Sectionprimary:62"
  },
  {
    "relationName": "SectionprimaryBelongsToTheme",
    "label": "属于主题 / belongsToTheme",
    "source": "urn:jy:dwfz:SB0309:OB0202:Sectionprimary:63",
    "target": "urn:jy:dwfz:SB0309:Theme:TH02"
  },
  {
    "relationName": "ThemeHasSectionprimary",
    "label": "包含节 / hasSectionprimary",
    "source": "urn:jy:dwfz:SB0309:Theme:TH02",
    "target": "urn:jy:dwfz:SB0309:OB0202:Sectionprimary:63"
  },
  {
    "relationName": "SectionprimaryBelongsToTheme",
    "label": "属于主题 / belongsToTheme",
    "source": "urn:jy:dwfz:SB0309:OB0202:Sectionprimary:64",
    "target": "urn:jy:dwfz:SB0309:Theme:TH02"
  },
  {
    "relationName": "ThemeHasSectionprimary",
    "label": "包含节 / hasSectionprimary",
    "source": "urn:jy:dwfz:SB0309:Theme:TH02",
    "target": "urn:jy:dwfz:SB0309:OB0202:Sectionprimary:64"
  },
  {
    "relationName": "SectionprimaryBelongsToTheme",
    "label": "属于主题 / belongsToTheme",
    "source": "urn:jy:dwfz:SB0309:OB0203:Sectionprimary:65",
    "target": "urn:jy:dwfz:SB0309:Theme:TH03"
  },
  {
    "relationName": "ThemeHasSectionprimary",
    "label": "包含节 / hasSectionprimary",
    "source": "urn:jy:dwfz:SB0309:Theme:TH03",
    "target": "urn:jy:dwfz:SB0309:OB0203:Sectionprimary:65"
  },
  {
    "relationName": "SectionprimaryBelongsToTheme",
    "label": "属于主题 / belongsToTheme",
    "source": "urn:jy:dwfz:SB0309:OB0203:Sectionprimary:66",
    "target": "urn:jy:dwfz:SB0309:Theme:TH03"
  },
  {
    "relationName": "ThemeHasSectionprimary",
    "label": "包含节 / hasSectionprimary",
    "source": "urn:jy:dwfz:SB0309:Theme:TH03",
    "target": "urn:jy:dwfz:SB0309:OB0203:Sectionprimary:66"
  },
  {
    "relationName": "SectionprimaryBelongsToTheme",
    "label": "属于主题 / belongsToTheme",
    "source": "urn:jy:dwfz:SB0309:OB0203:Sectionprimary:67",
    "target": "urn:jy:dwfz:SB0309:Theme:TH03"
  },
  {
    "relationName": "ThemeHasSectionprimary",
    "label": "包含节 / hasSectionprimary",
    "source": "urn:jy:dwfz:SB0309:Theme:TH03",
    "target": "urn:jy:dwfz:SB0309:OB0203:Sectionprimary:67"
  },
  {
    "relationName": "SectionprimaryBelongsToTheme",
    "label": "属于主题 / belongsToTheme",
    "source": "urn:jy:dwfz:SB0309:OB0203:Sectionprimary:68",
    "target": "urn:jy:dwfz:SB0309:Theme:TH03"
  },
  {
    "relationName": "ThemeHasSectionprimary",
    "label": "包含节 / hasSectionprimary",
    "source": "urn:jy:dwfz:SB0309:Theme:TH03",
    "target": "urn:jy:dwfz:SB0309:OB0203:Sectionprimary:68"
  },
  {
    "relationName": "SectionprimaryBelongsToTheme",
    "label": "属于主题 / belongsToTheme",
    "source": "urn:jy:dwfz:SB0309:OB0203:Sectionprimary:69",
    "target": "urn:jy:dwfz:SB0309:Theme:TH03"
  },
  {
    "relationName": "ThemeHasSectionprimary",
    "label": "包含节 / hasSectionprimary",
    "source": "urn:jy:dwfz:SB0309:Theme:TH03",
    "target": "urn:jy:dwfz:SB0309:OB0203:Sectionprimary:69"
  },
  {
    "relationName": "SectionprimaryBelongsToTheme",
    "label": "属于主题 / belongsToTheme",
    "source": "urn:jy:dwfz:SB0309:OB0203:Sectionprimary:70",
    "target": "urn:jy:dwfz:SB0309:Theme:TH03"
  },
  {
    "relationName": "ThemeHasSectionprimary",
    "label": "包含节 / hasSectionprimary",
    "source": "urn:jy:dwfz:SB0309:Theme:TH03",
    "target": "urn:jy:dwfz:SB0309:OB0203:Sectionprimary:70"
  },
  {
    "relationName": "SectionprimaryBelongsToTheme",
    "label": "属于主题 / belongsToTheme",
    "source": "urn:jy:dwfz:SB0309:OB0203:Sectionprimary:71",
    "target": "urn:jy:dwfz:SB0309:Theme:TH03"
  },
  {
    "relationName": "ThemeHasSectionprimary",
    "label": "包含节 / hasSectionprimary",
    "source": "urn:jy:dwfz:SB0309:Theme:TH03",
    "target": "urn:jy:dwfz:SB0309:OB0203:Sectionprimary:71"
  },
  {
    "relationName": "SectionprimaryBelongsToTheme",
    "label": "属于主题 / belongsToTheme",
    "source": "urn:jy:dwfz:SB0309:OB0203:Sectionprimary:72",
    "target": "urn:jy:dwfz:SB0309:Theme:TH03"
  },
  {
    "relationName": "ThemeHasSectionprimary",
    "label": "包含节 / hasSectionprimary",
    "source": "urn:jy:dwfz:SB0309:Theme:TH03",
    "target": "urn:jy:dwfz:SB0309:OB0203:Sectionprimary:72"
  },
  {
    "relationName": "SectionprimaryBelongsToTheme",
    "label": "属于主题 / belongsToTheme",
    "source": "urn:jy:dwfz:SB0309:OB0203:Sectionprimary:73",
    "target": "urn:jy:dwfz:SB0309:Theme:TH03"
  },
  {
    "relationName": "ThemeHasSectionprimary",
    "label": "包含节 / hasSectionprimary",
    "source": "urn:jy:dwfz:SB0309:Theme:TH03",
    "target": "urn:jy:dwfz:SB0309:OB0203:Sectionprimary:73"
  },
  {
    "relationName": "SectionprimaryBelongsToTheme",
    "label": "属于主题 / belongsToTheme",
    "source": "urn:jy:dwfz:SB0309:OB0203:Sectionprimary:74",
    "target": "urn:jy:dwfz:SB0309:Theme:TH03"
  },
  {
    "relationName": "ThemeHasSectionprimary",
    "label": "包含节 / hasSectionprimary",
    "source": "urn:jy:dwfz:SB0309:Theme:TH03",
    "target": "urn:jy:dwfz:SB0309:OB0203:Sectionprimary:74"
  },
  {
    "relationName": "SectionprimaryBelongsToTheme",
    "label": "属于主题 / belongsToTheme",
    "source": "urn:jy:dwfz:SB0309:OB0203:Sectionprimary:75",
    "target": "urn:jy:dwfz:SB0309:Theme:TH03"
  },
  {
    "relationName": "ThemeHasSectionprimary",
    "label": "包含节 / hasSectionprimary",
    "source": "urn:jy:dwfz:SB0309:Theme:TH03",
    "target": "urn:jy:dwfz:SB0309:OB0203:Sectionprimary:75"
  },
  {
    "relationName": "SectionprimaryBelongsToTheme",
    "label": "属于主题 / belongsToTheme",
    "source": "urn:jy:dwfz:SB0309:OB0203:Sectionprimary:76",
    "target": "urn:jy:dwfz:SB0309:Theme:TH10"
  },
  {
    "relationName": "ThemeHasSectionprimary",
    "label": "包含节 / hasSectionprimary",
    "source": "urn:jy:dwfz:SB0309:Theme:TH10",
    "target": "urn:jy:dwfz:SB0309:OB0203:Sectionprimary:76"
  },
  {
    "relationName": "SectionprimaryBelongsToTheme",
    "label": "属于主题 / belongsToTheme",
    "source": "urn:jy:dwfz:SB0309:OB0203:Sectionprimary:77",
    "target": "urn:jy:dwfz:SB0309:Theme:TH06"
  },
  {
    "relationName": "ThemeHasSectionprimary",
    "label": "包含节 / hasSectionprimary",
    "source": "urn:jy:dwfz:SB0309:Theme:TH06",
    "target": "urn:jy:dwfz:SB0309:OB0203:Sectionprimary:77"
  },
  {
    "relationName": "SectionprimaryBelongsToTheme",
    "label": "属于主题 / belongsToTheme",
    "source": "urn:jy:dwfz:SB0309:OB0203:Sectionprimary:78",
    "target": "urn:jy:dwfz:SB0309:Theme:TH03"
  },
  {
    "relationName": "ThemeHasSectionprimary",
    "label": "包含节 / hasSectionprimary",
    "source": "urn:jy:dwfz:SB0309:Theme:TH03",
    "target": "urn:jy:dwfz:SB0309:OB0203:Sectionprimary:78"
  },
  {
    "relationName": "SectionprimaryBelongsToTheme",
    "label": "属于主题 / belongsToTheme",
    "source": "urn:jy:dwfz:SB0309:OB0203:Sectionprimary:79",
    "target": "urn:jy:dwfz:SB0309:Theme:TH03"
  },
  {
    "relationName": "ThemeHasSectionprimary",
    "label": "包含节 / hasSectionprimary",
    "source": "urn:jy:dwfz:SB0309:Theme:TH03",
    "target": "urn:jy:dwfz:SB0309:OB0203:Sectionprimary:79"
  },
  {
    "relationName": "SectionprimaryBelongsToTheme",
    "label": "属于主题 / belongsToTheme",
    "source": "urn:jy:dwfz:SB0309:OB0203:Sectionprimary:80",
    "target": "urn:jy:dwfz:SB0309:Theme:TH03"
  },
  {
    "relationName": "ThemeHasSectionprimary",
    "label": "包含节 / hasSectionprimary",
    "source": "urn:jy:dwfz:SB0309:Theme:TH03",
    "target": "urn:jy:dwfz:SB0309:OB0203:Sectionprimary:80"
  },
  {
    "relationName": "SectionprimaryBelongsToTheme",
    "label": "属于主题 / belongsToTheme",
    "source": "urn:jy:dwfz:SB0309:OB0203:Sectionprimary:81",
    "target": "urn:jy:dwfz:SB0309:Theme:TH03"
  },
  {
    "relationName": "ThemeHasSectionprimary",
    "label": "包含节 / hasSectionprimary",
    "source": "urn:jy:dwfz:SB0309:Theme:TH03",
    "target": "urn:jy:dwfz:SB0309:OB0203:Sectionprimary:81"
  },
  {
    "relationName": "SectionprimaryBelongsToTheme",
    "label": "属于主题 / belongsToTheme",
    "source": "urn:jy:dwfz:SB0309:OB0203:Sectionprimary:82",
    "target": "urn:jy:dwfz:SB0309:Theme:TH03"
  },
  {
    "relationName": "ThemeHasSectionprimary",
    "label": "包含节 / hasSectionprimary",
    "source": "urn:jy:dwfz:SB0309:Theme:TH03",
    "target": "urn:jy:dwfz:SB0309:OB0203:Sectionprimary:82"
  },
  {
    "relationName": "SectionprimaryBelongsToTheme",
    "label": "属于主题 / belongsToTheme",
    "source": "urn:jy:dwfz:SB0309:OB0203:Sectionprimary:83",
    "target": "urn:jy:dwfz:SB0309:Theme:TH03"
  },
  {
    "relationName": "ThemeHasSectionprimary",
    "label": "包含节 / hasSectionprimary",
    "source": "urn:jy:dwfz:SB0309:Theme:TH03",
    "target": "urn:jy:dwfz:SB0309:OB0203:Sectionprimary:83"
  },
  {
    "relationName": "SectionprimaryBelongsToTheme",
    "label": "属于主题 / belongsToTheme",
    "source": "urn:jy:dwfz:SB0309:OB0203:Sectionprimary:84",
    "target": "urn:jy:dwfz:SB0309:Theme:TH03"
  },
  {
    "relationName": "ThemeHasSectionprimary",
    "label": "包含节 / hasSectionprimary",
    "source": "urn:jy:dwfz:SB0309:Theme:TH03",
    "target": "urn:jy:dwfz:SB0309:OB0203:Sectionprimary:84"
  },
  {
    "relationName": "SectionprimaryBelongsToTheme",
    "label": "属于主题 / belongsToTheme",
    "source": "urn:jy:dwfz:SB0309:OB0203:Sectionprimary:85",
    "target": "urn:jy:dwfz:SB0309:Theme:TH03"
  },
  {
    "relationName": "ThemeHasSectionprimary",
    "label": "包含节 / hasSectionprimary",
    "source": "urn:jy:dwfz:SB0309:Theme:TH03",
    "target": "urn:jy:dwfz:SB0309:OB0203:Sectionprimary:85"
  },
  {
    "relationName": "SectionprimaryBelongsToTheme",
    "label": "属于主题 / belongsToTheme",
    "source": "urn:jy:dwfz:SB0309:OB0203:Sectionprimary:86",
    "target": "urn:jy:dwfz:SB0309:Theme:TH10"
  },
  {
    "relationName": "ThemeHasSectionprimary",
    "label": "包含节 / hasSectionprimary",
    "source": "urn:jy:dwfz:SB0309:Theme:TH10",
    "target": "urn:jy:dwfz:SB0309:OB0203:Sectionprimary:86"
  },
  {
    "relationName": "SectionprimaryBelongsToTheme",
    "label": "属于主题 / belongsToTheme",
    "source": "urn:jy:dwfz:SB0309:OB0203:Sectionprimary:87",
    "target": "urn:jy:dwfz:SB0309:Theme:TH03"
  },
  {
    "relationName": "ThemeHasSectionprimary",
    "label": "包含节 / hasSectionprimary",
    "source": "urn:jy:dwfz:SB0309:Theme:TH03",
    "target": "urn:jy:dwfz:SB0309:OB0203:Sectionprimary:87"
  },
  {
    "relationName": "SectionprimaryBelongsToTheme",
    "label": "属于主题 / belongsToTheme",
    "source": "urn:jy:dwfz:SB0309:OB0203:Sectionprimary:88",
    "target": "urn:jy:dwfz:SB0309:Theme:TH06"
  },
  {
    "relationName": "ThemeHasSectionprimary",
    "label": "包含节 / hasSectionprimary",
    "source": "urn:jy:dwfz:SB0309:Theme:TH06",
    "target": "urn:jy:dwfz:SB0309:OB0203:Sectionprimary:88"
  },
  {
    "relationName": "SectionprimaryBelongsToTheme",
    "label": "属于主题 / belongsToTheme",
    "source": "urn:jy:dwfz:SB0309:OB0203:Sectionprimary:89",
    "target": "urn:jy:dwfz:SB0309:Theme:TH06"
  },
  {
    "relationName": "ThemeHasSectionprimary",
    "label": "包含节 / hasSectionprimary",
    "source": "urn:jy:dwfz:SB0309:Theme:TH06",
    "target": "urn:jy:dwfz:SB0309:OB0203:Sectionprimary:89"
  },
  {
    "relationName": "SectionprimaryBelongsToTheme",
    "label": "属于主题 / belongsToTheme",
    "source": "urn:jy:dwfz:SB0309:OB0203:Sectionprimary:90",
    "target": "urn:jy:dwfz:SB0309:Theme:TH06"
  },
  {
    "relationName": "ThemeHasSectionprimary",
    "label": "包含节 / hasSectionprimary",
    "source": "urn:jy:dwfz:SB0309:Theme:TH06",
    "target": "urn:jy:dwfz:SB0309:OB0203:Sectionprimary:90"
  },
  {
    "relationName": "SectionprimaryBelongsToTheme",
    "label": "属于主题 / belongsToTheme",
    "source": "urn:jy:dwfz:SB0309:OB0204:Sectionprimary:91",
    "target": "urn:jy:dwfz:SB0309:Theme:TH03"
  },
  {
    "relationName": "ThemeHasSectionprimary",
    "label": "包含节 / hasSectionprimary",
    "source": "urn:jy:dwfz:SB0309:Theme:TH03",
    "target": "urn:jy:dwfz:SB0309:OB0204:Sectionprimary:91"
  },
  {
    "relationName": "SectionprimaryBelongsToTheme",
    "label": "属于主题 / belongsToTheme",
    "source": "urn:jy:dwfz:SB0309:OB0204:Sectionprimary:92",
    "target": "urn:jy:dwfz:SB0309:Theme:TH03"
  },
  {
    "relationName": "ThemeHasSectionprimary",
    "label": "包含节 / hasSectionprimary",
    "source": "urn:jy:dwfz:SB0309:Theme:TH03",
    "target": "urn:jy:dwfz:SB0309:OB0204:Sectionprimary:92"
  },
  {
    "relationName": "SectionprimaryBelongsToTheme",
    "label": "属于主题 / belongsToTheme",
    "source": "urn:jy:dwfz:SB0309:OB0204:Sectionprimary:93",
    "target": "urn:jy:dwfz:SB0309:Theme:TH03"
  },
  {
    "relationName": "ThemeHasSectionprimary",
    "label": "包含节 / hasSectionprimary",
    "source": "urn:jy:dwfz:SB0309:Theme:TH03",
    "target": "urn:jy:dwfz:SB0309:OB0204:Sectionprimary:93"
  },
  {
    "relationName": "SectionprimaryBelongsToTheme",
    "label": "属于主题 / belongsToTheme",
    "source": "urn:jy:dwfz:SB0309:OB0204:Sectionprimary:94",
    "target": "urn:jy:dwfz:SB0309:Theme:TH03"
  },
  {
    "relationName": "ThemeHasSectionprimary",
    "label": "包含节 / hasSectionprimary",
    "source": "urn:jy:dwfz:SB0309:Theme:TH03",
    "target": "urn:jy:dwfz:SB0309:OB0204:Sectionprimary:94"
  },
  {
    "relationName": "SectionprimaryBelongsToTheme",
    "label": "属于主题 / belongsToTheme",
    "source": "urn:jy:dwfz:SB0309:OB0204:Sectionprimary:95",
    "target": "urn:jy:dwfz:SB0309:Theme:TH03"
  },
  {
    "relationName": "ThemeHasSectionprimary",
    "label": "包含节 / hasSectionprimary",
    "source": "urn:jy:dwfz:SB0309:Theme:TH03",
    "target": "urn:jy:dwfz:SB0309:OB0204:Sectionprimary:95"
  },
  {
    "relationName": "SectionprimaryBelongsToTheme",
    "label": "属于主题 / belongsToTheme",
    "source": "urn:jy:dwfz:SB0309:OB0204:Sectionprimary:96",
    "target": "urn:jy:dwfz:SB0309:Theme:TH03"
  },
  {
    "relationName": "ThemeHasSectionprimary",
    "label": "包含节 / hasSectionprimary",
    "source": "urn:jy:dwfz:SB0309:Theme:TH03",
    "target": "urn:jy:dwfz:SB0309:OB0204:Sectionprimary:96"
  },
  {
    "relationName": "SectionprimaryBelongsToTheme",
    "label": "属于主题 / belongsToTheme",
    "source": "urn:jy:dwfz:SB0309:OB0204:Sectionprimary:97",
    "target": "urn:jy:dwfz:SB0309:Theme:TH06"
  },
  {
    "relationName": "ThemeHasSectionprimary",
    "label": "包含节 / hasSectionprimary",
    "source": "urn:jy:dwfz:SB0309:Theme:TH06",
    "target": "urn:jy:dwfz:SB0309:OB0204:Sectionprimary:97"
  },
  {
    "relationName": "SectionprimaryBelongsToTheme",
    "label": "属于主题 / belongsToTheme",
    "source": "urn:jy:dwfz:SB0309:OB0204:Sectionprimary:98",
    "target": "urn:jy:dwfz:SB0309:Theme:TH16"
  },
  {
    "relationName": "ThemeHasSectionprimary",
    "label": "包含节 / hasSectionprimary",
    "source": "urn:jy:dwfz:SB0309:Theme:TH16",
    "target": "urn:jy:dwfz:SB0309:OB0204:Sectionprimary:98"
  },
  {
    "relationName": "SectionprimaryBelongsToTheme",
    "label": "属于主题 / belongsToTheme",
    "source": "urn:jy:dwfz:SB0309:OB0204:Sectionprimary:99",
    "target": "urn:jy:dwfz:SB0309:Theme:TH03"
  },
  {
    "relationName": "ThemeHasSectionprimary",
    "label": "包含节 / hasSectionprimary",
    "source": "urn:jy:dwfz:SB0309:Theme:TH03",
    "target": "urn:jy:dwfz:SB0309:OB0204:Sectionprimary:99"
  },
  {
    "relationName": "SectionprimaryBelongsToTheme",
    "label": "属于主题 / belongsToTheme",
    "source": "urn:jy:dwfz:SB0309:OB0201:Sectionprimary:100",
    "target": "urn:jy:dwfz:SB0309:Theme:TH03"
  },
  {
    "relationName": "ThemeHasSectionprimary",
    "label": "包含节 / hasSectionprimary",
    "source": "urn:jy:dwfz:SB0309:Theme:TH03",
    "target": "urn:jy:dwfz:SB0309:OB0201:Sectionprimary:100"
  },
  {
    "relationName": "SectionprimaryBelongsToTheme",
    "label": "属于主题 / belongsToTheme",
    "source": "urn:jy:dwfz:SB0309:OB0201:Sectionprimary:101",
    "target": "urn:jy:dwfz:SB0309:Theme:TH03"
  },
  {
    "relationName": "ThemeHasSectionprimary",
    "label": "包含节 / hasSectionprimary",
    "source": "urn:jy:dwfz:SB0309:Theme:TH03",
    "target": "urn:jy:dwfz:SB0309:OB0201:Sectionprimary:101"
  },
  {
    "relationName": "SectionprimaryBelongsToTheme",
    "label": "属于主题 / belongsToTheme",
    "source": "urn:jy:dwfz:SB0309:OB0201:Sectionprimary:102",
    "target": "urn:jy:dwfz:SB0309:Theme:TH03"
  },
  {
    "relationName": "ThemeHasSectionprimary",
    "label": "包含节 / hasSectionprimary",
    "source": "urn:jy:dwfz:SB0309:Theme:TH03",
    "target": "urn:jy:dwfz:SB0309:OB0201:Sectionprimary:102"
  },
  {
    "relationName": "SectionprimaryBelongsToTheme",
    "label": "属于主题 / belongsToTheme",
    "source": "urn:jy:dwfz:SB0309:OB0201:Sectionprimary:103",
    "target": "urn:jy:dwfz:SB0309:Theme:TH03"
  },
  {
    "relationName": "ThemeHasSectionprimary",
    "label": "包含节 / hasSectionprimary",
    "source": "urn:jy:dwfz:SB0309:Theme:TH03",
    "target": "urn:jy:dwfz:SB0309:OB0201:Sectionprimary:103"
  },
  {
    "relationName": "SectionprimaryBelongsToTheme",
    "label": "属于主题 / belongsToTheme",
    "source": "urn:jy:dwfz:SB0309:OB0201:Sectionprimary:104",
    "target": "urn:jy:dwfz:SB0309:Theme:TH03"
  },
  {
    "relationName": "ThemeHasSectionprimary",
    "label": "包含节 / hasSectionprimary",
    "source": "urn:jy:dwfz:SB0309:Theme:TH03",
    "target": "urn:jy:dwfz:SB0309:OB0201:Sectionprimary:104"
  },
  {
    "relationName": "SectionprimaryBelongsToTheme",
    "label": "属于主题 / belongsToTheme",
    "source": "urn:jy:dwfz:SB0309:OB0201:Sectionprimary:105",
    "target": "urn:jy:dwfz:SB0309:Theme:TH03"
  },
  {
    "relationName": "ThemeHasSectionprimary",
    "label": "包含节 / hasSectionprimary",
    "source": "urn:jy:dwfz:SB0309:Theme:TH03",
    "target": "urn:jy:dwfz:SB0309:OB0201:Sectionprimary:105"
  },
  {
    "relationName": "SectionprimaryBelongsToTheme",
    "label": "属于主题 / belongsToTheme",
    "source": "urn:jy:dwfz:SB0309:OB0201:Sectionprimary:106",
    "target": "urn:jy:dwfz:SB0309:Theme:TH03"
  },
  {
    "relationName": "ThemeHasSectionprimary",
    "label": "包含节 / hasSectionprimary",
    "source": "urn:jy:dwfz:SB0309:Theme:TH03",
    "target": "urn:jy:dwfz:SB0309:OB0201:Sectionprimary:106"
  },
  {
    "relationName": "SectionprimaryBelongsToTheme",
    "label": "属于主题 / belongsToTheme",
    "source": "urn:jy:dwfz:SB0309:OB0201:Sectionprimary:107",
    "target": "urn:jy:dwfz:SB0309:Theme:TH03"
  },
  {
    "relationName": "ThemeHasSectionprimary",
    "label": "包含节 / hasSectionprimary",
    "source": "urn:jy:dwfz:SB0309:Theme:TH03",
    "target": "urn:jy:dwfz:SB0309:OB0201:Sectionprimary:107"
  },
  {
    "relationName": "SectionprimaryBelongsToTheme",
    "label": "属于主题 / belongsToTheme",
    "source": "urn:jy:dwfz:SB0309:OB0201:Sectionprimary:108",
    "target": "urn:jy:dwfz:SB0309:Theme:TH03"
  },
  {
    "relationName": "ThemeHasSectionprimary",
    "label": "包含节 / hasSectionprimary",
    "source": "urn:jy:dwfz:SB0309:Theme:TH03",
    "target": "urn:jy:dwfz:SB0309:OB0201:Sectionprimary:108"
  },
  {
    "relationName": "SectionprimaryBelongsToTheme",
    "label": "属于主题 / belongsToTheme",
    "source": "urn:jy:dwfz:SB0309:OB0201:Sectionprimary:109",
    "target": "urn:jy:dwfz:SB0309:Theme:TH03"
  },
  {
    "relationName": "ThemeHasSectionprimary",
    "label": "包含节 / hasSectionprimary",
    "source": "urn:jy:dwfz:SB0309:Theme:TH03",
    "target": "urn:jy:dwfz:SB0309:OB0201:Sectionprimary:109"
  },
  {
    "relationName": "SectionprimaryBelongsToTheme",
    "label": "属于主题 / belongsToTheme",
    "source": "urn:jy:dwfz:SB0309:OB0201:Sectionprimary:110",
    "target": "urn:jy:dwfz:SB0309:Theme:TH03"
  },
  {
    "relationName": "ThemeHasSectionprimary",
    "label": "包含节 / hasSectionprimary",
    "source": "urn:jy:dwfz:SB0309:Theme:TH03",
    "target": "urn:jy:dwfz:SB0309:OB0201:Sectionprimary:110"
  },
  {
    "relationName": "SectionprimaryBelongsToTheme",
    "label": "属于主题 / belongsToTheme",
    "source": "urn:jy:dwfz:SB0309:OB0201:Sectionprimary:111",
    "target": "urn:jy:dwfz:SB0309:Theme:TH03"
  },
  {
    "relationName": "ThemeHasSectionprimary",
    "label": "包含节 / hasSectionprimary",
    "source": "urn:jy:dwfz:SB0309:Theme:TH03",
    "target": "urn:jy:dwfz:SB0309:OB0201:Sectionprimary:111"
  },
  {
    "relationName": "SectionprimaryBelongsToTheme",
    "label": "属于主题 / belongsToTheme",
    "source": "urn:jy:dwfz:SB0309:OB0201:Sectionprimary:112",
    "target": "urn:jy:dwfz:SB0309:Theme:TH03"
  },
  {
    "relationName": "ThemeHasSectionprimary",
    "label": "包含节 / hasSectionprimary",
    "source": "urn:jy:dwfz:SB0309:Theme:TH03",
    "target": "urn:jy:dwfz:SB0309:OB0201:Sectionprimary:112"
  },
  {
    "relationName": "SectionprimaryBelongsToTheme",
    "label": "属于主题 / belongsToTheme",
    "source": "urn:jy:dwfz:SB0309:OB0201:Sectionprimary:113",
    "target": "urn:jy:dwfz:SB0309:Theme:TH03"
  },
  {
    "relationName": "ThemeHasSectionprimary",
    "label": "包含节 / hasSectionprimary",
    "source": "urn:jy:dwfz:SB0309:Theme:TH03",
    "target": "urn:jy:dwfz:SB0309:OB0201:Sectionprimary:113"
  },
  {
    "relationName": "SectionprimaryBelongsToTheme",
    "label": "属于主题 / belongsToTheme",
    "source": "urn:jy:dwfz:SB0309:OB0201:Sectionprimary:114",
    "target": "urn:jy:dwfz:SB0309:Theme:TH03"
  },
  {
    "relationName": "ThemeHasSectionprimary",
    "label": "包含节 / hasSectionprimary",
    "source": "urn:jy:dwfz:SB0309:Theme:TH03",
    "target": "urn:jy:dwfz:SB0309:OB0201:Sectionprimary:114"
  },
  {
    "relationName": "SectionprimaryBelongsToTheme",
    "label": "属于主题 / belongsToTheme",
    "source": "urn:jy:dwfz:SB0309:OB0201:Sectionprimary:115",
    "target": "urn:jy:dwfz:SB0309:Theme:TH04"
  },
  {
    "relationName": "ThemeHasSectionprimary",
    "label": "包含节 / hasSectionprimary",
    "source": "urn:jy:dwfz:SB0309:Theme:TH04",
    "target": "urn:jy:dwfz:SB0309:OB0201:Sectionprimary:115"
  },
  {
    "relationName": "SectionprimaryBelongsToTheme",
    "label": "属于主题 / belongsToTheme",
    "source": "urn:jy:dwfz:SB0309:OB0201:Sectionprimary:116",
    "target": "urn:jy:dwfz:SB0309:Theme:TH04"
  },
  {
    "relationName": "ThemeHasSectionprimary",
    "label": "包含节 / hasSectionprimary",
    "source": "urn:jy:dwfz:SB0309:Theme:TH04",
    "target": "urn:jy:dwfz:SB0309:OB0201:Sectionprimary:116"
  },
  {
    "relationName": "SectionprimaryBelongsToTheme",
    "label": "属于主题 / belongsToTheme",
    "source": "urn:jy:dwfz:SB0309:OB0201:Sectionprimary:117",
    "target": "urn:jy:dwfz:SB0309:Theme:TH04"
  },
  {
    "relationName": "ThemeHasSectionprimary",
    "label": "包含节 / hasSectionprimary",
    "source": "urn:jy:dwfz:SB0309:Theme:TH04",
    "target": "urn:jy:dwfz:SB0309:OB0201:Sectionprimary:117"
  },
  {
    "relationName": "SectionprimaryBelongsToTheme",
    "label": "属于主题 / belongsToTheme",
    "source": "urn:jy:dwfz:SB0309:OB0201:Sectionprimary:118",
    "target": "urn:jy:dwfz:SB0309:Theme:TH04"
  },
  {
    "relationName": "ThemeHasSectionprimary",
    "label": "包含节 / hasSectionprimary",
    "source": "urn:jy:dwfz:SB0309:Theme:TH04",
    "target": "urn:jy:dwfz:SB0309:OB0201:Sectionprimary:118"
  },
  {
    "relationName": "SectionprimaryBelongsToTheme",
    "label": "属于主题 / belongsToTheme",
    "source": "urn:jy:dwfz:SB0309:OB0201:Sectionprimary:119",
    "target": "urn:jy:dwfz:SB0309:Theme:TH04"
  },
  {
    "relationName": "ThemeHasSectionprimary",
    "label": "包含节 / hasSectionprimary",
    "source": "urn:jy:dwfz:SB0309:Theme:TH04",
    "target": "urn:jy:dwfz:SB0309:OB0201:Sectionprimary:119"
  },
  {
    "relationName": "SectionprimaryBelongsToTheme",
    "label": "属于主题 / belongsToTheme",
    "source": "urn:jy:dwfz:SB0309:OB0201:Sectionprimary:120",
    "target": "urn:jy:dwfz:SB0309:Theme:TH17"
  },
  {
    "relationName": "ThemeHasSectionprimary",
    "label": "包含节 / hasSectionprimary",
    "source": "urn:jy:dwfz:SB0309:Theme:TH17",
    "target": "urn:jy:dwfz:SB0309:OB0201:Sectionprimary:120"
  },
  {
    "relationName": "SectionprimaryBelongsToTheme",
    "label": "属于主题 / belongsToTheme",
    "source": "urn:jy:dwfz:SB0309:OB0201:Sectionprimary:121",
    "target": "urn:jy:dwfz:SB0309:Theme:TH17"
  },
  {
    "relationName": "ThemeHasSectionprimary",
    "label": "包含节 / hasSectionprimary",
    "source": "urn:jy:dwfz:SB0309:Theme:TH17",
    "target": "urn:jy:dwfz:SB0309:OB0201:Sectionprimary:121"
  },
  {
    "relationName": "SectionprimaryBelongsToTheme",
    "label": "属于主题 / belongsToTheme",
    "source": "urn:jy:dwfz:SB0309:OB0201:Sectionprimary:122",
    "target": "urn:jy:dwfz:SB0309:Theme:TH17"
  },
  {
    "relationName": "ThemeHasSectionprimary",
    "label": "包含节 / hasSectionprimary",
    "source": "urn:jy:dwfz:SB0309:Theme:TH17",
    "target": "urn:jy:dwfz:SB0309:OB0201:Sectionprimary:122"
  },
  {
    "relationName": "SectionprimaryBelongsToTheme",
    "label": "属于主题 / belongsToTheme",
    "source": "urn:jy:dwfz:SB0309:OB0201:Sectionprimary:123",
    "target": "urn:jy:dwfz:SB0309:Theme:TH15"
  },
  {
    "relationName": "ThemeHasSectionprimary",
    "label": "包含节 / hasSectionprimary",
    "source": "urn:jy:dwfz:SB0309:Theme:TH15",
    "target": "urn:jy:dwfz:SB0309:OB0201:Sectionprimary:123"
  },
  {
    "relationName": "SectionprimaryBelongsToTheme",
    "label": "属于主题 / belongsToTheme",
    "source": "urn:jy:dwfz:SB0309:OB0201:Sectionprimary:124",
    "target": "urn:jy:dwfz:SB0309:Theme:TH04"
  },
  {
    "relationName": "ThemeHasSectionprimary",
    "label": "包含节 / hasSectionprimary",
    "source": "urn:jy:dwfz:SB0309:Theme:TH04",
    "target": "urn:jy:dwfz:SB0309:OB0201:Sectionprimary:124"
  },
  {
    "relationName": "SectionprimaryBelongsToTheme",
    "label": "属于主题 / belongsToTheme",
    "source": "urn:jy:dwfz:SB0309:OB0201:Sectionprimary:125",
    "target": "urn:jy:dwfz:SB0309:Theme:TH04"
  },
  {
    "relationName": "ThemeHasSectionprimary",
    "label": "包含节 / hasSectionprimary",
    "source": "urn:jy:dwfz:SB0309:Theme:TH04",
    "target": "urn:jy:dwfz:SB0309:OB0201:Sectionprimary:125"
  },
  {
    "relationName": "SectionprimaryBelongsToTheme",
    "label": "属于主题 / belongsToTheme",
    "source": "urn:jy:dwfz:SB0309:OB0201:Sectionprimary:126",
    "target": "urn:jy:dwfz:SB0309:Theme:TH04"
  },
  {
    "relationName": "ThemeHasSectionprimary",
    "label": "包含节 / hasSectionprimary",
    "source": "urn:jy:dwfz:SB0309:Theme:TH04",
    "target": "urn:jy:dwfz:SB0309:OB0201:Sectionprimary:126"
  },
  {
    "relationName": "SectionprimaryBelongsToTheme",
    "label": "属于主题 / belongsToTheme",
    "source": "urn:jy:dwfz:SB0309:OB0201:Sectionprimary:127",
    "target": "urn:jy:dwfz:SB0309:Theme:TH04"
  },
  {
    "relationName": "ThemeHasSectionprimary",
    "label": "包含节 / hasSectionprimary",
    "source": "urn:jy:dwfz:SB0309:Theme:TH04",
    "target": "urn:jy:dwfz:SB0309:OB0201:Sectionprimary:127"
  },
  {
    "relationName": "SectionprimaryBelongsToTheme",
    "label": "属于主题 / belongsToTheme",
    "source": "urn:jy:dwfz:SB0309:OB0201:Sectionprimary:128",
    "target": "urn:jy:dwfz:SB0309:Theme:TH04"
  },
  {
    "relationName": "ThemeHasSectionprimary",
    "label": "包含节 / hasSectionprimary",
    "source": "urn:jy:dwfz:SB0309:Theme:TH04",
    "target": "urn:jy:dwfz:SB0309:OB0201:Sectionprimary:128"
  },
  {
    "relationName": "SectionprimaryBelongsToTheme",
    "label": "属于主题 / belongsToTheme",
    "source": "urn:jy:dwfz:SB0309:OB0201:Sectionprimary:129",
    "target": "urn:jy:dwfz:SB0309:Theme:TH04"
  },
  {
    "relationName": "ThemeHasSectionprimary",
    "label": "包含节 / hasSectionprimary",
    "source": "urn:jy:dwfz:SB0309:Theme:TH04",
    "target": "urn:jy:dwfz:SB0309:OB0201:Sectionprimary:129"
  },
  {
    "relationName": "SectionprimaryBelongsToTheme",
    "label": "属于主题 / belongsToTheme",
    "source": "urn:jy:dwfz:SB0309:OB0201:Sectionprimary:130",
    "target": "urn:jy:dwfz:SB0309:Theme:TH04"
  },
  {
    "relationName": "ThemeHasSectionprimary",
    "label": "包含节 / hasSectionprimary",
    "source": "urn:jy:dwfz:SB0309:Theme:TH04",
    "target": "urn:jy:dwfz:SB0309:OB0201:Sectionprimary:130"
  },
  {
    "relationName": "SectionprimaryBelongsToTheme",
    "label": "属于主题 / belongsToTheme",
    "source": "urn:jy:dwfz:SB0309:OB0201:Sectionprimary:131",
    "target": "urn:jy:dwfz:SB0309:Theme:TH04"
  },
  {
    "relationName": "ThemeHasSectionprimary",
    "label": "包含节 / hasSectionprimary",
    "source": "urn:jy:dwfz:SB0309:Theme:TH04",
    "target": "urn:jy:dwfz:SB0309:OB0201:Sectionprimary:131"
  },
  {
    "relationName": "SectionprimaryBelongsToTheme",
    "label": "属于主题 / belongsToTheme",
    "source": "urn:jy:dwfz:SB0309:OB0201:Sectionprimary:132",
    "target": "urn:jy:dwfz:SB0309:Theme:TH17"
  },
  {
    "relationName": "ThemeHasSectionprimary",
    "label": "包含节 / hasSectionprimary",
    "source": "urn:jy:dwfz:SB0309:Theme:TH17",
    "target": "urn:jy:dwfz:SB0309:OB0201:Sectionprimary:132"
  },
  {
    "relationName": "SectionprimaryBelongsToTheme",
    "label": "属于主题 / belongsToTheme",
    "source": "urn:jy:dwfz:SB0309:OB0201:Sectionprimary:133",
    "target": "urn:jy:dwfz:SB0309:Theme:TH17"
  },
  {
    "relationName": "ThemeHasSectionprimary",
    "label": "包含节 / hasSectionprimary",
    "source": "urn:jy:dwfz:SB0309:Theme:TH17",
    "target": "urn:jy:dwfz:SB0309:OB0201:Sectionprimary:133"
  },
  {
    "relationName": "SectionprimaryBelongsToTheme",
    "label": "属于主题 / belongsToTheme",
    "source": "urn:jy:dwfz:SB0309:OB0201:Sectionprimary:134",
    "target": "urn:jy:dwfz:SB0309:Theme:TH15"
  },
  {
    "relationName": "ThemeHasSectionprimary",
    "label": "包含节 / hasSectionprimary",
    "source": "urn:jy:dwfz:SB0309:Theme:TH15",
    "target": "urn:jy:dwfz:SB0309:OB0201:Sectionprimary:134"
  },
  {
    "relationName": "SectionprimaryBelongsToTheme",
    "label": "属于主题 / belongsToTheme",
    "source": "urn:jy:dwfz:SB0309:OB0201:Sectionprimary:135",
    "target": "urn:jy:dwfz:SB0309:Theme:TH17"
  },
  {
    "relationName": "ThemeHasSectionprimary",
    "label": "包含节 / hasSectionprimary",
    "source": "urn:jy:dwfz:SB0309:Theme:TH17",
    "target": "urn:jy:dwfz:SB0309:OB0201:Sectionprimary:135"
  },
  {
    "relationName": "SectionprimaryBelongsToTheme",
    "label": "属于主题 / belongsToTheme",
    "source": "urn:jy:dwfz:SB0309:OB0201:Sectionprimary:136",
    "target": "urn:jy:dwfz:SB0309:Theme:TH04"
  },
  {
    "relationName": "ThemeHasSectionprimary",
    "label": "包含节 / hasSectionprimary",
    "source": "urn:jy:dwfz:SB0309:Theme:TH04",
    "target": "urn:jy:dwfz:SB0309:OB0201:Sectionprimary:136"
  },
  {
    "relationName": "SectionprimaryBelongsToTheme",
    "label": "属于主题 / belongsToTheme",
    "source": "urn:jy:dwfz:SB0309:OB0201:Sectionprimary:137",
    "target": "urn:jy:dwfz:SB0309:Theme:TH11"
  },
  {
    "relationName": "ThemeHasSectionprimary",
    "label": "包含节 / hasSectionprimary",
    "source": "urn:jy:dwfz:SB0309:Theme:TH11",
    "target": "urn:jy:dwfz:SB0309:OB0201:Sectionprimary:137"
  },
  {
    "relationName": "SectionprimaryBelongsToTheme",
    "label": "属于主题 / belongsToTheme",
    "source": "urn:jy:dwfz:SB0309:OB0201:Sectionprimary:138",
    "target": "urn:jy:dwfz:SB0309:Theme:TH11"
  },
  {
    "relationName": "ThemeHasSectionprimary",
    "label": "包含节 / hasSectionprimary",
    "source": "urn:jy:dwfz:SB0309:Theme:TH11",
    "target": "urn:jy:dwfz:SB0309:OB0201:Sectionprimary:138"
  },
  {
    "relationName": "SectionprimaryBelongsToTheme",
    "label": "属于主题 / belongsToTheme",
    "source": "urn:jy:dwfz:SB0309:OB0201:Sectionprimary:139",
    "target": "urn:jy:dwfz:SB0309:Theme:TH04"
  },
  {
    "relationName": "ThemeHasSectionprimary",
    "label": "包含节 / hasSectionprimary",
    "source": "urn:jy:dwfz:SB0309:Theme:TH04",
    "target": "urn:jy:dwfz:SB0309:OB0201:Sectionprimary:139"
  },
  {
    "relationName": "SectionprimaryBelongsToTheme",
    "label": "属于主题 / belongsToTheme",
    "source": "urn:jy:dwfz:SB0309:OB0201:Sectionprimary:140",
    "target": "urn:jy:dwfz:SB0309:Theme:TH11"
  },
  {
    "relationName": "ThemeHasSectionprimary",
    "label": "包含节 / hasSectionprimary",
    "source": "urn:jy:dwfz:SB0309:Theme:TH11",
    "target": "urn:jy:dwfz:SB0309:OB0201:Sectionprimary:140"
  },
  {
    "relationName": "SectionprimaryBelongsToTheme",
    "label": "属于主题 / belongsToTheme",
    "source": "urn:jy:dwfz:SB0309:OB0201:Sectionprimary:141",
    "target": "urn:jy:dwfz:SB0309:Theme:TH04"
  },
  {
    "relationName": "ThemeHasSectionprimary",
    "label": "包含节 / hasSectionprimary",
    "source": "urn:jy:dwfz:SB0309:Theme:TH04",
    "target": "urn:jy:dwfz:SB0309:OB0201:Sectionprimary:141"
  },
  {
    "relationName": "SectionprimaryBelongsToTheme",
    "label": "属于主题 / belongsToTheme",
    "source": "urn:jy:dwfz:SB0309:OB0201:Sectionprimary:142",
    "target": "urn:jy:dwfz:SB0309:Theme:TH04"
  },
  {
    "relationName": "ThemeHasSectionprimary",
    "label": "包含节 / hasSectionprimary",
    "source": "urn:jy:dwfz:SB0309:Theme:TH04",
    "target": "urn:jy:dwfz:SB0309:OB0201:Sectionprimary:142"
  },
  {
    "relationName": "SectionprimaryBelongsToTheme",
    "label": "属于主题 / belongsToTheme",
    "source": "urn:jy:dwfz:SB0309:OB0201:Sectionprimary:143",
    "target": "urn:jy:dwfz:SB0309:Theme:TH04"
  },
  {
    "relationName": "ThemeHasSectionprimary",
    "label": "包含节 / hasSectionprimary",
    "source": "urn:jy:dwfz:SB0309:Theme:TH04",
    "target": "urn:jy:dwfz:SB0309:OB0201:Sectionprimary:143"
  },
  {
    "relationName": "SectionprimaryBelongsToTheme",
    "label": "属于主题 / belongsToTheme",
    "source": "urn:jy:dwfz:SB0309:OB0201:Sectionprimary:144",
    "target": "urn:jy:dwfz:SB0309:Theme:TH07"
  },
  {
    "relationName": "ThemeHasSectionprimary",
    "label": "包含节 / hasSectionprimary",
    "source": "urn:jy:dwfz:SB0309:Theme:TH07",
    "target": "urn:jy:dwfz:SB0309:OB0201:Sectionprimary:144"
  },
  {
    "relationName": "SectionprimaryBelongsToTheme",
    "label": "属于主题 / belongsToTheme",
    "source": "urn:jy:dwfz:SB0309:OB0201:Sectionprimary:145",
    "target": "urn:jy:dwfz:SB0309:Theme:TH07"
  },
  {
    "relationName": "ThemeHasSectionprimary",
    "label": "包含节 / hasSectionprimary",
    "source": "urn:jy:dwfz:SB0309:Theme:TH07",
    "target": "urn:jy:dwfz:SB0309:OB0201:Sectionprimary:145"
  },
  {
    "relationName": "SectionprimaryBelongsToTheme",
    "label": "属于主题 / belongsToTheme",
    "source": "urn:jy:dwfz:SB0309:OB0201:Sectionprimary:146",
    "target": "urn:jy:dwfz:SB0309:Theme:TH07"
  },
  {
    "relationName": "ThemeHasSectionprimary",
    "label": "包含节 / hasSectionprimary",
    "source": "urn:jy:dwfz:SB0309:Theme:TH07",
    "target": "urn:jy:dwfz:SB0309:OB0201:Sectionprimary:146"
  },
  {
    "relationName": "SectionprimaryBelongsToTheme",
    "label": "属于主题 / belongsToTheme",
    "source": "urn:jy:dwfz:SB0309:OB0201:Sectionprimary:147",
    "target": "urn:jy:dwfz:SB0309:Theme:TH07"
  },
  {
    "relationName": "ThemeHasSectionprimary",
    "label": "包含节 / hasSectionprimary",
    "source": "urn:jy:dwfz:SB0309:Theme:TH07",
    "target": "urn:jy:dwfz:SB0309:OB0201:Sectionprimary:147"
  },
  {
    "relationName": "SectionprimaryBelongsToTheme",
    "label": "属于主题 / belongsToTheme",
    "source": "urn:jy:dwfz:SB0309:OB0201:Sectionprimary:148",
    "target": "urn:jy:dwfz:SB0309:Theme:TH07"
  },
  {
    "relationName": "ThemeHasSectionprimary",
    "label": "包含节 / hasSectionprimary",
    "source": "urn:jy:dwfz:SB0309:Theme:TH07",
    "target": "urn:jy:dwfz:SB0309:OB0201:Sectionprimary:148"
  },
  {
    "relationName": "SectionprimaryBelongsToTheme",
    "label": "属于主题 / belongsToTheme",
    "source": "urn:jy:dwfz:SB0309:OB0201:Sectionprimary:149",
    "target": "urn:jy:dwfz:SB0309:Theme:TH17"
  },
  {
    "relationName": "ThemeHasSectionprimary",
    "label": "包含节 / hasSectionprimary",
    "source": "urn:jy:dwfz:SB0309:Theme:TH17",
    "target": "urn:jy:dwfz:SB0309:OB0201:Sectionprimary:149"
  },
  {
    "relationName": "SectionprimaryBelongsToTheme",
    "label": "属于主题 / belongsToTheme",
    "source": "urn:jy:dwfz:SB0309:OB0201:Sectionprimary:150",
    "target": "urn:jy:dwfz:SB0309:Theme:TH04"
  },
  {
    "relationName": "ThemeHasSectionprimary",
    "label": "包含节 / hasSectionprimary",
    "source": "urn:jy:dwfz:SB0309:Theme:TH04",
    "target": "urn:jy:dwfz:SB0309:OB0201:Sectionprimary:150"
  },
  {
    "relationName": "SectionprimaryBelongsToTheme",
    "label": "属于主题 / belongsToTheme",
    "source": "urn:jy:dwfz:SB0309:OB0201:Sectionprimary:151",
    "target": "urn:jy:dwfz:SB0309:Theme:TH15"
  },
  {
    "relationName": "ThemeHasSectionprimary",
    "label": "包含节 / hasSectionprimary",
    "source": "urn:jy:dwfz:SB0309:Theme:TH15",
    "target": "urn:jy:dwfz:SB0309:OB0201:Sectionprimary:151"
  },
  {
    "relationName": "SectionprimaryBelongsToTheme",
    "label": "属于主题 / belongsToTheme",
    "source": "urn:jy:dwfz:SB0309:OB0201:Sectionprimary:152",
    "target": "urn:jy:dwfz:SB0309:Theme:TH04"
  },
  {
    "relationName": "ThemeHasSectionprimary",
    "label": "包含节 / hasSectionprimary",
    "source": "urn:jy:dwfz:SB0309:Theme:TH04",
    "target": "urn:jy:dwfz:SB0309:OB0201:Sectionprimary:152"
  },
  {
    "relationName": "SectionprimaryBelongsToTheme",
    "label": "属于主题 / belongsToTheme",
    "source": "urn:jy:dwfz:SB0309:OB0201:Sectionprimary:153",
    "target": "urn:jy:dwfz:SB0309:Theme:TH17"
  },
  {
    "relationName": "ThemeHasSectionprimary",
    "label": "包含节 / hasSectionprimary",
    "source": "urn:jy:dwfz:SB0309:Theme:TH17",
    "target": "urn:jy:dwfz:SB0309:OB0201:Sectionprimary:153"
  },
  {
    "relationName": "SectionprimaryBelongsToTheme",
    "label": "属于主题 / belongsToTheme",
    "source": "urn:jy:dwfz:SB0309:OB0201:Sectionprimary:154",
    "target": "urn:jy:dwfz:SB0309:Theme:TH17"
  },
  {
    "relationName": "ThemeHasSectionprimary",
    "label": "包含节 / hasSectionprimary",
    "source": "urn:jy:dwfz:SB0309:Theme:TH17",
    "target": "urn:jy:dwfz:SB0309:OB0201:Sectionprimary:154"
  },
  {
    "relationName": "SectionprimaryBelongsToTheme",
    "label": "属于主题 / belongsToTheme",
    "source": "urn:jy:dwfz:SB0309:OB0201:Sectionprimary:155",
    "target": "urn:jy:dwfz:SB0309:Theme:TH17"
  },
  {
    "relationName": "ThemeHasSectionprimary",
    "label": "包含节 / hasSectionprimary",
    "source": "urn:jy:dwfz:SB0309:Theme:TH17",
    "target": "urn:jy:dwfz:SB0309:OB0201:Sectionprimary:155"
  }
]