[
  {
    "relationName": "SubsectionBelongsToTheme",
    "label": "属于主题 / belongsToTheme",
    "source": "urn:jy:dwfz:SB0309:OB0301:subsection:01",
    "target": "urn:jy:dwfz:SB0309:Theme:TH08"
  },
  {
    "relationName": "ThemeHasSubsection",
    "label": "包含小节 / hasSubsection",
    "source": "urn:jy:dwfz:SB0309:Theme:TH08",
    "target": "urn:jy:dwfz:SB0309:OB0301:subsection:01"
  },
  {
    "relationName": "SubsectionBelongsToTheme",
    "label": "属于主题 / belongsToTheme",
    "source": "urn:jy:dwfz:SB0309:OB0301:subsection:02",
    "target": "urn:jy:dwfz:SB0309:Theme:TH08"
  },
  {
    "relationName": "ThemeHasSubsection",
    "label": "包含小节 / hasSubsection",
    "source": "urn:jy:dwfz:SB0309:Theme:TH08",
    "target": "urn:jy:dwfz:SB0309:OB0301:subsection:02"
  },
  {
    "relationName": "SubsectionBelongsToTheme",
    "label": "属于主题 / belongsToTheme",
    "source": "urn:jy:dwfz:SB0309:OB0301:subsection:03",
    "target": "urn:jy:dwfz:SB0309:Theme:TH08"
  },
  {
    "relationName": "ThemeHasSubsection",
    "label": "包含小节 / hasSubsection",
    "source": "urn:jy:dwfz:SB0309:Theme:TH08",
    "target": "urn:jy:dwfz:SB0309:OB0301:subsection:03"
  },
  {
    "relationName": "SubsectionBelongsToTheme",
    "label": "属于主题 / belongsToTheme",
    "source": "urn:jy:dwfz:SB0309:OB0301:subsection:04",
    "target": "urn:jy:dwfz:SB0309:Theme:TH08"
  },
  {
    "relationName": "ThemeHasSubsection",
    "label": "包含小节 / hasSubsection",
    "source": "urn:jy:dwfz:SB0309:Theme:TH08",
    "target": "urn:jy:dwfz:SB0309:OB0301:subsection:04"
  },
  {
    "relationName": "SubsectionBelongsToTheme",
    "label": "属于主题 / belongsToTheme",
    "source": "urn:jy:dwfz:SB0309:OB0301:subsection:05",
    "target": "urn:jy:dwfz:SB0309:Theme:TH08"
  },
  {
    "relationName": "ThemeHasSubsection",
    "label": "包含小节 / hasSubsection",
    "source": "urn:jy:dwfz:SB0309:Theme:TH08",
    "target": "urn:jy:dwfz:SB0309:OB0301:subsection:05"
  },
  {
    "relationName": "SubsectionBelongsToTheme",
    "label": "属于主题 / belongsToTheme",
    "source": "urn:jy:dwfz:SB0309:OB0301:subsection:06",
    "target": "urn:jy:dwfz:SB0309:Theme:TH08"
  },
  {
    "relationName": "ThemeHasSubsection",
    "label": "包含小节 / hasSubsection",
    "source": "urn:jy:dwfz:SB0309:Theme:TH08",
    "target": "urn:jy:dwfz:SB0309:OB0301:subsection:06"
  },
  {
    "relationName": "SubsectionBelongsToTheme",
    "label": "属于主题 / belongsToTheme",
    "source": "urn:jy:dwfz:SB0309:OB0301:subsection:07",
    "target": "urn:jy:dwfz:SB0309:Theme:TH08"
  },
  {
    "relationName": "ThemeHasSubsection",
    "label": "包含小节 / hasSubsection",
    "source": "urn:jy:dwfz:SB0309:Theme:TH08",
    "target": "urn:jy:dwfz:SB0309:OB0301:subsection:07"
  },
  {
    "relationName": "SubsectionBelongsToTheme",
    "label": "属于主题 / belongsToTheme",
    "source": "urn:jy:dwfz:SB0309:OB0301:subsection:08",
    "target": "urn:jy:dwfz:SB0309:Theme:TH08"
  },
  {
    "relationName": "ThemeHasSubsection",
    "label": "包含小节 / hasSubsection",
    "source": "urn:jy:dwfz:SB0309:Theme:TH08",
    "target": "urn:jy:dwfz:SB0309:OB0301:subsection:08"
  },
  {
    "relationName": "SubsectionBelongsToTheme",
    "label": "属于主题 / belongsToTheme",
    "source": "urn:jy:dwfz:SB0309:OB0301:subsection:09",
    "target": "urn:jy:dwfz:SB0309:Theme:TH08"
  },
  {
    "relationName": "ThemeHasSubsection",
    "label": "包含小节 / hasSubsection",
    "source": "urn:jy:dwfz:SB0309:Theme:TH08",
    "target": "urn:jy:dwfz:SB0309:OB0301:subsection:09"
  },
  {
    "relationName": "SubsectionBelongsToTheme",
    "label": "属于主题 / belongsToTheme",
    "source": "urn:jy:dwfz:SB0309:OB0301:subsection:10",
    "target": "urn:jy:dwfz:SB0309:Theme:TH08"
  },
  {
    "relationName": "ThemeHasSubsection",
    "label": "包含小节 / hasSubsection",
    "source": "urn:jy:dwfz:SB0309:Theme:TH08",
    "target": "urn:jy:dwfz:SB0309:OB0301:subsection:10"
  },
  {
    "relationName": "SubsectionBelongsToTheme",
    "label": "属于主题 / belongsToTheme",
    "source": "urn:jy:dwfz:SB0309:OB0301:subsection:11",
    "target": "urn:jy:dwfz:SB0309:Theme:TH08"
  },
  {
    "relationName": "ThemeHasSubsection",
    "label": "包含小节 / hasSubsection",
    "source": "urn:jy:dwfz:SB0309:Theme:TH08",
    "target": "urn:jy:dwfz:SB0309:OB0301:subsection:11"
  },
  {
    "relationName": "SubsectionBelongsToTheme",
    "label": "属于主题 / belongsToTheme",
    "source": "urn:jy:dwfz:SB0309:OB0301:subsection:12",
    "target": "urn:jy:dwfz:SB0309:Theme:TH08"
  },
  {
    "relationName": "ThemeHasSubsection",
    "label": "包含小节 / hasSubsection",
    "source": "urn:jy:dwfz:SB0309:Theme:TH08",
    "target": "urn:jy:dwfz:SB0309:OB0301:subsection:12"
  },
  {
    "relationName": "SubsectionBelongsToTheme",
    "label": "属于主题 / belongsToTheme",
    "source": "urn:jy:dwfz:SB0309:OB0301:subsection:13",
    "target": "urn:jy:dwfz:SB0309:Theme:TH08"
  },
  {
    "relationName": "ThemeHasSubsection",
    "label": "包含小节 / hasSubsection",
    "source": "urn:jy:dwfz:SB0309:Theme:TH08",
    "target": "urn:jy:dwfz:SB0309:OB0301:subsection:13"
  },
  {
    "relationName": "SubsectionBelongsToTheme",
    "label": "属于主题 / belongsToTheme",
    "source": "urn:jy:dwfz:SB0309:OB0301:subsection:14",
    "target": "urn:jy:dwfz:SB0309:Theme:TH08"
  },
  {
    "relationName": "ThemeHasSubsection",
    "label": "包含小节 / hasSubsection",
    "source": "urn:jy:dwfz:SB0309:Theme:TH08",
    "target": "urn:jy:dwfz:SB0309:OB0301:subsection:14"
  },
  {
    "relationName": "SubsectionBelongsToTheme",
    "label": "属于主题 / belongsToTheme",
    "source": "urn:jy:dwfz:SB0309:OB0301:subsection:15",
    "target": "urn:jy:dwfz:SB0309:Theme:TH08"
  },
  {
    "relationName": "ThemeHasSubsection",
    "label": "包含小节 / hasSubsection",
    "source": "urn:jy:dwfz:SB0309:Theme:TH08",
    "target": "urn:jy:dwfz:SB0309:OB0301:subsection:15"
  },
  {
    "relationName": "SubsectionBelongsToTheme",
    "label": "属于主题 / belongsToTheme",
    "source": "urn:jy:dwfz:SB0309:OB0301:subsection:16",
    "target": "urn:jy:dwfz:SB0309:Theme:TH08"
  },
  {
    "relationName": "ThemeHasSubsection",
    "label": "包含小节 / hasSubsection",
    "source": "urn:jy:dwfz:SB0309:Theme:TH08",
    "target": "urn:jy:dwfz:SB0309:OB0301:subsection:16"
  },
  {
    "relationName": "SubsectionBelongsToTheme",
    "label": "属于主题 / belongsToTheme",
    "source": "urn:jy:dwfz:SB0309:OB0301:subsection:17",
    "target": "urn:jy:dwfz:SB0309:Theme:TH08"
  },
  {
    "relationName": "ThemeHasSubsection",
    "label": "包含小节 / hasSubsection",
    "source": "urn:jy:dwfz:SB0309:Theme:TH08",
    "target": "urn:jy:dwfz:SB0309:OB0301:subsection:17"
  },
  {
    "relationName": "SubsectionBelongsToTheme",
    "label": "属于主题 / belongsToTheme",
    "source": "urn:jy:dwfz:SB0309:OB0301:subsection:18",
    "target": "urn:jy:dwfz:SB0309:Theme:TH08"
  },
  {
    "relationName": "ThemeHasSubsection",
    "label": "包含小节 / hasSubsection",
    "source": "urn:jy:dwfz:SB0309:Theme:TH08",
    "target": "urn:jy:dwfz:SB0309:OB0301:subsection:18"
  },
  {
    "relationName": "SubsectionBelongsToTheme",
    "label": "属于主题 / belongsToTheme",
    "source": "urn:jy:dwfz:SB0309:OB0301:subsection:19",
    "target": "urn:jy:dwfz:SB0309:Theme:TH08"
  },
  {
    "relationName": "ThemeHasSubsection",
    "label": "包含小节 / hasSubsection",
    "source": "urn:jy:dwfz:SB0309:Theme:TH08",
    "target": "urn:jy:dwfz:SB0309:OB0301:subsection:19"
  },
  {
    "relationName": "SubsectionBelongsToTheme",
    "label": "属于主题 / belongsToTheme",
    "source": "urn:jy:dwfz:SB0309:OB0301:subsection:20",
    "target": "urn:jy:dwfz:SB0309:Theme:TH08"
  },
  {
    "relationName": "ThemeHasSubsection",
    "label": "包含小节 / hasSubsection",
    "source": "urn:jy:dwfz:SB0309:Theme:TH08",
    "target": "urn:jy:dwfz:SB0309:OB0301:subsection:20"
  },
  {
    "relationName": "SubsectionBelongsToTheme",
    "label": "属于主题 / belongsToTheme",
    "source": "urn:jy:dwfz:SB0309:OB0301:subsection:21",
    "target": "urn:jy:dwfz:SB0309:Theme:TH08"
  },
  {
    "relationName": "ThemeHasSubsection",
    "label": "包含小节 / hasSubsection",
    "source": "urn:jy:dwfz:SB0309:Theme:TH08",
    "target": "urn:jy:dwfz:SB0309:OB0301:subsection:21"
  },
  {
    "relationName": "SubsectionBelongsToTheme",
    "label": "属于主题 / belongsToTheme",
    "source": "urn:jy:dwfz:SB0309:OB0301:subsection:22",
    "target": "urn:jy:dwfz:SB0309:Theme:TH08"
  },
  {
    "relationName": "ThemeHasSubsection",
    "label": "包含小节 / hasSubsection",
    "source": "urn:jy:dwfz:SB0309:Theme:TH08",
    "target": "urn:jy:dwfz:SB0309:OB0301:subsection:22"
  },
  {
    "relationName": "SubsectionBelongsToTheme",
    "label": "属于主题 / belongsToTheme",
    "source": "urn:jy:dwfz:SB0309:OB0301:subsection:23",
    "target": "urn:jy:dwfz:SB0309:Theme:TH08"
  },
  {
    "relationName": "ThemeHasSubsection",
    "label": "包含小节 / hasSubsection",
    "source": "urn:jy:dwfz:SB0309:Theme:TH08",
    "target": "urn:jy:dwfz:SB0309:OB0301:subsection:23"
  },
  {
    "relationName": "SubsectionBelongsToTheme",
    "label": "属于主题 / belongsToTheme",
    "source": "urn:jy:dwfz:SB0309:OB0301:subsection:24",
    "target": "urn:jy:dwfz:SB0309:Theme:TH08"
  },
  {
    "relationName": "ThemeHasSubsection",
    "label": "包含小节 / hasSubsection",
    "source": "urn:jy:dwfz:SB0309:Theme:TH08",
    "target": "urn:jy:dwfz:SB0309:OB0301:subsection:24"
  },
  {
    "relationName": "SubsectionBelongsToTheme",
    "label": "属于主题 / belongsToTheme",
    "source": "urn:jy:dwfz:SB0309:OB0301:subsection:25",
    "target": "urn:jy:dwfz:SB0309:Theme:TH08"
  },
  {
    "relationName": "ThemeHasSubsection",
    "label": "包含小节 / hasSubsection",
    "source": "urn:jy:dwfz:SB0309:Theme:TH08",
    "target": "urn:jy:dwfz:SB0309:OB0301:subsection:25"
  },
  {
    "relationName": "SubsectionBelongsToTheme",
    "label": "属于主题 / belongsToTheme",
    "source": "urn:jy:dwfz:SB0309:OB0301:subsection:26",
    "target": "urn:jy:dwfz:SB0309:Theme:TH08"
  },
  {
    "relationName": "ThemeHasSubsection",
    "label": "包含小节 / hasSubsection",
    "source": "urn:jy:dwfz:SB0309:Theme:TH08",
    "target": "urn:jy:dwfz:SB0309:OB0301:subsection:26"
  },
  {
    "relationName": "SubsectionBelongsToTheme",
    "label": "属于主题 / belongsToTheme",
    "source": "urn:jy:dwfz:SB0309:OB0301:subsection:27",
    "target": "urn:jy:dwfz:SB0309:Theme:TH08"
  },
  {
    "relationName": "ThemeHasSubsection",
    "label": "包含小节 / hasSubsection",
    "source": "urn:jy:dwfz:SB0309:Theme:TH08",
    "target": "urn:jy:dwfz:SB0309:OB0301:subsection:27"
  },
  {
    "relationName": "SubsectionBelongsToTheme",
    "label": "属于主题 / belongsToTheme",
    "source": "urn:jy:dwfz:SB0309:OB0301:subsection:28",
    "target": "urn:jy:dwfz:SB0309:Theme:TH08"
  },
  {
    "relationName": "ThemeHasSubsection",
    "label": "包含小节 / hasSubsection",
    "source": "urn:jy:dwfz:SB0309:Theme:TH08",
    "target": "urn:jy:dwfz:SB0309:OB0301:subsection:28"
  },
  {
    "relationName": "SubsectionBelongsToTheme",
    "label": "属于主题 / belongsToTheme",
    "source": "urn:jy:dwfz:SB0309:OB0301:subsection:29",
    "target": "urn:jy:dwfz:SB0309:Theme:TH08"
  },
  {
    "relationName": "ThemeHasSubsection",
    "label": "包含小节 / hasSubsection",
    "source": "urn:jy:dwfz:SB0309:Theme:TH08",
    "target": "urn:jy:dwfz:SB0309:OB0301:subsection:29"
  },
  {
    "relationName": "SubsectionBelongsToTheme",
    "label": "属于主题 / belongsToTheme",
    "source": "urn:jy:dwfz:SB0309:OB0301:subsection:30",
    "target": "urn:jy:dwfz:SB0309:Theme:TH08"
  },
  {
    "relationName": "ThemeHasSubsection",
    "label": "包含小节 / hasSubsection",
    "source": "urn:jy:dwfz:SB0309:Theme:TH08",
    "target": "urn:jy:dwfz:SB0309:OB0301:subsection:30"
  },
  {
    "relationName": "SubsectionBelongsToTheme",
    "label": "属于主题 / belongsToTheme",
    "source": "urn:jy:dwfz:SB0309:OB0301:subsection:31",
    "target": "urn:jy:dwfz:SB0309:Theme:TH08"
  },
  {
    "relationName": "ThemeHasSubsection",
    "label": "包含小节 / hasSubsection",
    "source": "urn:jy:dwfz:SB0309:Theme:TH08",
    "target": "urn:jy:dwfz:SB0309:OB0301:subsection:31"
  },
  {
    "relationName": "SubsectionBelongsToTheme",
    "label": "属于主题 / belongsToTheme",
    "source": "urn:jy:dwfz:SB0309:OB0301:subsection:32",
    "target": "urn:jy:dwfz:SB0309:Theme:TH08"
  },
  {
    "relationName": "ThemeHasSubsection",
    "label": "包含小节 / hasSubsection",
    "source": "urn:jy:dwfz:SB0309:Theme:TH08",
    "target": "urn:jy:dwfz:SB0309:OB0301:subsection:32"
  },
  {
    "relationName": "SubsectionBelongsToTheme",
    "label": "属于主题 / belongsToTheme",
    "source": "urn:jy:dwfz:SB0309:OB0301:subsection:33",
    "target": "urn:jy:dwfz:SB0309:Theme:TH08"
  },
  {
    "relationName": "ThemeHasSubsection",
    "label": "包含小节 / hasSubsection",
    "source": "urn:jy:dwfz:SB0309:Theme:TH08",
    "target": "urn:jy:dwfz:SB0309:OB0301:subsection:33"
  },
  {
    "relationName": "SubsectionBelongsToTheme",
    "label": "属于主题 / belongsToTheme",
    "source": "urn:jy:dwfz:SB0309:OB0301:subsection:34",
    "target": "urn:jy:dwfz:SB0309:Theme:TH08"
  },
  {
    "relationName": "ThemeHasSubsection",
    "label": "包含小节 / hasSubsection",
    "source": "urn:jy:dwfz:SB0309:Theme:TH08",
    "target": "urn:jy:dwfz:SB0309:OB0301:subsection:34"
  },
  {
    "relationName": "SubsectionBelongsToTheme",
    "label": "属于主题 / belongsToTheme",
    "source": "urn:jy:dwfz:SB0309:OB0301:subsection:35",
    "target": "urn:jy:dwfz:SB0309:Theme:TH08"
  },
  {
    "relationName": "ThemeHasSubsection",
    "label": "包含小节 / hasSubsection",
    "source": "urn:jy:dwfz:SB0309:Theme:TH08",
    "target": "urn:jy:dwfz:SB0309:OB0301:subsection:35"
  },
  {
    "relationName": "SubsectionBelongsToTheme",
    "label": "属于主题 / belongsToTheme",
    "source": "urn:jy:dwfz:SB0309:OB0301:subsection:36",
    "target": "urn:jy:dwfz:SB0309:Theme:TH08"
  },
  {
    "relationName": "ThemeHasSubsection",
    "label": "包含小节 / hasSubsection",
    "source": "urn:jy:dwfz:SB0309:Theme:TH08",
    "target": "urn:jy:dwfz:SB0309:OB0301:subsection:36"
  },
  {
    "relationName": "SubsectionBelongsToTheme",
    "label": "属于主题 / belongsToTheme",
    "source": "urn:jy:dwfz:SB0309:OB0301:subsection:37",
    "target": "urn:jy:dwfz:SB0309:Theme:TH08"
  },
  {
    "relationName": "ThemeHasSubsection",
    "label": "包含小节 / hasSubsection",
    "source": "urn:jy:dwfz:SB0309:Theme:TH08",
    "target": "urn:jy:dwfz:SB0309:OB0301:subsection:37"
  },
  {
    "relationName": "SubsectionBelongsToTheme",
    "label": "属于主题 / belongsToTheme",
    "source": "urn:jy:dwfz:SB0309:OB0301:subsection:38",
    "target": "urn:jy:dwfz:SB0309:Theme:TH08"
  },
  {
    "relationName": "ThemeHasSubsection",
    "label": "包含小节 / hasSubsection",
    "source": "urn:jy:dwfz:SB0309:Theme:TH08",
    "target": "urn:jy:dwfz:SB0309:OB0301:subsection:38"
  },
  {
    "relationName": "SubsectionBelongsToTheme",
    "label": "属于主题 / belongsToTheme",
    "source": "urn:jy:dwfz:SB0309:OB0301:subsection:39",
    "target": "urn:jy:dwfz:SB0309:Theme:TH19"
  },
  {
    "relationName": "ThemeHasSubsection",
    "label": "包含小节 / hasSubsection",
    "source": "urn:jy:dwfz:SB0309:Theme:TH19",
    "target": "urn:jy:dwfz:SB0309:OB0301:subsection:39"
  },
  {
    "relationName": "SubsectionBelongsToTheme",
    "label": "属于主题 / belongsToTheme",
    "source": "urn:jy:dwfz:SB0309:OB0301:subsection:40",
    "target": "urn:jy:dwfz:SB0309:Theme:TH19"
  },
  {
    "relationName": "ThemeHasSubsection",
    "label": "包含小节 / hasSubsection",
    "source": "urn:jy:dwfz:SB0309:Theme:TH19",
    "target": "urn:jy:dwfz:SB0309:OB0301:subsection:40"
  },
  {
    "relationName": "SubsectionBelongsToTheme",
    "label": "属于主题 / belongsToTheme",
    "source": "urn:jy:dwfz:SB0309:OB0301:subsection:41",
    "target": "urn:jy:dwfz:SB0309:Theme:TH19"
  },
  {
    "relationName": "ThemeHasSubsection",
    "label": "包含小节 / hasSubsection",
    "source": "urn:jy:dwfz:SB0309:Theme:TH19",
    "target": "urn:jy:dwfz:SB0309:OB0301:subsection:41"
  },
  {
    "relationName": "SubsectionBelongsToTheme",
    "label": "属于主题 / belongsToTheme",
    "source": "urn:jy:dwfz:SB0309:OB0301:subsection:42",
    "target": "urn:jy:dwfz:SB0309:Theme:TH19"
  },
  {
    "relationName": "ThemeHasSubsection",
    "label": "包含小节 / hasSubsection",
    "source": "urn:jy:dwfz:SB0309:Theme:TH19",
    "target": "urn:jy:dwfz:SB0309:OB0301:subsection:42"
  },
  {
    "relationName": "SubsectionBelongsToTheme",
    "label": "属于主题 / belongsToTheme",
    "source": "urn:jy:dwfz:SB0309:OB0301:subsection:43",
    "target": "urn:jy:dwfz:SB0309:Theme:TH19"
  },
  {
    "relationName": "ThemeHasSubsection",
    "label": "包含小节 / hasSubsection",
    "source": "urn:jy:dwfz:SB0309:Theme:TH19",
    "target": "urn:jy:dwfz:SB0309:OB0301:subsection:43"
  },
  {
    "relationName": "SubsectionBelongsToTheme",
    "label": "属于主题 / belongsToTheme",
    "source": "urn:jy:dwfz:SB0309:OB0301:subsection:44",
    "target": "urn:jy:dwfz:SB0309:Theme:TH19"
  },
  {
    "relationName": "ThemeHasSubsection",
    "label": "包含小节 / hasSubsection",
    "source": "urn:jy:dwfz:SB0309:Theme:TH19",
    "target": "urn:jy:dwfz:SB0309:OB0301:subsection:44"
  },
  {
    "relationName": "SubsectionBelongsToTheme",
    "label": "属于主题 / belongsToTheme",
    "source": "urn:jy:dwfz:SB0309:OB0301:subsection:45",
    "target": "urn:jy:dwfz:SB0309:Theme:TH12"
  },
  {
    "relationName": "ThemeHasSubsection",
    "label": "包含小节 / hasSubsection",
    "source": "urn:jy:dwfz:SB0309:Theme:TH12",
    "target": "urn:jy:dwfz:SB0309:OB0301:subsection:45"
  },
  {
    "relationName": "SubsectionBelongsToTheme",
    "label": "属于主题 / belongsToTheme",
    "source": "urn:jy:dwfz:SB0309:OB0301:subsection:46",
    "target": "urn:jy:dwfz:SB0309:Theme:TH12"
  },
  {
    "relationName": "ThemeHasSubsection",
    "label": "包含小节 / hasSubsection",
    "source": "urn:jy:dwfz:SB0309:Theme:TH12",
    "target": "urn:jy:dwfz:SB0309:OB0301:subsection:46"
  },
  {
    "relationName": "SubsectionBelongsToTheme",
    "label": "属于主题 / belongsToTheme",
    "source": "urn:jy:dwfz:SB0309:OB0301:subsection:47",
    "target": "urn:jy:dwfz:SB0309:Theme:TH12"
  },
  {
    "relationName": "ThemeHasSubsection",
    "label": "包含小节 / hasSubsection",
    "source": "urn:jy:dwfz:SB0309:Theme:TH12",
    "target": "urn:jy:dwfz:SB0309:OB0301:subsection:47"
  },
  {
    "relationName": "SubsectionBelongsToTheme",
    "label": "属于主题 / belongsToTheme",
    "source": "urn:jy:dwfz:SB0309:OB0301:subsection:48",
    "target": "urn:jy:dwfz:SB0309:Theme:TH12"
  },
  {
    "relationName": "ThemeHasSubsection",
    "label": "包含小节 / hasSubsection",
    "source": "urn:jy:dwfz:SB0309:Theme:TH12",
    "target": "urn:jy:dwfz:SB0309:OB0301:subsection:48"
  },
  {
    "relationName": "SubsectionBelongsToTheme",
    "label": "属于主题 / belongsToTheme",
    "source": "urn:jy:dwfz:SB0309:OB0301:subsection:49",
    "target": "urn:jy:dwfz:SB0309:Theme:TH12"
  },
  {
    "relationName": "ThemeHasSubsection",
    "label": "包含小节 / hasSubsection",
    "source": "urn:jy:dwfz:SB0309:Theme:TH12",
    "target": "urn:jy:dwfz:SB0309:OB0301:subsection:49"
  },
  {
    "relationName": "SubsectionBelongsToTheme",
    "label": "属于主题 / belongsToTheme",
    "source": "urn:jy:dwfz:SB0309:OB0301:subsection:50",
    "target": "urn:jy:dwfz:SB0309:Theme:TH12"
  },
  {
    "relationName": "ThemeHasSubsection",
    "label": "包含小节 / hasSubsection",
    "source": "urn:jy:dwfz:SB0309:Theme:TH12",
    "target": "urn:jy:dwfz:SB0309:OB0301:subsection:50"
  },
  {
    "relationName": "SubsectionBelongsToTheme",
    "label": "属于主题 / belongsToTheme",
    "source": "urn:jy:dwfz:SB0309:OB0301:subsection:51",
    "target": "urn:jy:dwfz:SB0309:Theme:TH12"
  },
  {
    "relationName": "ThemeHasSubsection",
    "label": "包含小节 / hasSubsection",
    "source": "urn:jy:dwfz:SB0309:Theme:TH12",
    "target": "urn:jy:dwfz:SB0309:OB0301:subsection:51"
  },
  {
    "relationName": "SubsectionBelongsToTheme",
    "label": "属于主题 / belongsToTheme",
    "source": "urn:jy:dwfz:SB0309:OB0301:subsection:52",
    "target": "urn:jy:dwfz:SB0309:Theme:TH12"
  },
  {
    "relationName": "ThemeHasSubsection",
    "label": "包含小节 / hasSubsection",
    "source": "urn:jy:dwfz:SB0309:Theme:TH12",
    "target": "urn:jy:dwfz:SB0309:OB0301:subsection:52"
  },
  {
    "relationName": "SubsectionBelongsToTheme",
    "label": "属于主题 / belongsToTheme",
    "source": "urn:jy:dwfz:SB0309:OB0302:subsection:53",
    "target": "urn:jy:dwfz:SB0309:Theme:TH18"
  },
  {
    "relationName": "ThemeHasSubsection",
    "label": "包含小节 / hasSubsection",
    "source": "urn:jy:dwfz:SB0309:Theme:TH18",
    "target": "urn:jy:dwfz:SB0309:OB0302:subsection:53"
  },
  {
    "relationName": "SubsectionBelongsToTheme",
    "label": "属于主题 / belongsToTheme",
    "source": "urn:jy:dwfz:SB0309:OB0302:subsection:54",
    "target": "urn:jy:dwfz:SB0309:Theme:TH18"
  },
  {
    "relationName": "ThemeHasSubsection",
    "label": "包含小节 / hasSubsection",
    "source": "urn:jy:dwfz:SB0309:Theme:TH18",
    "target": "urn:jy:dwfz:SB0309:OB0302:subsection:54"
  },
  {
    "relationName": "SubsectionBelongsToTheme",
    "label": "属于主题 / belongsToTheme",
    "source": "urn:jy:dwfz:SB0309:OB0302:subsection:55",
    "target": "urn:jy:dwfz:SB0309:Theme:TH18"
  },
  {
    "relationName": "ThemeHasSubsection",
    "label": "包含小节 / hasSubsection",
    "source": "urn:jy:dwfz:SB0309:Theme:TH18",
    "target": "urn:jy:dwfz:SB0309:OB0302:subsection:55"
  },
  {
    "relationName": "SubsectionBelongsToTheme",
    "label": "属于主题 / belongsToTheme",
    "source": "urn:jy:dwfz:SB0309:OB0302:subsection:56",
    "target": "urn:jy:dwfz:SB0309:Theme:TH18"
  },
  {
    "relationName": "ThemeHasSubsection",
    "label": "包含小节 / hasSubsection",
    "source": "urn:jy:dwfz:SB0309:Theme:TH18",
    "target": "urn:jy:dwfz:SB0309:OB0302:subsection:56"
  },
  {
    "relationName": "SubsectionBelongsToTheme",
    "label": "属于主题 / belongsToTheme",
    "source": "urn:jy:dwfz:SB0309:OB0302:subsection:57",
    "target": "urn:jy:dwfz:SB0309:Theme:TH18"
  },
  {
    "relationName": "ThemeHasSubsection",
    "label": "包含小节 / hasSubsection",
    "source": "urn:jy:dwfz:SB0309:Theme:TH18",
    "target": "urn:jy:dwfz:SB0309:OB0302:subsection:57"
  },
  {
    "relationName": "SubsectionBelongsToTheme",
    "label": "属于主题 / belongsToTheme",
    "source": "urn:jy:dwfz:SB0309:OB0302:subsection:58",
    "target": "urn:jy:dwfz:SB0309:Theme:TH18"
  },
  {
    "relationName": "ThemeHasSubsection",
    "label": "包含小节 / hasSubsection",
    "source": "urn:jy:dwfz:SB0309:Theme:TH18",
    "target": "urn:jy:dwfz:SB0309:OB0302:subsection:58"
  },
  {
    "relationName": "SubsectionBelongsToTheme",
    "label": "属于主题 / belongsToTheme",
    "source": "urn:jy:dwfz:SB0309:OB0302:subsection:59",
    "target": "urn:jy:dwfz:SB0309:Theme:TH12"
  },
  {
    "relationName": "ThemeHasSubsection",
    "label": "包含小节 / hasSubsection",
    "source": "urn:jy:dwfz:SB0309:Theme:TH12",
    "target": "urn:jy:dwfz:SB0309:OB0302:subsection:59"
  },
  {
    "relationName": "SubsectionBelongsToTheme",
    "label": "属于主题 / belongsToTheme",
    "source": "urn:jy:dwfz:SB0309:OB0302:subsection:60",
    "target": "urn:jy:dwfz:SB0309:Theme:TH12"
  },
  {
    "relationName": "ThemeHasSubsection",
    "label": "包含小节 / hasSubsection",
    "source": "urn:jy:dwfz:SB0309:Theme:TH12",
    "target": "urn:jy:dwfz:SB0309:OB0302:subsection:60"
  },
  {
    "relationName": "SubsectionBelongsToTheme",
    "label": "属于主题 / belongsToTheme",
    "source": "urn:jy:dwfz:SB0309:OB0302:subsection:61",
    "target": "urn:jy:dwfz:SB0309:Theme:TH12"
  },
  {
    "relationName": "ThemeHasSubsection",
    "label": "包含小节 / hasSubsection",
    "source": "urn:jy:dwfz:SB0309:Theme:TH12",
    "target": "urn:jy:dwfz:SB0309:OB0302:subsection:61"
  },
  {
    "relationName": "SubsectionBelongsToTheme",
    "label": "属于主题 / belongsToTheme",
    "source": "urn:jy:dwfz:SB0309:OB0302:subsection:62",
    "target": "urn:jy:dwfz:SB0309:Theme:TH12"
  },
  {
    "relationName": "ThemeHasSubsection",
    "label": "包含小节 / hasSubsection",
    "source": "urn:jy:dwfz:SB0309:Theme:TH12",
    "target": "urn:jy:dwfz:SB0309:OB0302:subsection:62"
  },
  {
    "relationName": "SubsectionBelongsToTheme",
    "label": "属于主题 / belongsToTheme",
    "source": "urn:jy:dwfz:SB0309:OB0302:subsection:63",
    "target": "urn:jy:dwfz:SB0309:Theme:TH12"
  },
  {
    "relationName": "ThemeHasSubsection",
    "label": "包含小节 / hasSubsection",
    "source": "urn:jy:dwfz:SB0309:Theme:TH12",
    "target": "urn:jy:dwfz:SB0309:OB0302:subsection:63"
  },
  {
    "relationName": "SubsectionBelongsToTheme",
    "label": "属于主题 / belongsToTheme",
    "source": "urn:jy:dwfz:SB0309:OB0302:subsection:64",
    "target": "urn:jy:dwfz:SB0309:Theme:TH12"
  },
  {
    "relationName": "ThemeHasSubsection",
    "label": "包含小节 / hasSubsection",
    "source": "urn:jy:dwfz:SB0309:Theme:TH12",
    "target": "urn:jy:dwfz:SB0309:OB0302:subsection:64"
  },
  {
    "relationName": "SubsectionBelongsToTheme",
    "label": "属于主题 / belongsToTheme",
    "source": "urn:jy:dwfz:SB0309:OB0302:subsection:65",
    "target": "urn:jy:dwfz:SB0309:Theme:TH12"
  },
  {
    "relationName": "ThemeHasSubsection",
    "label": "包含小节 / hasSubsection",
    "source": "urn:jy:dwfz:SB0309:Theme:TH12",
    "target": "urn:jy:dwfz:SB0309:OB0302:subsection:65"
  },
  {
    "relationName": "SubsectionBelongsToTheme",
    "label": "属于主题 / belongsToTheme",
    "source": "urn:jy:dwfz:SB0309:OB0302:subsection:66",
    "target": "urn:jy:dwfz:SB0309:Theme:TH18"
  },
  {
    "relationName": "ThemeHasSubsection",
    "label": "包含小节 / hasSubsection",
    "source": "urn:jy:dwfz:SB0309:Theme:TH18",
    "target": "urn:jy:dwfz:SB0309:OB0302:subsection:66"
  },
  {
    "relationName": "SubsectionBelongsToTheme",
    "label": "属于主题 / belongsToTheme",
    "source": "urn:jy:dwfz:SB0309:OB0302:subsection:67",
    "target": "urn:jy:dwfz:SB0309:Theme:TH18"
  },
  {
    "relationName": "ThemeHasSubsection",
    "label": "包含小节 / hasSubsection",
    "source": "urn:jy:dwfz:SB0309:Theme:TH18",
    "target": "urn:jy:dwfz:SB0309:OB0302:subsection:67"
  },
  {
    "relationName": "SubsectionBelongsToTheme",
    "label": "属于主题 / belongsToTheme",
    "source": "urn:jy:dwfz:SB0309:OB0302:subsection:68",
    "target": "urn:jy:dwfz:SB0309:Theme:TH18"
  },
  {
    "relationName": "ThemeHasSubsection",
    "label": "包含小节 / hasSubsection",
    "source": "urn:jy:dwfz:SB0309:Theme:TH18",
    "target": "urn:jy:dwfz:SB0309:OB0302:subsection:68"
  },
  {
    "relationName": "SubsectionBelongsToTheme",
    "label": "属于主题 / belongsToTheme",
    "source": "urn:jy:dwfz:SB0309:OB0302:subsection:69",
    "target": "urn:jy:dwfz:SB0309:Theme:TH18"
  },
  {
    "relationName": "ThemeHasSubsection",
    "label": "包含小节 / hasSubsection",
    "source": "urn:jy:dwfz:SB0309:Theme:TH18",
    "target": "urn:jy:dwfz:SB0309:OB0302:subsection:69"
  },
  {
    "relationName": "SubsectionBelongsToTheme",
    "label": "属于主题 / belongsToTheme",
    "source": "urn:jy:dwfz:SB0309:OB0302:subsection:70",
    "target": "urn:jy:dwfz:SB0309:Theme:TH18"
  },
  {
    "relationName": "ThemeHasSubsection",
    "label": "包含小节 / hasSubsection",
    "source": "urn:jy:dwfz:SB0309:Theme:TH18",
    "target": "urn:jy:dwfz:SB0309:OB0302:subsection:70"
  },
  {
    "relationName": "SubsectionBelongsToTheme",
    "label": "属于主题 / belongsToTheme",
    "source": "urn:jy:dwfz:SB0309:OB0302:subsection:71",
    "target": "urn:jy:dwfz:SB0309:Theme:TH18"
  },
  {
    "relationName": "ThemeHasSubsection",
    "label": "包含小节 / hasSubsection",
    "source": "urn:jy:dwfz:SB0309:Theme:TH18",
    "target": "urn:jy:dwfz:SB0309:OB0302:subsection:71"
  },
  {
    "relationName": "SubsectionBelongsToTheme",
    "label": "属于主题 / belongsToTheme",
    "source": "urn:jy:dwfz:SB0309:OB0302:subsection:72",
    "target": "urn:jy:dwfz:SB0309:Theme:TH18"
  },
  {
    "relationName": "ThemeHasSubsection",
    "label": "包含小节 / hasSubsection",
    "source": "urn:jy:dwfz:SB0309:Theme:TH18",
    "target": "urn:jy:dwfz:SB0309:OB0302:subsection:72"
  },
  {
    "relationName": "SubsectionBelongsToTheme",
    "label": "属于主题 / belongsToTheme",
    "source": "urn:jy:dwfz:SB0309:OB0302:subsection:73",
    "target": "urn:jy:dwfz:SB0309:Theme:TH18"
  },
  {
    "relationName": "ThemeHasSubsection",
    "label": "包含小节 / hasSubsection",
    "source": "urn:jy:dwfz:SB0309:Theme:TH18",
    "target": "urn:jy:dwfz:SB0309:OB0302:subsection:73"
  },
  {
    "relationName": "SubsectionBelongsToTheme",
    "label": "属于主题 / belongsToTheme",
    "source": "urn:jy:dwfz:SB0309:OB0302:subsection:74",
    "target": "urn:jy:dwfz:SB0309:Theme:TH20"
  },
  {
    "relationName": "ThemeHasSubsection",
    "label": "包含小节 / hasSubsection",
    "source": "urn:jy:dwfz:SB0309:Theme:TH20",
    "target": "urn:jy:dwfz:SB0309:OB0302:subsection:74"
  },
  {
    "relationName": "SubsectionBelongsToTheme",
    "label": "属于主题 / belongsToTheme",
    "source": "urn:jy:dwfz:SB0309:OB0302:subsection:75",
    "target": "urn:jy:dwfz:SB0309:Theme:TH18"
  },
  {
    "relationName": "ThemeHasSubsection",
    "label": "包含小节 / hasSubsection",
    "source": "urn:jy:dwfz:SB0309:Theme:TH18",
    "target": "urn:jy:dwfz:SB0309:OB0302:subsection:75"
  },
  {
    "relationName": "SubsectionBelongsToTheme",
    "label": "属于主题 / belongsToTheme",
    "source": "urn:jy:dwfz:SB0309:OB0302:subsection:76",
    "target": "urn:jy:dwfz:SB0309:Theme:TH18"
  },
  {
    "relationName": "ThemeHasSubsection",
    "label": "包含小节 / hasSubsection",
    "source": "urn:jy:dwfz:SB0309:Theme:TH18",
    "target": "urn:jy:dwfz:SB0309:OB0302:subsection:76"
  },
  {
    "relationName": "SubsectionBelongsToTheme",
    "label": "属于主题 / belongsToTheme",
    "source": "urn:jy:dwfz:SB0309:OB0302:subsection:77",
    "target": "urn:jy:dwfz:SB0309:Theme:TH18"
  },
  {
    "relationName": "ThemeHasSubsection",
    "label": "包含小节 / hasSubsection",
    "source": "urn:jy:dwfz:SB0309:Theme:TH18",
    "target": "urn:jy:dwfz:SB0309:OB0302:subsection:77"
  },
  {
    "relationName": "SubsectionBelongsToTheme",
    "label": "属于主题 / belongsToTheme",
    "source": "urn:jy:dwfz:SB0309:OB0302:subsection:78",
    "target": "urn:jy:dwfz:SB0309:Theme:TH12"
  },
  {
    "relationName": "ThemeHasSubsection",
    "label": "包含小节 / hasSubsection",
    "source": "urn:jy:dwfz:SB0309:Theme:TH12",
    "target": "urn:jy:dwfz:SB0309:OB0302:subsection:78"
  },
  {
    "relationName": "SubsectionBelongsToTheme",
    "label": "属于主题 / belongsToTheme",
    "source": "urn:jy:dwfz:SB0309:OB0302:subsection:79",
    "target": "urn:jy:dwfz:SB0309:Theme:TH12"
  },
  {
    "relationName": "ThemeHasSubsection",
    "label": "包含小节 / hasSubsection",
    "source": "urn:jy:dwfz:SB0309:Theme:TH12",
    "target": "urn:jy:dwfz:SB0309:OB0302:subsection:79"
  },
  {
    "relationName": "SubsectionBelongsToTheme",
    "label": "属于主题 / belongsToTheme",
    "source": "urn:jy:dwfz:SB0309:OB0302:subsection:80",
    "target": "urn:jy:dwfz:SB0309:Theme:TH12"
  },
  {
    "relationName": "ThemeHasSubsection",
    "label": "包含小节 / hasSubsection",
    "source": "urn:jy:dwfz:SB0309:Theme:TH12",
    "target": "urn:jy:dwfz:SB0309:OB0302:subsection:80"
  },
  {
    "relationName": "SubsectionBelongsToTheme",
    "label": "属于主题 / belongsToTheme",
    "source": "urn:jy:dwfz:SB0309:OB0302:subsection:81",
    "target": "urn:jy:dwfz:SB0309:Theme:TH12"
  },
  {
    "relationName": "ThemeHasSubsection",
    "label": "包含小节 / hasSubsection",
    "source": "urn:jy:dwfz:SB0309:Theme:TH12",
    "target": "urn:jy:dwfz:SB0309:OB0302:subsection:81"
  },
  {
    "relationName": "SubsectionBelongsToTheme",
    "label": "属于主题 / belongsToTheme",
    "source": "urn:jy:dwfz:SB0309:OB0302:subsection:82",
    "target": "urn:jy:dwfz:SB0309:Theme:TH12"
  },
  {
    "relationName": "ThemeHasSubsection",
    "label": "包含小节 / hasSubsection",
    "source": "urn:jy:dwfz:SB0309:Theme:TH12",
    "target": "urn:jy:dwfz:SB0309:OB0302:subsection:82"
  },
  {
    "relationName": "SubsectionBelongsToTheme",
    "label": "属于主题 / belongsToTheme",
    "source": "urn:jy:dwfz:SB0309:OB0302:subsection:83",
    "target": "urn:jy:dwfz:SB0309:Theme:TH12"
  },
  {
    "relationName": "ThemeHasSubsection",
    "label": "包含小节 / hasSubsection",
    "source": "urn:jy:dwfz:SB0309:Theme:TH12",
    "target": "urn:jy:dwfz:SB0309:OB0302:subsection:83"
  },
  {
    "relationName": "SubsectionBelongsToTheme",
    "label": "属于主题 / belongsToTheme",
    "source": "urn:jy:dwfz:SB0309:OB0302:subsection:84",
    "target": "urn:jy:dwfz:SB0309:Theme:TH12"
  },
  {
    "relationName": "ThemeHasSubsection",
    "label": "包含小节 / hasSubsection",
    "source": "urn:jy:dwfz:SB0309:Theme:TH12",
    "target": "urn:jy:dwfz:SB0309:OB0302:subsection:84"
  },
  {
    "relationName": "SubsectionBelongsToTheme",
    "label": "属于主题 / belongsToTheme",
    "source": "urn:jy:dwfz:SB0309:OB0302:subsection:85",
    "target": "urn:jy:dwfz:SB0309:Theme:TH12"
  },
  {
    "relationName": "ThemeHasSubsection",
    "label": "包含小节 / hasSubsection",
    "source": "urn:jy:dwfz:SB0309:Theme:TH12",
    "target": "urn:jy:dwfz:SB0309:OB0302:subsection:85"
  },
  {
    "relationName": "SubsectionBelongsToTheme",
    "label": "属于主题 / belongsToTheme",
    "source": "urn:jy:dwfz:SB0309:OB0302:subsection:86",
    "target": "urn:jy:dwfz:SB0309:Theme:TH12"
  },
  {
    "relationName": "ThemeHasSubsection",
    "label": "包含小节 / hasSubsection",
    "source": "urn:jy:dwfz:SB0309:Theme:TH12",
    "target": "urn:jy:dwfz:SB0309:OB0302:subsection:86"
  },
  {
    "relationName": "SubsectionBelongsToTheme",
    "label": "属于主题 / belongsToTheme",
    "source": "urn:jy:dwfz:SB0309:OB0302:subsection:87",
    "target": "urn:jy:dwfz:SB0309:Theme:TH12"
  },
  {
    "relationName": "ThemeHasSubsection",
    "label": "包含小节 / hasSubsection",
    "source": "urn:jy:dwfz:SB0309:Theme:TH12",
    "target": "urn:jy:dwfz:SB0309:OB0302:subsection:87"
  },
  {
    "relationName": "SubsectionBelongsToTheme",
    "label": "属于主题 / belongsToTheme",
    "source": "urn:jy:dwfz:SB0309:OB0302:subsection:88",
    "target": "urn:jy:dwfz:SB0309:Theme:TH12"
  },
  {
    "relationName": "ThemeHasSubsection",
    "label": "包含小节 / hasSubsection",
    "source": "urn:jy:dwfz:SB0309:Theme:TH12",
    "target": "urn:jy:dwfz:SB0309:OB0302:subsection:88"
  },
  {
    "relationName": "SubsectionBelongsToTheme",
    "label": "属于主题 / belongsToTheme",
    "source": "urn:jy:dwfz:SB0309:OB0302:subsection:89",
    "target": "urn:jy:dwfz:SB0309:Theme:TH12"
  },
  {
    "relationName": "ThemeHasSubsection",
    "label": "包含小节 / hasSubsection",
    "source": "urn:jy:dwfz:SB0309:Theme:TH12",
    "target": "urn:jy:dwfz:SB0309:OB0302:subsection:89"
  },
  {
    "relationName": "SubsectionBelongsToTheme",
    "label": "属于主题 / belongsToTheme",
    "source": "urn:jy:dwfz:SB0309:OB0302:subsection:90",
    "target": "urn:jy:dwfz:SB0309:Theme:TH12"
  },
  {
    "relationName": "ThemeHasSubsection",
    "label": "包含小节 / hasSubsection",
    "source": "urn:jy:dwfz:SB0309:Theme:TH12",
    "target": "urn:jy:dwfz:SB0309:OB0302:subsection:90"
  },
  {
    "relationName": "SubsectionBelongsToTheme",
    "label": "属于主题 / belongsToTheme",
    "source": "urn:jy:dwfz:SB0309:OB0302:subsection:91",
    "target": "urn:jy:dwfz:SB0309:Theme:TH12"
  },
  {
    "relationName": "ThemeHasSubsection",
    "label": "包含小节 / hasSubsection",
    "source": "urn:jy:dwfz:SB0309:Theme:TH12",
    "target": "urn:jy:dwfz:SB0309:OB0302:subsection:91"
  },
  {
    "relationName": "SubsectionBelongsToTheme",
    "label": "属于主题 / belongsToTheme",
    "source": "urn:jy:dwfz:SB0309:OB0302:subsection:92",
    "target": "urn:jy:dwfz:SB0309:Theme:TH12"
  },
  {
    "relationName": "ThemeHasSubsection",
    "label": "包含小节 / hasSubsection",
    "source": "urn:jy:dwfz:SB0309:Theme:TH12",
    "target": "urn:jy:dwfz:SB0309:OB0302:subsection:92"
  },
  {
    "relationName": "SubsectionBelongsToTheme",
    "label": "属于主题 / belongsToTheme",
    "source": "urn:jy:dwfz:SB0309:OB0302:subsection:93",
    "target": "urn:jy:dwfz:SB0309:Theme:TH12"
  },
  {
    "relationName": "ThemeHasSubsection",
    "label": "包含小节 / hasSubsection",
    "source": "urn:jy:dwfz:SB0309:Theme:TH12",
    "target": "urn:jy:dwfz:SB0309:OB0302:subsection:93"
  },
  {
    "relationName": "SubsectionBelongsToTheme",
    "label": "属于主题 / belongsToTheme",
    "source": "urn:jy:dwfz:SB0309:OB0302:subsection:94",
    "target": "urn:jy:dwfz:SB0309:Theme:TH12"
  },
  {
    "relationName": "ThemeHasSubsection",
    "label": "包含小节 / hasSubsection",
    "source": "urn:jy:dwfz:SB0309:Theme:TH12",
    "target": "urn:jy:dwfz:SB0309:OB0302:subsection:94"
  },
  {
    "relationName": "SubsectionBelongsToTheme",
    "label": "属于主题 / belongsToTheme",
    "source": "urn:jy:dwfz:SB0309:OB0302:subsection:95",
    "target": "urn:jy:dwfz:SB0309:Theme:TH12"
  },
  {
    "relationName": "ThemeHasSubsection",
    "label": "包含小节 / hasSubsection",
    "source": "urn:jy:dwfz:SB0309:Theme:TH12",
    "target": "urn:jy:dwfz:SB0309:OB0302:subsection:95"
  },
  {
    "relationName": "SubsectionBelongsToTheme",
    "label": "属于主题 / belongsToTheme",
    "source": "urn:jy:dwfz:SB0309:OB0302:subsection:96",
    "target": "urn:jy:dwfz:SB0309:Theme:TH12"
  },
  {
    "relationName": "ThemeHasSubsection",
    "label": "包含小节 / hasSubsection",
    "source": "urn:jy:dwfz:SB0309:Theme:TH12",
    "target": "urn:jy:dwfz:SB0309:OB0302:subsection:96"
  },
  {
    "relationName": "SubsectionBelongsToTheme",
    "label": "属于主题 / belongsToTheme",
    "source": "urn:jy:dwfz:SB0309:OB0302:subsection:97",
    "target": "urn:jy:dwfz:SB0309:Theme:TH12"
  },
  {
    "relationName": "ThemeHasSubsection",
    "label": "包含小节 / hasSubsection",
    "source": "urn:jy:dwfz:SB0309:Theme:TH12",
    "target": "urn:jy:dwfz:SB0309:OB0302:subsection:97"
  },
  {
    "relationName": "SubsectionBelongsToTheme",
    "label": "属于主题 / belongsToTheme",
    "source": "urn:jy:dwfz:SB0309:OB0302:subsection:98",
    "target": "urn:jy:dwfz:SB0309:Theme:TH12"
  },
  {
    "relationName": "ThemeHasSubsection",
    "label": "包含小节 / hasSubsection",
    "source": "urn:jy:dwfz:SB0309:Theme:TH12",
    "target": "urn:jy:dwfz:SB0309:OB0302:subsection:98"
  },
  {
    "relationName": "SubsectionBelongsToTheme",
    "label": "属于主题 / belongsToTheme",
    "source": "urn:jy:dwfz:SB0309:OB0303:subsection:99",
    "target": "urn:jy:dwfz:SB0309:Theme:TH18"
  },
  {
    "relationName": "ThemeHasSubsection",
    "label": "包含小节 / hasSubsection",
    "source": "urn:jy:dwfz:SB0309:Theme:TH18",
    "target": "urn:jy:dwfz:SB0309:OB0303:subsection:99"
  },
  {
    "relationName": "SubsectionBelongsToTheme",
    "label": "属于主题 / belongsToTheme",
    "source": "urn:jy:dwfz:SB0309:OB0301:subsection:100",
    "target": "urn:jy:dwfz:SB0309:Theme:TH18"
  },
  {
    "relationName": "ThemeHasSubsection",
    "label": "包含小节 / hasSubsection",
    "source": "urn:jy:dwfz:SB0309:Theme:TH18",
    "target": "urn:jy:dwfz:SB0309:OB0301:subsection:100"
  },
  {
    "relationName": "SubsectionBelongsToTheme",
    "label": "属于主题 / belongsToTheme",
    "source": "urn:jy:dwfz:SB0309:OB0301:subsection:101",
    "target": "urn:jy:dwfz:SB0309:Theme:TH18"
  },
  {
    "relationName": "ThemeHasSubsection",
    "label": "包含小节 / hasSubsection",
    "source": "urn:jy:dwfz:SB0309:Theme:TH18",
    "target": "urn:jy:dwfz:SB0309:OB0301:subsection:101"
  },
  {
    "relationName": "SubsectionBelongsToTheme",
    "label": "属于主题 / belongsToTheme",
    "source": "urn:jy:dwfz:SB0309:OB0301:subsection:102",
    "target": "urn:jy:dwfz:SB0309:Theme:TH18"
  },
  {
    "relationName": "ThemeHasSubsection",
    "label": "包含小节 / hasSubsection",
    "source": "urn:jy:dwfz:SB0309:Theme:TH18",
    "target": "urn:jy:dwfz:SB0309:OB0301:subsection:102"
  },
  {
    "relationName": "SubsectionBelongsToTheme",
    "label": "属于主题 / belongsToTheme",
    "source": "urn:jy:dwfz:SB0309:OB0301:subsection:103",
    "target": "urn:jy:dwfz:SB0309:Theme:TH12"
  },
  {
    "relationName": "ThemeHasSubsection",
    "label": "包含小节 / hasSubsection",
    "source": "urn:jy:dwfz:SB0309:Theme:TH12",
    "target": "urn:jy:dwfz:SB0309:OB0301:subsection:103"
  },
  {
    "relationName": "SubsectionBelongsToTheme",
    "label": "属于主题 / belongsToTheme",
    "source": "urn:jy:dwfz:SB0309:OB0301:subsection:104",
    "target": "urn:jy:dwfz:SB0309:Theme:TH12"
  },
  {
    "relationName": "ThemeHasSubsection",
    "label": "包含小节 / hasSubsection",
    "source": "urn:jy:dwfz:SB0309:Theme:TH12",
    "target": "urn:jy:dwfz:SB0309:OB0301:subsection:104"
  },
  {
    "relationName": "SubsectionBelongsToTheme",
    "label": "属于主题 / belongsToTheme",
    "source": "urn:jy:dwfz:SB0309:OB0301:subsection:105",
    "target": "urn:jy:dwfz:SB0309:Theme:TH12"
  },
  {
    "relationName": "ThemeHasSubsection",
    "label": "包含小节 / hasSubsection",
    "source": "urn:jy:dwfz:SB0309:Theme:TH12",
    "target": "urn:jy:dwfz:SB0309:OB0301:subsection:105"
  },
  {
    "relationName": "SubsectionBelongsToTheme",
    "label": "属于主题 / belongsToTheme",
    "source": "urn:jy:dwfz:SB0309:OB0301:subsection:106",
    "target": "urn:jy:dwfz:SB0309:Theme:TH12"
  },
  {
    "relationName": "ThemeHasSubsection",
    "label": "包含小节 / hasSubsection",
    "source": "urn:jy:dwfz:SB0309:Theme:TH12",
    "target": "urn:jy:dwfz:SB0309:OB0301:subsection:106"
  },
  {
    "relationName": "SubsectionBelongsToTheme",
    "label": "属于主题 / belongsToTheme",
    "source": "urn:jy:dwfz:SB0309:OB0301:subsection:107",
    "target": "urn:jy:dwfz:SB0309:Theme:TH19"
  },
  {
    "relationName": "ThemeHasSubsection",
    "label": "包含小节 / hasSubsection",
    "source": "urn:jy:dwfz:SB0309:Theme:TH19",
    "target": "urn:jy:dwfz:SB0309:OB0301:subsection:107"
  },
  {
    "relationName": "SubsectionBelongsToTheme",
    "label": "属于主题 / belongsToTheme",
    "source": "urn:jy:dwfz:SB0309:OB0301:subsection:108",
    "target": "urn:jy:dwfz:SB0309:Theme:TH18"
  },
  {
    "relationName": "ThemeHasSubsection",
    "label": "包含小节 / hasSubsection",
    "source": "urn:jy:dwfz:SB0309:Theme:TH18",
    "target": "urn:jy:dwfz:SB0309:OB0301:subsection:108"
  },
  {
    "relationName": "SubsectionBelongsToTheme",
    "label": "属于主题 / belongsToTheme",
    "source": "urn:jy:dwfz:SB0309:OB0301:subsection:109",
    "target": "urn:jy:dwfz:SB0309:Theme:TH18"
  },
  {
    "relationName": "ThemeHasSubsection",
    "label": "包含小节 / hasSubsection",
    "source": "urn:jy:dwfz:SB0309:Theme:TH18",
    "target": "urn:jy:dwfz:SB0309:OB0301:subsection:109"
  },
  {
    "relationName": "SubsectionBelongsToTheme",
    "label": "属于主题 / belongsToTheme",
    "source": "urn:jy:dwfz:SB0309:OB0301:subsection:110",
    "target": "urn:jy:dwfz:SB0309:Theme:TH18"
  },
  {
    "relationName": "ThemeHasSubsection",
    "label": "包含小节 / hasSubsection",
    "source": "urn:jy:dwfz:SB0309:Theme:TH18",
    "target": "urn:jy:dwfz:SB0309:OB0301:subsection:110"
  },
  {
    "relationName": "SubsectionBelongsToTheme",
    "label": "属于主题 / belongsToTheme",
    "source": "urn:jy:dwfz:SB0309:OB0301:subsection:111",
    "target": "urn:jy:dwfz:SB0309:Theme:TH18"
  },
  {
    "relationName": "ThemeHasSubsection",
    "label": "包含小节 / hasSubsection",
    "source": "urn:jy:dwfz:SB0309:Theme:TH18",
    "target": "urn:jy:dwfz:SB0309:OB0301:subsection:111"
  },
  {
    "relationName": "SubsectionBelongsToTheme",
    "label": "属于主题 / belongsToTheme",
    "source": "urn:jy:dwfz:SB0309:OB0301:subsection:112",
    "target": "urn:jy:dwfz:SB0309:Theme:TH18"
  },
  {
    "relationName": "ThemeHasSubsection",
    "label": "包含小节 / hasSubsection",
    "source": "urn:jy:dwfz:SB0309:Theme:TH18",
    "target": "urn:jy:dwfz:SB0309:OB0301:subsection:112"
  },
  {
    "relationName": "SubsectionBelongsToTheme",
    "label": "属于主题 / belongsToTheme",
    "source": "urn:jy:dwfz:SB0309:OB0301:subsection:113",
    "target": "urn:jy:dwfz:SB0309:Theme:TH18"
  },
  {
    "relationName": "ThemeHasSubsection",
    "label": "包含小节 / hasSubsection",
    "source": "urn:jy:dwfz:SB0309:Theme:TH18",
    "target": "urn:jy:dwfz:SB0309:OB0301:subsection:113"
  },
  {
    "relationName": "SubsectionBelongsToTheme",
    "label": "属于主题 / belongsToTheme",
    "source": "urn:jy:dwfz:SB0309:OB0301:subsection:114",
    "target": "urn:jy:dwfz:SB0309:Theme:TH18"
  },
  {
    "relationName": "ThemeHasSubsection",
    "label": "包含小节 / hasSubsection",
    "source": "urn:jy:dwfz:SB0309:Theme:TH18",
    "target": "urn:jy:dwfz:SB0309:OB0301:subsection:114"
  },
  {
    "relationName": "SubsectionBelongsToTheme",
    "label": "属于主题 / belongsToTheme",
    "source": "urn:jy:dwfz:SB0309:OB0301:subsection:115",
    "target": "urn:jy:dwfz:SB0309:Theme:TH18"
  },
  {
    "relationName": "ThemeHasSubsection",
    "label": "包含小节 / hasSubsection",
    "source": "urn:jy:dwfz:SB0309:Theme:TH18",
    "target": "urn:jy:dwfz:SB0309:OB0301:subsection:115"
  },
  {
    "relationName": "SubsectionBelongsToTheme",
    "label": "属于主题 / belongsToTheme",
    "source": "urn:jy:dwfz:SB0309:OB0301:subsection:116",
    "target": "urn:jy:dwfz:SB0309:Theme:TH18"
  },
  {
    "relationName": "ThemeHasSubsection",
    "label": "包含小节 / hasSubsection",
    "source": "urn:jy:dwfz:SB0309:Theme:TH18",
    "target": "urn:jy:dwfz:SB0309:OB0301:subsection:116"
  },
  {
    "relationName": "SubsectionBelongsToTheme",
    "label": "属于主题 / belongsToTheme",
    "source": "urn:jy:dwfz:SB0309:OB0301:subsection:117",
    "target": "urn:jy:dwfz:SB0309:Theme:TH18"
  },
  {
    "relationName": "ThemeHasSubsection",
    "label": "包含小节 / hasSubsection",
    "source": "urn:jy:dwfz:SB0309:Theme:TH18",
    "target": "urn:jy:dwfz:SB0309:OB0301:subsection:117"
  },
  {
    "relationName": "SubsectionBelongsToTheme",
    "label": "属于主题 / belongsToTheme",
    "source": "urn:jy:dwfz:SB0309:OB0301:subsection:118",
    "target": "urn:jy:dwfz:SB0309:Theme:TH18"
  },
  {
    "relationName": "ThemeHasSubsection",
    "label": "包含小节 / hasSubsection",
    "source": "urn:jy:dwfz:SB0309:Theme:TH18",
    "target": "urn:jy:dwfz:SB0309:OB0301:subsection:118"
  },
  {
    "relationName": "SubsectionBelongsToTheme",
    "label": "属于主题 / belongsToTheme",
    "source": "urn:jy:dwfz:SB0309:OB0301:subsection:119",
    "target": "urn:jy:dwfz:SB0309:Theme:TH18"
  },
  {
    "relationName": "ThemeHasSubsection",
    "label": "包含小节 / hasSubsection",
    "source": "urn:jy:dwfz:SB0309:Theme:TH18",
    "target": "urn:jy:dwfz:SB0309:OB0301:subsection:119"
  },
  {
    "relationName": "SubsectionBelongsToTheme",
    "label": "属于主题 / belongsToTheme",
    "source": "urn:jy:dwfz:SB0309:OB0301:subsection:120",
    "target": "urn:jy:dwfz:SB0309:Theme:TH18"
  },
  {
    "relationName": "ThemeHasSubsection",
    "label": "包含小节 / hasSubsection",
    "source": "urn:jy:dwfz:SB0309:Theme:TH18",
    "target": "urn:jy:dwfz:SB0309:OB0301:subsection:120"
  },
  {
    "relationName": "SubsectionBelongsToTheme",
    "label": "属于主题 / belongsToTheme",
    "source": "urn:jy:dwfz:SB0309:OB0301:subsection:121",
    "target": "urn:jy:dwfz:SB0309:Theme:TH18"
  },
  {
    "relationName": "ThemeHasSubsection",
    "label": "包含小节 / hasSubsection",
    "source": "urn:jy:dwfz:SB0309:Theme:TH18",
    "target": "urn:jy:dwfz:SB0309:OB0301:subsection:121"
  },
  {
    "relationName": "SubsectionBelongsToTheme",
    "label": "属于主题 / belongsToTheme",
    "source": "urn:jy:dwfz:SB0309:OB0301:subsection:122",
    "target": "urn:jy:dwfz:SB0309:Theme:TH18"
  },
  {
    "relationName": "ThemeHasSubsection",
    "label": "包含小节 / hasSubsection",
    "source": "urn:jy:dwfz:SB0309:Theme:TH18",
    "target": "urn:jy:dwfz:SB0309:OB0301:subsection:122"
  },
  {
    "relationName": "SubsectionBelongsToTheme",
    "label": "属于主题 / belongsToTheme",
    "source": "urn:jy:dwfz:SB0309:OB0301:subsection:123",
    "target": "urn:jy:dwfz:SB0309:Theme:TH18"
  },
  {
    "relationName": "ThemeHasSubsection",
    "label": "包含小节 / hasSubsection",
    "source": "urn:jy:dwfz:SB0309:Theme:TH18",
    "target": "urn:jy:dwfz:SB0309:OB0301:subsection:123"
  },
  {
    "relationName": "SubsectionBelongsToTheme",
    "label": "属于主题 / belongsToTheme",
    "source": "urn:jy:dwfz:SB0309:OB0301:subsection:124",
    "target": "urn:jy:dwfz:SB0309:Theme:TH18"
  },
  {
    "relationName": "ThemeHasSubsection",
    "label": "包含小节 / hasSubsection",
    "source": "urn:jy:dwfz:SB0309:Theme:TH18",
    "target": "urn:jy:dwfz:SB0309:OB0301:subsection:124"
  },
  {
    "relationName": "SubsectionBelongsToTheme",
    "label": "属于主题 / belongsToTheme",
    "source": "urn:jy:dwfz:SB0309:OB0301:subsection:125",
    "target": "urn:jy:dwfz:SB0309:Theme:TH18"
  },
  {
    "relationName": "ThemeHasSubsection",
    "label": "包含小节 / hasSubsection",
    "source": "urn:jy:dwfz:SB0309:Theme:TH18",
    "target": "urn:jy:dwfz:SB0309:OB0301:subsection:125"
  },
  {
    "relationName": "SubsectionBelongsToTheme",
    "label": "属于主题 / belongsToTheme",
    "source": "urn:jy:dwfz:SB0309:OB0301:subsection:126",
    "target": "urn:jy:dwfz:SB0309:Theme:TH18"
  },
  {
    "relationName": "ThemeHasSubsection",
    "label": "包含小节 / hasSubsection",
    "source": "urn:jy:dwfz:SB0309:Theme:TH18",
    "target": "urn:jy:dwfz:SB0309:OB0301:subsection:126"
  },
  {
    "relationName": "SubsectionBelongsToTheme",
    "label": "属于主题 / belongsToTheme",
    "source": "urn:jy:dwfz:SB0309:OB0301:subsection:127",
    "target": "urn:jy:dwfz:SB0309:Theme:TH18"
  },
  {
    "relationName": "ThemeHasSubsection",
    "label": "包含小节 / hasSubsection",
    "source": "urn:jy:dwfz:SB0309:Theme:TH18",
    "target": "urn:jy:dwfz:SB0309:OB0301:subsection:127"
  },
  {
    "relationName": "SubsectionBelongsToTheme",
    "label": "属于主题 / belongsToTheme",
    "source": "urn:jy:dwfz:SB0309:OB0301:subsection:128",
    "target": "urn:jy:dwfz:SB0309:Theme:TH18"
  },
  {
    "relationName": "ThemeHasSubsection",
    "label": "包含小节 / hasSubsection",
    "source": "urn:jy:dwfz:SB0309:Theme:TH18",
    "target": "urn:jy:dwfz:SB0309:OB0301:subsection:128"
  },
  {
    "relationName": "SubsectionBelongsToTheme",
    "label": "属于主题 / belongsToTheme",
    "source": "urn:jy:dwfz:SB0309:OB0301:subsection:129",
    "target": "urn:jy:dwfz:SB0309:Theme:TH08"
  },
  {
    "relationName": "ThemeHasSubsection",
    "label": "包含小节 / hasSubsection",
    "source": "urn:jy:dwfz:SB0309:Theme:TH08",
    "target": "urn:jy:dwfz:SB0309:OB0301:subsection:129"
  },
  {
    "relationName": "SubsectionBelongsToTheme",
    "label": "属于主题 / belongsToTheme",
    "source": "urn:jy:dwfz:SB0309:OB0301:subsection:130",
    "target": "urn:jy:dwfz:SB0309:Theme:TH08"
  },
  {
    "relationName": "ThemeHasSubsection",
    "label": "包含小节 / hasSubsection",
    "source": "urn:jy:dwfz:SB0309:Theme:TH08",
    "target": "urn:jy:dwfz:SB0309:OB0301:subsection:130"
  },
  {
    "relationName": "SubsectionBelongsToTheme",
    "label": "属于主题 / belongsToTheme",
    "source": "urn:jy:dwfz:SB0309:OB0301:subsection:131",
    "target": "urn:jy:dwfz:SB0309:Theme:TH08"
  },
  {
    "relationName": "ThemeHasSubsection",
    "label": "包含小节 / hasSubsection",
    "source": "urn:jy:dwfz:SB0309:Theme:TH08",
    "target": "urn:jy:dwfz:SB0309:OB0301:subsection:131"
  },
  {
    "relationName": "SubsectionBelongsToTheme",
    "label": "属于主题 / belongsToTheme",
    "source": "urn:jy:dwfz:SB0309:OB0301:subsection:132",
    "target": "urn:jy:dwfz:SB0309:Theme:TH08"
  },
  {
    "relationName": "ThemeHasSubsection",
    "label": "包含小节 / hasSubsection",
    "source": "urn:jy:dwfz:SB0309:Theme:TH08",
    "target": "urn:jy:dwfz:SB0309:OB0301:subsection:132"
  },
  {
    "relationName": "SubsectionBelongsToTheme",
    "label": "属于主题 / belongsToTheme",
    "source": "urn:jy:dwfz:SB0309:OB0301:subsection:133",
    "target": "urn:jy:dwfz:SB0309:Theme:TH08"
  },
  {
    "relationName": "ThemeHasSubsection",
    "label": "包含小节 / hasSubsection",
    "source": "urn:jy:dwfz:SB0309:Theme:TH08",
    "target": "urn:jy:dwfz:SB0309:OB0301:subsection:133"
  },
  {
    "relationName": "SubsectionBelongsToTheme",
    "label": "属于主题 / belongsToTheme",
    "source": "urn:jy:dwfz:SB0309:OB0301:subsection:134",
    "target": "urn:jy:dwfz:SB0309:Theme:TH08"
  },
  {
    "relationName": "ThemeHasSubsection",
    "label": "包含小节 / hasSubsection",
    "source": "urn:jy:dwfz:SB0309:Theme:TH08",
    "target": "urn:jy:dwfz:SB0309:OB0301:subsection:134"
  },
  {
    "relationName": "SubsectionBelongsToTheme",
    "label": "属于主题 / belongsToTheme",
    "source": "urn:jy:dwfz:SB0309:OB0301:subsection:135",
    "target": "urn:jy:dwfz:SB0309:Theme:TH08"
  },
  {
    "relationName": "ThemeHasSubsection",
    "label": "包含小节 / hasSubsection",
    "source": "urn:jy:dwfz:SB0309:Theme:TH08",
    "target": "urn:jy:dwfz:SB0309:OB0301:subsection:135"
  },
  {
    "relationName": "SubsectionBelongsToTheme",
    "label": "属于主题 / belongsToTheme",
    "source": "urn:jy:dwfz:SB0309:OB0301:subsection:136",
    "target": "urn:jy:dwfz:SB0309:Theme:TH08"
  },
  {
    "relationName": "ThemeHasSubsection",
    "label": "包含小节 / hasSubsection",
    "source": "urn:jy:dwfz:SB0309:Theme:TH08",
    "target": "urn:jy:dwfz:SB0309:OB0301:subsection:136"
  },
  {
    "relationName": "SubsectionBelongsToTheme",
    "label": "属于主题 / belongsToTheme",
    "source": "urn:jy:dwfz:SB0309:OB0301:subsection:137",
    "target": "urn:jy:dwfz:SB0309:Theme:TH08"
  },
  {
    "relationName": "ThemeHasSubsection",
    "label": "包含小节 / hasSubsection",
    "source": "urn:jy:dwfz:SB0309:Theme:TH08",
    "target": "urn:jy:dwfz:SB0309:OB0301:subsection:137"
  },
  {
    "relationName": "SubsectionBelongsToTheme",
    "label": "属于主题 / belongsToTheme",
    "source": "urn:jy:dwfz:SB0309:OB0301:subsection:138",
    "target": "urn:jy:dwfz:SB0309:Theme:TH08"
  },
  {
    "relationName": "ThemeHasSubsection",
    "label": "包含小节 / hasSubsection",
    "source": "urn:jy:dwfz:SB0309:Theme:TH08",
    "target": "urn:jy:dwfz:SB0309:OB0301:subsection:138"
  },
  {
    "relationName": "SubsectionBelongsToTheme",
    "label": "属于主题 / belongsToTheme",
    "source": "urn:jy:dwfz:SB0309:OB0301:subsection:139",
    "target": "urn:jy:dwfz:SB0309:Theme:TH08"
  },
  {
    "relationName": "ThemeHasSubsection",
    "label": "包含小节 / hasSubsection",
    "source": "urn:jy:dwfz:SB0309:Theme:TH08",
    "target": "urn:jy:dwfz:SB0309:OB0301:subsection:139"
  },
  {
    "relationName": "SubsectionBelongsToTheme",
    "label": "属于主题 / belongsToTheme",
    "source": "urn:jy:dwfz:SB0309:OB0301:subsection:140",
    "target": "urn:jy:dwfz:SB0309:Theme:TH08"
  },
  {
    "relationName": "ThemeHasSubsection",
    "label": "包含小节 / hasSubsection",
    "source": "urn:jy:dwfz:SB0309:Theme:TH08",
    "target": "urn:jy:dwfz:SB0309:OB0301:subsection:140"
  },
  {
    "relationName": "SubsectionBelongsToTheme",
    "label": "属于主题 / belongsToTheme",
    "source": "urn:jy:dwfz:SB0309:OB0301:subsection:141",
    "target": "urn:jy:dwfz:SB0309:Theme:TH08"
  },
  {
    "relationName": "ThemeHasSubsection",
    "label": "包含小节 / hasSubsection",
    "source": "urn:jy:dwfz:SB0309:Theme:TH08",
    "target": "urn:jy:dwfz:SB0309:OB0301:subsection:141"
  },
  {
    "relationName": "SubsectionBelongsToTheme",
    "label": "属于主题 / belongsToTheme",
    "source": "urn:jy:dwfz:SB0309:OB0301:subsection:142",
    "target": "urn:jy:dwfz:SB0309:Theme:TH08"
  },
  {
    "relationName": "ThemeHasSubsection",
    "label": "包含小节 / hasSubsection",
    "source": "urn:jy:dwfz:SB0309:Theme:TH08",
    "target": "urn:jy:dwfz:SB0309:OB0301:subsection:142"
  },
  {
    "relationName": "SubsectionBelongsToTheme",
    "label": "属于主题 / belongsToTheme",
    "source": "urn:jy:dwfz:SB0309:OB0301:subsection:143",
    "target": "urn:jy:dwfz:SB0309:Theme:TH08"
  },
  {
    "relationName": "ThemeHasSubsection",
    "label": "包含小节 / hasSubsection",
    "source": "urn:jy:dwfz:SB0309:Theme:TH08",
    "target": "urn:jy:dwfz:SB0309:OB0301:subsection:143"
  },
  {
    "relationName": "SubsectionBelongsToTheme",
    "label": "属于主题 / belongsToTheme",
    "source": "urn:jy:dwfz:SB0309:OB0301:subsection:144",
    "target": "urn:jy:dwfz:SB0309:Theme:TH08"
  },
  {
    "relationName": "ThemeHasSubsection",
    "label": "包含小节 / hasSubsection",
    "source": "urn:jy:dwfz:SB0309:Theme:TH08",
    "target": "urn:jy:dwfz:SB0309:OB0301:subsection:144"
  },
  {
    "relationName": "SubsectionBelongsToTheme",
    "label": "属于主题 / belongsToTheme",
    "source": "urn:jy:dwfz:SB0309:OB0301:subsection:145",
    "target": "urn:jy:dwfz:SB0309:Theme:TH08"
  },
  {
    "relationName": "ThemeHasSubsection",
    "label": "包含小节 / hasSubsection",
    "source": "urn:jy:dwfz:SB0309:Theme:TH08",
    "target": "urn:jy:dwfz:SB0309:OB0301:subsection:145"
  },
  {
    "relationName": "SubsectionBelongsToTheme",
    "label": "属于主题 / belongsToTheme",
    "source": "urn:jy:dwfz:SB0309:OB0301:subsection:146",
    "target": "urn:jy:dwfz:SB0309:Theme:TH08"
  },
  {
    "relationName": "ThemeHasSubsection",
    "label": "包含小节 / hasSubsection",
    "source": "urn:jy:dwfz:SB0309:Theme:TH08",
    "target": "urn:jy:dwfz:SB0309:OB0301:subsection:146"
  },
  {
    "relationName": "SubsectionBelongsToTheme",
    "label": "属于主题 / belongsToTheme",
    "source": "urn:jy:dwfz:SB0309:OB0301:subsection:147",
    "target": "urn:jy:dwfz:SB0309:Theme:TH08"
  },
  {
    "relationName": "ThemeHasSubsection",
    "label": "包含小节 / hasSubsection",
    "source": "urn:jy:dwfz:SB0309:Theme:TH08",
    "target": "urn:jy:dwfz:SB0309:OB0301:subsection:147"
  },
  {
    "relationName": "SubsectionBelongsToTheme",
    "label": "属于主题 / belongsToTheme",
    "source": "urn:jy:dwfz:SB0309:OB0301:subsection:148",
    "target": "urn:jy:dwfz:SB0309:Theme:TH08"
  },
  {
    "relationName": "ThemeHasSubsection",
    "label": "包含小节 / hasSubsection",
    "source": "urn:jy:dwfz:SB0309:Theme:TH08",
    "target": "urn:jy:dwfz:SB0309:OB0301:subsection:148"
  },
  {
    "relationName": "SubsectionBelongsToTheme",
    "label": "属于主题 / belongsToTheme",
    "source": "urn:jy:dwfz:SB0309:OB0301:subsection:149",
    "target": "urn:jy:dwfz:SB0309:Theme:TH08"
  },
  {
    "relationName": "ThemeHasSubsection",
    "label": "包含小节 / hasSubsection",
    "source": "urn:jy:dwfz:SB0309:Theme:TH08",
    "target": "urn:jy:dwfz:SB0309:OB0301:subsection:149"
  },
  {
    "relationName": "SubsectionBelongsToTheme",
    "label": "属于主题 / belongsToTheme",
    "source": "urn:jy:dwfz:SB0309:OB0301:subsection:150",
    "target": "urn:jy:dwfz:SB0309:Theme:TH08"
  },
  {
    "relationName": "ThemeHasSubsection",
    "label": "包含小节 / hasSubsection",
    "source": "urn:jy:dwfz:SB0309:Theme:TH08",
    "target": "urn:jy:dwfz:SB0309:OB0301:subsection:150"
  },
  {
    "relationName": "SubsectionBelongsToTheme",
    "label": "属于主题 / belongsToTheme",
    "source": "urn:jy:dwfz:SB0309:OB0301:subsection:151",
    "target": "urn:jy:dwfz:SB0309:Theme:TH08"
  },
  {
    "relationName": "ThemeHasSubsection",
    "label": "包含小节 / hasSubsection",
    "source": "urn:jy:dwfz:SB0309:Theme:TH08",
    "target": "urn:jy:dwfz:SB0309:OB0301:subsection:151"
  },
  {
    "relationName": "SubsectionBelongsToTheme",
    "label": "属于主题 / belongsToTheme",
    "source": "urn:jy:dwfz:SB0309:OB0301:subsection:152",
    "target": "urn:jy:dwfz:SB0309:Theme:TH08"
  },
  {
    "relationName": "ThemeHasSubsection",
    "label": "包含小节 / hasSubsection",
    "source": "urn:jy:dwfz:SB0309:Theme:TH08",
    "target": "urn:jy:dwfz:SB0309:OB0301:subsection:152"
  },
  {
    "relationName": "SubsectionBelongsToTheme",
    "label": "属于主题 / belongsToTheme",
    "source": "urn:jy:dwfz:SB0309:OB0301:subsection:153",
    "target": "urn:jy:dwfz:SB0309:Theme:TH08"
  },
  {
    "relationName": "ThemeHasSubsection",
    "label": "包含小节 / hasSubsection",
    "source": "urn:jy:dwfz:SB0309:Theme:TH08",
    "target": "urn:jy:dwfz:SB0309:OB0301:subsection:153"
  },
  {
    "relationName": "SubsectionBelongsToTheme",
    "label": "属于主题 / belongsToTheme",
    "source": "urn:jy:dwfz:SB0309:OB0301:subsection:154",
    "target": "urn:jy:dwfz:SB0309:Theme:TH08"
  },
  {
    "relationName": "ThemeHasSubsection",
    "label": "包含小节 / hasSubsection",
    "source": "urn:jy:dwfz:SB0309:Theme:TH08",
    "target": "urn:jy:dwfz:SB0309:OB0301:subsection:154"
  },
  {
    "relationName": "SubsectionBelongsToTheme",
    "label": "属于主题 / belongsToTheme",
    "source": "urn:jy:dwfz:SB0309:OB0301:subsection:155",
    "target": "urn:jy:dwfz:SB0309:Theme:TH08"
  },
  {
    "relationName": "ThemeHasSubsection",
    "label": "包含小节 / hasSubsection",
    "source": "urn:jy:dwfz:SB0309:Theme:TH08",
    "target": "urn:jy:dwfz:SB0309:OB0301:subsection:155"
  },
  {
    "relationName": "SubsectionBelongsToTheme",
    "label": "属于主题 / belongsToTheme",
    "source": "urn:jy:dwfz:SB0309:OB0301:subsection:156",
    "target": "urn:jy:dwfz:SB0309:Theme:TH08"
  },
  {
    "relationName": "ThemeHasSubsection",
    "label": "包含小节 / hasSubsection",
    "source": "urn:jy:dwfz:SB0309:Theme:TH08",
    "target": "urn:jy:dwfz:SB0309:OB0301:subsection:156"
  },
  {
    "relationName": "SubsectionBelongsToTheme",
    "label": "属于主题 / belongsToTheme",
    "source": "urn:jy:dwfz:SB0309:OB0301:subsection:157",
    "target": "urn:jy:dwfz:SB0309:Theme:TH08"
  },
  {
    "relationName": "ThemeHasSubsection",
    "label": "包含小节 / hasSubsection",
    "source": "urn:jy:dwfz:SB0309:Theme:TH08",
    "target": "urn:jy:dwfz:SB0309:OB0301:subsection:157"
  },
  {
    "relationName": "SubsectionBelongsToTheme",
    "label": "属于主题 / belongsToTheme",
    "source": "urn:jy:dwfz:SB0309:OB0301:subsection:158",
    "target": "urn:jy:dwfz:SB0309:Theme:TH08"
  },
  {
    "relationName": "ThemeHasSubsection",
    "label": "包含小节 / hasSubsection",
    "source": "urn:jy:dwfz:SB0309:Theme:TH08",
    "target": "urn:jy:dwfz:SB0309:OB0301:subsection:158"
  },
  {
    "relationName": "SubsectionBelongsToTheme",
    "label": "属于主题 / belongsToTheme",
    "source": "urn:jy:dwfz:SB0309:OB0301:subsection:159",
    "target": "urn:jy:dwfz:SB0309:Theme:TH08"
  },
  {
    "relationName": "ThemeHasSubsection",
    "label": "包含小节 / hasSubsection",
    "source": "urn:jy:dwfz:SB0309:Theme:TH08",
    "target": "urn:jy:dwfz:SB0309:OB0301:subsection:159"
  },
  {
    "relationName": "SubsectionBelongsToTheme",
    "label": "属于主题 / belongsToTheme",
    "source": "urn:jy:dwfz:SB0309:OB0301:subsection:160",
    "target": "urn:jy:dwfz:SB0309:Theme:TH08"
  },
  {
    "relationName": "ThemeHasSubsection",
    "label": "包含小节 / hasSubsection",
    "source": "urn:jy:dwfz:SB0309:Theme:TH08",
    "target": "urn:jy:dwfz:SB0309:OB0301:subsection:160"
  },
  {
    "relationName": "SubsectionBelongsToTheme",
    "label": "属于主题 / belongsToTheme",
    "source": "urn:jy:dwfz:SB0309:OB0301:subsection:161",
    "target": "urn:jy:dwfz:SB0309:Theme:TH08"
  },
  {
    "relationName": "ThemeHasSubsection",
    "label": "包含小节 / hasSubsection",
    "source": "urn:jy:dwfz:SB0309:Theme:TH08",
    "target": "urn:jy:dwfz:SB0309:OB0301:subsection:161"
  },
  {
    "relationName": "SubsectionBelongsToTheme",
    "label": "属于主题 / belongsToTheme",
    "source": "urn:jy:dwfz:SB0309:OB0301:subsection:162",
    "target": "urn:jy:dwfz:SB0309:Theme:TH08"
  },
  {
    "relationName": "ThemeHasSubsection",
    "label": "包含小节 / hasSubsection",
    "source": "urn:jy:dwfz:SB0309:Theme:TH08",
    "target": "urn:jy:dwfz:SB0309:OB0301:subsection:162"
  },
  {
    "relationName": "SubsectionBelongsToTheme",
    "label": "属于主题 / belongsToTheme",
    "source": "urn:jy:dwfz:SB0309:OB0301:subsection:163",
    "target": "urn:jy:dwfz:SB0309:Theme:TH12"
  },
  {
    "relationName": "ThemeHasSubsection",
    "label": "包含小节 / hasSubsection",
    "source": "urn:jy:dwfz:SB0309:Theme:TH12",
    "target": "urn:jy:dwfz:SB0309:OB0301:subsection:163"
  },
  {
    "relationName": "SubsectionBelongsToTheme",
    "label": "属于主题 / belongsToTheme",
    "source": "urn:jy:dwfz:SB0309:OB0301:subsection:164",
    "target": "urn:jy:dwfz:SB0309:Theme:TH12"
  },
  {
    "relationName": "ThemeHasSubsection",
    "label": "包含小节 / hasSubsection",
    "source": "urn:jy:dwfz:SB0309:Theme:TH12",
    "target": "urn:jy:dwfz:SB0309:OB0301:subsection:164"
  }
]