[
    {
      "type": "CourseTarget",
      "title": "掌握生物学基础知识，形成基本的生命观念",
      "description": "获得生物体的结构层次、生物的多样性、生物与环境、植物的生活、人体生理与健康、遗传与进化等方面的基础知识；初步形成生物学的结构与功能观、物质与能量观、进化与适应观、生态观等生命观念；能够应用生命观念探讨和阐释生命现象及规律，认识生物界的多样性和统一性，认识生物界的发展变化，认识人与自然的关系等，初步形成科学的自然观和世界观；能够应用生命观念分析生活中遇到的一些与生物学相关的实际问题。",
      "subject": "SB0403",
      "applicableLevel": "OB03",
      "contentJson": {},
      "identifier": "urn:jy:biology:SB0403:OB03:CourseTarget:l1"
    },
    {
      "type": "CourseTarget",
      "title": "初步掌握科学思维方法，具备一定的科学思维习惯和能力",
      "description": "尊重事实证据，能够运用比较和分类、归纳和演绎、抽象和概括、分析和综合等思维方法认识事物，解决实际问题，初步形成基于证据和逻辑的思维习惯；能够进行独立思考和判断，多角度、辩证地分析问题，提出自己的见解；能够对他人的观点进行审视评判、质疑包容；能够运用科学思维，探讨真实情境中的生物学问题，参与社会性科学议题的讨论。",
      "subject": "SB0403",
      "applicableLevel": "OB03",
      "contentJson": {},
      "identifier": "urn:jy:biology:SB0403:OB03:CourseTarget:l2"
    },
    {
      "type": "CourseTarget",
      "title": "初步具有科学探究和跨学科实践能力，能够分析解决真实情境中的生物学问题",
      "description": "能够从生物学现象中发现和提出问题、收集和分析证据、得出结论。综合运用生物学和其他学科的知识、方法与实验操作技能，采用工程技术手段，通过设计、制作和改进，形成物化成果，将解决问题的想法或创意付诸实践，逐步形成团队合作意识、坚持不懈的探索精神、实践创新意识、审美意识和创意实现能力。",
      "subject": "SB0403",
      "applicableLevel": "OB03",
      "contentJson": {},
      "identifier": "urn:jy:biology:SB0403:OB03:CourseTarget:l3"
    },
    {
      "type": "CourseTarget",
      "title": "初步确立严谨求实的科学态度，乐于探索生命的奥秘",
      "description": "初步理解科学的本质，能以科学态度进行科学探究；面对各种媒体上的生物学信息或社会性科学议题，做到尊重他人的观点，但不迷信权威，不盲从他人，能对自己和他人的观点进行理性审视；乐于探索自然界的奥秘，关注生物科学和生物技术的新进展及其对个人和社会发展的促进作用。",
      "subject": "SB0403",
      "applicableLevel": "OB03",
      "contentJson": {},
      "identifier": "urn:jy:biology:SB0403:OB03:CourseTarget:l4"
    },
    {
      "type": "CourseTarget",
      "title": "树立健康意识和社会责任感，能够强身健体和服务社会",
      "description": "关注身体内外各种因素对健康的影响，在饮食作息、体育锻炼、疾病预防等方面形成健康生活的态度和行为习惯；能够基于生命观念和科学思维，破除迷信，反对伪科学；理解科学、技术、社会、环境的相互关系，参与社会性科学议题的讨论；关注生态安全，初步形成生态文明观念，践行“绿水青山就是金山银山”的理念，积极参与生态环境保护实践，立志成为美丽中国的建设者；主动宣传关于生命安全与健康的观念和知识，成为健康中国的促进者和实践者。",
      "subject": "SB0403",
      "applicableLevel": "OB03",
      "contentJson": {},
      "identifier": "urn:jy:biology:SB0403:OB03:CourseTarget:l5"
    }
  ]
  