[
  {
    "type": "Section",
    "title": "第一节　观察周边环境中的生物",
    "description": "",
    "subject": "SB0403",
    "applicableLevel": "OB03",
    "contentJson": {
      "academicTerm": "初中",
      "grade": "七年级",
      "edition": "人教版",
      "volume": "上册",
      "chapter": "urn:jy:biology:SB0403:OB03:Chapter:l1",
      "year": "new"
    },
    "identifier": "urn:jy:biology:SB0403:OB03:Section:l1"
  },
  {
    "type": "Section",
    "title": "第二节　生物的特征",
    "description": "",
    "subject": "SB0403",
    "applicableLevel": "OB03",
    "contentJson": {
      "academicTerm": "初中",
      "grade": "七年级",
      "edition": "人教版",
      "volume": "上册",
      "chapter": "urn:jy:biology:SB0403:OB03:Chapter:l1",
      "year": "new"
    },
    "identifier": "urn:jy:biology:SB0403:OB03:Section:l2"
  },
  {
    "type": "Section",
    "title": "第一节　学习使用显微镜",
    "description": "",
    "subject": "SB0403",
    "applicableLevel": "OB03",
    "contentJson": {
      "academicTerm": "初中",
      "grade": "七年级",
      "edition": "人教版",
      "volume": "上册",
      "chapter": "urn:jy:biology:SB0403:OB03:Chapter:l2",
      "year": "new"
    },
    "identifier": "urn:jy:biology:SB0403:OB03:Section:l3"
  },
  {
    "type": "Section",
    "title": "第二节　植物细胞",
    "description": "",
    "subject": "SB0403",
    "applicableLevel": "OB03",
    "contentJson": {
      "academicTerm": "初中",
      "grade": "七年级",
      "edition": "人教版",
      "volume": "上册",
      "chapter": "urn:jy:biology:SB0403:OB03:Chapter:l2",
      "year": "new"
    },
    "identifier": "urn:jy:biology:SB0403:OB03:Section:l4"
  },
  {
    "type": "Section",
    "title": "第三节　动物细胞",
    "description": "",
    "subject": "SB0403",
    "applicableLevel": "OB03",
    "contentJson": {
      "academicTerm": "初中",
      "grade": "七年级",
      "edition": "人教版",
      "volume": "上册",
      "chapter": "urn:jy:biology:SB0403:OB03:Chapter:l2",
      "year": "new"
    },
    "identifier": "urn:jy:biology:SB0403:OB03:Section:l5"
  },
  {
    "type": "Section",
    "title": "第四节　细胞的生活",
    "description": "",
    "subject": "SB0403",
    "applicableLevel": "OB03",
    "contentJson": {
      "academicTerm": "初中",
      "grade": "七年级",
      "edition": "人教版",
      "volume": "上册",
      "chapter": "urn:jy:biology:SB0403:OB03:Chapter:l2",
      "year": "new"
    },
    "identifier": "urn:jy:biology:SB0403:OB03:Section:l6"
  },
  {
    "type": "Section",
    "title": "第一节　细胞通过分裂产生新细胞",
    "description": "",
    "subject": "SB0403",
    "applicableLevel": "OB03",
    "contentJson": {
      "academicTerm": "初中",
      "grade": "七年级",
      "edition": "人教版",
      "volume": "上册",
      "chapter": "urn:jy:biology:SB0403:OB03:Chapter:l3",
      "year": "new"
    },
    "identifier": "urn:jy:biology:SB0403:OB03:Section:l7"
  },
  {
    "type": "Section",
    "title": "第二节　动物体的结构层次",
    "description": "",
    "subject": "SB0403",
    "applicableLevel": "OB03",
    "contentJson": {
      "academicTerm": "初中",
      "grade": "七年级",
      "edition": "人教版",
      "volume": "上册",
      "chapter": "urn:jy:biology:SB0403:OB03:Chapter:l3",
      "year": "new"
    },
    "identifier": "urn:jy:biology:SB0403:OB03:Section:l8"
  },
  {
    "type": "Section",
    "title": "第三节　植物体的结构层次",
    "description": "",
    "subject": "SB0403",
    "applicableLevel": "OB03",
    "contentJson": {
      "academicTerm": "初中",
      "grade": "七年级",
      "edition": "人教版",
      "volume": "上册",
      "chapter": "urn:jy:biology:SB0403:OB03:Chapter:l3",
      "year": "new"
    },
    "identifier": "urn:jy:biology:SB0403:OB03:Section:l9"
  },
  {
    "type": "Section",
    "title": "第四节　单细胞生物",
    "description": "",
    "subject": "SB0403",
    "applicableLevel": "OB03",
    "contentJson": {
      "academicTerm": "初中",
      "grade": "七年级",
      "edition": "人教版",
      "volume": "上册",
      "chapter": "urn:jy:biology:SB0403:OB03:Chapter:l3",
      "year": "new"
    },
    "identifier": "urn:jy:biology:SB0403:OB03:Section:l10"
  },
  {
    "type": "Section",
    "title": "综合实践项目　制作细胞模型",
    "description": "",
    "subject": "SB0403",
    "applicableLevel": "OB03",
    "contentJson": {
      "academicTerm": "初中",
      "grade": "七年级",
      "edition": "人教版",
      "volume": "上册",
      "chapter": "urn:jy:biology:SB0403:OB03:Chapter:l3",
      "year": "new"
    },
    "identifier": "urn:jy:biology:SB0403:OB03:Section:l11"
  },
  {
    "type": "Section",
    "title": "第一节　藻类、苔藓植物和蕨类植物",
    "description": "",
    "subject": "SB0403",
    "applicableLevel": "OB03",
    "contentJson": {
      "academicTerm": "初中",
      "grade": "七年级",
      "edition": "人教版",
      "volume": "上册",
      "chapter": "urn:jy:biology:SB0403:OB03:Chapter:l4",
      "year": "new"
    },
    "identifier": "urn:jy:biology:SB0403:OB03:Section:l12"
  },
  {
    "type": "Section",
    "title": "第二节　种子植物",
    "description": "",
    "subject": "SB0403",
    "applicableLevel": "OB03",
    "contentJson": {
      "academicTerm": "初中",
      "grade": "七年级",
      "edition": "人教版",
      "volume": "上册",
      "chapter": "urn:jy:biology:SB0403:OB03:Chapter:l4",
      "year": "new"
    },
    "identifier": "urn:jy:biology:SB0403:OB03:Section:l13"
  },
  {
    "type": "Section",
    "title": "第一节　无脊椎动物",
    "description": "",
    "subject": "SB0403",
    "applicableLevel": "OB03",
    "contentJson": {
      "academicTerm": "初中",
      "grade": "七年级",
      "edition": "人教版",
      "volume": "上册",
      "chapter": "urn:jy:biology:SB0403:OB03:Chapter:l5",
      "year": "new"
    },
    "identifier": "urn:jy:biology:SB0403:OB03:Section:l14"
  },
  {
    "type": "Section",
    "title": "第二节　脊椎动物",
    "description": "",
    "subject": "SB0403",
    "applicableLevel": "OB03",
    "contentJson": {
      "academicTerm": "初中",
      "grade": "七年级",
      "edition": "人教版",
      "volume": "上册",
      "chapter": "urn:jy:biology:SB0403:OB03:Chapter:l5",
      "year": "new"
    },
    "identifier": "urn:jy:biology:SB0403:OB03:Section:l15"
  },
  {
    "type": "Section",
    "title": "第一节　微生物的分布",
    "description": "",
    "subject": "SB0403",
    "applicableLevel": "OB03",
    "contentJson": {
      "academicTerm": "初中",
      "grade": "七年级",
      "edition": "人教版",
      "volume": "上册",
      "chapter": "urn:jy:biology:SB0403:OB03:Chapter:l6",
      "year": "new"
    },
    "identifier": "urn:jy:biology:SB0403:OB03:Section:l16"
  },
  {
    "type": "Section",
    "title": "第二节　细菌",
    "description": "",
    "subject": "SB0403",
    "applicableLevel": "OB03",
    "contentJson": {
      "academicTerm": "初中",
      "grade": "七年级",
      "edition": "人教版",
      "volume": "上册",
      "chapter": "urn:jy:biology:SB0403:OB03:Chapter:l6",
      "year": "new"
    },
    "identifier": "urn:jy:biology:SB0403:OB03:Section:l17"
  },
  {
    "type": "Section",
    "title": "第三节　真菌",
    "description": "",
    "subject": "SB0403",
    "applicableLevel": "OB03",
    "contentJson": {
      "academicTerm": "初中",
      "grade": "七年级",
      "edition": "人教版",
      "volume": "上册",
      "chapter": "urn:jy:biology:SB0403:OB03:Chapter:l6",
      "year": "new"
    },
    "identifier": "urn:jy:biology:SB0403:OB03:Section:l18"
  },
  {
    "type": "Section",
    "title": "第四节　病毒",
    "description": "",
    "subject": "SB0403",
    "applicableLevel": "OB03",
    "contentJson": {
      "academicTerm": "初中",
      "grade": "七年级",
      "edition": "人教版",
      "volume": "上册",
      "chapter": "urn:jy:biology:SB0403:OB03:Chapter:l6",
      "year": "new"
    },
    "identifier": "urn:jy:biology:SB0403:OB03:Section:l19"
  },
  {
    "type": "Section",
    "title": "综合实践项目　利用细菌或真菌制作发酵食品",
    "description": "",
    "subject": "SB0403",
    "applicableLevel": "OB03",
    "contentJson": {
      "academicTerm": "初中",
      "grade": "七年级",
      "edition": "人教版",
      "volume": "上册",
      "chapter": "urn:jy:biology:SB0403:OB03:Chapter:l6",
      "year": "new"
    },
    "identifier": "urn:jy:biology:SB0403:OB03:Section:l20"
  },
  {
    "type": "Section",
    "title": "第一节　尝试对生物进行分类",
    "description": "",
    "subject": "SB0403",
    "applicableLevel": "OB03",
    "contentJson": {
      "academicTerm": "初中",
      "grade": "七年级",
      "edition": "人教版",
      "volume": "上册",
      "chapter": "urn:jy:biology:SB0403:OB03:Chapter:l7",
      "year": "new"
    },
    "identifier": "urn:jy:biology:SB0403:OB03:Section:l21"
  },
  {
    "type": "Section",
    "title": "第二节　从种到界",
    "description": "",
    "subject": "SB0403",
    "applicableLevel": "OB03",
    "contentJson": {
      "academicTerm": "初中",
      "grade": "七年级",
      "edition": "人教版",
      "volume": "上册",
      "chapter": "urn:jy:biology:SB0403:OB03:Chapter:l7",
      "year": "new"
    },
    "identifier": "urn:jy:biology:SB0403:OB03:Section:l22"
  },
  {
    "type": "Section",
    "title": "第一节 种子的萌发",
    "description": "",
    "subject": "SB0403",
    "applicableLevel": "OB03",
    "contentJson": {
      "academicTerm": "初中",
      "grade": "七年级",
      "edition": "人教版",
      "volume": "下册",
      "chapter": "urn:jy:biology:SB0403:OB03:Chapter:l8",
      "year": "new"
    },
    "identifier": "urn:jy:biology:SB0403:OB03:Section:l23"
  },
  {
    "type": "Section",
    "title": "第二节 植株的生长",
    "description": "",
    "subject": "SB0403",
    "applicableLevel": "OB03",
    "contentJson": {
      "academicTerm": "初中",
      "grade": "七年级",
      "edition": "人教版",
      "volume": "下册",
      "chapter": "urn:jy:biology:SB0403:OB03:Chapter:l8",
      "year": "new"
    },
    "identifier": "urn:jy:biology:SB0403:OB03:Section:l24"
  },
  {
    "type": "Section",
    "title": "第三节 开花和结果",
    "description": "",
    "subject": "SB0403",
    "applicableLevel": "OB03",
    "contentJson": {
      "academicTerm": "初中",
      "grade": "七年级",
      "edition": "人教版",
      "volume": "下册",
      "chapter": "urn:jy:biology:SB0403:OB03:Chapter:l8",
      "year": "new"
    },
    "identifier": "urn:jy:biology:SB0403:OB03:Section:l25"
  },
  {
    "type": "Section",
    "title": "第一节 水的利用与散失",
    "description": "",
    "subject": "SB0403",
    "applicableLevel": "OB03",
    "contentJson": {
      "academicTerm": "初中",
      "grade": "七年级",
      "edition": "人教版",
      "volume": "下册",
      "chapter": "urn:jy:biology:SB0403:OB03:Chapter:l9",
      "year": "new"
    },
    "identifier": "urn:jy:biology:SB0403:OB03:Section:l26"
  },
  {
    "type": "Section",
    "title": "第二节 光合作用",
    "description": "",
    "subject": "SB0403",
    "applicableLevel": "OB03",
    "contentJson": {
      "academicTerm": "初中",
      "grade": "七年级",
      "edition": "人教版",
      "volume": "下册",
      "chapter": "urn:jy:biology:SB0403:OB03:Chapter:l9",
      "year": "new"
    },
    "identifier": "urn:jy:biology:SB0403:OB03:Section:l27"
  },
  {
    "type": "Section",
    "title": "第三节 呼吸作用",
    "description": "",
    "subject": "SB0403",
    "applicableLevel": "OB03",
    "contentJson": {
      "academicTerm": "初中",
      "grade": "七年级",
      "edition": "人教版",
      "volume": "下册",
      "chapter": "urn:jy:biology:SB0403:OB03:Chapter:l9",
      "year": "new"
    },
    "identifier": "urn:jy:biology:SB0403:OB03:Section:l28"
  },
  {
    "type": "Section",
    "title": "第四节 植物在自然界中的作用",
    "description": "",
    "subject": "SB0403",
    "applicableLevel": "OB03",
    "contentJson": {
      "academicTerm": "初中",
      "grade": "七年级",
      "edition": "人教版",
      "volume": "下册",
      "chapter": "urn:jy:biology:SB0403:OB03:Chapter:l9",
      "year": "new"
    },
    "identifier": "urn:jy:biology:SB0403:OB03:Section:l29"
  },
  {
    "type": "Section",
    "title": "第一节 人的生殖",
    "description": "",
    "subject": "SB0403",
    "applicableLevel": "OB03",
    "contentJson": {
      "academicTerm": "初中",
      "grade": "七年级",
      "edition": "人教版",
      "volume": "下册",
      "chapter": "urn:jy:biology:SB0403:OB03:Chapter:l11",
      "year": "new"
    },
    "identifier": "urn:jy:biology:SB0403:OB03:Section:l30"
  },
  {
    "type": "Section",
    "title": "第二节 青春期",
    "description": "",
    "subject": "SB0403",
    "applicableLevel": "OB03",
    "contentJson": {
      "academicTerm": "初中",
      "grade": "七年级",
      "edition": "人教版",
      "volume": "下册",
      "chapter": "urn:jy:biology:SB0403:OB03:Chapter:l11",
      "year": "new"
    },
    "identifier": "urn:jy:biology:SB0403:OB03:Section:l31"
  },
  {
    "type": "Section",
    "title": "第一节 食物中的营养物质",
    "description": "",
    "subject": "SB0403",
    "applicableLevel": "OB03",
    "contentJson": {
      "academicTerm": "初中",
      "grade": "七年级",
      "edition": "人教版",
      "volume": "下册",
      "chapter": "urn:jy:biology:SB0403:OB03:Chapter:l12",
      "year": "new"
    },
    "identifier": "urn:jy:biology:SB0403:OB03:Section:l32"
  },
  {
    "type": "Section",
    "title": "第二节 消化和吸收",
    "description": "",
    "subject": "SB0403",
    "applicableLevel": "OB03",
    "contentJson": {
      "academicTerm": "初中",
      "grade": "七年级",
      "edition": "人教版",
      "volume": "下册",
      "chapter": "urn:jy:biology:SB0403:OB03:Chapter:l12",
      "year": "new"
    },
    "identifier": "urn:jy:biology:SB0403:OB03:Section:l33"
  },
  {
    "type": "Section",
    "title": "第三节 合理营养与食品安全",
    "description": "",
    "subject": "SB0403",
    "applicableLevel": "OB03",
    "contentJson": {
      "academicTerm": "初中",
      "grade": "七年级",
      "edition": "人教版",
      "volume": "下册",
      "chapter": "urn:jy:biology:SB0403:OB03:Chapter:l12",
      "year": "new"
    },
    "identifier": "urn:jy:biology:SB0403:OB03:Section:l34"
  },
  {
    "type": "Section",
    "title": "第一节 呼吸道对空气的处理",
    "description": "",
    "subject": "SB0403",
    "applicableLevel": "OB03",
    "contentJson": {
      "academicTerm": "初中",
      "grade": "七年级",
      "edition": "人教版",
      "volume": "下册",
      "chapter": "urn:jy:biology:SB0403:OB03:Chapter:l13",
      "year": "new"
    },
    "identifier": "urn:jy:biology:SB0403:OB03:Section:l35"
  },
  {
    "type": "Section",
    "title": "第二节 发生在肺内的气体交换",
    "description": "",
    "subject": "SB0403",
    "applicableLevel": "OB03",
    "contentJson": {
      "academicTerm": "初中",
      "grade": "七年级",
      "edition": "人教版",
      "volume": "下册",
      "chapter": "urn:jy:biology:SB0403:OB03:Chapter:l13",
      "year": "new"
    },
    "identifier": "urn:jy:biology:SB0403:OB03:Section:l36"
  },
  {
    "type": "Section",
    "title": "第一节 流动的组织--血液",
    "description": "",
    "subject": "SB0403",
    "applicableLevel": "OB03",
    "contentJson": {
      "academicTerm": "初中",
      "grade": "七年级",
      "edition": "人教版",
      "volume": "下册",
      "chapter": "urn:jy:biology:SB0403:OB03:Chapter:l14",
      "year": "new"
    },
    "identifier": "urn:jy:biology:SB0403:OB03:Section:l37"
  },
  {
    "type": "Section",
    "title": "第二节 血流的管道--血管",
    "description": "",
    "subject": "SB0403",
    "applicableLevel": "OB03",
    "contentJson": {
      "academicTerm": "初中",
      "grade": "七年级",
      "edition": "人教版",
      "volume": "下册",
      "chapter": "urn:jy:biology:SB0403:OB03:Chapter:l14",
      "year": "new"
    },
    "identifier": "urn:jy:biology:SB0403:OB03:Section:l38"
  },
  {
    "type": "Section",
    "title": "第三节 输送血液的泵--心脏",
    "description": "",
    "subject": "SB0403",
    "applicableLevel": "OB03",
    "contentJson": {
      "academicTerm": "初中",
      "grade": "七年级",
      "edition": "人教版",
      "volume": "下册",
      "chapter": "urn:jy:biology:SB0403:OB03:Chapter:l14",
      "year": "new"
    },
    "identifier": "urn:jy:biology:SB0403:OB03:Section:l39"
  },
  {
    "type": "Section",
    "title": "第一节   腔肠动物和扁形动物",
    "description": "",
    "subject": "SB0403",
    "applicableLevel": "OB03",
    "contentJson": {
      "academicTerm": "初中",
      "grade": "八年级",
      "edition": "人教版",
      "volume": "上册",
      "chapter": "urn:jy:biology:SB0403:OB03:Chapter:l17",
      "year": "new"
    },
    "identifier": "urn:jy:biology:SB0403:OB03:Section:l40"
  },
  {
    "type": "Section",
    "title": "第二节　线形动物和环节动物",
    "description": "",
    "subject": "SB0403",
    "applicableLevel": "OB03",
    "contentJson": {
      "academicTerm": "初中",
      "grade": "八年级",
      "edition": "人教版",
      "volume": "上册",
      "chapter": "urn:jy:biology:SB0403:OB03:Chapter:l17",
      "year": "new"
    },
    "identifier": "urn:jy:biology:SB0403:OB03:Section:l41"
  },
  {
    "type": "Section",
    "title": "第三节　软体动物和节肢动物",
    "description": "",
    "subject": "SB0403",
    "applicableLevel": "OB03",
    "contentJson": {
      "academicTerm": "初中",
      "grade": "八年级",
      "edition": "人教版",
      "volume": "上册",
      "chapter": "urn:jy:biology:SB0403:OB03:Chapter:l17",
      "year": "new"
    },
    "identifier": "urn:jy:biology:SB0403:OB03:Section:l42"
  },
  {
    "type": "Section",
    "title": "与生物学有关的职业　养殖专业户",
    "description": "",
    "subject": "SB0403",
    "applicableLevel": "OB03",
    "contentJson": {
      "academicTerm": "初中",
      "grade": "八年级",
      "edition": "人教版",
      "volume": "上册",
      "chapter": "urn:jy:biology:SB0403:OB03:Chapter:l17",
      "year": "new"
    },
    "identifier": "urn:jy:biology:SB0403:OB03:Section:l43"
  },
  {
    "type": "Section",
    "title": "第四节　鱼",
    "description": "",
    "subject": "SB0403",
    "applicableLevel": "OB03",
    "contentJson": {
      "academicTerm": "初中",
      "grade": "八年级",
      "edition": "人教版",
      "volume": "上册",
      "chapter": "urn:jy:biology:SB0403:OB03:Chapter:l17",
      "year": "new"
    },
    "identifier": "urn:jy:biology:SB0403:OB03:Section:l44"
  },
  {
    "type": "Section",
    "title": "第五节　两栖动物和爬行动物",
    "description": "",
    "subject": "SB0403",
    "applicableLevel": "OB03",
    "contentJson": {
      "academicTerm": "初中",
      "grade": "八年级",
      "edition": "人教版",
      "volume": "上册",
      "chapter": "urn:jy:biology:SB0403:OB03:Chapter:l17",
      "year": "new"
    },
    "identifier": "urn:jy:biology:SB0403:OB03:Section:l45"
  },
  {
    "type": "Section",
    "title": "第六节　鸟",
    "description": "",
    "subject": "SB0403",
    "applicableLevel": "OB03",
    "contentJson": {
      "academicTerm": "初中",
      "grade": "八年级",
      "edition": "人教版",
      "volume": "上册",
      "chapter": "urn:jy:biology:SB0403:OB03:Chapter:l17",
      "year": "new"
    },
    "identifier": "urn:jy:biology:SB0403:OB03:Section:l46"
  },
  {
    "type": "Section",
    "title": "生物学与艺术　动物与造型艺术",
    "description": "",
    "subject": "SB0403",
    "applicableLevel": "OB03",
    "contentJson": {
      "academicTerm": "初中",
      "grade": "八年级",
      "edition": "人教版",
      "volume": "上册",
      "chapter": "urn:jy:biology:SB0403:OB03:Chapter:l17",
      "year": "new"
    },
    "identifier": "urn:jy:biology:SB0403:OB03:Section:l47"
  },
  {
    "type": "Section",
    "title": "第七节　哺乳动物",
    "description": "",
    "subject": "SB0403",
    "applicableLevel": "OB03",
    "contentJson": {
      "academicTerm": "初中",
      "grade": "八年级",
      "edition": "人教版",
      "volume": "上册",
      "chapter": "urn:jy:biology:SB0403:OB03:Chapter:l17",
      "year": "new"
    },
    "identifier": "urn:jy:biology:SB0403:OB03:Section:l48"
  },
  {
    "type": "Section",
    "title": "与生物学有关的职业　兽医师",
    "description": "",
    "subject": "SB0403",
    "applicableLevel": "OB03",
    "contentJson": {
      "academicTerm": "初中",
      "grade": "八年级",
      "edition": "人教版",
      "volume": "上册",
      "chapter": "urn:jy:biology:SB0403:OB03:Chapter:l17",
      "year": "new"
    },
    "identifier": "urn:jy:biology:SB0403:OB03:Section:l49"
  },
  {
    "type": "Section",
    "title": "第一节　动物的运动",
    "description": "",
    "subject": "SB0403",
    "applicableLevel": "OB03",
    "contentJson": {
      "academicTerm": "初中",
      "grade": "八年级",
      "edition": "人教版",
      "volume": "上册",
      "chapter": "urn:jy:biology:SB0403:OB03:Chapter:l18",
      "year": "new"
    },
    "identifier": "urn:jy:biology:SB0403:OB03:Section:l50"
  },
  {
    "type": "Section",
    "title": "生物学与文学　借动物以言志",
    "description": "",
    "subject": "SB0403",
    "applicableLevel": "OB03",
    "contentJson": {
      "academicTerm": "初中",
      "grade": "八年级",
      "edition": "人教版",
      "volume": "上册",
      "chapter": "urn:jy:biology:SB0403:OB03:Chapter:l18",
      "year": "new"
    },
    "identifier": "urn:jy:biology:SB0403:OB03:Section:l51"
  },
  {
    "type": "Section",
    "title": "第二节　先天性行为和学习行为",
    "description": "",
    "subject": "SB0403",
    "applicableLevel": "OB03",
    "contentJson": {
      "academicTerm": "初中",
      "grade": "八年级",
      "edition": "人教版",
      "volume": "上册",
      "chapter": "urn:jy:biology:SB0403:OB03:Chapter:l18",
      "year": "new"
    },
    "identifier": "urn:jy:biology:SB0403:OB03:Section:l52"
  },
  {
    "type": "Section",
    "title": "科学·技术·社会　动物行为学家的新装备",
    "description": "",
    "subject": "SB0403",
    "applicableLevel": "OB03",
    "contentJson": {
      "academicTerm": "初中",
      "grade": "八年级",
      "edition": "人教版",
      "volume": "上册",
      "chapter": "urn:jy:biology:SB0403:OB03:Chapter:l18",
      "year": "new"
    },
    "identifier": "urn:jy:biology:SB0403:OB03:Section:l53"
  },
  {
    "type": "Section",
    "title": "第三节　社会行为",
    "description": "",
    "subject": "SB0403",
    "applicableLevel": "OB03",
    "contentJson": {
      "academicTerm": "初中",
      "grade": "八年级",
      "edition": "人教版",
      "volume": "上册",
      "chapter": "urn:jy:biology:SB0403:OB03:Chapter:l18",
      "year": "new"
    },
    "identifier": "urn:jy:biology:SB0403:OB03:Section:l54"
  },
  {
    "type": "Section",
    "title": "科学家的故事　珍妮·古道尔和黑猩猩交朋友",
    "description": "",
    "subject": "SB0403",
    "applicableLevel": "OB03",
    "contentJson": {
      "academicTerm": "初中",
      "grade": "八年级",
      "edition": "人教版",
      "volume": "上册",
      "chapter": "urn:jy:biology:SB0403:OB03:Chapter:l18",
      "year": "new"
    },
    "identifier": "urn:jy:biology:SB0403:OB03:Section:l55"
  },
  {
    "type": "Section",
    "title": "动物在生物圈中的作用",
    "description": "",
    "subject": "SB0403",
    "applicableLevel": "OB03",
    "contentJson": {
      "academicTerm": "初中",
      "grade": "八年级",
      "edition": "人教版",
      "volume": "上册",
      "chapter": "urn:jy:biology:SB0403:OB03:Chapter:l19",
      "year": "new"
    },
    "identifier": "urn:jy:biology:SB0403:OB03:Section:l56"
  },
  {
    "type": "Section",
    "title": "科学·技术·社会　动物与仿生",
    "description": "",
    "subject": "SB0403",
    "applicableLevel": "OB03",
    "contentJson": {
      "academicTerm": "初中",
      "grade": "八年级",
      "edition": "人教版",
      "volume": "上册",
      "chapter": "urn:jy:biology:SB0403:OB03:Chapter:l19",
      "year": "new"
    },
    "identifier": "urn:jy:biology:SB0403:OB03:Section:l57"
  },
  {
    "type": "Section",
    "title": "第一节　细菌和真菌的分布",
    "description": "",
    "subject": "SB0403",
    "applicableLevel": "OB03",
    "contentJson": {
      "academicTerm": "初中",
      "grade": "八年级",
      "edition": "人教版",
      "volume": "上册",
      "chapter": "urn:jy:biology:SB0403:OB03:Chapter:l20",
      "year": "new"
    },
    "identifier": "urn:jy:biology:SB0403:OB03:Section:l58"
  },
  {
    "type": "Section",
    "title": "第二节　细菌",
    "description": "",
    "subject": "SB0403",
    "applicableLevel": "OB03",
    "contentJson": {
      "academicTerm": "初中",
      "grade": "八年级",
      "edition": "人教版",
      "volume": "上册",
      "chapter": "urn:jy:biology:SB0403:OB03:Chapter:l20",
      "year": "new"
    },
    "identifier": "urn:jy:biology:SB0403:OB03:Section:l59"
  },
  {
    "type": "Section",
    "title": "第三节　真菌",
    "description": "",
    "subject": "SB0403",
    "applicableLevel": "OB03",
    "contentJson": {
      "academicTerm": "初中",
      "grade": "八年级",
      "edition": "人教版",
      "volume": "上册",
      "chapter": "urn:jy:biology:SB0403:OB03:Chapter:l20",
      "year": "new"
    },
    "identifier": "urn:jy:biology:SB0403:OB03:Section:l60"
  },
  {
    "type": "Section",
    "title": "第四节　细菌和真菌在自然界中的作用",
    "description": "",
    "subject": "SB0403",
    "applicableLevel": "OB03",
    "contentJson": {
      "academicTerm": "初中",
      "grade": "八年级",
      "edition": "人教版",
      "volume": "上册",
      "chapter": "urn:jy:biology:SB0403:OB03:Chapter:l20",
      "year": "new"
    },
    "identifier": "urn:jy:biology:SB0403:OB03:Section:l61"
  },
  {
    "type": "Section",
    "title": "科学·技术·社会　以菌治虫",
    "description": "",
    "subject": "SB0403",
    "applicableLevel": "OB03",
    "contentJson": {
      "academicTerm": "初中",
      "grade": "八年级",
      "edition": "人教版",
      "volume": "上册",
      "chapter": "urn:jy:biology:SB0403:OB03:Chapter:l20",
      "year": "new"
    },
    "identifier": "urn:jy:biology:SB0403:OB03:Section:l62"
  },
  {
    "type": "Section",
    "title": "第五节　人类对细菌和真菌的利用",
    "description": "",
    "subject": "SB0403",
    "applicableLevel": "OB03",
    "contentJson": {
      "academicTerm": "初中",
      "grade": "八年级",
      "edition": "人教版",
      "volume": "上册",
      "chapter": "urn:jy:biology:SB0403:OB03:Chapter:l20",
      "year": "new"
    },
    "identifier": "urn:jy:biology:SB0403:OB03:Section:l63"
  },
  {
    "type": "Section",
    "title": "科学·技术·社会　“超级细菌”近在咫尺",
    "description": "",
    "subject": "SB0403",
    "applicableLevel": "OB03",
    "contentJson": {
      "academicTerm": "初中",
      "grade": "八年级",
      "edition": "人教版",
      "volume": "上册",
      "chapter": "urn:jy:biology:SB0403:OB03:Chapter:l20",
      "year": "new"
    },
    "identifier": "urn:jy:biology:SB0403:OB03:Section:l64"
  },
  {
    "type": "Section",
    "title": "病毒",
    "description": "",
    "subject": "SB0403",
    "applicableLevel": "OB03",
    "contentJson": {
      "academicTerm": "初中",
      "grade": "八年级",
      "edition": "人教版",
      "volume": "上册",
      "chapter": "urn:jy:biology:SB0403:OB03:Chapter:l21",
      "year": "new"
    },
    "identifier": "urn:jy:biology:SB0403:OB03:Section:l65"
  },
  {
    "type": "Section",
    "title": "科学·技术·社会　狂犬病和狂犬病病毒",
    "description": "",
    "subject": "SB0403",
    "applicableLevel": "OB03",
    "contentJson": {
      "academicTerm": "初中",
      "grade": "八年级",
      "edition": "人教版",
      "volume": "上册",
      "chapter": "urn:jy:biology:SB0403:OB03:Chapter:l21",
      "year": "new"
    },
    "identifier": "urn:jy:biology:SB0403:OB03:Section:l66"
  },
  {
    "type": "Section",
    "title": "第一节　尝试对生物进行分类",
    "description": "",
    "subject": "SB0403",
    "applicableLevel": "OB03",
    "contentJson": {
      "academicTerm": "初中",
      "grade": "八年级",
      "edition": "人教版",
      "volume": "上册",
      "chapter": "urn:jy:biology:SB0403:OB03:Chapter:l22",
      "year": "new"
    },
    "identifier": "urn:jy:biology:SB0403:OB03:Section:l67"
  },
  {
    "type": "Section",
    "title": "第二节　从种到界",
    "description": "",
    "subject": "SB0403",
    "applicableLevel": "OB03",
    "contentJson": {
      "academicTerm": "初中",
      "grade": "八年级",
      "edition": "人教版",
      "volume": "上册",
      "chapter": "urn:jy:biology:SB0403:OB03:Chapter:l22",
      "year": "new"
    },
    "identifier": "urn:jy:biology:SB0403:OB03:Section:l68"
  },
  {
    "type": "Section",
    "title": "科学家的故事　林奈和双名法",
    "description": "",
    "subject": "SB0403",
    "applicableLevel": "OB03",
    "contentJson": {
      "academicTerm": "初中",
      "grade": "八年级",
      "edition": "人教版",
      "volume": "上册",
      "chapter": "urn:jy:biology:SB0403:OB03:Chapter:l22",
      "year": "new"
    },
    "identifier": "urn:jy:biology:SB0403:OB03:Section:l69"
  },
  {
    "type": "Section",
    "title": "第一节 植物的生殖",
    "description": "",
    "subject": "SB0403",
    "applicableLevel": "OB03",
    "contentJson": {
      "academicTerm": "初中",
      "grade": "八年级",
      "edition": "人教版",
      "volume": "下册",
      "chapter": "urn:jy:biology:SB0403:OB03:Chapter:l25",
      "year": "old"
    },
    "identifier": "urn:jy:biology:SB0403:OB03:Section:l70"
  },
  {
    "type": "Section",
    "title": "科学·技术·社会 植物的组织培养",
    "description": "",
    "subject": "SB0403",
    "applicableLevel": "OB03",
    "contentJson": {
      "academicTerm": "初中",
      "grade": "八年级",
      "edition": "人教版",
      "volume": "下册",
      "chapter": "urn:jy:biology:SB0403:OB03:Chapter:l25",
      "year": "old"
    },
    "identifier": "urn:jy:biology:SB0403:OB03:Section:l71"
  },
  {
    "type": "Section",
    "title": "第二节 昆虫的生殖和发育",
    "description": "",
    "subject": "SB0403",
    "applicableLevel": "OB03",
    "contentJson": {
      "academicTerm": "初中",
      "grade": "八年级",
      "edition": "人教版",
      "volume": "下册",
      "chapter": "urn:jy:biology:SB0403:OB03:Chapter:l25",
      "year": "old"
    },
    "identifier": "urn:jy:biology:SB0403:OB03:Section:l72"
  },
  {
    "type": "Section",
    "title": "与生物学有关的职业 标本员",
    "description": "",
    "subject": "SB0403",
    "applicableLevel": "OB03",
    "contentJson": {
      "academicTerm": "初中",
      "grade": "八年级",
      "edition": "人教版",
      "volume": "下册",
      "chapter": "urn:jy:biology:SB0403:OB03:Chapter:l25",
      "year": "old"
    },
    "identifier": "urn:jy:biology:SB0403:OB03:Section:l73"
  },
  {
    "type": "Section",
    "title": "第三节 两栖动物的生殖和发育",
    "description": "",
    "subject": "SB0403",
    "applicableLevel": "OB03",
    "contentJson": {
      "academicTerm": "初中",
      "grade": "八年级",
      "edition": "人教版",
      "volume": "下册",
      "chapter": "urn:jy:biology:SB0403:OB03:Chapter:l25",
      "year": "old"
    },
    "identifier": "urn:jy:biology:SB0403:OB03:Section:l74"
  },
  {
    "type": "Section",
    "title": "第四节 鸟的生殖和发育",
    "description": "",
    "subject": "SB0403",
    "applicableLevel": "OB03",
    "contentJson": {
      "academicTerm": "初中",
      "grade": "八年级",
      "edition": "人教版",
      "volume": "下册",
      "chapter": "urn:jy:biology:SB0403:OB03:Chapter:l25",
      "year": "old"
    },
    "identifier": "urn:jy:biology:SB0403:OB03:Section:l75"
  },
  {
    "type": "Section",
    "title": "科学·技术·社会 带你参观养鸡场",
    "description": "",
    "subject": "SB0403",
    "applicableLevel": "OB03",
    "contentJson": {
      "academicTerm": "初中",
      "grade": "八年级",
      "edition": "人教版",
      "volume": "下册",
      "chapter": "urn:jy:biology:SB0403:OB03:Chapter:l25",
      "year": "old"
    },
    "identifier": "urn:jy:biology:SB0403:OB03:Section:l76"
  },
  {
    "type": "Section",
    "title": "第一节 基因控制生物的性状",
    "description": "",
    "subject": "SB0403",
    "applicableLevel": "OB03",
    "contentJson": {
      "academicTerm": "初中",
      "grade": "八年级",
      "edition": "人教版",
      "volume": "下册",
      "chapter": "urn:jy:biology:SB0403:OB03:Chapter:l26",
      "year": "old"
    },
    "identifier": "urn:jy:biology:SB0403:OB03:Section:l77"
  },
  {
    "type": "Section",
    "title": "第二节 基因在亲子代间的传递",
    "description": "",
    "subject": "SB0403",
    "applicableLevel": "OB03",
    "contentJson": {
      "academicTerm": "初中",
      "grade": "八年级",
      "edition": "人教版",
      "volume": "下册",
      "chapter": "urn:jy:biology:SB0403:OB03:Chapter:l26",
      "year": "old"
    },
    "identifier": "urn:jy:biology:SB0403:OB03:Section:l78"
  },
  {
    "type": "Section",
    "title": "第三节 基因的显性和隐性",
    "description": "",
    "subject": "SB0403",
    "applicableLevel": "OB03",
    "contentJson": {
      "academicTerm": "初中",
      "grade": "八年级",
      "edition": "人教版",
      "volume": "下册",
      "chapter": "urn:jy:biology:SB0403:OB03:Chapter:l26",
      "year": "old"
    },
    "identifier": "urn:jy:biology:SB0403:OB03:Section:l79"
  },
  {
    "type": "Section",
    "title": "科学·技术·社会 中国拥抱“基因世纪”",
    "description": "",
    "subject": "SB0403",
    "applicableLevel": "OB03",
    "contentJson": {
      "academicTerm": "初中",
      "grade": "八年级",
      "edition": "人教版",
      "volume": "下册",
      "chapter": "urn:jy:biology:SB0403:OB03:Chapter:l26",
      "year": "old"
    },
    "identifier": "urn:jy:biology:SB0403:OB03:Section:l80"
  },
  {
    "type": "Section",
    "title": "第四节 人的性别遗传",
    "description": "",
    "subject": "SB0403",
    "applicableLevel": "OB03",
    "contentJson": {
      "academicTerm": "初中",
      "grade": "八年级",
      "edition": "人教版",
      "volume": "下册",
      "chapter": "urn:jy:biology:SB0403:OB03:Chapter:l26",
      "year": "old"
    },
    "identifier": "urn:jy:biology:SB0403:OB03:Section:l81"
  },
  {
    "type": "Section",
    "title": "第五节 生物的变异",
    "description": "",
    "subject": "SB0403",
    "applicableLevel": "OB03",
    "contentJson": {
      "academicTerm": "初中",
      "grade": "八年级",
      "edition": "人教版",
      "volume": "下册",
      "chapter": "urn:jy:biology:SB0403:OB03:Chapter:l26",
      "year": "old"
    },
    "identifier": "urn:jy:biology:SB0403:OB03:Section:l82"
  },
  {
    "type": "Section",
    "title": "科学家的故事 袁隆平与杂交水稻",
    "description": "",
    "subject": "SB0403",
    "applicableLevel": "OB03",
    "contentJson": {
      "academicTerm": "初中",
      "grade": "八年级",
      "edition": "人教版",
      "volume": "下册",
      "chapter": "urn:jy:biology:SB0403:OB03:Chapter:l26",
      "year": "old"
    },
    "identifier": "urn:jy:biology:SB0403:OB03:Section:l83"
  },
    {
      "type": "Section",
      "title": "第一节 地球上生命的起源",
      "description": "",
      "subject": "SB0403",
      "applicableLevel": "OB03",
      "contentJson": {
        "academicTerm": "初中",
        "grade": "八年级",
        "edition": "人教版",
        "volume": "下册",
        "chapter": "urn:jy:biology:SB0403:OB03:Chapter:l27",
        "year": "old"
      },
      "identifier": "urn:jy:biology:SB0403:OB03:Section:l84"
    },
    {
      "type": "Section",
      "title": "科学·技术·社会 探索地球外的生命",
      "description": "",
      "subject": "SB0403",
      "applicableLevel": "OB03",
      "contentJson": {
        "academicTerm": "初中",
        "grade": "八年级",
        "edition": "人教版",
        "volume": "下册",
        "chapter": "urn:jy:biology:SB0403:OB03:Chapter:l27",
        "year": "old"
      },
      "identifier": "urn:jy:biology:SB0403:OB03:Section:l85"
    },
    {
      "type": "Section",
      "title": "第二节 生物进化的历程",
      "description": "",
      "subject": "SB0403",
      "applicableLevel": "OB03",
      "contentJson": {
        "academicTerm": "初中",
        "grade": "八年级",
        "edition": "人教版",
        "volume": "下册",
        "chapter": "urn:jy:biology:SB0403:OB03:Chapter:l27",
        "year": "old"
      },
      "identifier": "urn:jy:biology:SB0403:OB03:Section:l86"
    },
    {
      "type": "Section",
      "title": "第三节 生物进化的原因",
      "description": "",
      "subject": "SB0403",
      "applicableLevel": "OB03",
      "contentJson": {
        "academicTerm": "初中",
        "grade": "八年级",
        "edition": "人教版",
        "volume": "下册",
        "chapter": "urn:jy:biology:SB0403:OB03:Chapter:l27",
        "year": "old"
      },
      "identifier": "urn:jy:biology:SB0403:OB03:Section:l87"
    },
    {
      "type": "Section",
      "title": "科学家的故事 达尔文和他的进化思想",
      "description": "",
      "subject": "SB0403",
      "applicableLevel": "OB03",
      "contentJson": {
        "academicTerm": "初中",
        "grade": "八年级",
        "edition": "人教版",
        "volume": "下册",
        "chapter": "urn:jy:biology:SB0403:OB03:Chapter:l27",
        "year": "old"
      },
      "identifier": "urn:jy:biology:SB0403:OB03:Section:l88"
    },
      {
        "type": "Section",
        "title": "第一节 传染病及其预防",
        "description": "",
        "subject": "SB0403",
        "applicableLevel": "OB03",
        "contentJson": {
          "academicTerm": "初中",
          "grade": "八年级",
          "edition": "人教版",
          "volume": "下册",
          "chapter": "urn:jy:biology:SB0403:OB03:Chapter:l28",
          "year": "old"
        },
        "identifier": "urn:jy:biology:SB0403:OB03:Section:l89"
      },
      {
        "type": "Section",
        "title": "科学·技术·社会 人类与传染病的斗争",
        "description": "",
        "subject": "SB0403",
        "applicableLevel": "OB03",
        "contentJson": {
          "academicTerm": "初中",
          "grade": "八年级",
          "edition": "人教版",
          "volume": "下册",
          "chapter": "urn:jy:biology:SB0403:OB03:Chapter:l28",
          "year": "old"
        },
        "identifier": "urn:jy:biology:SB0403:OB03:Section:l90"
      },
      {
        "type": "Section",
        "title": "第二节 免疫与计划免疫",
        "description": "",
        "subject": "SB0403",
        "applicableLevel": "OB03",
        "contentJson": {
          "academicTerm": "初中",
          "grade": "八年级",
          "edition": "人教版",
          "volume": "下册",
          "chapter": "urn:jy:biology:SB0403:OB03:Chapter:l28",
          "year": "old"
        },
        "identifier": "urn:jy:biology:SB0403:OB03:Section:l91"
      },
    
      {
        "type": "Section",
        "title": "用药与急救",
        "description": "",
        "subject": "SB0403",
        "applicableLevel": "OB03",
        "contentJson": {
          "academicTerm": "初中",
          "grade": "八年级",
          "edition": "人教版",
          "volume": "下册",
          "chapter": "urn:jy:biology:SB0403:OB03:Chapter:l29",
          "year": "old"
        },
        "identifier": "urn:jy:biology:SB0403:OB03:Section:l92"
      },
      {
        "type": "Section",
        "title": "科学家的故事　李时珍与《本草纲目》",
        "description": "",
        "subject": "SB0403",
        "applicableLevel": "OB03",
        "contentJson": {
          "academicTerm": "初中",
          "grade": "八年级",
          "edition": "人教版",
          "volume": "下册",
          "chapter": "urn:jy:biology:SB0403:OB03:Chapter:l29",
          "year": "old"
        },
        "identifier": "urn:jy:biology:SB0403:OB03:Section:l93"
      },
      {
        "type": "Section",
        "title": "与生物学有关的职业　医疗救护员",
        "description": "",
        "subject": "SB0403",
        "applicableLevel": "OB03",
        "contentJson": {
          "academicTerm": "初中",
          "grade": "八年级",
          "edition": "人教版",
          "volume": "下册",
          "chapter": "urn:jy:biology:SB0403:OB03:Chapter:l29",
          "year": "old"
        },
        "identifier": "urn:jy:biology:SB0403:OB03:Section:l94"
      },
    
      {
        "type": "Section",
        "title": "第一节 评价自己的健康状况",
        "description": "",
        "subject": "SB0403",
        "applicableLevel": "OB03",
        "contentJson": {
          "academicTerm": "初中",
          "grade": "八年级",
          "edition": "人教版",
          "volume": "下册",
          "chapter": "urn:jy:biology:SB0403:OB03:Chapter:l30",
          "year": "old"
        },
        "identifier": "urn:jy:biology:SB0403:OB03:Section:l95"
      },
      {
        "type": "Section",
        "title": "与生物学有关的职业 心理咨询师",
        "description": "",
        "subject": "SB0403",
        "applicableLevel": "OB03",
        "contentJson": {
          "academicTerm": "初中",
          "grade": "八年级",
          "edition": "人教版",
          "volume": "下册",
          "chapter": "urn:jy:biology:SB0403:OB03:Chapter:l30",
          "year": "old"
        },
        "identifier": "urn:jy:biology:SB0403:OB03:Section:l96"
      },
      {
        "type": "Section",
        "title": "第二节 选择健康的生活方式",
        "description": "",
        "subject": "SB0403",
        "applicableLevel": "OB03",
        "contentJson": {
          "academicTerm": "初中",
          "grade": "八年级",
          "edition": "人教版",
          "volume": "下册",
          "chapter": "urn:jy:biology:SB0403:OB03:Chapter:l30",
          "year": "old"
        },
        "identifier": "urn:jy:biology:SB0403:OB03:Section:l97"
      },
      {
        "type": "Section",
        "title": "与生物学有关的职业 健康管理师",
        "description": "",
        "subject": "SB0403",
        "applicableLevel": "OB03",
        "contentJson": {
          "academicTerm": "初中",
          "grade": "八年级",
          "edition": "人教版",
          "volume": "下册",
          "chapter": "urn:jy:biology:SB0403:OB03:Chapter:l30",
          "year": "old"
        },
        "identifier": "urn:jy:biology:SB0403:OB03:Section:l98"
      },
      {
        "type": "Section",
        "title": "第二章了解生物圈",
        "description": "",
        "subject": "SB0403",
        "applicableLevel": "OB03",
        "contentJson": {
          "academicTerm": "初中",
          "grade": "八年级",
          "edition": "人教版",
          "volume": "下册",
          "chapter": "urn:jy:biology:SB0403:OB03:Chapter:l31",
          "year": "old"
        },
        "identifier": "urn:jy:biology:SB0403:OB03:Section:l99"
      },
      {
        "type": "Section",
        "title": "第一章 细胞是生命活动的基本单位",
        "description": "",
        "subject": "SB0403",
        "applicableLevel": "OB03",
        "contentJson": {
          "academicTerm": "初中",
          "grade": "八年级",
          "edition": "人教版",
          "volume": "下册",
          "chapter": "urn:jy:biology:SB0403:OB03:Chapter:l32",
          "year": "old"
        },
        "identifier": "urn:jy:biology:SB0403:OB03:Section:l100"
      },
      {
        "type": "Section",
        "title": "第二章 细胞怎样构成生物体",
        "description": "",
        "subject": "SB0403",
        "applicableLevel": "OB03",
        "contentJson": {
          "academicTerm": "初中",
          "grade": "八年级",
          "edition": "人教版",
          "volume": "下册",
          "chapter": "urn:jy:biology:SB0403:OB03:Chapter:l32",
          "year": "old"
        },
        "identifier": "urn:jy:biology:SB0403:OB03:Section:l101"
      },
      {
        "type": "Section",
        "title": "第二章 被子植物的一生",
        "description": "",
        "subject": "SB0403",
        "applicableLevel": "OB03",
        "contentJson": {
          "academicTerm": "初中",
          "grade": "八年级",
          "edition": "人教版",
          "volume": "下册",
          "chapter": "urn:jy:biology:SB0403:OB03:Chapter:l33",
          "year": "old"
        },
        "identifier": "urn:jy:biology:SB0403:OB03:Section:l102"
      },
      {
        "type": "Section",
        "title": "第三章 绿色植物与生物圈的水循环",
        "description": "",
        "subject": "SB0403",
        "applicableLevel": "OB03",
        "contentJson": {
          "academicTerm": "初中",
          "grade": "八年级",
          "edition": "人教版",
          "volume": "下册",
          "chapter": "urn:jy:biology:SB0403:OB03:Chapter:l33",
          "year": "old"
        },
        "identifier": "urn:jy:biology:SB0403:OB03:Section:l103"
      },
      {
        "type": "Section",
        "title": "第四章 绿色植物是生物圈中有机物的制造者",
        "description": "",
        "subject": "SB0403",
        "applicableLevel": "OB03",
        "contentJson": {
          "academicTerm": "初中",
          "grade": "八年级",
          "edition": "人教版",
          "volume": "下册",
          "chapter": "urn:jy:biology:SB0403:OB03:Chapter:l33",
          "year": "old"
        },
        "identifier": "urn:jy:biology:SB0403:OB03:Section:l104"
      },
      {
        "type": "Section",
        "title": "第五章 绿色植物与生物圈中碳 - 氧平衡",
        "description": "",
        "subject": "SB0403",
        "applicableLevel": "OB03",
        "contentJson": {
          "academicTerm": "初中",
          "grade": "八年级",
          "edition": "人教版",
          "volume": "下册",
          "chapter": "urn:jy:biology:SB0403:OB03:Chapter:l33",
          "year": "old"
        },
        "identifier": "urn:jy:biology:SB0403:OB03:Section:l105"
      },
      {
        "type": "Section",
        "title": "第二章 人体的营养",
        "description": "",
        "subject": "SB0403",
        "applicableLevel": "OB03",
        "contentJson": {
          "academicTerm": "初中",
          "grade": "八年级",
          "edition": "人教版",
          "volume": "下册",
          "chapter": "urn:jy:biology:SB0403:OB03:Chapter:l34",
          "year": "old"
        },
        "identifier": "urn:jy:biology:SB0403:OB03:Section:l106"
      },
      {
        "type": "Section",
        "title": "第三章 人体的呼吸",
        "description": "",
        "subject": "SB0403",
        "applicableLevel": "OB03",
        "contentJson": {
          "academicTerm": "初中",
          "grade": "八年级",
          "edition": "人教版",
          "volume": "下册",
          "chapter": "urn:jy:biology:SB0403:OB03:Chapter:l34",
          "year": "old"
        },
        "identifier": "urn:jy:biology:SB0403:OB03:Section:l107"
      },
      {
        "type": "Section",
        "title": "第四章 人体内物质的运输",
        "description": "",
        "subject": "SB0403",
        "applicableLevel": "OB03",
        "contentJson": {
          "academicTerm": "初中",
          "grade": "八年级",
          "edition": "人教版",
          "volume": "下册",
          "chapter": "urn:jy:biology:SB0403:OB03:Chapter:l34",
          "year": "old"
        },
        "identifier": "urn:jy:biology:SB0403:OB03:Section:l108"
      },
      {
        "type": "Section",
        "title": "第五章 人体内废物的排出",
        "description": "",
        "subject": "SB0403",
        "applicableLevel": "OB03",
        "contentJson": {
          "academicTerm": "初中",
          "grade": "八年级",
          "edition": "人教版",
          "volume": "下册",
          "chapter": "urn:jy:biology:SB0403:OB03:Chapter:l34",
          "year": "old"
        },
        "identifier": "urn:jy:biology:SB0403:OB03:Section:l109"
      },
      {
        "type": "Section",
        "title": "第六章 人体生命活动的调节",
        "description": "",
        "subject": "SB0403",
        "applicableLevel": "OB03",
        "contentJson": {
          "academicTerm": "初中",
          "grade": "八年级",
          "edition": "人教版",
          "volume": "下册",
          "chapter": "urn:jy:biology:SB0403:OB03:Chapter:l34",
          "year": "old"
        },
        "identifier": "urn:jy:biology:SB0403:OB03:Section:l110"
      },
      {
        "type": "Section",
        "title": "第一章 动物的主要类群",
        "description": "",
        "subject": "SB0403",
        "applicableLevel": "OB03",
        "contentJson": {
          "academicTerm": "初中",
          "grade": "八年级",
          "edition": "人教版",
          "volume": "下册",
          "chapter": "urn:jy:biology:SB0403:OB03:Chapter:l35",
          "year": "old"
        },
        "identifier": "urn:jy:biology:SB0403:OB03:Section:l111"
      },
      {
        "type": "Section",
        "title": "第二章 动物的运动和行为",
        "description": "",
        "subject": "SB0403",
        "applicableLevel": "OB03",
        "contentJson": {
          "academicTerm": "初中",
          "grade": "八年级",
          "edition": "人教版",
          "volume": "下册",
          "chapter": "urn:jy:biology:SB0403:OB03:Chapter:l35",
          "year": "old"
        },
        "identifier": "urn:jy:biology:SB0403:OB03:Section:l112"
      },
      {
        "type": "Section",
        "title": "第四章 细菌和真菌",
        "description": "",
        "subject": "SB0403",
        "applicableLevel": "OB03",
        "contentJson": {
          "academicTerm": "初中",
          "grade": "八年级",
          "edition": "人教版",
          "volume": "下册",
          "chapter": "urn:jy:biology:SB0403:OB03:Chapter:l35",
          "year": "old"
        },
        "identifier": "urn:jy:biology:SB0403:OB03:Section:l113"
      },
      {
        "type": "Section",
        "title": "生物的多样性及其保护",
        "description": "",
        "subject": "SB0403",
        "applicableLevel": "OB03",
        "contentJson": {
          "academicTerm": "初中",
          "grade": "八年级",
          "edition": "人教版",
          "volume": "下册",
          "chapter": "urn:jy:biology:SB0403:OB03:Chapter:l36",
          "year": "old"
        },
        "identifier": "urn:jy:biology:SB0403:OB03:Section:l114"
      },
      {
        "type": "Section",
        "title": "第一章 生物的生殖和发育",
        "description": "",
        "subject": "SB0403",
        "applicableLevel": "OB03",
        "contentJson": {
          "academicTerm": "初中",
          "grade": "八年级",
          "edition": "人教版",
          "volume": "下册",
          "chapter": "urn:jy:biology:SB0403:OB03:Chapter:l37",
          "year": "old"
        },
        "identifier": "urn:jy:biology:SB0403:OB03:Section:l115"
      },
      {
        "type": "Section",
        "title": "第二章 生物的遗传和变异",
        "description": "",
        "subject": "SB0403",
        "applicableLevel": "OB03",
        "contentJson": {
          "academicTerm": "初中",
          "grade": "八年级",
          "edition": "人教版",
          "volume": "下册",
          "chapter": "urn:jy:biology:SB0403:OB03:Chapter:l37",
          "year": "old"
        },
        "identifier": "urn:jy:biology:SB0403:OB03:Section:l116"
      },
      {
        "type": "Section",
        "title": "第三章 生物的进化",
        "description": "",
        "subject": "SB0403",
        "applicableLevel": "OB03",
        "contentJson": {
          "academicTerm": "初中",
          "grade": "八年级",
          "edition": "人教版",
          "volume": "下册",
          "chapter": "urn:jy:biology:SB0403:OB03:Chapter:l37",
          "year": "old"
        },
        "identifier": "urn:jy:biology:SB0403:OB03:Section:l117"
      },
      {
        "type": "Section",
        "title": "第一章 传染病和免疫",
        "description": "",
        "subject": "SB0403",
        "applicableLevel": "OB03",
        "contentJson": {
          "academicTerm": "初中",
          "grade": "八年级",
          "edition": "人教版",
          "volume": "下册",
          "chapter": "urn:jy:biology:SB0403:OB03:Chapter:l38",
          "year": "old"
        },
        "identifier": "urn:jy:biology:SB0403:OB03:Section:l118"
      },
      {
        "type": "Section",
        "title": "初中生物学中的结构与功能观",
        "description": "",
        "subject": "SB0403",
        "applicableLevel": "OB03",
        "contentJson": {
          "academicTerm": "初中",
          "grade": "八年级",
          "edition": "人教版",
          "volume": "下册",
          "chapter": "urn:jy:biology:SB0403:OB03:Chapter:l39",
          "year": "old"
        },
        "identifier": "urn:jy:biology:SB0403:OB03:Section:l119"
      },
      {
        "type": "Section",
        "title": "初中生物学中的科学探究",
        "description": "",
        "subject": "SB0403",
        "applicableLevel": "OB03",
        "contentJson": {
          "academicTerm": "初中",
          "grade": "八年级",
          "edition": "人教版",
          "volume": "下册",
          "chapter": "urn:jy:biology:SB0403:OB03:Chapter:l39",
          "year": "old"
        },
        "identifier": "urn:jy:biology:SB0403:OB03:Section:l120"
      }
]