[
  {
    "type": "Unit",
    "title": "第一单元　生物和细胞",
    "description": "",
    "subject": "SB0403",
    "applicableLevel": "OB03",
    "contentJson": {
      "academicTerm": "初中",
      "grade": "七年级",
      "edition": "人教版",
      "volume": "上册",
      "year": "new"
    },
    "identifier": "urn:jy:biology:SB0403:OB03:Unit:l1"
  },
  {
    "type": "Unit",
    "title": "第二单元　多种多样的生物",
    "description": "",
    "subject": "SB0403",
    "applicableLevel": "OB03",
    "contentJson": {
      "academicTerm": "初中",
      "grade": "七年级",
      "edition": "人教版",
      "volume": "上册",
      "year": "new"
    },
    "identifier": "urn:jy:biology:SB0403:OB03:Unit:l2"
  },
  {
    "type": "Unit",
    "title": "第三单元 植物的生活",
    "description": "",
    "subject": "SB0403",
    "applicableLevel": "OB03",
    "contentJson": {
      "academicTerm": "初中",
      "grade": "七年级",
      "edition": "人教版",
      "volume": "下册",
      "year": "new"
    },
    "identifier": "urn:jy:biology:SB0403:OB03:Unit:l3"
  },
  {
    "type": "Unit",
    "title": "第四单元 人体生理与健康(一)",
    "description": "",
    "subject": "SB0403",
    "applicableLevel": "OB03",
    "contentJson": {
      "academicTerm": "初中",
      "grade": "七年级",
      "edition": "人教版",
      "volume": "下册",
      "year": "new"
    },
    "identifier": "urn:jy:biology:SB0403:OB03:Unit:l4"
  },
  {
    "type": "Unit",
    "title": "第五单元　生物圈中的其他生物",
    "description": "",
    "subject": "SB0403",
    "applicableLevel": "OB03",
    "contentJson": {
      "academicTerm": "初中",
      "grade": "八年级",
      "edition": "人教版",
      "volume": "上册",
      "year": "new"
    },
    "identifier": "urn:jy:biology:SB0403:OB03:Unit:l5"
  },
  {
    "type": "Unit",
    "title": "第六单元　生物的多样性及其保护",
    "description": "",
    "subject": "SB0403",
    "applicableLevel": "OB03",
    "contentJson": {
      "academicTerm": "初中",
      "grade": "八年级",
      "edition": "人教版",
      "volume": "上册",
      "year": "new"
    },
    "identifier": "urn:jy:biology:SB0403:OB03:Unit:l6"
  },
  {
    "type": "Unit",
    "title": "第七单元 生物圈中生命的延续和发展",
    "description": "",
    "subject": "SB0403",
    "applicableLevel": "OB03",
    "contentJson": {
      "academicTerm": "初中",
      "grade": "八年级",
      "edition": "人教版",
      "volume": "下册",
      "year": "old"
    },
    "identifier": "urn:jy:biology:SB0403:OB03:Unit:l7"
  },
  {
    "type": "Unit",
    "title": "第八单元 健康地生活",
    "description": "",
    "subject": "SB0403",
    "applicableLevel": "OB03",
    "contentJson": {
      "academicTerm": "初中",
      "grade": "八年级",
      "edition": "人教版",
      "volume": "下册",
      "year": "old"
    },
    "identifier": "urn:jy:biology:SB0403:OB03:Unit:l8"
  },
  {
    "type": "Unit",
    "title": "中考复习",
    "description": "",
    "subject": "SB0403",
    "applicableLevel": "OB03",
    "contentJson": {
      "academicTerm": "初中",
      "grade": "八年级",
      "edition": "人教版",
      "volume": "下册",
      "year": "old"
    },
    "identifier": "urn:jy:biology:SB0403:OB03:Unit:l9"
  }
]
