{
  "relations": [
    {
      "relationName": "academicQualityRelatesTheme",
      "label": "并尝试探究生命活动过程、人体健康、生物与环境等方面的问题",
      "source": "urn:jy:biology:SB0403:OB03:AcademicQuality:l1",
      "target": "urn:jy:biology:SB0403:OB03:LearningTheme:l3"
    },
    {
      "relationName": "academicQualityRelatesTheme",
      "label": "运用结构与功能观、生物与环境的关系等知识进行分析",
      "source": "urn:jy:biology:SB0403:OB03:AcademicQuality:l2",
      "target": "urn:jy:biology:SB0403:OB03:LearningTheme:l3"
    },
    {
      "relationName": "academicQualityRelatesTheme",
      "label": "在与健康和疾病相关的问题情境中",
      "source": "urn:jy:biology:SB0403:OB03:AcademicQuality:l2",
      "target": "urn:jy:biology:SB0403:OB03:LearningTheme:l5"
    },
    {
      "relationName": "academicQualityRelatesTheme",
      "label": "生物资源的开发与利用对于缓解生态压力、提高人类生活质量具有重要作用",
      "source": "urn:jy:biology:SB0403:OB03:AcademicQuality:l3",
      "target": "urn:jy:biology:SB0403:OB03:LearningTheme:l6"
    },
    {
      "relationName": "academicQualityRelatesTheme",
      "label": "从生物与环境的关系、生态可持续发展、经济效益等方面，尝试提出研究思路或可能的解决方案",
      "source": "urn:jy:biology:SB0403:OB03:AcademicQuality:l4",
      "target": "urn:jy:biology:SB0403:OB03:LearningTheme:l3"
    },
    {
      "relationName": "academicQualityRelatesTheme",
      "label": "分析相应技术中所涉及的生物学原理",
      "source": "urn:jy:biology:SB0403:OB03:AcademicQuality:l5",
      "target": "urn:jy:biology:SB0403:OB03:LearningTheme:l7"
    },
    {
      "relationName": "academicQualityRelatesTheme",
      "label": "认识到生物学与社会的关系，能够理解科学、技术、工程学、数学等学科的相互关系",
      "source": "urn:jy:biology:SB0403:OB03:AcademicQuality:l5",
      "target": "urn:jy:biology:SB0403:OB03:LearningTheme:l7"
    },
    {
      "relationName": "academicQualityRelatesTheme",
      "label": "生物体具有一定的结构层次，能够完成各项生命活动",
      "source": "urn:jy:biology:SB0403:OB03:AcademicQuality:l1",
      "target": "urn:jy:biology:SB0403:OB03:LearningTheme:l1"
    },
    {
      "relationName": "academicQualityRelatesTheme",
      "label": "能够运用细胞分裂和分化的知识，分析细胞结构的多样性和统一性",
      "source": "urn:jy:biology:SB0403:OB03:AcademicQuality:l1",
      "target": "urn:jy:biology:SB0403:OB03:LearningTheme:l1"
    },
    {
      "relationName": "academicQualityRelatesTheme",
      "label": "通过分析生物的多样性，增强保护生物多样性的意识",
      "source": "urn:jy:biology:SB0403:OB03:AcademicQuality:l2",
      "target": "urn:jy:biology:SB0403:OB03:LearningTheme:l2"
    },
    {
      "relationName": "academicQualityRelatesTheme",
      "label": "通过分析人体各系统的结构与功能，认识人体健康的重要性",
      "source": "urn:jy:biology:SB0403:OB03:AcademicQuality:l5",
      "target": "urn:jy:biology:SB0403:OB03:LearningTheme:l5"
    },
    {
      "relationName": "academicQualityRelatesTheme",
      "label": "探究植物光合作用、呼吸作用等生理活动，理解植物在生态系统中的作用",
      "source": "urn:jy:biology:SB0403:OB03:AcademicQuality:l1",
      "target": "urn:jy:biology:SB0403:OB03:LearningTheme:l4"
    },
    {
      "relationName": "academicQualityRelatesTheme",
      "label": "分析植物生命周期的各个阶段，理解植物生命周期对生态平衡的影响",
      "source": "urn:jy:biology:SB0403:OB03:AcademicQuality:l1",
      "target": "urn:jy:biology:SB0403:OB03:LearningTheme:l4"
    }
  ]
}

  