{
    "relations": [
      {
        "relationName": "conceptionHasSubConception",
        "label": "重要概念包含子概念 / hasSubConception",
        "source": "urn:jy:biology:SB0403:OB03:Conception:l1",
        "target": "urn:jy:biology:SB0403:OB03:SubConception:l1"
      },
      {
        "relationName": "conceptionHasSubConception",
        "label": "重要概念包含子概念 / hasSubConception",
        "source": "urn:jy:biology:SB0403:OB03:Conception:l1",
        "target": "urn:jy:biology:SB0403:OB03:SubConception:l2"
      },
      {
        "relationName": "conceptionHasSubConception",
        "label": "重要概念包含子概念 / hasSubConception",
        "source": "urn:jy:biology:SB0403:OB03:Conception:l2",
        "target": "urn:jy:biology:SB0403:OB03:SubConception:l3"
      },
      {
        "relationName": "conceptionHasSubConception",
        "label": "重要概念包含子概念 / hasSubConception",
        "source": "urn:jy:biology:SB0403:OB03:Conception:l2",
        "target": "urn:jy:biology:SB0403:OB03:SubConception:l4"
      },
      {
        "relationName": "conceptionHasSubConception",
        "label": "重要概念包含子概念 / hasSubConception",
        "source": "urn:jy:biology:SB0403:OB03:Conception:l2",
        "target": "urn:jy:biology:SB0403:OB03:SubConception:l5"
      },
      {
        "relationName": "conceptionHasSubConception",
        "label": "重要概念包含子概念 / hasSubConception",
        "source": "urn:jy:biology:SB0403:OB03:Conception:l2",
        "target": "urn:jy:biology:SB0403:OB03:SubConception:l6"
      },
      {
        "relationName": "conceptionHasSubConception",
        "label": "重要概念包含子概念 / hasSubConception",
        "source": "urn:jy:biology:SB0403:OB03:Conception:l3",
        "target": "urn:jy:biology:SB0403:OB03:SubConception:l7"
      },
      {
        "relationName": "conceptionHasSubConception",
        "label": "重要概念包含子概念 / hasSubConception",
        "source": "urn:jy:biology:SB0403:OB03:Conception:l3",
        "target": "urn:jy:biology:SB0403:OB03:SubConception:l8"
      },
      {
        "relationName": "conceptionHasSubConception",
        "label": "重要概念包含子概念 / hasSubConception",
        "source": "urn:jy:biology:SB0403:OB03:Conception:l4",
        "target": "urn:jy:biology:SB0403:OB03:SubConception:l9"
      },
      {
        "relationName": "conceptionHasSubConception",
        "label": "重要概念包含子概念 / hasSubConception",
        "source": "urn:jy:biology:SB0403:OB03:Conception:l4",
        "target": "urn:jy:biology:SB0403:OB03:SubConception:l10"
      },
      {
        "relationName": "conceptionHasSubConception",
        "label": "重要概念包含子概念 / hasSubConception",
        "source": "urn:jy:biology:SB0403:OB03:Conception:l4",
        "target": "urn:jy:biology:SB0403:OB03:SubConception:l11"
      },
      {
        "relationName": "conceptionHasSubConception",
        "label": "重要概念包含子概念 / hasSubConception",
        "source": "urn:jy:biology:SB0403:OB03:Conception:l5",
        "target": "urn:jy:biology:SB0403:OB03:SubConception:l12"
      },
      {
        "relationName": "conceptionHasSubConception",
        "label": "重要概念包含子概念 / hasSubConception",
        "source": "urn:jy:biology:SB0403:OB03:Conception:l5",
        "target": "urn:jy:biology:SB0403:OB03:SubConception:l13"
      },
      {
        "relationName": "conceptionHasSubConception",
        "label": "重要概念包含子概念 / hasSubConception",
        "source": "urn:jy:biology:SB0403:OB03:Conception:l5",
        "target": "urn:jy:biology:SB0403:OB03:SubConception:l14"
      },
      {
        "relationName": "conceptionHasSubConception",
        "label": "重要概念包含子概念 / hasSubConception",
        "source": "urn:jy:biology:SB0403:OB03:Conception:l5",
        "target": "urn:jy:biology:SB0403:OB03:SubConception:l15"
      },
      {
        "relationName": "conceptionHasSubConception",
        "label": "重要概念包含子概念 / hasSubConception",
        "source": "urn:jy:biology:SB0403:OB03:Conception:l5",
        "target": "urn:jy:biology:SB0403:OB03:SubConception:l16"
      },
      {
        "relationName": "conceptionHasSubConception",
        "label": "重要概念包含子概念 / hasSubConception",
        "source": "urn:jy:biology:SB0403:OB03:Conception:l6",
        "target": "urn:jy:biology:SB0403:OB03:SubConception:l17"
      },
      {
        "relationName": "conceptionHasSubConception",
        "label": "重要概念包含子概念 / hasSubConception",
        "source": "urn:jy:biology:SB0403:OB03:Conception:l6",
        "target": "urn:jy:biology:SB0403:OB03:SubConception:l18"
      },
      {
        "relationName": "conceptionHasSubConception",
        "label": "重要概念包含子概念 / hasSubConception",
        "source": "urn:jy:biology:SB0403:OB03:Conception:l7",
        "target": "urn:jy:biology:SB0403:OB03:SubConception:l19"
      },
      {
        "relationName": "conceptionHasSubConception",
        "label": "重要概念包含子概念 / hasSubConception",
        "source": "urn:jy:biology:SB0403:OB03:Conception:l7",
        "target": "urn:jy:biology:SB0403:OB03:SubConception:l20"
      },
      {
        "relationName": "conceptionHasSubConception",
        "label": "重要概念包含子概念 / hasSubConception",
        "source": "urn:jy:biology:SB0403:OB03:Conception:l8",
        "target": "urn:jy:biology:SB0403:OB03:SubConception:l21"
      },
      {
        "relationName": "conceptionHasSubConception",
        "label": "重要概念包含子概念 / hasSubConception",
        "source": "urn:jy:biology:SB0403:OB03:Conception:l8",
        "target": "urn:jy:biology:SB0403:OB03:SubConception:l22"
      },
      {
        "relationName": "conceptionHasSubConception",
        "label": "重要概念包含子概念 / hasSubConception",
        "source": "urn:jy:biology:SB0403:OB03:Conception:l9",
        "target": "urn:jy:biology:SB0403:OB03:SubConception:l23"
      },
      {
        "relationName": "conceptionHasSubConception",
        "label": "重要概念包含子概念 / hasSubConception",
        "source": "urn:jy:biology:SB0403:OB03:Conception:l9",
        "target": "urn:jy:biology:SB0403:OB03:SubConception:l24"
      },
      {
        "relationName": "conceptionHasSubConception",
        "label": "重要概念包含子概念 / hasSubConception",
        "source": "urn:jy:biology:SB0403:OB03:Conception:l9",
        "target": "urn:jy:biology:SB0403:OB03:SubConception:l25"
      }
    ]
  }
  