{
  "entities": [
    {
      "type": "LearningDomain",
      "title": "数与代数",
      "description": "数与代数是义务教育阶段学生数学学习的重要领域，在小学阶段包括“数与运算”和“数量关系”两个主题。学段之间的内容相互关联，由浅入深，层层递进，螺旋上升，构成相对系统的知识结构。\n“数与运算”包括整数、小数和分数的认识及其四则运算。数是对数量的抽象，数的运算重点在于理解算理、掌握算法，数与运算之间有密切的关联。学生经历由数量到数的形成过程，理解和掌握数的概念；经历算理和算法的探索过程，理解算理，掌握算法。初步体会数是对数量的抽象，感悟数的概念本质上的一致性，形成数感和符号意识；感悟数的运算以及运算之间的关系，体会数的运算本质上的一致性，形成运算能力和推理意识。\n“数量关系”主要是用符号（包括数）或含有符号的式子表达数量之间的关系或规律。学生经历在具体情境中运用数量关系解决问题的过程，感悟加法模型和乘法模型的意义，提高发现和提出问题、分析和解决问题的能力，形成模型意识和初步的应用意识。",
      "subject": "SX0302",
      "applicableLevel": "S1-S4",
      "contentJson": {},
      "identifier": "urn:jy:math:2022:domain:number-algebra:s1"
    },
    {
      "type": "LearningDomain",
      "title": "数与代数",
      "description": "数与代数是义务教育阶段学生数学学习的重要领域，在小学阶段包括“数与运算”和“数量关系”两个主题。学段之间的内容相互关联，由浅入深，层层递进，螺旋上升，构成相对系统的知识结构。\n“数与运算”包括整数、小数和分数的认识及其四则运算。数是对数量的抽象，数的运算重点在于理解算理、掌握算法，数与运算之间有密切的关联。学生经历由数量到数的形成过程，理解和掌握数的概念；经历算理和算法的探索过程，理解算理，掌握算法。初步体会数是对数量的抽象，感悟数的概念本质上的一致性，形成数感和符号意识；感悟数的运算以及运算之间的关系，体会数的运算本质上的一致性，形成运算能力和推理意识。\n“数量关系”主要是用符号（包括数）或含有符号的式子表达数量之间的关系或规律。学生经历在具体情境中运用数量关系解决问题的过程，感悟加法模型和乘法模型的意义，提高发现和提出问题、分析和解决问题的能力，形成模型意识和初步的应用意识。",
      "subject": "SX0302",
      "applicableLevel": "S1-S4",
      "contentJson": {},
      "identifier": "urn:jy:math:2022:domain:number-algebra:s2"
    },
    {
      "type": "LearningDomain",
      "title": "数与代数",
      "description": "数与代数是义务教育阶段学生数学学习的重要领域，在小学阶段包括“数与运算”和“数量关系”两个主题。学段之间的内容相互关联，由浅入深，层层递进，螺旋上升，构成相对系统的知识结构。\n“数与运算”包括整数、小数和分数的认识及其四则运算。数是对数量的抽象，数的运算重点在于理解算理、掌握算法，数与运算之间有密切的关联。学生经历由数量到数的形成过程，理解和掌握数的概念；经历算理和算法的探索过程，理解算理，掌握算法。初步体会数是对数量的抽象，感悟数的概念本质上的一致性，形成数感和符号意识；感悟数的运算以及运算之间的关系，体会数的运算本质上的一致性，形成运算能力和推理意识。\n“数量关系”主要是用符号（包括数）或含有符号的式子表达数量之间的关系或规律。学生经历在具体情境中运用数量关系解决问题的过程，感悟加法模型和乘法模型的意义，提高发现和提出问题、分析和解决问题的能力，形成模型意识和初步的应用意识。",
      "subject": "SX0302",
      "applicableLevel": "S1-S4",
      "contentJson": {},
      "identifier": "urn:jy:math:2022:domain:number-algebra:s3"
    },
    {
      "type": "LearningDomain",
      "title": "数与代数",
      "description": "数与代数是数学知识体系的基础之一，是学生认知数量关系、探索数学规律、建立数学模型的基石，可以帮助学生从数量的角度清晰准确地认识、理解和表达现实世界。在小学阶段，学生认识了正有理数，掌握了正有理数的四则运算，知道可以用字母表示数、数量关系及规律。在初中阶段，学生将认识负数、无理数，学习它们的四则运算，还将学习代数式、方程、不等式、函数等内容。这些内容构成了初中阶段数与代数领域“数与式”“方程与不等式”和“函数”三个主题。“数与式”是代数的基本语言，初中阶段关注用字母表述代数式，以及代数式的运算，字母可以像数一样进行运算和推理，通过字母运算和推理得到的结论具有一般性；“方程与不等式”揭示了数学中最基本的数量关系（相等关系和不等关系），是一类应用广泛的数学工具；“函数”主要研究变量之间的关系，探索事物变化的规律；借助函数可以认识方程和不等式。数与代数领域的学习，有助于学生形成抽象能力、推理能力和模型观念，发展几何直观和运算能力。",
      "subject": "SX0302",
      "applicableLevel": "S1-S4",
      "contentJson": {},
      "identifier": "urn:jy:math:2022:domain:number-algebra:s4"
    },
    {
      "type": "LearningDomain",
      "title": "图形与几何",
      "description": "图形与几何是义务教育阶段学生数学学习的重要领域，在小学阶段包括“图形的认识与测量”和“图形的位置与运动”两个主题。学段之间的内容相互关联，螺旋上升，逐段递进。“图形的认识与测量”包括立体图形和平面图形的认识，线段长度的测量，以及图形的周长、面积和体积的计算。图形的认识主要是对图形的抽象。学生经历从实际物体抽象出几何图形的过程，认识图形的特征，感悟点、线、面、体的关系；积累观察和思考的经验，逐步形成空间观念。图形的认识与图形的测量有密切关系。图形的测量重点是确定图形的大小。学生经历统一度量单位的过程，感受统一度量单位的意义，基于度量单位理解图形长度、角度、周长、面积、体积。在推导一些常见图形周长、面积、体积计算方法的过程中，感悟数学度量方法，逐步形成量感和推理意识。“图形的位置与运动”包括确定点的位置，认识图形的平移、旋转、轴对称。学生结合实际情境判断物体的位置，探索用数对表示平面上点的位置，增强空间观念和应用意识。学生经历对现实生活中图形运动的抽象过程，认识平移、旋转、轴对称的特征，体会运动前后图形的变与不变，感受数学美，逐步形成空间观念和几何直观。",
      "subject": "SX0302",
      "applicableLevel": "S1-S4",
      "contentJson": {},
      "identifier": "urn:jy:math:2022:domain:shape-geometry:s1"
    },
    {
      "type": "LearningDomain",
      "title": "图形与几何",
      "description": "图形与几何是义务教育阶段学生数学学习的重要领域，在小学阶段包括“图形的认识与测量”和“图形的位置与运动”两个主题。学段之间的内容相互关联，螺旋上升，逐段递进。“图形的认识与测量”包括立体图形和平面图形的认识，线段长度的测量，以及图形的周长、面积和体积的计算。图形的认识主要是对图形的抽象。学生经历从实际物体抽象出几何图形的过程，认识图形的特征，感悟点、线、面、体的关系；积累观察和思考的经验，逐步形成空间观念。图形的认识与图形的测量有密切关系。图形的测量重点是确定图形的大小。学生经历统一度量单位的过程，感受统一度量单位的意义，基于度量单位理解图形长度、角度、周长、面积、体积。在推导一些常见图形周长、面积、体积计算方法的过程中，感悟数学度量方法，逐步形成量感和推理意识。“图形的位置与运动”包括确定点的位置，认识图形的平移、旋转、轴对称。学生结合实际情境判断物体的位置，探索用数对表示平面上点的位置，增强空间观念和应用意识。学生经历对现实生活中图形运动的抽象过程，认识平移、旋转、轴对称的特征，体会运动前后图形的变与不变，感受数学美，逐步形成空间观念和几何直观。",
      "subject": "SX0302",
      "applicableLevel": "S1-S4",
      "contentJson": {},
      "identifier": "urn:jy:math:2022:domain:shape-geometry:s2"
    },
    {
      "type": "LearningDomain",
      "title": "图形与几何",
      "description": "图形与几何是义务教育阶段学生数学学习的重要领域，在小学阶段包括“图形的认识与测量”和“图形的位置与运动”两个主题。学段之间的内容相互关联，螺旋上升，逐段递进。“图形的认识与测量”包括立体图形和平面图形的认识，线段长度的测量，以及图形的周长、面积和体积的计算。图形的认识主要是对图形的抽象。学生经历从实际物体抽象出几何图形的过程，认识图形的特征，感悟点、线、面、体的关系；积累观察和思考的经验，逐步形成空间观念。图形的认识与图形的测量有密切关系。图形的测量重点是确定图形的大小。学生经历统一度量单位的过程，感受统一度量单位的意义，基于度量单位理解图形长度、角度、周长、面积、体积。在推导一些常见图形周长、面积、体积计算方法的过程中，感悟数学度量方法，逐步形成量感和推理意识。“图形的位置与运动”包括确定点的位置，认识图形的平移、旋转、轴对称。学生结合实际情境判断物体的位置，探索用数对表示平面上点的位置，增强空间观念和应用意识。学生经历对现实生活中图形运动的抽象过程，认识平移、旋转、轴对称的特征，体会运动前后图形的变与不变，感受数学美，逐步形成空间观念和几何直观。",
      "subject": "SX0302",
      "applicableLevel": "S1-S4",
      "contentJson": {},
      "identifier": "urn:jy:math:2022:domain:shape-geometry:s3"
    },
    {
      "type": "LearningDomain",
      "title": "图形与几何",
      "description": "通过小学阶段图形与几何领域的学习，学生对立体图形和平面图形有了初步的认识，掌握了简单图形的周长、面积、体积的计算方法，初步认识了图形的平移、旋转和轴对称，能判断物体的方位，用数对描述平面上点的位置，形成了初步的空间观念和几何直观。初中阶段图形与几何领域包括“图形的性质”“图形的变化”和“图形与坐标”三个主题。学生将进一步学习点、线、面、角、三角形、多边形和圆等几何图形，从演绎证明、运动变化、量化分析三个方面研究这些图形的基本性质和相互关系。“图形的性质”强调通过实验探究、直观发现、推理论证来研究图形，在用几何直观理解几何基本事实的基础上，从基本事实出发推导图形的几何性质和定理，理解和掌握尺规作图的基本原理和方法；“图形的变化”强调从运动变化的观点来研究图形，理解图形在轴对称、旋转和平移时的变化规律和变化中的不变量；“图形与坐标”强调数形结合，用代数方法研究图形，在平面直角坐标系中用坐标表示图形上点的位置，用坐标法分析和解决实际问题。这样的学习过程，有助于学生在空间观念的基础上进一步建立几何直观，提升抽象能力和推理能力。",
      "subject": "SX0302",
      "applicableLevel": "S1-S4",
      "contentJson": {},
      "identifier": "urn:jy:math:2022:domain:shape-geometry:s4"
    },
    {
      "type": "LearningDomain",
      "title": "统计与概率",
      "description": "统计与概率是义务教育阶段数学学习的重要领域之一，在小学阶段包括“数据分类”“数据的收集、整理与表达”和“随机现象发生的可能性”三个主题。这些内容分布在三个学段，由浅入深，相互联系。学生在学习过程中，了解统计与概率的基础知识，感悟数据分析的过程，形成数据意识。“数据分类”的本质是根据信息对事物进行分类。学生经历从事物分类到数据分类的过程，感悟如何根据事物的不同属性确定标准，依据标准区分事物，形成不同的类。在学习统计图表时，学生将进一步认识数据的分类，从中感悟对事物共性的抽象过程，不仅为统计学习，也为数学学习奠定基础。“数据的收集、整理与表达”包括数据的收集，用统计图表、平均数、百分数表达数据。在学习过程中，让学生初步感受现实生活中存在大量数据，其中蕴含着有价值的信息，利用统计图表和统计量可以呈现和刻画这些信息，形成初步的数据意识。“随机现象发生的可能性”是通过试验、游戏等活动，让学生了解简单的随机现象，感受并定性描述随机现象发生可能性的大小，感悟数据的随机性，形成数据意识。",
      "subject": "SX0302",
      "applicableLevel": "S1-S4",
      "contentJson": {},
      "identifier": "urn:jy:math:2022:domain:statistics-probability:s1"
    },
    {
      "type": "LearningDomain",
      "title": "统计与概率",
      "description": "统计与概率是义务教育阶段数学学习的重要领域之一，在小学阶段包括“数据分类”“数据的收集、整理与表达”和“随机现象发生的可能性”三个主题。这些内容分布在三个学段，由浅入深，相互联系。学生在学习过程中，了解统计与概率的基础知识，感悟数据分析的过程，形成数据意识。“数据分类”的本质是根据信息对事物进行分类。学生经历从事物分类到数据分类的过程，感悟如何根据事物的不同属性确定标准，依据标准区分事物，形成不同的类。在学习统计图表时，学生将进一步认识数据的分类，从中感悟对事物共性的抽象过程，不仅为统计学习，也为数学学习奠定基础。“数据的收集、整理与表达”包括数据的收集，用统计图表、平均数、百分数表达数据。在学习过程中，让学生初步感受现实生活中存在大量数据，其中蕴含着有价值的信息，利用统计图表和统计量可以呈现和刻画这些信息，形成初步的数据意识。“随机现象发生的可能性”是通过试验、游戏等活动，让学生了解简单的随机现象，感受并定性描述随机现象发生可能性的大小，感悟数据的随机性，形成数据意识。",
      "subject": "SX0302",
      "applicableLevel": "S1-S3",
      "contentJson": {},
      "identifier": "urn:jy:math:2022:domain:statistics-probability:s2"
    },
    {
      "type": "LearningDomain",
      "title": "统计与概率",
      "description": "统计与概率是义务教育阶段数学学习的重要领域之一，在小学阶段包括“数据分类”“数据的收集、整理与表达”和“随机现象发生的可能性”三个主题。这些内容分布在三个学段，由浅入深，相互联系。学生在学习过程中，了解统计与概率的基础知识，感悟数据分析的过程，形成数据意识。“数据分类”的本质是根据信息对事物进行分类。学生经历从事物分类到数据分类的过程，感悟如何根据事物的不同属性确定标准，依据标准区分事物，形成不同的类。在学习统计图表时，学生将进一步认识数据的分类，从中感悟对事物共性的抽象过程，不仅为统计学习，也为数学学习奠定基础。“数据的收集、整理与表达”包括数据的收集，用统计图表、平均数、百分数表达数据。在学习过程中，让学生初步感受现实生活中存在大量数据，其中蕴含着有价值的信息，利用统计图表和统计量可以呈现和刻画这些信息，形成初步的数据意识。“随机现象发生的可能性”是通过试验、游戏等活动，让学生了解简单的随机现象，感受并定性描述随机现象发生可能性的大小，感悟数据的随机性，形成数据意识。",
      "subject": "SX0302",
      "applicableLevel": "S1-S4",
      "contentJson": {},
      "identifier": "urn:jy:math:2022:domain:statistics-probability:s3"
    },
    {
      "type": "LearningDomain",
      "title": "统计与概率",
      "description": "在小学阶段，学生学习了收集、整理、描述、分析数据的简单方法，会定性描述简单随机现象发生可能性的大小，建立了数据意识。初中阶段统计与概率领域包括“抽样与数据分析”和“随机事件的概率”两个主题，学生将学习简单的获得数据的抽样方法，通过样本数据推断总体特征的方法，以及定量刻画随机事件发生可能性大小的方法，形成和发展数据观念。“抽样与数据分析”强调从实际问题出发，根据问题背景设计收集数据的方法，经历更加有条理地收集、整理、描述、分析数据的过程，利用样本平均数估计总体平均数，利用样本方差估计总体方差，体会抽样的必要性和数据分析的合理性；“随机事件的概率”强调经历简单随机事件发生概率的计算过程，尝试用概率定量描述随机现象发生的可能性大小，理解概率的意义。统计与概率领域的学习，有助于学生感悟从不确定性的角度认识客观世界的思维模式和解决问题的方法，初步理解通过数据认识现实世界的意义，感知大数据时代的特征，发展数据观念和模型观念。",
      "subject": "SX0302",
      "applicableLevel": "S1-S4",
      "contentJson": {},
      "identifier": "urn:jy:math:2022:domain:statistics-probability:s4"
    },
    {
      "type": "LearningDomain",
      "title": "综合与实践",
      "description": "综合与实践是小学数学学习的重要领域。学生将在实际情境和真实问题中，运用数学和其他学科的知识与方法，经历发现问题、提出问题、分析问题、解决问题的过程，感悟数学知识之间、数学与其他学科知识之间、数学与科学技术和社会生活之间的联系，积累活动经验，感悟思想方法，形成和发展模型意识、创新意识，提高解决实际问题的能力，形成和发展核心素养。综合与实践主要包括主题活动和项目学习等。第一、第二、第三学段主要采用主题式学习，第三学段可适当采用项目式学习。主题活动分为两类：第一类，融入数学知识学习的主题活动。在这类活动中，学生将学习和理解数学知识，感悟知识的意义，主要涉及量、方向与位置、负数等知识的学习。第二类，运用数学知识及其他学科知识的主题活动。在这类活动中，学生将综合运用数学知识解决问题，体会数学知识的价值，以及数学与其他学科的关联。在主题活动中，学生将面对现实的背景，从数学的角度发现并提出问题，综合运用数学和其他学科的知识与方法，分析并解决问题。项目式学习的设计以解决现实问题为重点，综合应用数学和其他学科知识解决问题，体会数学知识的价值，以及数学与其他学科的关联。在下面三个学段的表述中，为了便于理解，分别列举了主题活动和项目学习的名称及具体活动内容，仅供参考。在教材编写或教学设计时，可以使用不同的主题名称，设计不同的活动内容，但要关注主题内容的选取和学生的接受能力，达到主题活动的内容要求和学业要求。",
      "subject": "SX0302",
      "applicableLevel": "S1-S4",
      "contentJson": {},
      "identifier": "urn:jy:math:2022:domain:integration-practice:s1"
    },
    {
      "type": "LearningDomain",
      "title": "综合与实践",
      "description": "综合与实践是小学数学学习的重要领域。学生将在实际情境和真实问题中，运用数学和其他学科的知识与方法，经历发现问题、提出问题、分析问题、解决问题的过程，感悟数学知识之间、数学与其他学科知识之间、数学与科学技术和社会生活之间的联系，积累活动经验，感悟思想方法，形成和发展模型意识、创新意识，提高解决实际问题的能力，形成和发展核心素养。综合与实践主要包括主题活动和项目学习等。第一、第二、第三学段主要采用主题式学习，第三学段可适当采用项目式学习。主题活动分为两类：第一类，融入数学知识学习的主题活动。在这类活动中，学生将学习和理解数学知识，感悟知识的意义，主要涉及量、方向与位置、负数等知识的学习。第二类，运用数学知识及其他学科知识的主题活动。在这类活动中，学生将综合运用数学知识解决问题，体会数学知识的价值，以及数学与其他学科的关联。在主题活动中，学生将面对现实的背景，从数学的角度发现并提出问题，综合运用数学和其他学科的知识与方法，分析并解决问题。项目式学习的设计以解决现实问题为重点，综合应用数学和其他学科知识解决问题，体会数学知识的价值，以及数学与其他学科的关联。在下面三个学段的表述中，为了便于理解，分别列举了主题活动和项目学习的名称及具体活动内容，仅供参考。在教材编写或教学设计时，可以使用不同的主题名称，设计不同的活动内容，但要关注主题内容的选取和学生的接受能力，达到主题活动的内容要求和学业要求。",
      "subject": "SX0302",
      "applicableLevel": "S1-S4",
      "contentJson": {},
      "identifier": "urn:jy:math:2022:domain:integration-practice:s2"
    },
    {
      "type": "LearningDomain",
      "title": "综合与实践",
      "description": "综合与实践是小学数学学习的重要领域。学生将在实际情境和真实问题中，运用数学和其他学科的知识与方法，经历发现问题、提出问题、分析问题、解决问题的过程，感悟数学知识之间、数学与其他学科知识之间、数学与科学技术和社会生活之间的联系，积累活动经验，感悟思想方法，形成和发展模型意识、创新意识，提高解决实际问题的能力，形成和发展核心素养。综合与实践主要包括主题活动和项目学习等。第一、第二、第三学段主要采用主题式学习，第三学段可适当采用项目式学习。主题活动分为两类：第一类，融入数学知识学习的主题活动。在这类活动中，学生将学习和理解数学知识，感悟知识的意义，主要涉及量、方向与位置、负数等知识的学习。第二类，运用数学知识及其他学科知识的主题活动。在这类活动中，学生将综合运用数学知识解决问题，体会数学知识的价值，以及数学与其他学科的关联。在主题活动中，学生将面对现实的背景，从数学的角度发现并提出问题，综合运用数学和其他学科的知识与方法，分析并解决问题。项目式学习的设计以解决现实问题为重点，综合应用数学和其他学科知识解决问题，体会数学知识的价值，以及数学与其他学科的关联。在下面三个学段的表述中，为了便于理解，分别列举了主题活动和项目学习的名称及具体活动内容，仅供参考。在教材编写或教学设计时，可以使用不同的主题名称，设计不同的活动内容，但要关注主题内容的选取和学生的接受能力，达到主题活动的内容要求和学业要求。",
      "subject": "SX0302",
      "applicableLevel": "S1-S4",
      "contentJson": {},
      "identifier": "urn:jy:math:2022:domain:integration-practice:s3"
    },
    {
      "type": "LearningDomain",
      "title": "综合与实践",
      "description": "小学阶段综合与实践领域，主要是以主题式学习的形式，让学生感悟自然界和生活中的数学，在获取知识的同时，激发学习数学的兴趣。初中阶段综合与实践领域，可采用项目式学习的方式，以问题解决为导向，整合数学与其他学科的知识和思想方法，让学生从数学的角度观察与分析、思考与表达、解决与阐释社会生活以及科学技术中遇到的现实问题，感受数学与科学、技术、经济、金融、地理、艺术等学科领域的融合，积累数学活动经验，体会数学的科学价值，提高发现与提出问题、分析与解决问题的能力，发展应用意识、创新意识和实践能力。",
      "subject": "SX0302",
      "applicableLevel": "S1-S4",
      "contentJson": {},
      "identifier": "urn:jy:math:2022:domain:integration-practice:s4"
    }
  ]
}