{
  "entities": [
  {
    "type": "problem",
    "identifier": "urn:jy:math:2022:problem:s1:a2e5ebacb2b6",
    "title": "例1",
    "contentJson": {
      "theme": "数与运算",
      "subject": "SX0302",
      "applicableLevel": "S1",
      "domain": "数与代数",
      "stage": "第一学段",
      "knowledge_point": [
        "万以内数的意义",
        "数位的含义"
      ],
      "original_content": "在实际情境中感悟并理解万以内数的意义，理解数位的含义，知道用算盘可以表示多位数（例1）。",
      "coreLiteracyPerformance_and_level": [
        {
          "coreLiteracyPerformance": "数感",
          "level": "感悟",
          "reference": "在实际情境中感悟并理解万以内数的意义"
        },
        {
          "coreLiteracyPerformance": "数感",
          "level": "理解",
          "reference": "理解数位的含义"
        },
        {
          "coreLiteracyPerformance": "数感",
          "level": "了解",
          "reference": "知道用算盘可以表示多位数"
        }
      ]
    }
  },
  {
    "type": "problem",
    "identifier": "urn:jy:math:2022:problem:s1:c18219d64335",
    "title": "例2",
    "contentJson": {
      "theme": "数与运算",
      "subject": "SX0302",
      "applicableLevel": "S1",
      "domain": "数与代数",
      "stage": "第一学段",
      "knowledge_point": [
        "符号<,=,>的含义",
        "万以内数的大小比较",
        "相等和不等关系"
      ],
      "original_content": "了解符号  $<$  ，  $= ,>$  的含义，会比较万以内数的大小；通过数的大小比较，感悟相等和不等关系（例2）。",
      "coreLiteracyPerformance_and_level": [
        {
          "coreLiteracyPerformance": "符号意识",
          "level": "了解",
          "reference": "了解符号  $<$  ，  $= ,>$  的含义"
        },
        {
          "coreLiteracyPerformance": "数感",
          "level": "理解",
          "reference": "会比较万以内数的大小"
        },
        {
          "coreLiteracyPerformance": "数感",
          "level": "感悟",
          "reference": "通过数的大小比较，感悟相等和不等关系"
        }
      ]
    }
  },
  {
    "type": "problem",
    "identifier": "urn:jy:math:2022:problem:s1:13922f93c7b8",
    "title": "例3",
    "contentJson": {
      "theme": "数与运算",
      "subject": "SX0302",
      "applicableLevel": "S1",
      "domain": "数与代数",
      "stage": "第一学段",
      "knowledge_point": [
        "四则运算的意义",
        "运算之间的关系"
      ],
      "original_content": "在具体情境中，了解四则运算的意义，感悟运算之间的关系（例3）。",
      "coreLiteracyPerformance_and_level": [
        {
          "coreLiteracyPerformance": "运算能力",
          "level": "了解",
          "reference": "了解四则运算的意义"
        },
        {
          "coreLiteracyPerformance": "运算能力",
          "level": "感悟",
          "reference": "感悟运算之间的关系"
        }
      ]
    }
  },
  {
    "type": "problem",
    "identifier": "urn:jy:math:2022:problem:s1:0995924b9098",
    "title": "例6",
    "contentJson": {
      "theme": "数与运算",
      "subject": "SX0302",
      "applicableLevel": "S1",
      "domain": "数与代数",
      "stage": "第一学段",
      "knowledge_point": [
        "符号表示数的大小关系"
      ],
      "original_content": "能用符号表示数的大小关系（例6），形成初步的数感和符号意识。",
      "coreLiteracyPerformance_and_level": [
        {
          "coreLiteracyPerformance": "符号意识",
          "level": "掌握",
          "reference": "能用符号表示数的大小关系"
        },
        {
          "coreLiteracyPerformance": "数感",
          "level": "掌握",
          "reference": "能用符号表示数的大小关系"
        }
      ]
    }
  },
  {
    "type": "problem",
    "identifier": "urn:jy:math:2022:problem:s1:98884d65f00e",
    "title": "例4",
    "contentJson": {
      "theme": "数量关系",
      "subject": "SX0302",
      "applicableLevel": "S1",
      "domain": "数与代数",
      "stage": "第一学段",
      "knowledge_point": [
        "数或符号表达变化规律"
      ],
      "original_content": "探索用数或符号表达简单情境中的变化规律（例4和例5）。",
      "coreLiteracyPerformance_and_level": [
        {
          "coreLiteracyPerformance": "符号意识",
          "level": "探索",
          "reference": "探索用数或符号表达简单情境中的变化规律"
        },
        {
          "coreLiteracyPerformance": "模型意识",
          "level": "探索",
          "reference": "探索用数或符号表达简单情境中的变化规律"
        }
      ]
    }
  },
  {
    "type": "problem",
    "identifier": "urn:jy:math:2022:problem:s1:d42938e27cbc",
    "title": "例5",
    "contentJson": {
      "theme": "数量关系",
      "subject": "SX0302",
      "applicableLevel": "S1",
      "domain": "数与代数",
      "stage": "第一学段",
      "knowledge_point": [
        "数或符号表达变化规律"
      ],
      "original_content": "探索用数或符号表达简单情境中的变化规律（例4和例5）。",
      "coreLiteracyPerformance_and_level": [
        {
          "coreLiteracyPerformance": "符号意识",
          "level": "探索",
          "reference": "探索用数或符号表达简单情境中的变化规律"
        },
        {
          "coreLiteracyPerformance": "模型意识",
          "level": "探索",
          "reference": "探索用数或符号表达简单情境中的变化规律"
        }
      ]
    }
  },
  {
    "type": "problem",
    "identifier": "urn:jy:math:2022:problem:s1:d7989dfa8d3d",
    "title": "例24",
    "contentJson": {
      "theme": "图形的认识与测量",
      "subject": "SX0302",
      "applicableLevel": "S1",
      "domain": "图形与几何",
      "stage": "第一学段",
      "knowledge_point": [
        "立体图形面对应平面图形"
      ],
      "original_content": "能说出立体图形中某一个面对应的平面图形（例24），形成初步的空间观念。",
      "coreLiteracyPerformance_and_level": [
        {
          "coreLiteracyPerformance": "空间观念",
          "level": "掌握",
          "reference": "能说出立体图形中某一个面对应的平面图形"
        }
      ]
    }
  },
  {
    "type": "problem",
    "identifier": "urn:jy:math:2022:problem:s1:68672dbf526c",
    "title": "例25",
    "contentJson": {
      "theme": "图形的认识与测量",
      "subject": "SX0302",
      "applicableLevel": "S1",
      "domain": "图形与几何",
      "stage": "第一学段",
      "knowledge_point": [
        "估测物体长度",
        "测量物体长度"
      ],
      "original_content": "能估测一些身边常见物体的长度，并能借助工具测量生活中物体的长度（例25），初步形成量感。",
      "coreLiteracyPerformance_and_level": [
        {
          "coreLiteracyPerformance": "量感",
          "level": "掌握",
          "reference": "能借助工具测量生活中物体的长度"
        }
      ]
    }
  },
  {
    "type": "problem",
    "identifier": "urn:jy:math:2022:problem:s1:762418ade1b2",
    "title": "例37",
    "contentJson": {
      "theme": "数据分类",
      "subject": "SX0302",
      "applicableLevel": "S1",
      "domain": "统计与概率",
      "stage": "第一学段",
      "knowledge_point": [
        "事物共性和差异"
      ],
      "original_content": "感知事物的共性和差异，形成初步的数据意识（例37）。",
      "coreLiteracyPerformance_and_level": [
        {
          "coreLiteracyPerformance": "数据意识",
          "level": "感悟",
          "reference": "感知事物的共性和差异"
        }
      ]
    }
  }
,
  {
    "type": "problem",
    "identifier": "urn:jy:math:2022:problem:s2:f5c1bd00e09b",
    "title": "例8",
    "contentJson": {
      "theme": "数与运算",
      "subject": "SX0302",
      "applicableLevel": "S2",
      "domain": "数与代数",
      "stage": "第二学段",
      "knowledge_point": [
        "万以上的数",
        "十进制计数法",
        "多位数的乘除法",
        "未知到已知的转化"
      ],
      "original_content": "在具体情境中认识万以上的数，了解十进制计数法，探索并掌握多位数的乘除法，感悟从未知到已知的转化（例8）。",
      "coreLiteracyPerformance_and_level": [
        {
          "coreLiteracyPerformance": "数感",
          "level": "理解",
          "reference": "在具体情境中认识万以上的数"
        },
        {
          "coreLiteracyPerformance": "运算能力",
          "level": "掌握",
          "reference": "掌握多位数的乘除法"
        },
        {
          "coreLiteracyPerformance": "推理意识",
          "level": "探索",
          "reference": "探索多位数的乘除法"
        },
        {
          "coreLiteracyPerformance": "推理意识",
          "level": "感悟",
          "reference": "感悟从未知到已知的转化"
        }
      ]
    }
  },
  {
    "type": "problem",
    "identifier": "urn:jy:math:2022:problem:s2:2d725b131692",
    "title": "例9",
    "contentJson": {
      "theme": "数与运算",
      "subject": "SX0302",
      "applicableLevel": "S2",
      "domain": "数与代数",
      "stage": "第二学段",
      "knowledge_point": [
        "小数",
        "分数",
        "分数单位",
        "同分母分数的加减法",
        "一位小数的加减法"
      ],
      "original_content": "结合具体情境，初步认识小数和分数，感悟分数单位（例9）；会同分母分数的加减法和一位小数的加减法。",
      "coreLiteracyPerformance_and_level": [
        {
          "coreLiteracyPerformance": "数感",
          "level": "了解",
          "reference": "初步认识小数和分数"
        },
        {
          "coreLiteracyPerformance": "数感",
          "level": "感悟",
          "reference": "感悟分数单位"
        },
        {
          "coreLiteracyPerformance": "运算能力",
          "level": "理解",
          "reference": "会同分母分数的加减法和一位小数的加减法"
        }
      ]
    }
  },
  {
    "type": "problem",
    "identifier": "urn:jy:math:2022:problem:s2:23e63bfd19ab",
    "title": "例10",
    "contentJson": {
      "theme": "数与运算",
      "subject": "SX0302",
      "applicableLevel": "S2",
      "domain": "数与代数",
      "stage": "第二学段",
      "knowledge_point": [
        "用数描述事物特征"
      ],
      "original_content": "会运用数描述生活情境中事物的特征（例10），逐步形成数感、运算能力和初步的推理意识。",
      "coreLiteracyPerformance_and_level": [
        {
          "coreLiteracyPerformance": "数感",
          "level": "运用",
          "reference": "会运用数描述生活情境中事物的特征"
        },
        {
          "coreLiteracyPerformance": "运算能力",
          "level": "形成",
          "reference": "逐步形成运算能力"
        },
        {
          "coreLiteracyPerformance": "推理意识",
          "level": "形成",
          "reference": "逐步形成推理意识"
        }
      ]
    }
  },
  {
    "type": "problem",
    "identifier": "urn:jy:math:2022:problem:s2:668d93f63207",
    "title": "例11",
    "contentJson": {
      "theme": "数量关系",
      "subject": "SX0302",
      "applicableLevel": "S2",
      "domain": "数与代数",
      "stage": "第二学段",
      "knowledge_point": [
        "数和运算的实际应用",
        "单位选择",
        "简单估算"
      ],
      "original_content": "在实际情境中运用数和数的运算解决问题，在解决实际问题的过程中能结合具体情境选择合适的单位进行简单估算，体会估算在生活中的作用（例11）。",
      "coreLiteracyPerformance_and_level": [
        {
          "coreLiteracyPerformance": "应用意识",
          "level": "运用",
          "reference": "在实际情境中运用数和数的运算解决问题"
        },
        {
          "coreLiteracyPerformance": "数感",
          "level": "掌握",
          "reference": "能结合具体情境选择合适的单位进行简单估算"
        },
        {
          "coreLiteracyPerformance": "模型意识",
          "level": "体会",
          "reference": "体会估算在生活中的作用"
        }
      ]
    }
  },
  {
    "type": "problem",
    "identifier": "urn:jy:math:2022:problem:s2:f372f27b5855",
    "title": "例12",
    "contentJson": {
      "theme": "数量关系",
      "subject": "SX0302",
      "applicableLevel": "S2",
      "domain": "数与代数",
      "stage": "第二学段",
      "knowledge_point": [
        "计算器使用",
        "解决实际问题",
        "探索规律"
      ],
      "original_content": "能借助计算器进行计算，解决简单的实际问题，探索简单的规律（例12）。",
      "coreLiteracyPerformance_and_level": [
        {
          "coreLiteracyPerformance": "应用意识",
          "level": "运用",
          "reference": "能借助计算器进行计算，解决简单的实际问题"
        },
        {
          "coreLiteracyPerformance": "创新意识",
          "level": "探索",
          "reference": "探索简单的规律"
        }
      ]
    }
  },
  {
    "type": "problem",
    "identifier": "urn:jy:math:2022:problem:s2:745e0c0a85b4",
    "title": "例13",
    "contentJson": {
      "theme": "数量关系",
      "subject": "SX0302",
      "applicableLevel": "S2",
      "domain": "数与代数",
      "stage": "第二学段",
      "knowledge_point": [
        "总量与分量关系",
        "总价数量关系",
        "路程速度时间关系"
      ],
      "original_content": "在具体情境中认识常见数量关系：总量  $=$  分量之和（例13）、总价  $=$  单价  $\\times$  数量、路程  $=$  速度  $\\times$  时间。",
      "coreLiteracyPerformance_and_level": [
        {
          "coreLiteracyPerformance": "模型意识",
          "level": "理解",
          "reference": "在具体情境中认识常见数量关系"
        }
      ]
    }
  },
  {
    "type": "problem",
    "identifier": "urn:jy:math:2022:problem:s2:2cad0bcc97af",
    "title": "例14",
    "contentJson": {
      "theme": "数量关系",
      "subject": "SX0302",
      "applicableLevel": "S2",
      "domain": "数与代数",
      "stage": "第二学段",
      "knowledge_point": [
        "解决生活问题",
        "解释结果意义",
        "探索规律"
      ],
      "original_content": "能解决生活中的简单问题，并能对结果的实际意义作出解释，经历探索简单规律的过程（例14），形成初步的模型意识和应用意识。",
      "coreLiteracyPerformance_and_level": [
        {
          "coreLiteracyPerformance": "应用意识",
          "level": "掌握",
          "reference": "能解决生活中的简单问题"
        },
        {
          "coreLiteracyPerformance": "应用意识",
          "level": "形成",
          "reference": "形成初步的应用意识"
        },
        {
          "coreLiteracyPerformance": "模型意识",
          "level": "形成",
          "reference": "形成初步的模型意识"
        },
        {
          "coreLiteracyPerformance": "创新意识",
          "level": "经历",
          "reference": "经历探索简单规律的过程"
        }
      ]
    }
  },
  {
    "type": "problem",
    "identifier": "urn:jy:math:2022:problem:s2:b508cee513c7",
    "title": "例15",
    "contentJson": {
      "theme": "数量关系",
      "subject": "SX0302",
      "applicableLevel": "S2",
      "domain": "数与代数",
      "stage": "第二学段",
      "knowledge_point": [
        "等量的等量相等推理"
      ],
      "original_content": "能在真实情境中合理利用\"等量的等量相等\"进行推理，形成初步的推理意识（例15）。",
      "coreLiteracyPerformance_and_level": [
        {
          "coreLiteracyPerformance": "推理意识",
          "level": "掌握",
          "reference": "能在真实情境中合理利用\"等量的等量相等\"进行推理"
        },
        {
          "coreLiteracyPerformance": "推理意识",
          "level": "形成",
          "reference": "形成初步的推理意识"
        }
      ]
    }
  },
  {
    "type": "problem",
    "identifier": "urn:jy:math:2022:problem:s2:725d5a7695da",
    "title": "例26",
    "contentJson": {
      "theme": "图形的认识与测量",
      "subject": "SX0302",
      "applicableLevel": "S2",
      "domain": "图形与几何",
      "stage": "第二学段",
      "knowledge_point": [
        "尺规作图",
        "线段作图",
        "直线位置关系"
      ],
      "original_content": "会用直尺和圆规作一条线段等于已知线段（例26），了解同一平面内两条直线的位置关系。",
      "coreLiteracyPerformance_and_level": [
        {
          "coreLiteracyPerformance": "几何直观",
          "level": "会",
          "reference": "会用直尺和圆规作一条线段等于已知线段"
        },
        {
          "coreLiteracyPerformance": "空间观念",
          "level": "了解",
          "reference": "了解同一平面内两条直线的位置关系"
        }
      ]
    }
  },
  {
    "type": "problem",
    "identifier": "urn:jy:math:2022:problem:s2:4a5cec4bd496",
    "title": "例28",
    "contentJson": {
      "theme": "图形的认识与测量",
      "subject": "SX0302",
      "applicableLevel": "S2",
      "domain": "图形与几何",
      "stage": "第二学段",
      "knowledge_point": [
        "等腰三角形",
        "等边三角形",
        "四边形特征",
        "图形共性与区别"
      ],
      "original_content": "能根据边的相等关系，认识等腰三角形和等边三角形；能说出长方形、正方形、平行四边形、梯形的特征，能说出这些图形之间的共性与区别（例28），形成空间观念和初步的几何直观。",
      "coreLiteracyPerformance_and_level": [
        {
          "coreLiteracyPerformance": "空间观念",
          "level": "认识",
          "reference": "认识等腰三角形和等边三角形"
        },
        {
          "coreLiteracyPerformance": "空间观念",
          "level": "掌握",
          "reference": "能说出长方形、正方形、平行四边形、梯形的特征"
        },
        {
          "coreLiteracyPerformance": "空间观念",
          "level": "形成",
          "reference": "形成空间观念"
        },
        {
          "coreLiteracyPerformance": "几何直观",
          "level": "掌握",
          "reference": "能说出这些图形之间的共性与区别"
        },
        {
          "coreLiteracyPerformance": "几何直观",
          "level": "形成",
          "reference": "形成初步的几何直观"
        }
      ]
    }
  },
  {
    "type": "problem",
    "identifier": "urn:jy:math:2022:problem:s2:6bcdd1171128",
    "title": "例29",
    "contentJson": {
      "theme": "图形的认识与测量",
      "subject": "SX0302",
      "applicableLevel": "S2",
      "domain": "图形与几何",
      "stage": "第二学段",
      "knowledge_point": [
        "三角形周长直观感受",
        "图形周长概念"
      ],
      "original_content": "经历用直尺和圆规将三角形的三条边画到一条直线上的过程，直观感受三角形的周长（例29），知道什么是图形的周长。",
      "coreLiteracyPerformance_and_level": [
        {
          "coreLiteracyPerformance": "几何直观",
          "level": "经历",
          "reference": "经历用直尺和圆规将三角形的三条边画到一条直线上的过程"
        },
        {
          "coreLiteracyPerformance": "几何直观",
          "level": "感受",
          "reference": "直观感受三角形的周长"
        },
        {
          "coreLiteracyPerformance": "量感",
          "level": "知道",
          "reference": "知道什么是图形的周长"
        }
      ]
    }
  },
  {
    "type": "problem",
    "identifier": "urn:jy:math:2022:problem:s2:3077a850e651",
    "title": "例27",
    "contentJson": {
      "theme": "图形的位置与运动",
      "subject": "SX0302",
      "applicableLevel": "S2",
      "domain": "图形与几何",
      "stage": "第二学段",
      "knowledge_point": [
        "图形平移",
        "图形旋转",
        "轴对称现象"
      ],
      "original_content": "结合实例，感受图形的平移、旋转和轴对称现象（例27）。",
      "coreLiteracyPerformance_and_level": [
        {
          "coreLiteracyPerformance": "空间观念",
          "level": "感受",
          "reference": "结合实例，感受图形的平移、旋转和轴对称现象"
        }
      ]
    }
  },
  {
    "type": "problem",
    "identifier": "urn:jy:math:2022:problem:s2:fc96e8a3f3cf",
    "title": "例39",
    "contentJson": {
      "theme": "数据的收集、整理与表达",
      "subject": "SX0302",
      "applicableLevel": "S2",
      "domain": "统计与概率",
      "stage": "第二学段",
      "knowledge_point": [
        "数据收集",
        "数据整理",
        "数据描述",
        "数据分析",
        "数据呈现"
      ],
      "original_content": "经历简单的数据收集、整理、描述和分析的过程，了解简单的收集数据的方法，会呈现数据整理的结果（例39）。",
      "coreLiteracyPerformance_and_level": [
        {
          "coreLiteracyPerformance": "数据意识",
          "level": "经历",
          "reference": "经历简单的数据收集、整理、描述和分析的过程"
        },
        {
          "coreLiteracyPerformance": "数据意识",
          "level": "了解",
          "reference": "了解简单的收集数据的方法"
        },
        {
          "coreLiteracyPerformance": "数据意识",
          "level": "理解",
          "reference": "会呈现数据整理的结果"
        }
      ]
    }
  },
  {
    "type": "problem",
    "identifier": "urn:jy:math:2022:problem:s2:2ca5642ea120",
    "title": "例40",
    "contentJson": {
      "theme": "数据的收集、整理与表达",
      "subject": "SX0302",
      "applicableLevel": "S2",
      "domain": "统计与概率",
      "stage": "第二学段",
      "knowledge_point": [
        "平均数意义",
        "平均数应用"
      ],
      "original_content": "探索平均数的意义，能解决有关的简单实际问题（例40）。",
      "coreLiteracyPerformance_and_level": [
        {
          "coreLiteracyPerformance": "数据意识",
          "level": "探索",
          "reference": "探索平均数的意义"
        },
        {
          "coreLiteracyPerformance": "数据意识",
          "level": "掌握",
          "reference": "能解决有关的简单实际问题"
        }
      ]
    }
  },
  {
    "type": "problem",
    "identifier": "urn:jy:math:2022:problem:s2:1e65a98d0bce",
    "title": "例41",
    "contentJson": {
      "theme": "数据的收集、整理与表达",
      "subject": "SX0302",
      "applicableLevel": "S2",
      "domain": "统计与概率",
      "stage": "第二学段",
      "knowledge_point": [
        "统计图表应用",
        "平均数应用"
      ],
      "original_content": "能在简单的实际情境中，合理应用统计图表和平均数（例41），形成初步的数据意识和应用意识。",
      "coreLiteracyPerformance_and_level": [
        {
          "coreLiteracyPerformance": "数据意识",
          "level": "运用",
          "reference": "能在简单的实际情境中，合理应用统计图表和平均数"
        },
        {
          "coreLiteracyPerformance": "数据意识",
          "level": "形成",
          "reference": "形成初步的数据意识"
        },
        {
          "coreLiteracyPerformance": "应用意识",
          "level": "形成",
          "reference": "形成初步的应用意识"
        }
      ]
    }
  },
  {
    "type": "problem",
    "identifier": "urn:jy:math:2022:problem:s2:c7de177520f3",
    "title": "例42",
    "contentJson": {
      "theme": "数据的收集、整理与表达",
      "subject": "SX0302",
      "applicableLevel": "S2",
      "domain": "统计与概率",
      "stage": "第二学段",
      "knowledge_point": [
        "平均数实际问题"
      ],
      "original_content": "能用平均数解决有关的简单实际问题（例42），形成初步的数据意识和应用意识。",
      "coreLiteracyPerformance_and_level": [
        {
          "coreLiteracyPerformance": "数据意识",
          "level": "运用",
          "reference": "能用平均数解决有关的简单实际问题"
        },
        {
          "coreLiteracyPerformance": "数据意识",
          "level": "形成",
          "reference": "形成初步的数据意识"
        },
        {
          "coreLiteracyPerformance": "应用意识",
          "level": "形成",
          "reference": "形成初步的应用意识"
        }
      ]
    }
  }
,
  {
    "type": "problem",
    "identifier": "urn:jy:math:2022:problem:s3:9b9879b3e266",
    "title": "例16",
    "contentJson": {
      "theme": "数与运算",
      "subject": "SX0302",
      "applicableLevel": "S3",
      "domain": "数与代数",
      "stage": "第三学段",
      "knowledge_point": [
        "整数除法与分数的关系"
      ],
      "original_content": "结合具体情境理解整数除法与分数的关系（例16）。",
      "coreLiteracyPerformance_and_level": [
        {
          "coreLiteracyPerformance": "运算能力",
          "level": "理解",
          "reference": "理解整数除法与分数的关系"
        }
      ]
    }
  },
  {
    "type": "problem",
    "identifier": "urn:jy:math:2022:problem:s3:3ffadd37abf1",
    "title": "例19",
    "contentJson": {
      "theme": "数与运算",
      "subject": "SX0302",
      "applicableLevel": "S3",
      "domain": "数与代数",
      "stage": "第三学段",
      "knowledge_point": [
        "整除的相关性质"
      ],
      "original_content": "能在实际情境中运用整除的相关性质（例19）。",
      "coreLiteracyPerformance_and_level": [
        {
          "coreLiteracyPerformance": "运算能力",
          "level": "运用",
          "reference": "能在实际情境中运用整除的相关性质"
        }
      ]
    }
  },
  {
    "type": "problem",
    "identifier": "urn:jy:math:2022:problem:s3:e0a2a09c2cd2",
    "title": "例17",
    "contentJson": {
      "theme": "数量关系",
      "subject": "SX0302",
      "applicableLevel": "S3",
      "domain": "数与代数",
      "stage": "第三学段",
      "knowledge_point": [
        "等式的基本性质"
      ],
      "original_content": "根据具体情境理解等式的基本性质（例17）。",
      "coreLiteracyPerformance_and_level": [
        {
          "coreLiteracyPerformance": "抽象能力",
          "level": "理解",
          "reference": "根据具体情境理解等式的基本性质"
        }
      ]
    }
  },
  {
    "type": "problem",
    "identifier": "urn:jy:math:2022:problem:s3:e9ea68e7199d",
    "title": "例18",
    "contentJson": {
      "theme": "数量关系",
      "subject": "SX0302",
      "applicableLevel": "S3",
      "domain": "数与代数",
      "stage": "第三学段",
      "knowledge_point": [
        "估算方法"
      ],
      "original_content": "在解决实际问题的过程中，会选择合适的方法进行估算（例18）。",
      "coreLiteracyPerformance_and_level": [
        {
          "coreLiteracyPerformance": "应用意识",
          "level": "运用",
          "reference": "在解决实际问题中，会选择合适的方法进行估算"
        }
      ]
    }
  },
  {
    "type": "problem",
    "identifier": "urn:jy:math:2022:problem:s3:3ffadd37abf1",
    "title": "例19",
    "contentJson": {
      "theme": "数量关系",
      "subject": "SX0302",
      "applicableLevel": "S3",
      "domain": "数与代数",
      "stage": "第三学段",
      "knowledge_point": [
        "用字母表示事物的关系、性质和规律"
      ],
      "original_content": "在具体情境中探索用字母表示事物的关系、性质和规律的方法，感悟用字母表示的一般性（例19）。",
      "coreLiteracyPerformance_and_level": [
        {
          "coreLiteracyPerformance": "抽象能力",
          "level": "理解",
          "reference": "探索用字母表示事物的关系、性质和规律的方法"
        },
        {
          "coreLiteracyPerformance": "应用意识",
          "level": "体会",
          "reference": "感悟用字母表示的一般性"
        }
      ]
    }
  },
  {
    "type": "problem",
    "identifier": "urn:jy:math:2022:problem:s3:8cf2541d6e3a",
    "title": "例20",
    "contentJson": {
      "theme": "数量关系",
      "subject": "SX0302",
      "applicableLevel": "S3",
      "domain": "数与代数",
      "stage": "第三学段",
      "knowledge_point": [
        "成正比的量",
        "成正比关系"
      ],
      "original_content": "通过具体情境认识成正比的量（如 $\\frac{y}{x}=5$）（例20）。",
      "coreLiteracyPerformance_and_level": [
        {
          "coreLiteracyPerformance": "抽象能力",
          "level": "理解",
          "reference": "通过具体情境认识成正比的量"
        }
      ]
    }
  },
  {
    "type": "problem",
    "identifier": "urn:jy:math:2022:problem:s3:562167e4bf71",
    "title": "例21",
    "contentJson": {
      "theme": "数量关系",
      "subject": "SX0302",
      "applicableLevel": "S3",
      "domain": "数与代数",
      "stage": "第三学段",
      "knowledge_point": [
        "成正比关系的规律",
        "成正比关系的变化趋势"
      ],
      "original_content": "能探索成正比关系的规律或变化趋势（如 $y=5x$）（例21）。",
      "coreLiteracyPerformance_and_level": [
        {
          "coreLiteracyPerformance": "推理能力",
          "level": "探索",
          "reference": "能探索成正比关系的规律或变化趋势"
        }
      ]
    }
  },
  {
    "type": "problem",
    "identifier": "urn:jy:math:2022:problem:s3:e0a2a09c2cd2",
    "title": "例17",
    "contentJson": {
      "theme": "数量关系",
      "subject": "SX0302",
      "applicableLevel": "S3",
      "domain": "数与代数",
      "stage": "第三学段",
      "knowledge_point": [
        "等式的基本性质"
      ],
      "original_content": "能在具体问题中感受等式的基本性质（例17）。",
      "coreLiteracyPerformance_and_level": [
        {
          "coreLiteracyPerformance": "抽象能力",
          "level": "理解",
          "reference": "能在具体问题中感受等式的基本性质"
        }
      ]
    }
  },
  {
    "type": "problem",
    "identifier": "urn:jy:math:2022:problem:s3:806f30a4fb9d",
    "title": "例32",
    "contentJson": {
      "theme": "图形的认识与测量",
      "subject": "SX0302",
      "applicableLevel": "S3",
      "domain": "图形与几何",
      "stage": "第三学段",
      "knowledge_point": [
        "三角形的基本性质",
        "三角形内角和"
      ],
      "original_content": "知道三角形任意两边之和大于第三边（例32），知道三角形内角和是 $180^{\\circ}$ 。",
      "coreLiteracyPerformance_and_level": [
        {
          "coreLiteracyPerformance": "抽象能力",
          "level": "理解",
          "reference": "知道三角形任意两边之和大于第三边，知道三角形内角和是 $180^{\\circ}$"
        }
      ]
    }
  },
  {
    "type": "problem",
    "identifier": "urn:jy:math:2022:problem:s3:818002e2dd5f",
    "title": "例22",
    "contentJson": {
      "theme": "图形的认识与测量",
      "subject": "SX0302",
      "applicableLevel": "S3",
      "domain": "图形与几何",
      "stage": "第三学段",
      "knowledge_point": [
        "圆和扇形的特征",
        "圆规画圆",
        "圆周率",
        "圆的周长与面积计算"
      ],
      "original_content": "认识圆和扇形，会用圆规画圆；认识圆周率（例22），探索圆的周长和面积计算公式，能解决简单的实际问题。",
      "coreLiteracyPerformance_and_level": [
        {
          "coreLiteracyPerformance": "几何直观",
          "level": "认识",
          "reference": "认识圆和扇形，会用圆规画圆"
        },
        {
          "coreLiteracyPerformance": "抽象能力",
          "level": "理解",
          "reference": "认识圆周率，探索圆的周长和面积计算公式"
        },
        {
          "coreLiteracyPerformance": "应用意识",
          "level": "运用",
          "reference": "能解决简单的实际问题"
        }
      ]
    }
  },
  {
    "type": "problem",
    "identifier": "urn:jy:math:2022:problem:s3:90ab73250f5d",
    "title": "例33",
    "contentJson": {
      "theme": "图形的认识与测量",
      "subject": "SX0302",
      "applicableLevel": "S3",
      "domain": "图形与几何",
      "stage": "第三学段",
      "knowledge_point": [
        "面积单位",
        "平行四边形面积计算公式",
        "三角形面积计算公式",
        "梯形面积计算公式",
        "不规则图形面积估算"
      ],
      "original_content": "知道面积单位千米²、公顷，探索并掌握平行四边形、三角形和梯形的面积计算公式，会估计不规则图形的面积（例33）。",
      "coreLiteracyPerformance_and_level": [
        {
          "coreLiteracyPerformance": "抽象能力",
          "level": "理解",
          "reference": "知道面积单位千米²、公顷"
        },
        {
          "coreLiteracyPerformance": "运算能力",
          "level": "掌握",
          "reference": "探索并掌握平行四边形、三角形和梯形的面积计算公式"
        },
        {
          "coreLiteracyPerformance": "应用意识",
          "level": "运用",
          "reference": "会估计不规则图形的面积"
        }
      ]
    }
  },
  {
    "type": "problem",
    "identifier": "urn:jy:math:2022:problem:s3:8cf2541d6e3a",
    "title": "例20",
    "contentJson": {
      "theme": "图形的认识与测量",
      "subject": "SX0302",
      "applicableLevel": "S3",
      "domain": "图形与几何",
      "stage": "第三学段",
      "knowledge_point": [
        "成正比的量",
        "成正比关系"
      ],
      "original_content": "通过具体情境认识成正比的量（如 $\\frac{y}{x}=5$）（例20）。",
      "coreLiteracyPerformance_and_level": [
        {
          "coreLiteracyPerformance": "抽象能力",
          "level": "理解",
          "reference": "通过具体情境认识成正比的量"
        }
      ]
    }
  },
  {
    "type": "problem",
    "identifier": "urn:jy:math:2022:problem:s3:562167e4bf71",
    "title": "例21",
    "contentJson": {
      "theme": "图形的认识与测量",
      "subject": "SX0302",
      "applicableLevel": "S3",
      "domain": "图形与几何",
      "stage": "第三学段",
      "knowledge_point": [
        "成正比关系的规律",
        "成正比关系的变化趋势"
      ],
      "original_content": "能探索成正比关系的规律或变化趋势（如 $y=5x$）（例21）。",
      "coreLiteracyPerformance_and_level": [
        {
          "coreLiteracyPerformance": "推理能力",
          "level": "探索",
          "reference": "能探索成正比关系的规律或变化趋势"
        }
      ]
    }
  },
  {
    "type": "problem",
    "identifier": "urn:jy:math:2022:problem:s3:5741f0e46023",
    "title": "例34",
    "contentJson": {
      "theme": "图形的认识与测量",
      "subject": "SX0302",
      "applicableLevel": "S3",
      "domain": "图形与几何",
      "stage": "第三学段",
      "knowledge_point": [
        "形状图的辨认",
        "空间观念"
      ],
      "original_content": "对于简单物体，能辨认不同方向（前面、侧面、上面）的形状图（例34），能把观察的方向与相应形状图对应起来，形成空间观念。",
      "coreLiteracyPerformance_and_level": [
        {
          "coreLiteracyPerformance": "空间观念",
          "level": "运用",
          "reference": "能辨认不同方向（前面、侧面、上面）的形状图，并把观察的方向与相应形状图对应起来"
        }
      ]
    }
  },
  {
    "type": "problem",
    "identifier": "urn:jy:math:2022:problem:s3:6683a7bfa969",
    "title": "例35",
    "contentJson": {
      "theme": "图形的位置与运动",
      "subject": "SX0302",
      "applicableLevel": "S3",
      "domain": "图形与几何",
      "stage": "第三学段",
      "knowledge_point": [
        "参照点的方向和距离",
        "物体的位置",
        "简单路线图的描述"
      ],
      "original_content": "能根据参照点的方向和距离确定物体的位置，会在实际情境中描述简单的路线图（例35）。",
      "coreLiteracyPerformance_and_level": [
        {
          "coreLiteracyPerformance": "应用意识",
          "level": "运用",
          "reference": "能根据参照点的方向和距离确定物体的位置，并描述简单的路线图"
        },
        {
          "coreLiteracyPerformance": "几何直观",
          "level": "形成",
          "reference": "通过实际情境描述路线图，形成几何直观"
        }
      ]
    }
  },
  {
    "type": "problem",
    "identifier": "urn:jy:math:2022:problem:s3:b96ce8eb88e9",
    "title": "例36",
    "contentJson": {
      "theme": "图形的位置与运动",
      "subject": "SX0302",
      "applicableLevel": "S3",
      "domain": "图形与几何",
      "stage": "第三学段",
      "knowledge_point": [
        "有序数对",
        "点的位置表示",
        "有序数对与方格纸点的对应关系"
      ],
      "original_content": "能用有序数对（限于自然数）表示点的位置，理解有序数对与方格纸上点的对应关系（例36）。",
      "coreLiteracyPerformance_and_level": [
        {
          "coreLiteracyPerformance": "运算能力",
          "level": "掌握",
          "reference": "能用有序数对表示点的位置"
        },
        {
          "coreLiteracyPerformance": "抽象能力",
          "level": "理解",
          "reference": "理解有序数对与方格纸上点的对应关系"
        }
      ]
    }
  },
  {
    "type": "problem",
    "identifier": "urn:jy:math:2022:problem:s3:6683a7bfa969",
    "title": "例35",
    "contentJson": {
      "theme": "图形的位置与运动",
      "subject": "SX0302",
      "applicableLevel": "S3",
      "domain": "图形与几何",
      "stage": "第三学段",
      "knowledge_point": [
        "参照点的方向和距离",
        "物体的位置描述",
        "路线图"
      ],
      "original_content": "能根据指定参照点的具体方向和距离描述物体所处位置；能在熟悉的情境中描述简单的路线图（例35），形成几何直观。",
      "coreLiteracyPerformance_and_level": [
        {
          "coreLiteracyPerformance": "应用意识",
          "level": "运用",
          "reference": "能根据指定参照点的方向和距离描述物体位置，并在熟悉情境中描述简单路线图"
        },
        {
          "coreLiteracyPerformance": "几何直观",
          "level": "形成",
          "reference": "形成几何直观"
        }
      ]
    }
  },
  {
    "type": "problem",
    "identifier": "urn:jy:math:2022:problem:s3:b96ce8eb88e9",
    "title": "例36",
    "contentJson": {
      "theme": "图形的位置与运动",
      "subject": "SX0302",
      "applicableLevel": "S3",
      "domain": "图形与几何",
      "stage": "第三学段",
      "knowledge_point": [
        "有序数对",
        "点的位置表示",
        "方格纸上点的对应关系"
      ],
      "original_content": "能在方格纸上用有序数对（限于自然数）确定点的位置，理解有序数对与对应点的关系（例36），形成空间观念。",
      "coreLiteracyPerformance_and_level": [
        {
          "coreLiteracyPerformance": "运算能力",
          "level": "掌握",
          "reference": "能用有序数对表示点的位置"
        },
        {
          "coreLiteracyPerformance": "空间观念",
          "level": "形成",
          "reference": "理解有序数对与对应点的关系，形成空间观念"
        }
      ]
    }
  },
  {
    "type": "problem",
    "identifier": "urn:jy:math:2022:problem:s3:520a2ab4ff4f",
    "title": "例31",
    "contentJson": {
      "theme": "图形的位置与运动",
      "subject": "SX0302",
      "applicableLevel": "S3",
      "domain": "图形与几何",
      "stage": "第三学段",
      "knowledge_point": [
        "轴对称图形",
        "对称轴"
      ],
      "original_content": "知道轴对称图形的对称轴（例31），能在方格纸上补全轴对称图形，形成推理意识。",
      "coreLiteracyPerformance_and_level": [
        {
          "coreLiteracyPerformance": "抽象能力",
          "level": "理解",
          "reference": "知道轴对称图形的对称轴"
        },
        {
          "coreLiteracyPerformance": "推理能力",
          "level": "增强",
          "reference": "能在方格纸上补全轴对称图形，形成推理意识"
        }
      ]
    }
  },
  {
    "type": "problem",
    "identifier": "urn:jy:math:2022:problem:s3:ad18f7c18b57",
    "title": "例44",
    "contentJson": {
      "theme": "数据的收集、整理与表达",
      "subject": "SX0302",
      "applicableLevel": "S3",
      "domain": "统计与概率",
      "stage": "第三学段",
      "knowledge_point": [
        "数据获取",
        "统计图表的解读"
      ],
      "original_content": "能从各种媒体中获得所需要的数据，读懂其中的简单统计图表（例44）。",
      "coreLiteracyPerformance_and_level": [
        {
          "coreLiteracyPerformance": "应用意识",
          "level": "运用",
          "reference": "能从各种媒体中获得所需数据"
        },
        {
          "coreLiteracyPerformance": "理解能力",
          "level": "理解",
          "reference": "能读懂简单的统计图表"
        }
      ]
    }
  },
  {
    "type": "problem",
    "identifier": "urn:jy:math:2022:problem:s3:cfe6f95a017f",
    "title": "例45",
    "contentJson": {
      "theme": "数据的收集、整理与表达",
      "subject": "SX0302",
      "applicableLevel": "S3",
      "domain": "统计与概率",
      "stage": "第三学段",
      "knowledge_point": [
        "百分数的统计意义",
        "百分数应用"
      ],
      "original_content": "能理解百分数的统计意义（例45），解决与百分数有关的简单问题。",
      "coreLiteracyPerformance_and_level": [
        {
          "coreLiteracyPerformance": "抽象能力",
          "level": "理解",
          "reference": "能理解百分数的统计意义"
        },
        {
          "coreLiteracyPerformance": "应用意识",
          "level": "运用",
          "reference": "能解决与百分数有关的简单问题"
        }
      ]
    }
  },
  {
    "type": "problem",
    "identifier": "urn:jy:math:2022:problem:s4:6c9ce1cc8258",
    "title": "例64",
    "contentJson": {
      "theme": "数与式",
      "subject": "SX0302",
      "applicableLevel": "S4",
      "domain": "数与代数",
      "stage": "第四学段",
      "knowledge_point": [
        "负数的意义",
        "有理数的意义",
        "用数轴表示有理数",
        "有理数大小比较"
      ],
      "original_content": "1.理解负数的意义（例64）；理解有理数的意义，能用数轴上的点表示有理数，能比较有理数的大小。",
      "coreLiteracyPerformance_and_level": [
        {
          "coreLiteracyPerformance": "抽象能力",
          "level": "理解",
          "reference": "理解负数的意义和有理数的意义"
        },
        {
          "coreLiteracyPerformance": "几何直观",
          "level": "掌握",
          "reference": "能用数轴上的点表示有理数，理解数与数轴之间的关系"
        },
        {
          "coreLiteracyPerformance": "运算能力",
          "level": "掌握",
          "reference": "能比较有理数的大小"
        }
      ]
    }
  },
  {
    "type": "problem",
    "identifier": "urn:jy:math:2022:problem:s4:709c05d94500",
    "title": "例65",
    "contentJson": {
      "theme": "数与式",
      "subject": "SX0302",
      "applicableLevel": "S4",
      "domain": "数与代数",
      "stage": "第四学段",
      "knowledge_point": [
        "近似数的含义",
        "计算器进行近似计算",
        "按问题要求进行近似计算"
      ],
      "original_content": "⑦了解近似数，在解决实际问题中，能用计算器进行近似计算，会按问题的要求进行简单的近似计算（例65）。",
      "coreLiteracyPerformance_and_level": [
        {
          "coreLiteracyPerformance": "数据观念",
          "level": "了解",
          "reference": "了解近似数的含义"
        },
        {
          "coreLiteracyPerformance": "运算能力",
          "level": "掌握",
          "reference": "能用计算器进行近似计算，并根据问题要求进行简单的近似计算"
        }
      ]
    }
  },
  {
    "type": "problem",
    "identifier": "urn:jy:math:2022:problem:s4:24a99d0ef0f3",
    "title": "例66",
    "contentJson": {
      "theme": "数与式",
      "subject": "SX0302",
      "applicableLevel": "S4",
      "domain": "数与代数",
      "stage": "第四学段",
      "knowledge_point": [
        "代数推理的概念"
      ],
      "original_content": "⑨了解代数推理（例66）。",
      "coreLiteracyPerformance_and_level": [
        {
          "coreLiteracyPerformance": "推理能力",
          "level": "了解",
          "reference": "了解代数推理的基本概念"
        }
      ]
    }
  },
  {
    "type": "problem",
    "identifier": "urn:jy:math:2022:problem:s4:24a99d0ef0f3",
    "title": "例66",
    "contentJson": {
      "theme": "数与式",
      "subject": "SX0302",
      "applicableLevel": "S4",
      "domain": "数与代数",
      "stage": "第四学段",
      "knowledge_point": [
        "代数推理的概念"
      ],
      "original_content": "⑨了解代数推理（例66）。",
      "coreLiteracyPerformance_and_level": [
        {
          "coreLiteracyPerformance": "推理能力",
          "level": "了解",
          "reference": "了解代数推理的基本概念"
        }
      ]
    }
  },
  {
    "type": "problem",
    "identifier": "urn:jy:math:2022:problem:s4:4f23b8ccc2db",
    "title": "例67",
    "contentJson": {
      "theme": "方程与不等式",
      "subject": "SX0302",
      "applicableLevel": "S4",
      "domain": "数与代数",
      "stage": "第四学段",
      "knowledge_point": [
        "一元二次方程的根与系数的关系"
      ],
      "original_content": "⑦了解一元二次方程的根与系数的关系（例67）。",
      "coreLiteracyPerformance_and_level": [
        {
          "coreLiteracyPerformance": "抽象能力",
          "level": "了解",
          "reference": "了解一元二次方程的根与系数之间的关系"
        }
      ]
    }
  },
  {
    "type": "problem",
    "identifier": "urn:jy:math:2022:problem:s4:96a9ec3584df",
    "title": "例68",
    "contentJson": {
      "theme": "函数",
      "subject": "SX0302",
      "applicableLevel": "S4",
      "domain": "数与代数",
      "stage": "第四学段",
      "knowledge_point": [
        "函数关系",
        "图象分析"
      ],
      "original_content": "②能结合图象对简单实际问题中的函数关系进行分析（例68）。",
      "coreLiteracyPerformance_and_level": [
        {
          "coreLiteracyPerformance": "几何直观",
          "level": "运用",
          "reference": "能结合图象分析实际问题中的函数关系"
        }
      ]
    }
  },
  {
    "type": "problem",
    "identifier": "urn:jy:math:2022:problem:s4:d83e5c90b0eb",
    "title": "例69",
    "contentJson": {
      "theme": "函数",
      "subject": "SX0302",
      "applicableLevel": "S4",
      "domain": "数与代数",
      "stage": "第四学段",
      "knowledge_point": [
        "函数表示法",
        "变量之间的关系",
        "函数值的意义"
      ],
      "original_content": "④能用适当的函数表示法刻画简单实际问题中变量之间的关系，理解函数值的意义（例69）。",
      "coreLiteracyPerformance_and_level": [
        {
          "coreLiteracyPerformance": "应用意识",
          "level": "运用",
          "reference": "能用适当的函数表示法描述变量之间的关系"
        },
        {
          "coreLiteracyPerformance": "抽象能力",
          "level": "理解",
          "reference": "理解函数值的意义"
        }
      ]
    }
  },
  {
    "type": "problem",
    "identifier": "urn:jy:math:2022:problem:s4:e97e3a0bdc20",
    "title": "例70",
    "contentJson": {
      "theme": "函数",
      "subject": "SX0302",
      "applicableLevel": "S4",
      "domain": "数与代数",
      "stage": "第四学段",
      "knowledge_point": [
        "一次函数的意义",
        "一次函数的表达式",
        "待定系数法"
      ],
      "original_content": "①结合具体情境体会一次函数的意义，能根据已知条件确定一次函数的表达式（例70）；会运用待定系数法确定一次函数的表达式。",
      "coreLiteracyPerformance_and_level": [
        {
          "coreLiteracyPerformance": "应用意识",
          "level": "运用",
          "reference": "能根据已知条件确定一次函数的表达式"
        },
        {
          "coreLiteracyPerformance": "运算能力",
          "level": "掌握",
          "reference": "会运用待定系数法确定一次函数的表达式"
        }
      ]
    }
  },
  {
    "type": "problem",
    "identifier": "urn:jy:math:2022:problem:s4:93bd6b82df77",
    "title": "例71",
    "contentJson": {
      "theme": "函数",
      "subject": "SX0302",
      "applicableLevel": "S4",
      "domain": "数与代数",
      "stage": "第四学段",
      "knowledge_point": [
        "一次函数的图象",
        "一次函数的性质"
      ],
      "original_content": "②能画一次函数的图象，通过图象了解函数的性质（例71）。",
      "coreLiteracyPerformance_and_level": [
        {
          "coreLiteracyPerformance": "几何直观",
          "level": "掌握",
          "reference": "能画出一次函数的图象，了解其性质"
        }
      ]
    }
  },
  {
    "type": "problem",
    "identifier": "urn:jy:math:2022:problem:s4:93bd6b82df77",
    "title": "例71",
    "contentJson": {
      "theme": "函数",
      "subject": "SX0302",
      "applicableLevel": "S4",
      "domain": "数与代数",
      "stage": "第四学段",
      "knowledge_point": [
        "二次函数的意义",
        "二次函数的表达式"
      ],
      "original_content": "(1)结合具体情境体会二次函数的意义，能根据已知条件写出二次函数的表达式（例71）。",
      "coreLiteracyPerformance_and_level": [
        {
          "coreLiteracyPerformance": "应用意识",
          "level": "运用",
          "reference": "能根据已知条件写出二次函数的表达式"
        }
      ]
    }
  },
  {
    "type": "problem",
    "identifier": "urn:jy:math:2022:problem:s4:93bd6b82df77",
    "title": "例71",
    "contentJson": {
      "theme": "函数",
      "subject": "SX0302",
      "applicableLevel": "S4",
      "domain": "数与代数",
      "stage": "第四学段",
      "knowledge_point": [
        "二次函数的最大值或最小值",
        "二次函数自变量的值",
        "解决实际问题"
      ],
      "original_content": "③会求二次函数的最大值或最小值，并能确定相应自变量的值，能解决相应的实际问题（例71）。",
      "coreLiteracyPerformance_and_level": [
        {
          "coreLiteracyPerformance": "运算能力",
          "level": "掌握",
          "reference": "会求二次函数的最大值或最小值，并能确定自变量的值"
        },
        {
          "coreLiteracyPerformance": "应用意识",
          "level": "运用",
          "reference": "能解决相应的实际问题"
        }
      ]
    }
  },
  {
    "type": "problem",
    "identifier": "urn:jy:math:2022:problem:s4:950caf125022",
    "title": "例72",
    "contentJson": {
      "theme": "函数",
      "subject": "SX0302",
      "applicableLevel": "S4",
      "domain": "数与代数",
      "stage": "第四学段",
      "knowledge_point": [
        "反比例函数的意义",
        "反比例函数的表达式"
      ],
      "original_content": "①结合具体情境体会反比例函数的意义（例72），能根据已知条件确定反比例函数的表达式。",
      "coreLiteracyPerformance_and_level": [
        {
          "coreLiteracyPerformance": "应用意识",
          "level": "运用",
          "reference": "能根据已知条件确定反比例函数的表达式"
        }
      ]
    }
  },
  {
    "type": "problem",
    "identifier": "urn:jy:math:2022:problem:s4:d83e5c90b0eb",
    "title": "例69",
    "contentJson": {
      "theme": "函数",
      "subject": "SX0302",
      "applicableLevel": "S4",
      "domain": "数与代数",
      "stage": "第四学段",
      "knowledge_point": [
        "变量之间的关系",
        "函数值的意义"
      ],
      "original_content": "能用适当的方式表达简单实际问题中变量之间的关系，理解函数值的意义（例69）；",
      "coreLiteracyPerformance_and_level": [
        {
          "coreLiteracyPerformance": "应用意识",
          "level": "运用",
          "reference": "能用适当的方式表达变量之间的关系"
        },
        {
          "coreLiteracyPerformance": "抽象能力",
          "level": "理解",
          "reference": "理解函数值的意义"
        }
      ]
    }
  },
  {
    "type": "problem",
    "identifier": "urn:jy:math:2022:problem:s4:e97e3a0bdc20",
    "title": "例70",
    "contentJson": {
      "theme": "函数",
      "subject": "SX0302",
      "applicableLevel": "S4",
      "domain": "数与代数",
      "stage": "第四学段",
      "knowledge_point": [
        "一次函数的意义",
        "一次函数的表达式"
      ],
      "original_content": "能根据实际问题的情境体会一次函数的意义，能根据已知条件确定一次函数的表达式（例70）；",
      "coreLiteracyPerformance_and_level": [
        {
          "coreLiteracyPerformance": "应用意识",
          "level": "运用",
          "reference": "能根据实际问题确定一次函数的表达式"
        }
      ]
    }
  },
  {
    "type": "problem",
    "identifier": "urn:jy:math:2022:problem:s4:93bd6b82df77",
    "title": "例71",
    "contentJson": {
      "theme": "函数",
      "subject": "SX0302",
      "applicableLevel": "S4",
      "domain": "数与代数",
      "stage": "第四学段",
      "knowledge_point": [
        "二次函数的表达式"
      ],
      "original_content": "能根据已知条件写出二次函数的表达式（例71）；",
      "coreLiteracyPerformance_and_level": [
        {
          "coreLiteracyPerformance": "应用意识",
          "level": "运用",
          "reference": "能根据已知条件写出二次函数的表达式"
        }
      ]
    }
  },
  {
    "type": "problem",
    "identifier": "urn:jy:math:2022:problem:s4:950caf125022",
    "title": "例72",
    "contentJson": {
      "theme": "函数",
      "subject": "SX0302",
      "applicableLevel": "S4",
      "domain": "数与代数",
      "stage": "第四学段",
      "knowledge_point": [
        "反比例函数的意义",
        "反比例函数的表达式"
      ],
      "original_content": "能根据实际问题的情境体会反比例函数的意义（例72），能根据已知条件确定反比例函数的表达式；",
      "coreLiteracyPerformance_and_level": [
        {
          "coreLiteracyPerformance": "应用意识",
          "level": "运用",
          "reference": "能根据实际问题的情境体会反比例函数的意义，并确定其表达式"
        }
      ]
    }
  },
  {
    "type": "problem",
    "identifier": "urn:jy:math:2022:problem:s4:3656a5b8ad98",
    "title": "例73",
    "contentJson": {
      "theme": "图形的性质",
      "subject": "SX0302",
      "applicableLevel": "S4",
      "domain": "图形与几何",
      "stage": "第四学段",
      "knowledge_point": [
        "平行四边形、矩形、菱形、正方形、梯形的意义",
        "各类四边形间的相互关系",
        "四边形的不稳定性"
      ],
      "original_content": "②了解平行四边形、矩形、菱形、正方形、梯形等四边形的意义，探索并理解它们间的相互关系（例73）；了解四边形的不稳定性。",
      "coreLiteracyPerformance_and_level": [
        {
          "coreLiteracyPerformance": "抽象能力",
          "level": "了解",
          "reference": "了解平行四边形、矩形、菱形、正方形、梯形等四边形的意义及四边形的不稳定性"
        },
        {
          "coreLiteracyPerformance": "抽象能力",
          "level": "理解",
          "reference": "理解平行四边形、矩形、菱形、正方形、梯形之间的包含与转化关系"
        },
        {
          "coreLiteracyPerformance": "几何直观",
          "level": "探索",
          "reference": "通过画图、折纸等方式探索并理解不同四边形之间的相互关系"
        }
      ]
    }
  },
  {
    "type": "problem",
    "identifier": "urn:jy:math:2022:problem:s4:722c6b301a60",
    "title": "例79",
    "contentJson": {
      "theme": "图形的性质",
      "subject": "SX0302",
      "applicableLevel": "S4",
      "domain": "图形与几何",
      "stage": "第四学段",
      "knowledge_point": [
        "反例反驳命题",
        "反证法"
      ],
      "original_content": "(5)能利用反例反驳命题；通过实例了解反证法（例79）。",
      "coreLiteracyPerformance_and_level": [
        {
          "coreLiteracyPerformance": "推理能力",
          "level": "运用",
          "reference": "能利用反例反驳命题，并通过实例了解反证法"
        }
      ]
    }
  },
  {
    "type": "problem",
    "identifier": "urn:jy:math:2022:problem:s4:9161fa53c2e4",
    "title": "例80",
    "contentJson": {
      "theme": "图形的变化",
      "subject": "SX0302",
      "applicableLevel": "S4",
      "domain": "图形与几何",
      "stage": "第四学段",
      "knowledge_point": [
        "比例",
        "线段比",
        "成比例线段",
        "黄金分割"
      ],
      "original_content": "①复习比例和线段比，进一步理解线段比的意义，了解成比例线段；了解黄金分割的概念（例80）。",
      "coreLiteracyPerformance_and_level": [
        {
          "coreLiteracyPerformance": "抽象能力",
          "level": "理解",
          "reference": "复习比例和线段比，进一步理解线段比的意义"
        },
        {
          "coreLiteracyPerformance": "应用意识",
          "level": "了解",
          "reference": "了解黄金分割的概念"
        }
      ]
    }
  },
  {
    "type": "problem",
    "identifier": "urn:jy:math:2022:problem:s4:b24ec676f8ed",
    "title": "例81",
    "contentJson": {
      "theme": "图形的变化",
      "subject": "SX0302",
      "applicableLevel": "S4",
      "domain": "图形与几何",
      "stage": "第四学段",
      "knowledge_point": [
        "位似的意义",
        "位似变换",
        "图形的相似"
      ],
      "original_content": "④通过实例理解位似的意义，了解位似变换得到的图形和原图形相似；体会用位似放大或缩小图形的方法（例81）。",
      "coreLiteracyPerformance_and_level": [
        {
          "coreLiteracyPerformance": "抽象能力",
          "level": "理解",
          "reference": "通过实例理解位似的意义，了解位似变换得到的图形和原图形相似"
        },
        {
          "coreLiteracyPerformance": "应用意识",
          "level": "运用",
          "reference": "体会用位似放大或缩小图形的方法"
        }
      ]
    }
  },
  {
    "type": "problem",
    "identifier": "urn:jy:math:2022:problem:s4:5cf37d53082d",
    "title": "例82",
    "contentJson": {
      "theme": "图形的变化",
      "subject": "SX0302",
      "applicableLevel": "S4",
      "domain": "图形与几何",
      "stage": "第四学段",
      "knowledge_point": [
        "相似三角形的性质",
        "锐角三角函数"
      ],
      "original_content": "⑥通过相似三角形的性质，认识锐角三角函数及其意义（例82）。",
      "coreLiteracyPerformance_and_level": [
        {
          "coreLiteracyPerformance": "抽象能力",
          "level": "理解",
          "reference": "通过相似三角形的性质，认识锐角三角函数及其意义"
        }
      ]
    }
  },
  {
    "type": "problem",
    "identifier": "urn:jy:math:2022:problem:s4:5cf37d53082d",
    "title": "例82",
    "contentJson": {
      "theme": "图形的变化",
      "subject": "SX0302",
      "applicableLevel": "S4",
      "domain": "图形与几何",
      "stage": "第四学段",
      "knowledge_point": [
        "锐角三角函数值",
        "反三角函数"
      ],
      "original_content": "⑦知道  $30^\\circ , 45^\\circ$  和  $60^\\circ$  的锐角三角函数值，会用计算器查锐角三角函数的值，并能利用计算器的反三角函数求角的度数（例82）。",
      "coreLiteracyPerformance_and_level": [
        {
          "coreLiteracyPerformance": "运算能力",
          "level": "掌握",
          "reference": "知道30°, 45°, 和60°的锐角三角函数值，并会用计算器查锐角三角函数的值"
        },
        {
          "coreLiteracyPerformance": "应用意识",
          "level": "运用",
          "reference": "能利用计算器的反三角函数求角的度数"
        }
      ]
    }
  },
  {
    "type": "problem",
    "identifier": "urn:jy:math:2022:problem:s4:5cf37d53082d",
    "title": "例82",
    "contentJson": {
      "theme": "图形的变化",
      "subject": "SX0302",
      "applicableLevel": "S4",
      "domain": "图形与几何",
      "stage": "第四学段",
      "knowledge_point": [
        "锐角三角函数",
        "锐角三角函数值",
        "反三角函数",
        "直角三角形"
      ],
      "original_content": "能通过实际例子理解锐角三角函数的意义（例82）；知道 $30^\\circ , 45^\\circ$ 和 $60^\\circ$ 的锐角三角函数值，会用计算器查锐角三角函数的值，并能利用计算器的反三角函数求角的度数（例82），会用锐角三角函数解直角三角形，解决简单的实际问题。",
      "coreLiteracyPerformance_and_level": [
        {
          "coreLiteracyPerformance": "运算能力",
          "level": "掌握",
          "reference": "知道 $30^\\circ$, $45^\\circ$, $60^\\circ$ 的锐角三角函数值，会用计算器查锐角三角函数的值，并能利用计算器的反三角函数求角的度数"
        },
        {
          "coreLiteracyPerformance": "应用意识",
          "level": "运用",
          "reference": "会用锐角三角函数解直角三角形，解决简单的实际问题"
        }
      ]
    }
  },
  {
    "type": "problem",
    "identifier": "urn:jy:math:2022:problem:s4:5cf37d53082d",
    "title": "例82",
    "contentJson": {
      "theme": "图形的变化",
      "subject": "SX0302",
      "applicableLevel": "S4",
      "domain": "图形与几何",
      "stage": "第四学段",
      "knowledge_point": [
        "锐角三角函数的意义",
        "锐角三角函数值",
        "反三角函数",
        "锐角三角函数解直角三角形"
      ],
      "original_content": "能通过实际例子理解锐角三角函数的意义（例82）；知道 $30^\\circ , 45^\\circ$ 和 $60^\\circ$ 的锐角三角函数值，会用计算器查锐角三角函数的值，并能利用计算器的反三角函数求角的度数（例82），会用锐角三角函数解直角三角形，解决简单的实际问题。",
      "coreLiteracyPerformance_and_level": [
        {
          "coreLiteracyPerformance": "抽象能力",
          "level": "理解",
          "reference": "通过实际例子理解锐角三角函数的意义"
        },
        {
          "coreLiteracyPerformance": "运算能力",
          "level": "掌握",
          "reference": "知道 $30^\\circ$, $45^\\circ$, $60^\\circ$ 的锐角三角函数值，并会用计算器查三角函数的值"
        },
        {
          "coreLiteracyPerformance": "应用意识",
          "level": "运用",
          "reference": "能利用计算器的反三角函数求角的度数，并用锐角三角函数解直角三角形，解决简单的实际问题"
        }
      ]
    }
  },
  {
    "type": "problem",
    "identifier": "urn:jy:math:2022:problem:s4:8daa51a7ad9a",
    "title": "例74",
    "contentJson": {
      "theme": "图形与坐标",
      "subject": "SX0302",
      "applicableLevel": "S4",
      "domain": "图形与几何",
      "stage": "第四学段",
      "knowledge_point": [
        "方向和距离表示位置关系"
      ],
      "original_content": "④在平面上能用方向和距离表示两个物体的位置关系（例74）。",
      "coreLiteracyPerformance_and_level": [
        {
          "coreLiteracyPerformance": "几何直观",
          "level": "运用",
          "reference": "能用方向和距离表示两个物体的位置关系"
        }
      ]
    }
  },
  {
    "type": "problem",
    "identifier": "urn:jy:math:2022:problem:s4:29103cab6af6",
    "title": "例83",
    "contentJson": {
      "theme": "抽样与数据分析",
      "subject": "SX0302",
      "applicableLevel": "S4",
      "domain": "统计与概率",
      "stage": "第四学段",
      "knowledge_point": [
        "抽样的必要性",
        "简单随机抽样"
      ],
      "original_content": "（1）体会抽样的必要性，通过实例认识简单随机抽样（例83）。",
      "coreLiteracyPerformance_and_level": [
        {
          "coreLiteracyPerformance": "抽象能力",
          "level": "理解",
          "reference": "体会抽样的必要性，认识简单随机抽样"
        },
        {
          "coreLiteracyPerformance": "应用意识",
          "level": "运用",
          "reference": "通过实例认识简单随机抽样"
        }
      ]
    }
  },
  {
    "type": "problem",
    "identifier": "urn:jy:math:2022:problem:s4:3543a41230cc",
    "title": "例2",
    "contentJson": {
      "theme": "抽样与数据分析",
      "subject": "SX0302",
      "applicableLevel": "S4",
      "domain": "统计与概率",
      "stage": "第四学段",
      "knowledge_point": [
        "平均数的意义",
        "中位数的意义",
        "众数的意义",
        "加权平均数的意义",
        "方差的意义",
        "方差的计算"
      ],
      "original_content": "④ 能理解平均数、中位数、众数和加权平均数（例2）的意义以及它们刻画数据集中趋势的作用，能理解方差的意义并会计算方差，理解方差刻画数据波动程度的意义。",
      "coreLiteracyPerformance_and_level": [
        {
          "coreLiteracyPerformance": "抽象能力",
          "level": "理解",
          "reference": "能理解平均数、中位数、众数和加权平均数的意义，并理解它们刻画数据集中趋势的作用"
        },
        {
          "coreLiteracyPerformance": "运算能力",
          "level": "掌握",
          "reference": "能理解方差的意义并会计算方差"
        }
      ]
    }
  },
  {
    "type": "problem",
    "identifier": "urn:jy:math:2022:problem:s4:d25ddbc7b261",
    "title": "例3",
    "contentJson": {
      "theme": "抽样与数据分析",
      "subject": "SX0302",
      "applicableLevel": "S4",
      "domain": "统计与概率",
      "stage": "第四学段",
      "knowledge_point": [
        "组内离差平方和最小原则",
        "数据聚类"
      ],
      "original_content": "(5)能理解组内离差平方和最小原则作为数据聚类的一种原则（例3）。",
      "coreLiteracyPerformance_and_level": [
        {
          "coreLiteracyPerformance": "抽象能力",
          "level": "理解",
          "reference": "能理解组内离差平方和最小原则作为数据聚类的一种原则"
        }
      ]
    }
  },
  {
    "type": "problem",
    "identifier": "urn:jy:math:2022:problem:s4:d44c5a653d44",
    "title": "例88",
    "contentJson": {
      "theme": "随机事件的概率",
      "subject": "SX0302",
      "applicableLevel": "S4",
      "domain": "统计与概率",
      "stage": "第四学段",
      "knowledge_point": [
        "列表方法",
        "树状图",
        "简单随机事件的可能结果",
        "随机事件的概率"
      ],
      "original_content": "（1）能通过列表、画树状图等方法列出简单随机事件所有可能的结果，以及指定随机事件发生的所有可能结果，了解随机事件的概率(例88)。",
      "coreLiteracyPerformance_and_level": [
        {
          "coreLiteracyPerformance": "运算能力",
          "level": "掌握",
          "reference": "能通过列表、画树状图等方法列出简单随机事件的所有可能结果，并能指定随机事件发生的所有可能结果"
        },
        {
          "coreLiteracyPerformance": "抽象能力",
          "level": "理解",
          "reference": "了解随机事件的概率"
        }
      ]
    }
  }
]
}