{
    "entities": [
    {
      "type": "Section",
      "identifier": "urn:jy:math:2022:section:s4:na:expressions:G7A:ch1:sec1-1",
      "title": "1.1 正数和负数",
      "description": "第四学段·数与式·教材小节",
      "subject": "SX0302",
      "applicableLevel": "S4",
      "contentJson": {
        "textVersion": "人教版",
        "Grade": "七上"
      }
    },
    {
      "type": "Section",
      "identifier": "urn:jy:math:2022:section:s4:na:expressions:G7A:ch1:sec1-2-1",
      "title": "1.2.1 有理数",
      "description": "第四学段·数与式·教材小节",
      "subject": "SX0302",
      "applicableLevel": "S4",
      "contentJson": {
        "textVersion": "人教版",
        "Grade": "七上"
      }
    },
    {
      "type": "Section",
      "identifier": "urn:jy:math:2022:section:s4:na:expressions:G7A:ch1:sec1-2-2",
      "title": "1.2.2 数轴",
      "description": "第四学段·数与式·教材小节",
      "subject": "SX0302",
      "applicableLevel": "S4",
      "contentJson": {
        "textVersion": "人教版",
        "Grade": "七上"
      }
    },
    {
      "type": "Section",
      "identifier": "urn:jy:math:2022:section:s4:na:expressions:G7A:ch1:sec1-2-3",
      "title": "1.2.3 相反数",
      "description": "第四学段·数与式·教材小节",
      "subject": "SX0302",
      "applicableLevel": "S4",
      "contentJson": {
        "textVersion": "人教版",
        "Grade": "七上"
      }
    },
    {
      "type": "Section",
      "identifier": "urn:jy:math:2022:section:s4:na:expressions:G7A:ch1:sec1-2-4",
      "title": "1.2.4 绝对值",
      "description": "第四学段·数与式·教材小节",
      "subject": "SX0302",
      "applicableLevel": "S4",
      "contentJson": {
        "textVersion": "人教版",
        "Grade": "七上"
      }
    },
    {
      "type": "Section",
      "identifier": "urn:jy:math:2022:section:s4:na:expressions:G7A:ch1:sec1-2-5",
      "title": "1.2.5 有理数的大小比较",
      "description": "第四学段·数与式·教材小节",
      "subject": "SX0302",
      "applicableLevel": "S4",
      "contentJson": {
        "textVersion": "人教版",
        "Grade": "七上"
      }
    },
    {
      "type": "Section",
      "identifier": "urn:jy:math:2022:section:s4:na:expressions:G7A:ch2:sec2-1-1",
      "title": "2.1.1 有理数的加法",
      "description": "第四学段·数与式·教材小节",
      "subject": "SX0302",
      "applicableLevel": "S4",
      "contentJson": {
        "textVersion": "人教版",
        "Grade": "七上"
      }
    },
    {
      "type": "Section",
      "identifier": "urn:jy:math:2022:section:s4:na:expressions:G7A:ch2:sec2-1-2",
      "title": "2.1.2 有理数的减法",
      "description": "第四学段·数与式·教材小节",
      "subject": "SX0302",
      "applicableLevel": "S4",
      "contentJson": {
        "textVersion": "人教版",
        "Grade": "七上"
      }
    },
    {
      "type": "Section",
      "identifier": "urn:jy:math:2022:section:s4:na:expressions:G7A:ch2:sec2-2-1",
      "title": "2.2.1 有理数的乘法",
      "description": "第四学段·数与式·教材小节",
      "subject": "SX0302",
      "applicableLevel": "S4",
      "contentJson": {
        "textVersion": "人教版",
        "Grade": "七上"
      }
    },
    {
      "type": "Section",
      "identifier": "urn:jy:math:2022:section:s4:na:expressions:G7A:ch2:sec2-2-2",
      "title": "2.2.2 有理数的除法",
      "description": "第四学段·数与式·教材小节",
      "subject": "SX0302",
      "applicableLevel": "S4",
      "contentJson": {
        "textVersion": "人教版",
        "Grade": "七上"
      }
    },
    {
      "type": "Section",
      "identifier": "urn:jy:math:2022:section:s4:na:expressions:G7A:ch2:sec2-3-1",
      "title": "2.3.1 乘方",
      "description": "第四学段·数与式·教材小节",
      "subject": "SX0302",
      "applicableLevel": "S4",
      "contentJson": {
        "textVersion": "人教版",
        "Grade": "七上"
      }
    },
    {
      "type": "Section",
      "identifier": "urn:jy:math:2022:section:s4:na:expressions:G7A:ch2:sec2-3-2",
      "title": "2.3.2 科学记数法",
      "description": "第四学段·数与式·教材小节",
      "subject": "SX0302",
      "applicableLevel": "S4",
      "contentJson": {
        "textVersion": "人教版",
        "Grade": "七上"
      }
    },
    {
      "type": "Section",
      "identifier": "urn:jy:math:2022:section:s4:na:expressions:G7A:ch2:sec2-3-3",
      "title": "2.3.3 近似数",
      "description": "第四学段·数与式·教材小节",
      "subject": "SX0302",
      "applicableLevel": "S4",
      "contentJson": {
        "textVersion": "人教版",
        "Grade": "七上"
      }
    },

    {
      "type": "Section",
      "identifier": "urn:jy:math:2022:section:s4:na:expressions:G7A:ch3:sec3-1",
      "title": "3.1 代数式",
      "description": "第四学段·数与式·教材小节",
      "subject": "SX0302",
      "applicableLevel": "S4",
      "contentJson": {
        "textVersion": "人教版",
        "Grade": "七上"
      }
    },
    {
      "type": "Section",
      "identifier": "urn:jy:math:2022:section:s4:na:expressions:G7A:ch3:sec3-2",
      "title": "3.2 代数式的值",
      "description": "第四学段·数与式·教材小节",
      "subject": "SX0302",
      "applicableLevel": "S4",
      "contentJson": {
        "textVersion": "人教版",
        "Grade": "七上"
      }
    },
    {
      "type": "Section",
      "identifier": "urn:jy:math:2022:section:s4:na:expressions:G7A:ch4:sec4-1",
      "title": "4.1 整式",
      "description": "第四学段·数与式·教材小节",
      "subject": "SX0302",
      "applicableLevel": "S4",
      "contentJson": {
        "textVersion": "人教版",
        "Grade": "七上"
      }
    },
    {
      "type": "Section",
      "identifier": "urn:jy:math:2022:section:s4:na:expressions:G7A:ch4:sec4-2",
      "title": "4.2 整式的加减",
      "description": "第四学段·数与式·教材小节",
      "subject": "SX0302",
      "applicableLevel": "S4",
      "contentJson": {
        "textVersion": "人教版",
        "Grade": "七上"
      }
    },
    {
      "type": "Section",
      "identifier": "urn:jy:math:2022:section:s4:na:equations-inequalities:G7A:ch5:sec5-1-1",
      "title": "5.1.1 方程",
      "description": "第四学段·方程与不等式·教材小节",
      "subject": "SX0302",
      "applicableLevel": "S4",
      "contentJson": {
        "textVersion": "人教版",
        "Grade": "七上"
      }
    },
    {
      "type": "Section",
      "identifier": "urn:jy:math:2022:section:s4:na:equations-inequalities:G7A:ch5:sec5-1-2",
      "title": "5.1.2 等式的性质",
      "description": "第四学段·方程与不等式·教材小节",
      "subject": "SX0302",
      "applicableLevel": "S4",
      "contentJson": {
        "textVersion": "人教版",
        "Grade": "七上"
      }
    },
    {
      "type": "Section",
      "identifier": "urn:jy:math:2022:section:s4:na:equations-inequalities:G7A:ch5:sec5-2",
      "title": "5.2 解一元一次方程",
      "description": "第四学段·方程与不等式·教材小节",
      "subject": "SX0302",
      "applicableLevel": "S4",
      "contentJson": {
        "textVersion": "人教版",
        "Grade": "七上"
      }
    },
    {
      "type": "Section",
      "identifier": "urn:jy:math:2022:section:s4:na:equations-inequalities:G7A:ch5:sec5-3",
      "title": "5.3 实际问题与一元一次方程",
      "description": "第四学段·方程与不等式·教材小节",
      "subject": "SX0302",
      "applicableLevel": "S4",
      "contentJson": {
        "textVersion": "人教版",
        "Grade": "七上"
      }
    },
    {
      "type": "Section",
      "identifier": "urn:jy:math:2022:section:s4:sg:properties:G7A:ch6:sec6-1-1",
      "title": "6.1.1 立体图形与平面图形",
      "description": "第四学段·图形的性质·教材小节",
      "subject": "SX0302",
      "applicableLevel": "S4",
      "contentJson": {
        "textVersion": "人教版",
        "Grade": "七上"
      }
    },
    {
      "type": "Section",
      "identifier": "urn:jy:math:2022:section:s4:sg:properties:G7A:ch6:sec6-1-2",
      "title": "6.1.2 点、线、面、体",
      "description": "第四学段·图形的性质·教材小节",
      "subject": "SX0302",
      "applicableLevel": "S4",
      "contentJson": {
        "textVersion": "人教版",
        "Grade": "七上"
      }
    },
    {
      "type": "Section",
      "identifier": "urn:jy:math:2022:section:s4:sg:properties:G7A:ch6:sec6-2-1",
      "title": "6.2.1 直线、射线、线段",
      "description": "第四学段·图形的性质·教材小节",
      "subject": "SX0302",
      "applicableLevel": "S4",
      "contentJson": {
        "textVersion": "人教版",
        "Grade": "七上"
      }
    },
    {
      "type": "Section",
      "identifier": "urn:jy:math:2022:section:s4:sg:properties:G7A:ch6:sec6-2-2",
      "title": "6.2.2 线段的比较与运算",
      "description": "第四学段·图形的性质·教材小节",
      "subject": "SX0302",
      "applicableLevel": "S4",
      "contentJson": {
        "textVersion": "人教版",
        "Grade": "七上"
      }
    },
    {
      "type": "Section",
      "identifier": "urn:jy:math:2022:section:s4:sg:properties:G7A:ch6:sec6-3-1",
      "title": "6.3.1 角",
      "description": "第四学段·图形的性质·教材小节",
      "subject": "SX0302",
      "applicableLevel": "S4",
      "contentJson": {
        "textVersion": "人教版",
        "Grade": "七上"
      }
    },
    {
      "type": "Section",
      "identifier": "urn:jy:math:2022:section:s4:sg:properties:G7A:ch6:sec6-3-2",
      "title": "6.3.2 角的比较与运算",
      "description": "第四学段·图形的性质·教材小节",
      "subject": "SX0302",
      "applicableLevel": "S4",
      "contentJson": {
        "textVersion": "人教版",
        "Grade": "七上"
      }
    },
    {
      "type": "Section",
      "identifier": "urn:jy:math:2022:section:s4:sg:properties:G7A:ch6:sec6-3-3",
      "title": "6.3.3 余角和补角",
      "description": "第四学段·图形的性质·教材小节",
      "subject": "SX0302",
      "applicableLevel": "S4",
      "contentJson": {
        "textVersion": "人教版",
        "Grade": "七上"
      }
    },
    {
      "type": "Section",
      "identifier": "urn:jy:math:2022:section:s4:sg:properties:G7B:ch7:sec7-1",
      "title": "7.1 相交线",
      "description": "第四学段·图形的性质·教材小节",
      "subject": "SX0302",
      "applicableLevel": "S4",
      "contentJson": {
        "textVersion": "人教版",
        "Grade": "七下"
      }
    },
    {
      "type": "Section",
      "identifier": "urn:jy:math:2022:section:s4:sg:properties:G7B:ch7:sec7-1-1",
      "title": "7.1.1 两条直线相交",
      "description": "第四学段·图形的性质·教材小节",
      "subject": "SX0302",
      "applicableLevel": "S4",
      "contentJson": {
        "textVersion": "人教版",
        "Grade": "七下"
      }
    },
    {
      "type": "Section",
      "identifier": "urn:jy:math:2022:section:s4:sg:properties:G7B:ch7:sec7-1-2",
      "title": "7.1.2 两条直线垂直",
      "description": "第四学段·图形的性质·教材小节",
      "subject": "SX0302",
      "applicableLevel": "S4",
      "contentJson": {
        "textVersion": "人教版",
        "Grade": "七下"
      }
    },
    {
      "type": "Section",
      "identifier": "urn:jy:math:2022:section:s4:sg:properties:G7B:ch7:sec7-1-3",
      "title": "7.1.3 两条直线被第三条直线所截",
      "description": "第四学段·图形的性质·教材小节",
      "subject": "SX0302",
      "applicableLevel": "S4",
      "contentJson": {
        "textVersion": "人教版",
        "Grade": "七下"
      }
    },
    {
      "type": "Section",
      "identifier": "urn:jy:math:2022:section:s4:sg:properties:G7B:ch7:sec7-2",
      "title": "7.2 平行线",
      "description": "第四学段·图形的性质·教材小节",
      "subject": "SX0302",
      "applicableLevel": "S4",
      "contentJson": {
        "textVersion": "人教版",
        "Grade": "七下"
      }
    },
    {
      "type": "Section",
      "identifier": "urn:jy:math:2022:section:s4:sg:properties:G7B:ch7:sec7-2-1",
      "title": "7.2.1 平行线的概念",
      "description": "第四学段·图形的性质·教材小节",
      "subject": "SX0302",
      "applicableLevel": "S4",
      "contentJson": {
        "textVersion": "人教版",
        "Grade": "七下"
      }
    },
    {
      "type": "Section",
      "identifier": "urn:jy:math:2022:section:s4:sg:properties:G7B:ch7:sec7-2-2",
      "title": "7.2.2 平行线的判定",
      "description": "第四学段·图形的性质·教材小节",
      "subject": "SX0302",
      "applicableLevel": "S4",
      "contentJson": {
        "textVersion": "人教版",
        "Grade": "七下"
      }
    },
    {
      "type": "Section",
      "identifier": "urn:jy:math:2022:section:s4:sg:properties:G7B:ch7:sec7-2-3",
      "title": "7.2.3 平行线的性质",
      "description": "第四学段·图形的性质·教材小节",
      "subject": "SX0302",
      "applicableLevel": "S4",
      "contentJson": {
        "textVersion": "人教版",
        "Grade": "七下"
      }
    },
    {
      "type": "Section",
      "identifier": "urn:jy:math:2022:section:s4:sg:properties:G7B:ch7:sec7-3",
      "title": "7.3 定义、命题、定理",
      "description": "第四学段·图形的性质·教材小节",
      "subject": "SX0302",
      "applicableLevel": "S4",
      "contentJson": {
        "textVersion": "人教版",
        "Grade": "七下"
      }
    },
    {
      "type": "Section",
      "identifier": "urn:jy:math:2022:section:s4:sg:transformations:G7B:ch7:sec7-4",
      "title": "7.4 平移",
      "description": "第四学段·图形的变化·教材小节",
      "subject": "SX0302",
      "applicableLevel": "S4",
      "contentJson": {
        "textVersion": "人教版",
        "Grade": "七下"
      }
    },
    {
      "type": "Section",
      "identifier": "urn:jy:math:2022:section:s4:na:expressions:G7B:ch8:sec8-1",
      "title": "8.1 平方根",
      "description": "第四学段·数与式·教材小节",
      "subject": "SX0302",
      "applicableLevel": "S4",
      "contentJson": {
        "textVersion": "人教版",
        "Grade": "七下"
      }
    },
    {
      "type": "Section",
      "identifier": "urn:jy:math:2022:section:s4:na:expressions:G7B:ch8:sec8-2",
      "title": "8.2 立方根",
      "description": "第四学段·数与式·教材小节",
      "subject": "SX0302",
      "applicableLevel": "S4",
      "contentJson": {
        "textVersion": "人教版",
        "Grade": "七下"
      }
    },
    {
      "type": "Section",
      "identifier": "urn:jy:math:2022:section:s4:na:expressions:G7B:ch8:sec8-3",
      "title": "8.3 实数及其简单运算",
      "description": "第四学段·数与式·教材小节",
      "subject": "SX0302",
      "applicableLevel": "S4",
      "contentJson": {
        "textVersion": "人教版",
        "Grade": "七下"
      }
    },
    {
      "type": "Section",
      "identifier": "urn:jy:math:2022:section:s4:sg:coordinates:G7B:ch9:sec9-1",
      "title": "9.1 用坐标描述平面内点的位置",
      "description": "第四学段·图形与坐标·教材小节",
      "subject": "SX0302",
      "applicableLevel": "S4",
      "contentJson": {
        "textVersion": "人教版",
        "Grade": "七下"
      }
    },
    {
      "type": "Section",
      "identifier": "urn:jy:math:2022:section:s4:sg:coordinates:G7B:ch9:sec9-1-1",
      "title": "9.1.1 平面直角坐标系的概念",
      "description": "第四学段·图形与坐标·教材小节",
      "subject": "SX0302",
      "applicableLevel": "S4",
      "contentJson": {
        "textVersion": "人教版",
        "Grade": "七下"
      }
    },
    {
      "type": "Section",
      "identifier": "urn:jy:math:2022:section:s4:sg:coordinates:G7B:ch9:sec9-1-2",
      "title": "9.1.2 用坐标描述简单几何图形",
      "description": "第四学段·图形与坐标·教材小节",
      "subject": "SX0302",
      "applicableLevel": "S4",
      "contentJson": {
        "textVersion": "人教版",
        "Grade": "七下"
      }
    },
    {
      "type": "Section",
      "identifier": "urn:jy:math:2022:section:s4:sg:coordinates:G7B:ch9:sec9-2",
      "title": "9.2 坐标方法的简单应用",
      "description": "第四学段·图形与坐标·教材小节",
      "subject": "SX0302",
      "applicableLevel": "S4",
      "contentJson": {
        "textVersion": "人教版",
        "Grade": "七下"
      }
    },
    {
      "type": "Section",
      "identifier": "urn:jy:math:2022:section:s4:sg:coordinates:G7B:ch9:sec9-2-1",
      "title": "9.2.1 用坐标表示地理位置",
      "description": "第四学段·图形与坐标·教材小节",
      "subject": "SX0302",
      "applicableLevel": "S4",
      "contentJson": {
        "textVersion": "人教版",
        "Grade": "七下"
      }
    },
    {
      "type": "Section",
      "identifier": "urn:jy:math:2022:section:s4:sg:coordinates:G7B:ch9:sec9-2-2",
      "title": "9.2.2 用坐标表示平移",
      "description": "第四学段·图形与坐标·教材小节",
      "subject": "SX0302",
      "applicableLevel": "S4",
      "contentJson": {
        "textVersion": "人教版",
        "Grade": "七下"
      }
    },
    {
      "type": "Section",
      "identifier": "urn:jy:math:2022:section:s4:na:equations-inequalities:G7B:ch10:sec10-1",
      "title": "10.1 二元一次方程组的概念",
      "description": "第四学段·方程与不等式·教材小节",
      "subject": "SX0302",
      "applicableLevel": "S4",
      "contentJson": {
        "textVersion": "人教版",
        "Grade": "七下"
      }
    },
    {
      "type": "Section",
      "identifier": "urn:jy:math:2022:section:s4:na:equations-inequalities:G7B:ch10:sec10-2-1",
      "title": "10.2.1 代入消元法",
      "description": "第四学段·方程与不等式·教材小节",
      "subject": "SX0302",
      "applicableLevel": "S4",
      "contentJson": {
        "textVersion": "人教版",
        "Grade": "七下"
      }
    },
    {
      "type": "Section",
      "identifier": "urn:jy:math:2022:section:s4:na:equations-inequalities:G7B:ch10:sec10-2-2",
      "title": "10.2.2 加减消元法",
      "description": "第四学段·方程与不等式·教材小节",
      "subject": "SX0302",
      "applicableLevel": "S4",
      "contentJson": {
        "textVersion": "人教版",
        "Grade": "七下"
      }
    },
    {
      "type": "Section",
      "identifier": "urn:jy:math:2022:section:s4:na:equations-inequalities:G7B:ch10:sec10-3",
      "title": "10.3 实际问题与二元一次方程组",
      "description": "第四学段·方程与不等式·教材小节",
      "subject": "SX0302",
      "applicableLevel": "S4",
      "contentJson": {
        "textVersion": "人教版",
        "Grade": "七下"
      }
    },
    {
      "type": "Section",
      "identifier": "urn:jy:math:2022:section:s4:na:equations-inequalities:G7B:ch10:sec10-4",
      "title": "10.4 三元一次方程组的解法",
      "description": "第四学段·方程与不等式·教材小节",
      "subject": "SX0302",
      "applicableLevel": "S4",
      "contentJson": {
        "textVersion": "人教版",
        "Grade": "七下"
      }
    },
    {
      "type": "Section",
      "identifier": "urn:jy:math:2022:section:s4:na:equations-inequalities:G7B:ch11:sec11-1",
      "title": "11.1 不等式",
      "description": "第四学段·方程与不等式·教材小节",
      "subject": "SX0302",
      "applicableLevel": "S4",
      "contentJson": {
        "textVersion": "人教版",
        "Grade": "七下"
      }
    },
    {
      "type": "Section",
      "identifier": "urn:jy:math:2022:section:s4:na:equations-inequalities:G7B:ch11:sec11-1-1",
      "title": "11.1.1 不等式及其解集",
      "description": "第四学段·方程与不等式·教材小节",
      "subject": "SX0302",
      "applicableLevel": "S4",
      "contentJson": {
        "textVersion": "人教版",
        "Grade": "七下"
      }
    },
    {
      "type": "Section",
      "identifier": "urn:jy:math:2022:section:s4:na:equations-inequalities:G7B:ch11:sec11-1-2",
      "title": "11.1.2 不等式的性质",
      "description": "第四学段·方程与不等式·教材小节",
      "subject": "SX0302",
      "applicableLevel": "S4",
      "contentJson": {
        "textVersion": "人教版",
        "Grade": "七下"
      }
    },
    {
      "type": "Section",
      "identifier": "urn:jy:math:2022:section:s4:na:equations-inequalities:G7B:ch11:sec11-2",
      "title": "11.2 一元一次不等式",
      "description": "第四学段·方程与不等式·教材小节",
      "subject": "SX0302",
      "applicableLevel": "S4",
      "contentJson": {
        "textVersion": "人教版",
        "Grade": "七下"
      }
    },
    {
      "type": "Section",
      "identifier": "urn:jy:math:2022:section:s4:na:equations-inequalities:G7B:ch11:sec11-3",
      "title": "11.3 一元一次不等式组",
      "description": "第四学段·方程与不等式·教材小节",
      "subject": "SX0302",
      "applicableLevel": "S4",
      "contentJson": {
        "textVersion": "人教版",
        "Grade": "七下"
      }
    },

    {
      "type": "Section",
      "identifier": "urn:jy:math:2022:section:s4:sp:sampling-data-analysis:G7B:ch12:sec12-1",
      "title": "12.1 统计调查",
      "description": "第四学段·抽样与数据分析·教材小节",
      "subject": "SX0302",
      "applicableLevel": "S4",
      "contentJson": {
        "textVersion": "人教版",
        "Grade": "七下"
      }
    },
    {
      "type": "Section",
      "identifier": "urn:jy:math:2022:section:s4:sp:sampling-data-analysis:G7B:ch12:sec12-1-1",
      "title": "12.1.1 全面调查",
      "description": "第四学段·抽样与数据分析·教材小节",
      "subject": "SX0302",
      "applicableLevel": "S4",
      "contentJson": {
        "textVersion": "人教版",
        "Grade": "七下"
      }
    },
    {
      "type": "Section",
      "identifier": "urn:jy:math:2022:section:s4:sp:sampling-data-analysis:G7B:ch12:sec12-1-2",
      "title": "12.1.2 抽样调查",
      "description": "第四学段·抽样与数据分析·教材小节",
      "subject": "SX0302",
      "applicableLevel": "S4",
      "contentJson": {
        "textVersion": "人教版",
        "Grade": "七下"
      }
    },
    {
      "type": "Section",
      "identifier": "urn:jy:math:2022:section:s4:sp:sampling-data-analysis:G7B:ch12:sec12-2",
      "title": "12.2 用统计图描述数据",
      "description": "第四学段·抽样与数据分析·教材小节",
      "subject": "SX0302",
      "applicableLevel": "S4",
      "contentJson": {
        "textVersion": "人教版",
        "Grade": "七下"
      }
    },
    {
      "type": "Section",
      "identifier": "urn:jy:math:2022:section:s4:sp:sampling-data-analysis:G7B:ch12:sec12-2-1",
      "title": "12.2.1 扇形图、条形图和折线图",
      "description": "第四学段·抽样与数据分析·教材小节",
      "subject": "SX0302",
      "applicableLevel": "S4",
      "contentJson": {
        "textVersion": "人教版",
        "Grade": "七下"
      }
    },
    {
      "type": "Section",
      "identifier": "urn:jy:math:2022:section:s4:sp:sampling-data-analysis:G7B:ch12:sec12-2-2",
      "title": "12.2.2 直方图",
      "description": "第四学段·抽样与数据分析·教材小节",
      "subject": "SX0302",
      "applicableLevel": "S4",
      "contentJson": {
        "textVersion": "人教版",
        "Grade": "七下"
      }
    },
    {
      "type": "Section",
      "identifier": "urn:jy:math:2022:section:s4:sp:sampling-data-analysis:G7B:ch12:sec12-2-3",
      "title": "12.2.3 趋势图",
      "description": "第四学段·抽样与数据分析·教材小节",
      "subject": "SX0302",
      "applicableLevel": "S4",
      "contentJson": {
        "textVersion": "人教版",
        "Grade": "七下"
      }
    },

    {
      "type": "Section",
      "identifier": "urn:jy:math:2022:section:s4:sg:properties:G8A:ch13:sec13-1",
      "title": "13.1 三角形的概念",
      "description": "第四学段·图形的性质·教材小节",
      "subject": "SX0302",
      "applicableLevel": "S4",
      "contentJson": {
        "textVersion": "人教版",
        "Grade": "八上"
      }
    },
    {
      "type": "Section",
      "identifier": "urn:jy:math:2022:section:s4:sg:properties:G8A:ch13:sec13-2",
      "title": "13.2 与三角形有关的线段",
      "description": "第四学段·图形的性质·教材小节",
      "subject": "SX0302",
      "applicableLevel": "S4",
      "contentJson": {
        "textVersion": "人教版",
        "Grade": "八上"
      }
    },
    {
      "type": "Section",
      "identifier": "urn:jy:math:2022:section:s4:sg:properties:G8A:ch13:sec13-2-1",
      "title": "13.2.1 三角形的边",
      "description": "第四学段·图形的性质·教材小节",
      "subject": "SX0302",
      "applicableLevel": "S4",
      "contentJson": {
        "textVersion": "人教版",
        "Grade": "八上"
      }
    },
    {
      "type": "Section",
      "identifier": "urn:jy:math:2022:section:s4:sg:properties:G8A:ch13:sec13-2-2",
      "title": "13.2.2 三角形的中线、角平分线、高",
      "description": "第四学段·图形的性质·教材小节",
      "subject": "SX0302",
      "applicableLevel": "S4",
      "contentJson": {
        "textVersion": "人教版",
        "Grade": "八上"
      }
    },
    {
      "type": "Section",
      "identifier": "urn:jy:math:2022:section:s4:sg:properties:G8A:ch13:sec13-3",
      "title": "13.3 三角形的内角与外角",
      "description": "第四学段·图形的性质·教材小节",
      "subject": "SX0302",
      "applicableLevel": "S4",
      "contentJson": {
        "textVersion": "人教版",
        "Grade": "八上"
      }
    },
    {
      "type": "Section",
      "identifier": "urn:jy:math:2022:section:s4:sg:properties:G8A:ch13:sec13-3-1",
      "title": "13.3.1 三角形的内角",
      "description": "第四学段·图形的性质·教材小节",
      "subject": "SX0302",
      "applicableLevel": "S4",
      "contentJson": {
        "textVersion": "人教版",
        "Grade": "八上"
      }
    },
    {
      "type": "Section",
      "identifier": "urn:jy:math:2022:section:s4:sg:properties:G8A:ch13:sec13-3-2",
      "title": "13.3.2 三角形的外角",
      "description": "第四学段·图形的性质·教材小节",
      "subject": "SX0302",
      "applicableLevel": "S4",
      "contentJson": {
        "textVersion": "人教版",
        "Grade": "八上"
      }
    },

    {
      "type": "Section",
      "identifier": "urn:jy:math:2022:section:s4:sg:properties:G8A:ch14:sec14-1",
      "title": "14.1 全等三角形及其性质",
      "description": "第四学段·图形的性质·教材小节",
      "subject": "SX0302",
      "applicableLevel": "S4",
      "contentJson": {
        "textVersion": "人教版",
        "Grade": "八上"
      }
    },
    {
      "type": "Section",
      "identifier": "urn:jy:math:2022:section:s4:sg:properties:G8A:ch14:sec14-2",
      "title": "14.2 三角形全等的判定",
      "description": "第四学段·图形的性质·教材小节",
      "subject": "SX0302",
      "applicableLevel": "S4",
      "contentJson": {
        "textVersion": "人教版",
        "Grade": "八上"
      }
    },
    {
      "type": "Section",
      "identifier": "urn:jy:math:2022:section:s4:sg:properties:G8A:ch14:sec14-3",
      "title": "14.3 角的平分线",
      "description": "第四学段·图形的性质·教材小节",
      "subject": "SX0302",
      "applicableLevel": "S4",
      "contentJson": {
        "textVersion": "人教版",
        "Grade": "八上"
      }
    },
    {
      "type": "Section",
      "identifier": "urn:jy:math:2022:section:s4:sg:transformations:G8A:ch15:sec15-1",
      "title": "15.1 图形的轴对称",
      "description": "第四学段·图形的变化·教材小节",
      "subject": "SX0302",
      "applicableLevel": "S4",
      "contentJson": {
        "textVersion": "人教版",
        "Grade": "八上"
      }
    },
    {
      "type": "Section",
      "identifier": "urn:jy:math:2022:section:s4:sg:transformations:G8A:ch15:sec15-1-1",
      "title": "15.1.1 轴对称及其性质",
      "description": "第四学段·图形的变化·教材小节",
      "subject": "SX0302",
      "applicableLevel": "S4",
      "contentJson": {
        "textVersion": "人教版",
        "Grade": "八上"
      }
    },
    {
      "type": "Section",
      "identifier": "urn:jy:math:2022:section:s4:sg:transformations:G8A:ch15:sec15-1-2",
      "title": "15.1.2 线段的垂直平分线",
      "description": "第四学段·图形的变化·教材小节",
      "subject": "SX0302",
      "applicableLevel": "S4",
      "contentJson": {
        "textVersion": "人教版",
        "Grade": "八上"
      }
    },
    {
      "type": "Section",
      "identifier": "urn:jy:math:2022:section:s4:sg:transformations:G8A:ch15:sec15-2",
      "title": "15.2 画轴对称的图形",
      "description": "第四学段·图形的变化·教材小节",
      "subject": "SX0302",
      "applicableLevel": "S4",
      "contentJson": {
        "textVersion": "人教版",
        "Grade": "八上"
      }
    },
    {
      "type": "Section",
      "identifier": "urn:jy:math:2022:section:s4:sg:properties:G8A:ch15:sec15-3",
      "title": "15.3 等腰三角形",
      "description": "第四学段·图形的性质·教材小节",
      "subject": "SX0302",
      "applicableLevel": "S4",
      "contentJson": {
        "textVersion": "人教版",
        "Grade": "八上"
      }
    },
    {
      "type": "Section",
      "identifier": "urn:jy:math:2022:section:s4:sg:properties:G8A:ch15:sec15-3-1",
      "title": "15.3.1 等腰三角形",
      "description": "第四学段·图形的性质·教材小节",
      "subject": "SX0302",
      "applicableLevel": "S4",
      "contentJson": {
        "textVersion": "人教版",
        "Grade": "八上"
      }
    },
    {
      "type": "Section",
      "identifier": "urn:jy:math:2022:section:s4:sg:properties:G8A:ch15:sec15-3-2",
      "title": "15.3.2 等边三角形",
      "description": "第四学段·图形的性质·教材小节",
      "subject": "SX0302",
      "applicableLevel": "S4",
      "contentJson": {
        "textVersion": "人教版",
        "Grade": "八上"
      }
    },

    {
      "type": "Section",
      "identifier": "urn:jy:math:2022:section:s4:na:expressions:G8A:ch16:sec16-1",
      "title": "16.1 幂的运算",
      "description": "第四学段·数与式·教材小节",
      "subject": "SX0302",
      "applicableLevel": "S4",
      "contentJson": {
        "textVersion": "人教版",
        "Grade": "八上"
      }
    },
    {
      "type": "Section",
      "identifier": "urn:jy:math:2022:section:s4:na:expressions:G8A:ch16:sec16-1-1",
      "title": "16.1.1 同底数幂的乘法",
      "description": "第四学段·数与式·教材小节",
      "subject": "SX0302",
      "applicableLevel": "S4",
      "contentJson": {
        "textVersion": "人教版",
        "Grade": "八上"
      }
    },
    {
      "type": "Section",
      "identifier": "urn:jy:math:2022:section:s4:na:expressions:G8A:ch16:sec16-1-2",
      "title": "16.1.2 幂的乘方与积的乘方",
      "description": "第四学段·数与式·教材小节",
      "subject": "SX0302",
      "applicableLevel": "S4",
      "contentJson": {
        "textVersion": "人教版",
        "Grade": "八上"
      }
    },
    {
      "type": "Section",
      "identifier": "urn:jy:math:2022:section:s4:na:expressions:G8A:ch16:sec16-2",
      "title": "16.2 整式的乘法",
      "description": "第四学段·数与式·教材小节",
      "subject": "SX0302",
      "applicableLevel": "S4",
      "contentJson": {
        "textVersion": "人教版",
        "Grade": "八上"
      }
    },
    {
      "type": "Section",
      "identifier": "urn:jy:math:2022:section:s4:na:expressions:G8A:ch16:sec16-3",
      "title": "16.3 乘法公式",
      "description": "第四学段·数与式·教材小节",
      "subject": "SX0302",
      "applicableLevel": "S4",
      "contentJson": {
        "textVersion": "人教版",
        "Grade": "八上"
      }
    },
    {
      "type": "Section",
      "identifier": "urn:jy:math:2022:section:s4:na:expressions:G8A:ch16:sec16-3-1",
      "title": "16.3.1 平方差公式",
      "description": "第四学段·数与式·教材小节",
      "subject": "SX0302",
      "applicableLevel": "S4",
      "contentJson": {
        "textVersion": "人教版",
        "Grade": "八上"
      }
    },
    {
      "type": "Section",
      "identifier": "urn:jy:math:2022:section:s4:na:expressions:G8A:ch16:sec16-3-2",
      "title": "16.3.2 完全平方公式",
      "description": "第四学段·数与式·教材小节",
      "subject": "SX0302",
      "applicableLevel": "S4",
      "contentJson": {
        "textVersion": "人教版",
        "Grade": "八上"
      }
    },
    {
      "type": "Section",
      "identifier": "urn:jy:math:2022:section:s4:na:expressions:G8A:ch17:sec17-1",
      "title": "17.1 用提公因式法分解因式",
      "description": "第四学段·数与式·教材小节",
      "subject": "SX0302",
      "applicableLevel": "S4",
      "contentJson": {
        "textVersion": "人教版",
        "Grade": "八上"
      }
    },
    {
      "type": "Section",
      "identifier": "urn:jy:math:2022:section:s4:na:expressions:G8A:ch17:sec17-2",
      "title": "17.2 用公式法分解因式",
      "description": "第四学段·数与式·教材小节",
      "subject": "SX0302",
      "applicableLevel": "S4",
      "contentJson": {
        "textVersion": "人教版",
        "Grade": "八上"
      }
    },
    {
      "type": "Section",
      "identifier": "urn:jy:math:2022:section:s4:na:expressions:G8A:ch18:sec18-1",
      "title": "18.1 分式及其基本性质",
      "description": "第四学段·数与式·教材小节",
      "subject": "SX0302",
      "applicableLevel": "S4",
      "contentJson": {
        "textVersion": "人教版",
        "Grade": "八上"
      }
    },
    {
      "type": "Section",
      "identifier": "urn:jy:math:2022:section:s4:na:expressions:G8A:ch18:sec18-1-1",
      "title": "18.1.1 从分数到分式",
      "description": "第四学段·数与式·教材小节",
      "subject": "SX0302",
      "applicableLevel": "S4",
      "contentJson": {
        "textVersion": "人教版",
        "Grade": "八上"
      }
    },
    {
      "type": "Section",
      "identifier": "urn:jy:math:2022:section:s4:na:expressions:G8A:ch18:sec18-1-2",
      "title": "18.1.2 分式的基本性质",
      "description": "第四学段·数与式·教材小节",
      "subject": "SX0302",
      "applicableLevel": "S4",
      "contentJson": {
        "textVersion": "人教版",
        "Grade": "八上"
      }
    },
    {
      "type": "Section",
      "identifier": "urn:jy:math:2022:section:s4:na:expressions:G8A:ch18:sec18-2",
      "title": "18.2 分式的乘法与除法",
      "description": "第四学段·数与式·教材小节",
      "subject": "SX0302",
      "applicableLevel": "S4",
      "contentJson": {
        "textVersion": "人教版",
        "Grade": "八上"
      }
    },
    {
      "type": "Section",
      "identifier": "urn:jy:math:2022:section:s4:na:expressions:G8A:ch18:sec18-3",
      "title": "18.3 分式的加法与减法",
      "description": "第四学段·数与式·教材小节",
      "subject": "SX0302",
      "applicableLevel": "S4",
      "contentJson": {
        "textVersion": "人教版",
        "Grade": "八上"
      }
    },
    {
      "type": "Section",
      "identifier": "urn:jy:math:2022:section:s4:na:expressions:G8A:ch18:sec18-4",
      "title": "18.4 整数指数幂",
      "description": "第四学段·数与式·教材小节",
      "subject": "SX0302",
      "applicableLevel": "S4",
      "contentJson": {
        "textVersion": "人教版",
        "Grade": "八上"
      }
    },
    {
      "type": "Section",
      "identifier": "urn:jy:math:2022:section:s4:na:equations-inequalities:G8A:ch18:sec18-5",
      "title": "18.5 分式方程",
      "description": "第四学段·方程与不等式·教材小节",
      "subject": "SX0302",
      "applicableLevel": "S4",
      "contentJson": {
        "textVersion": "人教版",
        "Grade": "八上"
      }
    },
    {
      "type": "Section",
      "identifier": "urn:jy:math:2022:section:s4:na:expressions:G8B:ch16:sec16-1",
      "title": "16.1 二次根式",
      "description": "第四学段·数与式·教材小节",
      "subject": "SX0302",
      "applicableLevel": "S4",
      "contentJson": {
        "textVersion": "人教版",
        "Grade": "八下"
      }
    },
    {
      "type": "Section",
      "identifier": "urn:jy:math:2022:section:s4:na:expressions:G8B:ch16:sec16-2",
      "title": "16.2 二次根式的乘除",
      "description": "第四学段·数与式·教材小节",
      "subject": "SX0302",
      "applicableLevel": "S4",
      "contentJson": {
        "textVersion": "人教版",
        "Grade": "八下"
      }
    },
    {
      "type": "Section",
      "identifier": "urn:jy:math:2022:section:s4:na:expressions:G8B:ch16:sec16-3",
      "title": "16.3 二次根式的加减",
      "description": "第四学段·数与式·教材小节",
      "subject": "SX0302",
      "applicableLevel": "S4",
      "contentJson": {
        "textVersion": "人教版",
        "Grade": "八下"
      }
    },
    {
      "type": "Section",
      "identifier": "urn:jy:math:2022:section:s4:na:expressions:G8B:ch16:secX",
      "title": "数学活动",
      "description": "第四学段·数与式·教材小节",
      "subject": "SX0302",
      "applicableLevel": "S4",
      "contentJson": {
        "textVersion": "人教版",
        "Grade": "八下"
      }
    },
    {
      "type": "Section",
      "identifier": "urn:jy:math:2022:section:s4:sg:properties:G8B:ch17:sec17-1",
      "title": "17.1 勾股定理",
      "description": "第四学段·图形的性质·教材小节",
      "subject": "SX0302",
      "applicableLevel": "S4",
      "contentJson": {
        "textVersion": "人教版",
        "Grade": "八下"
      }
    },
    {
      "type": "Section",
      "identifier": "urn:jy:math:2022:section:s4:sg:properties:G8B:ch17:secX",
      "title": "阅读与思考 勾股定理的证明",
      "description": "第四学段·图形的性质·教材小节",
      "subject": "SX0302",
      "applicableLevel": "S4",
      "contentJson": {
        "textVersion": "人教版",
        "Grade": "八下"
      }
    },
    {
      "type": "Section",
      "identifier": "urn:jy:math:2022:section:s4:sg:properties:G8B:ch17:sec17-2",
      "title": "17.2 勾股定理的逆定理",
      "description": "第四学段·图形的性质·教材小节",
      "subject": "SX0302",
      "applicableLevel": "S4",
      "contentJson": {
        "textVersion": "人教版",
        "Grade": "八下"
      }
    },
    {
      "type": "Section",
      "identifier": "urn:jy:math:2022:section:s4:sg:properties:G8B:ch18:sec18-1",
      "title": "18.1 平行四边形",
      "description": "第四学段·图形的性质·教材小节",
      "subject": "SX0302",
      "applicableLevel": "S4",
      "contentJson": {
        "textVersion": "人教版",
        "Grade": "八下"
      }
    },
    {
      "type": "Section",
      "identifier": "urn:jy:math:2022:section:s4:sg:properties:G8B:ch18:sec18-2",
      "title": "18.2 特殊的平行四边形",
      "description": "第四学段·图形的性质·教材小节",
      "subject": "SX0302",
      "applicableLevel": "S4",
      "contentJson": {
        "textVersion": "人教版",
        "Grade": "八下"
      }
    },
    {
      "type": "Section",
      "identifier": "urn:jy:math:2022:section:s4:sg:properties:G8B:ch18:secX",
      "title": "实验与探究 丰富多彩的正方形",
      "description": "第四学段·图形的性质·教材小节",
      "subject": "SX0302",
      "applicableLevel": "S4",
      "contentJson": {
        "textVersion": "人教版",
        "Grade": "八下"
      }
    },
    {
      "type": "Section",
      "identifier": "urn:jy:math:2022:section:s4:na:functions:G8B:ch19:sec19-1",
      "title": "19.1 函数",
      "description": "第四学段·函数·教材小节",
      "subject": "SX0302",
      "applicableLevel": "S4",
      "contentJson": {
        "textVersion": "人教版",
        "Grade": "八下"
      }
    },
    {
      "type": "Section",
      "identifier": "urn:jy:math:2022:section:s4:na:functions:G8B:ch19:secX",
      "title": "阅读与思考 科学家如何测算岩石的年龄",
      "description": "第四学段·函数·教材小节",
      "subject": "SX0302",
      "applicableLevel": "S4",
      "contentJson": {
        "textVersion": "人教版",
        "Grade": "八下"
      }
    },
    {
      "type": "Section",
      "identifier": "urn:jy:math:2022:section:s4:na:functions:G8B:ch19:sec19-2",
      "title": "19.2 一次函数",
      "description": "第四学段·函数·教材小节",
      "subject": "SX0302",
      "applicableLevel": "S4",
      "contentJson": {
        "textVersion": "人教版",
        "Grade": "八下"
      }
    },
    {
      "type": "Section",
      "identifier": "urn:jy:math:2022:section:s4:na:functions:G8B:ch19:sec19-3",
      "title": "19.3 课题学习 选择方案",
      "description": "第四学段·函数·教材小节",
      "subject": "SX0302",
      "applicableLevel": "S4",
      "contentJson": {
        "textVersion": "人教版",
        "Grade": "八下"
      }
    },
    {
      "type": "Section",
      "identifier": "urn:jy:math:2022:section:s4:sp:sampling-data-analysis:G8B:ch20:sec20-1",
      "title": "20.1 数据的集中趋势",
      "description": "第四学段·抽样与数据分析·教材小节",
      "subject": "SX0302",
      "applicableLevel": "S4",
      "contentJson": {
        "textVersion": "人教版",
        "Grade": "八下"
      }
    },
    {
      "type": "Section",
      "identifier": "urn:jy:math:2022:section:s4:sp:sampling-data-analysis:G8B:ch20:sec20-2",
      "title": "20.2 数据的波动程度",
      "description": "第四学段·抽样与数据分析·教材小节",
      "subject": "SX0302",
      "applicableLevel": "S4",
      "contentJson": {
        "textVersion": "人教版",
        "Grade": "八下"
      }
    },
    {
      "type": "Section",
      "identifier": "urn:jy:math:2022:section:s4:sp:sampling-data-analysis:G8B:ch20:secX",
      "title": "阅读与思考 数据波动程度的几种度量",
      "description": "第四学段·抽样与数据分析·教材小节",
      "subject": "SX0302",
      "applicableLevel": "S4",
      "contentJson": {
        "textVersion": "人教版",
        "Grade": "八下"
      }
    },
    {
      "type": "Section",
      "identifier": "urn:jy:math:2022:section:s4:sp:sampling-data-analysis:G8B:ch20:sec20-3",
      "title": "20.3 课题学习 体质健康测试中的数据分析",
      "description": "第四学段·抽样与数据分析·教材小节",
      "subject": "SX0302",
      "applicableLevel": "S4",
      "contentJson": {
        "textVersion": "人教版",
        "Grade": "八下"
      }
    },
    {
      "type": "Section",
      "identifier": "urn:jy:math:2022:section:s4:na:equations-inequalities:G9A:ch21:sec21-1",
      "title": "21.1 一元二次方程",
      "description": "第四学段·方程与不等式·教材小节",
      "subject": "SX0302",
      "applicableLevel": "S4",
      "contentJson": {
        "textVersion": "人教版",
        "Grade": "九上"
      }
    },
    {
      "type": "Section",
      "identifier": "urn:jy:math:2022:section:s4:na:equations-inequalities:G9A:ch21:sec21-2",
      "title": "21.2 解一元二次方程",
      "description": "第四学段·方程与不等式·教材小节",
      "subject": "SX0302",
      "applicableLevel": "S4",
      "contentJson": {
        "textVersion": "人教版",
        "Grade": "九上"
      }
    },
    {
      "type": "Section",
      "identifier": "urn:jy:math:2022:section:s4:na:equations-inequalities:G9A:ch21:secX",
      "title": "阅读与思考 黄金分割数",
      "description": "第四学段·方程与不等式·教材小节",
      "subject": "SX0302",
      "applicableLevel": "S4",
      "contentJson": {
        "textVersion": "人教版",
        "Grade": "九上"
      }
    },
    {
      "type": "Section",
      "identifier": "urn:jy:math:2022:section:s4:na:equations-inequalities:G9A:ch21:sec21-3",
      "title": "21.3 实际问题与一元二次方程",
      "description": "第四学段·方程与不等式·教材小节",
      "subject": "SX0302",
      "applicableLevel": "S4",
      "contentJson": {
        "textVersion": "人教版",
        "Grade": "九上"
      }
    },
    {
      "type": "Section",
      "identifier": "urn:jy:math:2022:section:s4:na:functions:G9A:ch22:sec22-1",
      "title": "22.1 二次函数的图象和性质",
      "description": "第四学段·函数·教材小节",
      "subject": "SX0302",
      "applicableLevel": "S4",
      "contentJson": {
        "textVersion": "人教版",
        "Grade": "九上"
      }
    },
    {
      "type": "Section",
      "identifier": "urn:jy:math:2022:section:s4:na:functions:G9A:ch22:sec22-2",
      "title": "22.2 二次函数与一元二次方程",
      "description": "第四学段·函数·教材小节",
      "subject": "SX0302",
      "applicableLevel": "S4",
      "contentJson": {
        "textVersion": "人教版",
        "Grade": "九上"
      }
    },
    {
      "type": "Section",
      "identifier": "urn:jy:math:2022:section:s4:na:functions:G9A:ch22:secX",
      "title": "信息技术应用 探索干净函数的性质",
      "description": "第四学段·函数·教材小节",
      "subject": "SX0302",
      "applicableLevel": "S4",
      "contentJson": {
        "textVersion": "人教版",
        "Grade": "九上"
      }
    },
    {
      "type": "Section",
      "identifier": "urn:jy:math:2022:section:s4:na:functions:G9A:ch22:sec22-3",
      "title": "22.3 实际问题与二次函数",
      "description": "第四学段·函数·教材小节",
      "subject": "SX0302",
      "applicableLevel": "S4",
      "contentJson": {
        "textVersion": "人教版",
        "Grade": "九上"
      }
    },
    {
      "type": "Section",
      "identifier": "urn:jy:math:2022:section:s4:sg:transformations:G9A:ch23:sec23-1",
      "title": "23.1 图形的旋转",
      "description": "第四学段·图形的变化·教材小节",
      "subject": "SX0302",
      "applicableLevel": "S4",
      "contentJson": {
        "textVersion": "人教版",
        "Grade": "九上"
      }
    },
    {
      "type": "Section",
      "identifier": "urn:jy:math:2022:section:s4:sg:transformations:G9A:ch23:sec23-2",
      "title": "23.2 中心对称",
      "description": "第四学段·图形的变化·教材小节",
      "subject": "SX0302",
      "applicableLevel": "S4",
      "contentJson": {
        "textVersion": "人教版",
        "Grade": "九上"
      }
    },
    {
      "type": "Section",
      "identifier": "urn:jy:math:2022:section:s4:sg:transformations:G9A:ch23:secX",
      "title": "信息技术应用 探索旋转的性质",
      "description": "第四学段·图形的变化·教材小节",
      "subject": "SX0302",
      "applicableLevel": "S4",
      "contentJson": {
        "textVersion": "人教版",
        "Grade": "九上"
      }
    },
    {
      "type": "Section",
      "identifier": "urn:jy:math:2022:section:s4:sg:transformations:G9A:ch23:sec23-3",
      "title": "23.3 课题学习 图案设计",
      "description": "第四学段·图形的变化·教材小节",
      "subject": "SX0302",
      "applicableLevel": "S4",
      "contentJson": {
        "textVersion": "人教版",
        "Grade": "九上"
      }
    },
    {
      "type": "Section",
      "identifier": "urn:jy:math:2022:section:s4:sg:properties:G9A:ch24:sec24-1",
      "title": "24.1 圆的有关性质",
      "description": "第四学段·图形的性质·教材小节",
      "subject": "SX0302",
      "applicableLevel": "S4",
      "contentJson": {
        "textVersion": "人教版",
        "Grade": "九上"
      }
    },
    {
      "type": "Section",
      "identifier": "urn:jy:math:2022:section:s4:sg:properties:G9A:ch24:sec24-2",
      "title": "24.2 点和圆、直线和圆的位置关系",
      "description": "第四学段·图形的性质·教材小节",
      "subject": "SX0302",
      "applicableLevel": "S4",
      "contentJson": {
        "textVersion": "人教版",
        "Grade": "九上"
      }
    },
    {
      "type": "Section",
      "identifier": "urn:jy:math:2022:section:s4:sg:properties:G9A:ch24:secX",
      "title": "实验与探究 圆和圆的位置关系",
      "description": "第四学段·图形的性质·教材小节",
      "subject": "SX0302",
      "applicableLevel": "S4",
      "contentJson": {
        "textVersion": "人教版",
        "Grade": "九上"
      }
    },
    {
      "type": "Section",
      "identifier": "urn:jy:math:2022:section:s4:sg:properties:G9A:ch24:sec24-3",
      "title": "24.3 正多边形和圆",
      "description": "第四学段·图形的性质·教材小节",
      "subject": "SX0302",
      "applicableLevel": "S4",
      "contentJson": {
        "textVersion": "人教版",
        "Grade": "九上"
      }
    },
    {
      "type": "Section",
      "identifier": "urn:jy:math:2022:section:s4:sg:properties:G9A:ch24:sec24-4",
      "title": "24.4 弧长和扇形面积",
      "description": "第四学段·图形的性质·教材小节",
      "subject": "SX0302",
      "applicableLevel": "S4",
      "contentJson": {
        "textVersion": "人教版",
        "Grade": "九上"
      }
    },
    {
      "type": "Section",
      "identifier": "urn:jy:math:2022:section:s4:sp:probability:G9A:ch25:sec25-1",
      "title": "25.1 随机事件与概率",
      "description": "第四学段·随机事件的概率·教材小节",
      "subject": "SX0302",
      "applicableLevel": "S4",
      "contentJson": {
        "textVersion": "人教版",
        "Grade": "九上"
      }
    },
    {
      "type": "Section",
      "identifier": "urn:jy:math:2022:section:s4:sp:probability:G9A:ch25:sec25-2",
      "title": "25.2 用列举法求概率",
      "description": "第四学段·随机事件的概率·教材小节",
      "subject": "SX0302",
      "applicableLevel": "S4",
      "contentJson": {
        "textVersion": "人教版",
        "Grade": "九上"
      }
    },
    {
      "type": "Section",
      "identifier": "urn:jy:math:2022:section:s4:sp:probability:G9A:ch25:secX",
      "title": "阅读与思考 概率与中奖",
      "description": "第四学段·随机事件的概率·教材小节",
      "subject": "SX0302",
      "applicableLevel": "S4",
      "contentJson": {
        "textVersion": "人教版",
        "Grade": "九上"
      }
    },
    {
      "type": "Section",
      "identifier": "urn:jy:math:2022:section:s4:sp:probability:G9A:ch25:sec25-3",
      "title": "25.3 用频率估计概率",
      "description": "第四学段·随机事件的概率·教材小节",
      "subject": "SX0302",
      "applicableLevel": "S4",
      "contentJson": {
        "textVersion": "人教版",
        "Grade": "九上"
      }
    },
    {
      "type": "Section",
      "identifier": "urn:jy:math:2022:section:s4:na:functions:G9B:ch26:sec26-1",
      "title": "26.1 反比例函数",
      "description": "第四学段·函数·教材小节",
      "subject": "SX0302",
      "applicableLevel": "S4",
      "contentJson": {
        "textVersion": "人教版",
        "Grade": "九下"
      }
    },
    {
      "type": "Section",
      "identifier": "urn:jy:math:2022:section:s4:na:functions:G9B:ch26:secX",
      "title": "信息技术应用 探索反比例函数的性质",
      "description": "第四学段·函数·教材小节",
      "subject": "SX0302",
      "applicableLevel": "S4",
      "contentJson": {
        "textVersion": "人教版",
        "Grade": "九下"
      }
    },
    {
      "type": "Section",
      "identifier": "urn:jy:math:2022:section:s4:na:functions:G9B:ch26:sec26-2",
      "title": "26.2 实际问题与反比例函数",
      "description": "第四学段·函数·教材小节",
      "subject": "SX0302",
      "applicableLevel": "S4",
      "contentJson": {
        "textVersion": "人教版",
        "Grade": "九下"
      }
    },
    {
      "type": "Section",
      "identifier": "urn:jy:math:2022:section:s4:sg:properties:G9B:ch27:sec27-1",
      "title": "27.1 图形的相似",
      "description": "第四学段·图形的性质·教材小节",
      "subject": "SX0302",
      "applicableLevel": "S4",
      "contentJson": {
        "textVersion": "人教版",
        "Grade": "九下"
      }
    },
    {
      "type": "Section",
      "identifier": "urn:jy:math:2022:section:s4:sg:properties:G9B:ch27:sec27-2",
      "title": "27.2 相似三角形",
      "description": "第四学段·图形的性质·教材小节",
      "subject": "SX0302",
      "applicableLevel": "S4",
      "contentJson": {
        "textVersion": "人教版",
        "Grade": "九下"
      }
    },
    {
      "type": "Section",
      "identifier": "urn:jy:math:2022:section:s4:sg:properties:G9B:ch27:secX",
      "title": "观察与猜想 奇妙的分形图形",
      "description": "第四学段·图形的性质·教材小节",
      "subject": "SX0302",
      "applicableLevel": "S4",
      "contentJson": {
        "textVersion": "人教版",
        "Grade": "九下"
      }
    },
    {
      "type": "Section",
      "identifier": "urn:jy:math:2022:section:s4:sg:transformations:G9B:ch27:sec27-3",
      "title": "27.3 位似",
      "description": "第四学段·图形的变化·教材小节",
      "subject": "SX0302",
      "applicableLevel": "S4",
      "contentJson": {
        "textVersion": "人教版",
        "Grade": "九下"
      }
    },
    {
      "type": "Section",
      "identifier": "urn:jy:math:2022:section:s4:sg:transformations:G9B:ch27:secX",
      "title": "信息技术应用 探索位似的性质",
      "description": "第四学段·图形的变化·教材小节",
      "subject": "SX0302",
      "applicableLevel": "S4",
      "contentJson": {
        "textVersion": "人教版",
        "Grade": "九下"
      }
    },
    {
      "type": "Section",
      "identifier": "urn:jy:math:2022:section:s4:na:functions:G9B:ch28:sec28-1",
      "title": "28.1 锐角三角函数",
      "description": "第四学段·函数·教材小节",
      "subject": "SX0302",
      "applicableLevel": "S4",
      "contentJson": {
        "textVersion": "人教版",
        "Grade": "九下"
      }
    },
    {
      "type": "Section",
      "identifier": "urn:jy:math:2022:section:s4:na:functions:G9B:ch28:secX",
      "title": "阅读与思考 一张古老的“三角函数表”",
      "description": "第四学段·函数·教材小节",
      "subject": "SX0302",
      "applicableLevel": "S4",
      "contentJson": {
        "textVersion": "人教版",
        "Grade": "九下"
      }
    },
    {
      "type": "Section",
      "identifier": "urn:jy:math:2022:section:s4:na:functions:G9B:ch28:sec28-2",
      "title": "28.2 解直角三角形及其应用",
      "description": "第四学段·函数·教材小节",
      "subject": "SX0302",
      "applicableLevel": "S4",
      "contentJson": {
        "textVersion": "人教版",
        "Grade": "九下"
      }
    },
    {
      "type": "Section",
      "identifier": "urn:jy:math:2022:section:s4:sg:properties:G9B:ch29:sec29-1",
      "title": "29.1 投影",
      "description": "第四学段·图形的性质·教材小节",
      "subject": "SX0302",
      "applicableLevel": "S4",
      "contentJson": {
        "textVersion": "人教版",
        "Grade": "九下"
      }
    },
    {
      "type": "Section",
      "identifier": "urn:jy:math:2022:section:s4:sg:properties:G9B:ch29:sec29-2",
      "title": "29.2 三视图",
      "description": "第四学段·图形的性质·教材小节",
      "subject": "SX0302",
      "applicableLevel": "S4",
      "contentJson": {
        "textVersion": "人教版",
        "Grade": "九下"
      }
    },
    {
      "type": "Section",
      "identifier": "urn:jy:math:2022:section:s4:sg:properties:G9B:ch29:secX",
      "title": "阅读与思考 视图的产生与应用",
      "description": "第四学段·图形的性质·教材小节",
      "subject": "SX0302",
      "applicableLevel": "S4",
      "contentJson": {
        "textVersion": "人教版",
        "Grade": "九下"
      }
    },
    {
      "type": "Section",
      "identifier": "urn:jy:math:2022:section:s4:sg:properties:G9B:ch29:sec29-3",
      "title": "29.3 课题学习 制作立体模型",
      "description": "第四学段·图形的性质·教材小节",
      "subject": "SX0302",
      "applicableLevel": "S4",
      "contentJson": {
        "textVersion": "人教版",
        "Grade": "九下"
      }
    }
  ]
}