{
  "entities": [
    {
      "type": "Stage",
      "title": "第一学段（1–2年级）",
      "description": "六三学制第一学段目标对应低年级学生特点。",
      "subject": "SX0302",
      "applicableLevel": "S1",
      "contentJson": {
        "stage_target": "经历简单的数的抽象过程，认识万以内的数，能进行简单的整数四则运算，形成初步的数感、符号意识和运算能力。能辨认简单的立体图形和平面图形，认识长方形和正方形的特征，体验物体长度的测量过程，认识常见的长度单位，形成初步的量感和空间观念。经历简单的分类过程，能根据给定的标准进行分类，形成初步的数据意识。在主题活动中认识货币单位、时间单位和基本方向，尝试用数学方法解决问题，积累数学活动经验，形成初步的量感和应用意识\n能在教师指导下，从日常生活中提出简单的数学问题，尝试运用所学的知识和方法解决问题。在解决问题的过程中，感悟分析问题和解决问题的基本方法，感受数学在生活中的应用，形成初步的几何直观和应用意识。\n对身边与数学有关的事物有好奇心，能参与数学学习活动。在他人帮助下，尝试克服困难，感受数学活动中的成功。了解数学可以描述生活中的一些现象，感受数学与生活有密切联系，感受数学美。能倾听他人的意见，尝试对他人的想法提出建议。\n在一年级第一学期的入学适应期，利用生活经验和幼儿园相关活动经验，通过具体形象、生动活泼的活动方式学习简单的数学内容。这期间的主要目标包括：认识20以内的数，会20以内数的加减法（不含退位减法）；能辨认物体和简单图形的形状，会简单的分类；解决日常生活中的简单问题；对数学学习产生兴趣并树立信心。",
        "for_grade": [
          1,
          2
        ],
        "learningQuiltyDescription":"能结合具体情境,认识万以内的数及其大小关系,描述四则运算的含义,能进行简单的整数四则运算,形成初步的数感、运算能力和符号意识;能结合现实生活中的事物,认识并描述常见的立体图形和平面图形特征,会对常见物体的长度进行测量,形成初步的空间观念和量感;能对物体、图形或数据按照一定的标准分类,形成初步的数据意识。认识货币单位、时间单位和基本方向,尝试用数学方法解决问题,积累数学活动经验,形成初步的量感和应用意识。 结合现实生活情境,尝试用数学语言描述生活中的实际问题,运用所学的数学知识和方法解决问题,形成初步的数感、量感和应用意识。 通过操作、游戏、制作等丰富多彩的活动,对数学产生一定的好奇心,形成学习数学的兴趣和初步的合作交流意识与独立思考的学习习惯。"
      },
      "identifier": "urn:jy:math:2022:stage:1-2"
    },
    {
      "type": "Stage",
      "title": "第二学段（3–4年级）",
      "description": "六三学制第二学段目标对应中低年级学生特点。",
      "subject": "SX0302",
      "applicableLevel": "S2",
      "contentJson": {
        "stage_target": "认识自然数，经历小数和分数的形成过程，初步认识小数和分数；能进行较复杂的整数四则运算和简单的小数、分数的加减运算，理解运算律；形成数感、运算能力和初步的推理意识。认识常见的平面图形，经历平面图形的周长和面积的测量过程，探索长方形周长和面积的计算方法；了解图形的平移、旋转和轴对称；形成量感、空间观念和初步的几何直观。经历简单的数据收集过程，了解数据收集、整理和呈现的简单方法；理解平均数的意义，会用平均数解决问题；形成初步的数据意识。在主题活动中进一步认识时间单位和方向，认识质量单位，尝试应用数学和其他学科知识与方法解决问题，积累数学活动经验，形成量感、推理意识和应用意识。\n尝试从日常生活中发现和提出数学问题，探索分析和解决问题的方法，经历独立思考并与他人合作交流解决问题的过程，会用常见的数量关系和其他学科的知识与方法解决问题，能初步判断结果的合理性；形成初步的模型意识、几何直观和应用意识。\n愿意了解日常生活中与数学相关的信息，愿意参与数学学习活动。在他人的鼓励和引导下，体验克服困难、解决问题的成就，体会数学的作用，体验数学美。在学习活动中能提出自己的想法，在与他人交流的过程中，敢于质疑和反思。",
        "for_grade": [
          3,
          4
        ],
        "learningQuiltyDescription":"认识自然数,能结合具体情境初步认识小数和分数,能进行整数四则运算和简单的小数、分数加减运算,形成数感、运算能力和初步的推理意识;能认识常见的三角形和四边形,会测量、计算长方形与正方形的周长和面积,了解图形的平移、旋转和轴对称,形成空间观念、量感和初步的几何直观;能分析与表达数据中蕴含的信息,能绘制简单的数据统计表和统计图,形成初步的数据意识。进一步认识时间单位和方向,认识质量单位,尝试应用数学和其他学科知识与方法解决问题,积累数学活动经验,形成量感、推理意识和应用意识。 结合现实生活,能尝试运用所学的数学知识和方法描述、表达、分析、解释实际问题,运用常见的数量关系解决问题,形成量感和初步的应用意识,以及分析问题与解决问题的能力。经历数学学习的过程,通过操作、游戏等丰富多彩的活动,对数学形成一定的求知欲,具有学习数学的兴趣,初步养成独立思考、合作探究等良好的学习习惯。"
      },
      "identifier": "urn:jy:math:2022:stage:3-4"
    },
    {
      "type": "Stage",
      "title": "第三学段（5–6年级）",
      "description": "六三学制第三学段目标对应小学高年级学生特点。",
      "subject": "SX0302",
      "applicableLevel": "S3",
      "contentJson": {
        "stage_target": "经历用字母表示数的过程，认识自然数的一些特征，理解小数和分数的意义；能进行小数和分数的四则运算，探索数运算的一致性；形成符号意识、运算能力、推理意识。探索几何图形面积和体积的计算方法，会计算常见平面图形的周长和面积，会计算常见立体图形的体积和表面积；能用有序数对确定点的位置，进一步认识图形的平移、旋转和轴对称；形成量感、空间观念和几何直观。经历收集、整理和表达数据的过程，会用条形统计图、折线统计图表达数据，并作出简单的判断；理解百分数的意义，了解随机现象发生的可能性；形成数据意识和初步的应用意识。在主题活动和项目学习中了解负数，应用数学和其他学科知识与方法解决问题，积累数学活动经验，形成数感、量感、模型意识、应用意识和创新意识。\n尝试在真实的情境中发现和提出问题，探索运用基本的数量关系，以及几何直观、逻辑推理和其他学科的知识、方法分析与解决问题，形成模型意识和初步的应用意识、创新意识。\n对数学具有好奇心和求知欲，主动参与数学学习活动。在解决问题的过程中，体验成功的乐趣，相信自己能够学好数学，感受数学的价值，体验并欣赏数学美。初步养成认真勤奋、独立思考、合作交流、反思质疑的习惯。",
        "for_grade": [
          5,
          6
        ],
        "learningQuiltyDescription":"认识自然数的一些特征,理解小数和分数,能进行简单的小数和分数四则运算和混合运算,感悟运算的一致性,形成数感和运算能力;能用字母表示数量关系和规律,理解常见的数量关系,形成符号意识;能认识常见的立体图形和平面图形,计算图形的周长、面积(或表面积)、体积,能描述图形的位置和运动,形成量感、空间观念和几何直观;知道数据的统计意义,能对一些随机现象发生的可能性大小作定性描述,形成数据意识和推理意识。了解负数,应用数学和其他学科知识与方法解决问题,形成数感、量感、模型意识、应用意识和创新意识。能从数学与生活情境中,在教师的指导下,初步学会用数学的眼光观察,尝试、探索发现并提出问题,将所学的数学知识应用于解决现实生活中的问题,形成初步的模型意识和应用意识。对数学形成一定的好奇心与求知欲,具有学习数学的兴趣,初步养成良好的学习态度和习惯。初步建立学好数学的自信心,体会数学的价值,在解决问题的过程中逐步克服困难,初步形成一定的应用意识和创新意识。"

      },
      "identifier": "urn:jy:math:2022:stage:5-6"
    },
    {
      "type": "Stage",
      "title": "第四学段（7–9年级）",
      "description": "六三学制第四学段目标对应初中阶段学生特点。",
      "subject": "SX0302",
      "applicableLevel": "S4",
      "contentJson": {
        "stage_target": "经历有理数、实数的形成过程，初步理解数域扩充；掌握数与式的运算，能够解释运算结果的意义；会用代数式、方程、不等式、函数等描述现实问题中的数量关系和变化规律，形成合适的运算思路解决问题；形成抽象能力、模型观念，进一步发展运算能力。经历探索图形特征的过程，建立基本的几何概念；通过尺规作图[1]等直观操作的方法，理解平面图形的性质与关系；掌握基本的几何证明方法；知道平移、旋转和轴对称的基本特征，理解相关概念；认识平面直角坐标系，能够通过平面直角坐标系描述图形的位置与运动；形成推理能力，发展空间观念和几何直观。掌握数据收集与整理的基本方法，理解随机现象；探索利用统计图表表示数据的方法，理解各种统计图表的功能；经历利用样本推断总体的过程，能够计算平均数、方差、四分位数等基本统计量，了解频数、频率和概率的意义；形成数据观念、模型观念和推理能力。在项目学习中，综合运用数学和其他学科知识与方法解决问题，积累数学活动经验，发展核心素养。\n探索在不同的情境中从数学的角度发现和提出问题，综合运用数学和其他学科的知识从不同的角度寻求分析问题和解决问题的方法，能运用几何直观、逻辑推理等方法解决问题，形成模型观念和数据观念。在与他人合作交流解决问题的过程中，能够严谨、准确地表达自己的观点，并能较好地理解他人的思考方法和结论。能够回顾解决问题的思考过程，反思解决问题的方法和结论，形成批判性思维和创新意识。\n关注社会生活中与数学相关的信息，主动参与数学活动；在解决数学问题的过程中，能够克服困难，树立学好数学的信心，感受数学在实际生活中的应用，体会数学的价值，欣赏并尝试创造数学美；养成认真勤奋、独立思考、合作交流、反思质疑的学习习惯。",
        "for_grade": [
          7,
          8,
          9
        ],
      "learningQuiltyDescription":"能从生活情境、数学情境中抽象概括出数与式、方程与不等式、函数的概念和规则,掌握相关的运算求解方法,合理解释运算结果,形成一定的运算能力、推理能力和抽象能力;知道运动过程中的不变量、图形运动的变化特征,能运用几何图形的基本性质进行推理证明,初步掌握几何证明方法,进一步增强几何直观、空间观念和推理能力;知道频数、频率和概率的意义,能够进行简单的数据分析,形成数据观念。综合运用数学和其他学科知识与方法解决问题,积累数学活动经验,发展核心素养。能从具体的生活与科技情境中,抽象出函数、方程、不等式等数学表达形式,用数学的眼光发现问题并提出(或转化为)数学问题,用数学的思维探索、分析和解决具体情境中的现实生活问题，给出数学描述和解释，运用数学的语言与思想方法，综合运用多个领域的知识，提出设计思路，制订解决方案。能够在解决问题的过程中选择合适的方法进行评估，并对结果的实际意义作出解释。能够知道解决问题方法的多样性，具备一定的应用意识和模型意识，初步会用数学语言表达与交流。感悟数学的价值，能够从问题解决的过程中获得数学活动经验，产生对数学的好奇心和求知欲，增强学习数学的兴趣，建立学习数学的自信心。能够在解决问题的过程中，学会独立思考、合作探究，形成批判质疑、克服困难、勇于担当的科学精神，具备一定的创新意识。"

      },
      "identifier": "urn:jy:math:2022:stage:7-9"
    }
  ]
}